Product,Category,Rating,Review,Platform,Date,Sentiment_score,Issue,RSI
Samsung Buds Live,Accessories,5.0,worth it house save decide although bag fight increase,Amazon,2022-08-17,0.5859,none,0.06
Samsung Galaxy M14,Smartphone,2.0,waste of money issue display flickering,Flipkart,2022-02-21,-0.4215,display,0.6536
Samsung Galaxy M53,Smartphone,5.0,excellent game threat see head cover task see,Amazon,2023-07-18,0.0772,none,0.06
Samsung Galaxy Tab A8,Smartphone,4.0,good,Amazon,2023-05-17,0.4404,none,0.135
Samsung Charger 25W,Accessories,1.0,average join hotel daughter water,Amazon,2023-04-03,0.296,heating,0.56
Samsung Galaxy S21 FE,Smartphone,4.0,bad,Flipkart,2022-10-13,-0.5423,general_issue,0.55192
Samsung Air Conditioner,Other,2.0,not worth the price,Amazon,2022-07-29,-0.1695,none,0.3528
Samsung Buds 2,Accessories,5.0,excellent us indeed congress even truth example open north,Flipkart,2022-06-28,0.7184,none,0.06
Samsung Charger 25W,Accessories,5.0,bad memory customer not exactly become,Flipkart,2024-05-14,-0.5423,general_issue,0.47692
Samsung Charger 25W,Accessories,3.0,not great recognize science time cold plan some,Flipkart,2022-03-07,-0.5096,none,0.41384
Samsung Galaxy Tab S7 FE,Smartphone,5.0,waste of money,Amazon,2022-03-03,-0.4215,general_issue,0.4286
Samsung Soundbar,Other,1.0,nice product but a bit overpriced,Amazon,2022-07-11,0.2263,none,0.36
Samsung Galaxy S22,Smartphone,4.0,good person eat chance second law new often,Flipkart,2023-03-24,0.5994,none,0.135
Samsung Galaxy Tab S7 FE,Smartphone,4.0,good,Amazon,2023-04-22,0.4404,none,0.135
Samsung Galaxy A34,Smartphone,5.0,not great support local collection rich church teach,Amazon,2024-10-31,-0.2387,none,0.15548
Samsung Buds Live,Accessories,3.0,average,Amazon,2022-02-24,0.0,none,0.21
Samsung Galaxy A14,Smartphone,4.0,excellent food debate nature anything interest,Amazon,2023-02-12,0.7717,none,0.135
Samsung Galaxy Book 3,Smartphone,4.0,good require call his expect,Flipkart,2024-05-09,0.4404,software,0.335
Samsung Galaxy Tab S7 FE,Smartphone,5.0,waste of money,Amazon,2023-03-28,-0.4215,general_issue,0.4286
Samsung Galaxy S21 FE,Smartphone,5.0,waste of money talk interview institution research scene result,Flipkart,2024-07-08,-0.4215,general_issue,0.4286
Samsung Galaxy A54,Smartphone,1.0,bad less relationship cultural store either,Flipkart,2023-07-24,-0.5423,general_issue,0.77692
Samsung Galaxy M14,Smartphone,2.0,bad final north not analysis knowledge coach police issue display flickering,Amazon,2022-01-14,-0.5423,display,0.7019200000000001
Samsung Galaxy A54,Smartphone,1.0,bad ever next always article news issue battery draining fast,Flipkart,2022-11-23,-0.5423,battery,0.77692
Samsung Galaxy Tab A8,Smartphone,4.0,excellent,Amazon,2024-05-15,0.5719,none,0.135
Samsung Galaxy Z Fold5,Smartphone,5.0,not worth the price,Amazon,2023-11-28,-0.1695,none,0.1278
Samsung Galaxy Tab S7 FE,Smartphone,3.0,excellent finish direction rate finish season product college,Flipkart,2023-07-24,0.5719,none,0.21
Samsung Galaxy M53,Smartphone,4.0,not great structure town large nothing than measure second,Amazon,2022-11-15,-0.5096,none,0.33884
Samsung Galaxy Book 3,Smartphone,4.0,not great recent over would way there statement share,Amazon,2023-03-17,-0.2718,none,0.24372
Samsung Buds 2,Accessories,4.0,not great,Amazon,2023-11-21,-0.5096,none,0.33884
Samsung Galaxy A54,Smartphone,3.0,worth it business large agree group better republican tax,Amazon,2022-07-29,0.743,none,0.21
Samsung Galaxy S21 FE,Smartphone,4.0,worth it,Flipkart,2022-07-09,0.2263,none,0.135
Samsung Galaxy A34,Smartphone,2.0,waste of money issue overheating issue,Flipkart,2024-02-18,-0.4215,heating,0.6536
Samsung Galaxy Tab A8,Smartphone,4.0,not great employee cup agree recognize religious,Flipkart,2022-07-18,-0.2008,none,0.21532
Samsung Galaxy M53,Smartphone,1.0,not great land ask thing bag understand entire reality,Amazon,2024-01-06,-0.5096,none,0.5638400000000001
Samsung Galaxy M53,Smartphone,3.0,good remain finish culture accept everything vote against issue overheating issue,Flipkart,2023-12-06,0.6705,heating,0.41
Samsung Galaxy A34,Smartphone,3.0,worth it sell us night apply dinner,Flipkart,2023-06-26,0.2263,software,0.41
Samsung Galaxy M14,Smartphone,4.0,not great level represent people,Flipkart,2022-03-30,-0.5096,none,0.33884
Samsung Buds 2,Accessories,2.0,not great issue overheating issue,Amazon,2024-07-29,-0.5096,heating,0.6888400000000001
Samsung Galaxy A14,Smartphone,4.0,waste of money production share evidence let,Amazon,2022-09-13,-0.1531,general_issue,0.39624
Samsung Galaxy S23,Smartphone,3.0,not great wide executive strong every issue battery draining fast,Amazon,2024-02-15,0.0015,battery,0.41
Samsung Galaxy M14,Smartphone,5.0,worth it admit most time partner in,Amazon,2022-06-11,0.4019,software,0.26
Samsung Galaxy S23,Smartphone,1.0,very userfriendly interface,Flipkart,2023-08-24,0.0,software,0.56
Samsung Galaxy Tab S7 FE,Smartphone,3.0,not great issue camera quality is poor,Amazon,2024-01-11,-0.7502,camera,0.71008
Samsung Galaxy M53,Smartphone,4.0,good stock determine everybody property,Flipkart,2023-01-29,0.4404,none,0.135
Samsung Galaxy Tab A8,Smartphone,2.0,good east keep though look think,Flipkart,2022-05-23,0.4404,none,0.285
Samsung Galaxy S21 FE,Smartphone,4.0,good,Amazon,2022-04-04,0.4404,none,0.135
Samsung Galaxy Tab S7 FE,Smartphone,4.0,average peace beyond just above movie training kid,Amazon,2023-04-12,0.5423,none,0.135
Samsung Galaxy A34,Smartphone,2.0,worth it issue charging problem,Amazon,2023-08-16,-0.2023,battery,0.56592
Samsung Galaxy S23,Smartphone,5.0,nice product but a bit overpriced,Flipkart,2022-06-13,0.2263,none,0.06
Samsung Air Conditioner,Other,4.0,build quality feels premium,Amazon,2023-04-22,0.0,build_quality,0.335
Samsung Galaxy A54,Smartphone,4.0,waste of money system technology success sport lose manage,Amazon,2022-07-26,-0.2023,software,0.41592
Samsung Galaxy S21 FE,Smartphone,3.0,not great fine remember music network anything draw issue battery draining fast,Flipkart,2024-02-18,-0.5975,battery,0.649
Samsung Soundbar,Other,5.0,very durable and reliable,Flipkart,2023-07-24,0.0,none,0.06
Samsung Galaxy Book 3,Smartphone,2.0,average,Flipkart,2024-07-17,0.0,none,0.285
Samsung Galaxy S23,Smartphone,4.0,not great town conference upon opportunity impact,Amazon,2024-01-18,-0.1265,none,0.1856
Samsung Galaxy S22,Smartphone,5.0,excellent hit culture few not try where general,Amazon,2022-11-30,0.5719,none,0.06
Samsung Galaxy Tab S7 FE,Smartphone,4.0,excellent test ok different issue scene season,Amazon,2024-01-29,0.7096,none,0.135
Samsung Galaxy M53,Smartphone,2.0,waste of money issue battery draining fast,Flipkart,2023-12-29,-0.4215,battery,0.6536
Samsung Galaxy S22,Smartphone,2.0,excellent issue charging problem,Amazon,2023-03-06,0.25,battery,0.485
Samsung Galaxy A34,Smartphone,3.0,average how the suffer wait,Amazon,2023-07-01,-0.5423,none,0.42692
Samsung Buds 2,Accessories,5.0,not great course event community close relate age phone,Amazon,2022-05-27,-0.5096,software,0.46384
Samsung Crystal UHD TV,TV,3.0,love the camera quality,Flipkart,2022-12-17,0.6369,camera,0.41
Samsung Air Conditioner,Other,2.0,build quality feels premium,Amazon,2024-12-29,0.0,build_quality,0.485
Samsung Washing Machine,Other,2.0,not as expected returning it,Amazon,2023-05-17,0.0,none,0.285
Samsung Galaxy Tab S7 FE,Smartphone,5.0,average may audience scientist unit their less,Amazon,2022-12-01,0.0,none,0.06
Samsung Charger 25W,Accessories,3.0,average former light task present might difference true music issue charging problem,Amazon,2024-08-04,0.0258,battery,0.41
Samsung Charger 25W,Accessories,3.0,bad live relationship like concern issue charging problem,Flipkart,2024-02-17,-0.5719,battery,0.63876
Samsung Galaxy Tab A8,Smartphone,4.0,good,Amazon,2023-07-07,0.4404,none,0.135
Samsung Galaxy A54,Smartphone,3.0,good adult share animal trial interesting room husband look,Flipkart,2023-03-26,0.7783,none,0.21
Samsung Galaxy Buds2,Smartphone,3.0,amazing display quality,Flipkart,2023-10-27,0.5859,display,0.41
Samsung Buds Live,Accessories,4.0,bad wind everyone fire resource many,Amazon,2022-04-25,-0.7096,general_issue,0.6188400000000001
Samsung Galaxy S23,Smartphone,1.0,good issue battery draining fast,Amazon,2023-04-15,0.4404,battery,0.56
Samsung Galaxy Tab A8,Smartphone,5.0,average,Amazon,2022-03-07,0.0,none,0.06
Samsung Galaxy A34,Smartphone,3.0,good benefit safe special buy commercial issue slow performance,Flipkart,2023-10-09,0.8885,performance,0.41
Samsung Galaxy Tab A8,Smartphone,5.0,bad capital summer country much,Flipkart,2024-04-01,-0.5423,general_issue,0.47692
Samsung Crystal UHD TV,TV,3.0,nice product but a bit overpriced,Amazon,2023-07-03,0.2263,none,0.21
Samsung Galaxy Z Fold5,Smartphone,1.0,speaker quality is amazing,Amazon,2022-05-16,0.5859,sound,0.56
Samsung Galaxy M14,Smartphone,4.0,bad easy card chair else program same two,Flipkart,2023-03-09,-0.1531,general_issue,0.39624
Samsung Refrigerator,Other,2.0,love the camera quality,Flipkart,2023-10-07,0.6369,camera,0.485
Samsung Soundbar,Other,1.0,speaker quality is amazing,Amazon,2023-03-12,0.5859,sound,0.56
Samsung Galaxy M53,Smartphone,1.0,waste of money college carry rise personal test production,Amazon,2024-10-19,-0.4215,general_issue,0.7286000000000001
Samsung Galaxy A54,Smartphone,3.0,bad,Flipkart,2024-03-21,-0.5423,general_issue,0.6269200000000001
Samsung Galaxy A34,Smartphone,4.0,not great enjoy including look glass system finish note seek,Flipkart,2024-07-28,-0.7115,none,0.4196
Samsung Galaxy A34,Smartphone,4.0,bad,Amazon,2022-10-20,-0.5423,general_issue,0.55192
Samsung Buds 2,Accessories,2.0,bad hotel mother order couple certainly science two save issue display flickering,Flipkart,2023-06-27,0.2732,heating,0.485
Samsung Galaxy A34,Smartphone,3.0,excellent issue slow performance,Amazon,2022-10-13,0.5719,performance,0.41
Samsung Galaxy Z Fold5,Smartphone,1.0,excellent product very satisfied,Flipkart,2023-05-21,0.7778,none,0.36
Samsung Galaxy Tab A8,Smartphone,4.0,worth it several base point finally someone whole,Amazon,2023-06-23,0.2263,none,0.135
Samsung Galaxy Tab S7 FE,Smartphone,5.0,bad,Flipkart,2024-05-27,-0.5423,general_issue,0.47692
Samsung Buds Live,Accessories,3.0,waste of money issue overheating issue,Flipkart,2024-03-28,-0.4215,heating,0.5786
Samsung Galaxy Book 2,Smartphone,4.0,good,Flipkart,2024-01-12,0.4404,none,0.135
Samsung Galaxy S23,Smartphone,1.0,average spend nor save tonight administration issue battery draining fast,Amazon,2023-03-26,-0.3875,battery,0.7150000000000001
Samsung Galaxy A14,Smartphone,3.0,good education meet fly treatment,Amazon,2022-10-11,0.4404,none,0.21
Samsung Galaxy A54,Smartphone,3.0,average fight relate technology mrs happen better issue camera quality is poor,Amazon,2024-11-09,-0.4215,camera,0.5786
Samsung Galaxy Z Fold5,Smartphone,2.0,delivery was delayed but the product is great,Flipkart,2024-10-07,0.7351,performance,0.485
Samsung Buds Live,Accessories,5.0,average seek reality so production,Flipkart,2022-07-06,0.0,none,0.06
Samsung Galaxy A34,Smartphone,3.0,bad military expect above step avoid design issue display flickering,Flipkart,2022-04-07,-0.6908,display,0.68632
Samsung Galaxy S22,Smartphone,2.0,not great class this someone number hotel memory size,Amazon,2022-08-13,-0.4577,heating,0.66808
Samsung Galaxy S21 FE,Smartphone,2.0,worth it onto authority city between quality time issue battery draining fast,Flipkart,2022-11-10,0.296,battery,0.485
Samsung Galaxy Book 3,Smartphone,4.0,worth it,Flipkart,2022-11-24,0.2263,none,0.135
Samsung Galaxy S21 FE,Smartphone,5.0,not great because away make talk page turn every,Flipkart,2024-05-14,-0.5096,none,0.26384
Samsung Galaxy M53,Smartphone,4.0,excellent though give civil spend mouth must,Amazon,2022-05-11,0.5719,none,0.135
Samsung Galaxy S22,Smartphone,4.0,worth it,Flipkart,2024-02-28,0.2263,none,0.135
Samsung Buds Live,Accessories,2.0,bad,Flipkart,2024-02-21,-0.5423,general_issue,0.7019200000000001
Samsung Galaxy Tab S7 FE,Smartphone,3.0,not great site level commercial she nothing,Flipkart,2024-08-16,-0.5096,none,0.41384
Samsung Air Conditioner,Other,1.0,speaker quality is amazing,Amazon,2024-12-19,0.5859,sound,0.56
Samsung Galaxy M14,Smartphone,4.0,average enough book sort goal send nature,Flipkart,2023-05-30,0.0,none,0.135
Samsung Galaxy Book 2,Smartphone,4.0,average out song nor,Flipkart,2022-01-24,0.0,none,0.135
Samsung Galaxy S21 FE,Smartphone,3.0,good dog enjoy worker sea minute stop them significant issue camera quality is poor,Amazon,2022-08-23,0.3818,camera,0.41
Samsung Galaxy S22,Smartphone,4.0,bad form book lead full coach just condition,Amazon,2023-07-01,-0.5423,general_issue,0.55192
Samsung Galaxy S21 FE,Smartphone,5.0,average some rest game understand tonight method under,Flipkart,2023-11-28,0.0,none,0.06
Samsung Galaxy S23,Smartphone,3.0,bad wall prevent before magazine order likely,Amazon,2022-08-17,-0.5267,general_issue,0.6206800000000001
Samsung Galaxy S23,Smartphone,5.0,average likely wife hotel inside try let,Amazon,2023-08-25,0.0,heating,0.26
Samsung Galaxy M34,Smartphone,4.0,worth it hundred majority activity,Amazon,2024-06-09,0.2263,none,0.135
Samsung Galaxy Tab A8,Smartphone,1.0,waste of money issue charging problem,Flipkart,2022-11-20,-0.6705,battery,0.8282
Samsung Galaxy Tab A8,Smartphone,5.0,average,Flipkart,2024-07-18,0.0,none,0.06
Samsung Galaxy M14,Smartphone,4.0,not great heavy young national,Flipkart,2022-01-07,-0.5096,none,0.33884
Samsung Galaxy Tab S7 FE,Smartphone,4.0,waste of money decision various but ago,Amazon,2023-06-24,-0.2263,general_issue,0.42552
Samsung Galaxy S23,Smartphone,3.0,good alone suggest again issue charging problem,Amazon,2024-10-22,-0.2023,battery,0.49092
Samsung Galaxy Watch6,Smartphone,3.0,featurepacked and smooth experience,Amazon,2023-01-01,0.0,none,0.21
Samsung Buds 2,Accessories,4.0,not great success positive however free require check feel,Amazon,2024-11-05,-0.711,software,0.6194
Samsung Galaxy M14,Smartphone,4.0,bad budget story culture ok much throw,Amazon,2022-08-06,-0.3182,general_issue,0.46228
Samsung Galaxy Book 2,Smartphone,1.0,good hospital recognize low issue camera quality is poor,Amazon,2023-09-04,-0.3182,camera,0.6872800000000001
Samsung Galaxy M34,Smartphone,3.0,average condition scene treatment really case expect issue slow performance,Amazon,2024-11-05,0.0,performance,0.41
Samsung Buds Live,Accessories,3.0,bad issue display flickering,Flipkart,2023-02-12,-0.5423,display,0.6269200000000001
Samsung Galaxy A34,Smartphone,5.0,waste of money concern draw wind author,Amazon,2022-11-10,-0.4215,general_issue,0.4286
Samsung Galaxy A14,Smartphone,2.0,not great,Flipkart,2024-02-05,-0.5096,none,0.48884
Samsung Galaxy Book 3,Smartphone,4.0,good case series result,Flipkart,2022-11-27,0.4404,none,0.135
Samsung Galaxy Tab A8,Smartphone,5.0,average fight next oil property their area,Flipkart,2024-12-22,-0.3818,none,0.21272
Samsung Galaxy Book 2,Smartphone,1.0,not great,Amazon,2022-01-02,-0.5096,none,0.5638400000000001
Samsung Charger 25W,Accessories,3.0,average travel usually product catch issue battery draining fast,Flipkart,2023-10-26,0.0,battery,0.41
Samsung Charger 25W,Accessories,3.0,bad however door lead box world interesting issue display flickering,Flipkart,2024-09-27,-0.2023,display,0.49092
Samsung Galaxy M34,Smartphone,4.0,waste of money few measure conference art,Flipkart,2022-02-09,-0.4215,general_issue,0.5036
Samsung Galaxy Tab A8,Smartphone,3.0,worth it produce land adult off better,Amazon,2022-08-18,0.5859,none,0.21
Samsung Galaxy Z Fold5,Smartphone,5.0,performance is topnotch,Flipkart,2024-01-14,0.0,none,0.06
Samsung Galaxy A34,Smartphone,2.0,waste of money issue charging problem,Amazon,2023-09-22,-0.6705,battery,0.7532000000000001
Samsung Galaxy S21 FE,Smartphone,4.0,good space law build,Flipkart,2023-05-06,0.4404,build_quality,0.335
Samsung Buds Live,Accessories,4.0,good,Flipkart,2022-04-29,0.4404,none,0.135
Samsung Galaxy S21 FE,Smartphone,3.0,good night work trial water with like issue display flickering,Amazon,2023-05-09,0.6597,display,0.41
Samsung Galaxy Book 2,Smartphone,4.0,excellent test congress shake seven,Flipkart,2022-06-11,0.4588,none,0.135
Samsung Galaxy Book 3,Smartphone,5.0,bad official group new every around choice,Flipkart,2022-06-25,-0.5423,general_issue,0.47692
Samsung Galaxy A14,Smartphone,3.0,excellent provide agreement left throughout former issue charging problem,Amazon,2024-09-22,0.6369,battery,0.41
Samsung Galaxy M53,Smartphone,5.0,excellent white significant allow degree,Flipkart,2022-05-22,0.7506,none,0.06
Samsung Galaxy Tab A8,Smartphone,4.0,not great continue treatment amount heavy,Amazon,2024-12-26,-0.5096,none,0.33884
Samsung Galaxy Book 3,Smartphone,5.0,waste of money together reveal term book,Amazon,2022-09-15,-0.4215,general_issue,0.4286
Samsung Galaxy M53,Smartphone,3.0,good season place stock situation later before,Amazon,2022-09-20,0.4404,none,0.21
Samsung Galaxy Book 2,Smartphone,1.0,waste of money issue slow performance,Amazon,2024-08-31,-0.4215,performance,0.7286000000000001
Samsung Galaxy Book 2,Smartphone,3.0,good throughout organization its white travel focus,Flipkart,2022-12-05,0.4404,camera,0.41
Samsung Galaxy M34,Smartphone,5.0,good,Flipkart,2023-06-27,0.4404,none,0.06
Samsung Galaxy Book 3,Smartphone,4.0,excellent blue word those forget,Flipkart,2024-12-16,0.4215,software,0.335
Samsung Galaxy Tab S7 FE,Smartphone,1.0,good spring stage talk house attorney kind rate population issue slow performance,Amazon,2024-05-16,0.743,performance,0.56
Samsung Galaxy M34,Smartphone,4.0,not great,Amazon,2023-03-10,-0.5096,none,0.33884
Samsung Galaxy M53,Smartphone,4.0,average,Flipkart,2023-02-16,0.0,none,0.135
Samsung Galaxy A34,Smartphone,4.0,waste of money much something because education along,Amazon,2023-10-01,-0.4215,general_issue,0.5036
Samsung Galaxy Tab A8,Smartphone,4.0,bad,Amazon,2024-03-28,-0.5423,general_issue,0.55192
Samsung Galaxy S23,Smartphone,3.0,average nor piece example other white brother,Flipkart,2024-02-04,0.0,none,0.21
Samsung Galaxy A34,Smartphone,5.0,average course director marriage international travel kid animal,Flipkart,2024-06-16,0.0,none,0.06
Samsung Galaxy Book 2,Smartphone,4.0,waste of money culture give church network realize guess raise,Flipkart,2024-11-25,-0.4215,connectivity,0.5036
Samsung Galaxy M53,Smartphone,2.0,bad nice deal follow record issue battery draining fast,Amazon,2024-07-13,-0.1779,battery,0.55616
Samsung Galaxy M34,Smartphone,3.0,not great decide food however job window western want,Flipkart,2022-09-05,-0.4577,none,0.39308
Samsung Galaxy M14,Smartphone,4.0,excellent,Amazon,2023-05-23,0.5719,none,0.135
Samsung Galaxy S23,Smartphone,5.0,average something budget finish travel,Flipkart,2023-04-06,0.0,none,0.06
Samsung Galaxy S22,Smartphone,3.0,love the camera quality,Amazon,2022-05-12,0.6369,camera,0.41
Samsung Charger 25W,Accessories,5.0,good vote dark two usually necessary yourself,Flipkart,2023-11-24,0.4404,none,0.06
Samsung Charger 25W,Accessories,2.0,average page the somebody none team nearly space issue charging problem,Flipkart,2022-02-13,-0.4019,battery,0.6457600000000001
Samsung Galaxy Z Fold5,Smartphone,3.0,heats up sometimes during heavy usage,Flipkart,2023-04-17,0.0,heating,0.41
Samsung Galaxy M14,Smartphone,4.0,average,Amazon,2023-03-28,0.0,none,0.135
Samsung Galaxy Watch6,Smartphone,3.0,performance is topnotch,Amazon,2022-01-15,0.0,none,0.21
Samsung Galaxy Watch6,Smartphone,2.0,heats up sometimes during heavy usage,Amazon,2022-05-26,0.0,heating,0.485
Samsung Buds 2,Accessories,5.0,excellent mr we security always economic,Flipkart,2022-05-01,0.7269,sound,0.26
Samsung Galaxy Book 2,Smartphone,1.0,good,Amazon,2023-04-14,0.4404,none,0.36
Samsung Galaxy Tab A8,Smartphone,3.0,excellent traditional service news production,Amazon,2022-05-19,0.5719,none,0.21
Samsung Galaxy S23,Smartphone,1.0,waste of money,Flipkart,2022-03-06,-0.4215,general_issue,0.7286000000000001
Samsung Charger 25W,Accessories,3.0,average place card find manager garden,Amazon,2023-11-08,0.0,none,0.21
Samsung Charger 25W,Accessories,3.0,worth it,Flipkart,2022-05-26,0.2263,none,0.21
Samsung Galaxy Tab S7 FE,Smartphone,4.0,worth it finally buy scene media agency president another actually,Amazon,2024-11-18,0.2263,none,0.135
Samsung Galaxy S23,Smartphone,5.0,bad tell public free control hundred window another music,Amazon,2023-05-03,-0.0516,general_issue,0.28064
Samsung Galaxy S23,Smartphone,1.0,performance is topnotch,Flipkart,2023-07-25,0.0,none,0.36
Samsung Galaxy S21 FE,Smartphone,1.0,average stage four along suddenly people prove strategy,Flipkart,2024-09-21,0.0,none,0.36
Samsung Galaxy A54,Smartphone,5.0,average play effort practice although center really consider condition,Amazon,2023-03-15,0.34,none,0.06
Samsung Galaxy A14,Smartphone,5.0,bad with one water truth early film result,Flipkart,2022-09-28,-0.296,general_issue,0.3784
Samsung Buds 2,Accessories,4.0,excellent black machine black something,Amazon,2024-08-26,0.5719,none,0.135
Samsung Galaxy M34,Smartphone,2.0,worth it most add visit organization say,Amazon,2023-05-13,0.2263,software,0.485
Samsung Galaxy Book 2,Smartphone,2.0,average interesting share whose left matter,Amazon,2024-08-26,0.6124,software,0.485
Samsung Galaxy A54,Smartphone,4.0,average himself show suggest catch,Flipkart,2024-04-13,0.0,none,0.135
Samsung Galaxy A54,Smartphone,5.0,bad grow strategy form follow least moment,Amazon,2023-01-25,-0.5423,general_issue,0.47692
Samsung Galaxy Tab A8,Smartphone,2.0,excellent issue battery draining fast,Amazon,2022-07-13,0.5719,battery,0.485
Samsung Washing Machine,Other,5.0,excellent product very satisfied,Amazon,2022-07-18,0.7778,none,0.06
Samsung Galaxy A54,Smartphone,4.0,average,Amazon,2024-06-01,0.0,none,0.135
Samsung Galaxy M34,Smartphone,4.0,worth it know usually degree person total,Flipkart,2023-12-27,0.2263,none,0.135
Samsung Galaxy S23,Smartphone,4.0,bad account office rise high others vote until toward,Flipkart,2024-05-17,-0.5423,general_issue,0.55192
Samsung Buds 2,Accessories,4.0,bad threat career ago war,Amazon,2024-04-21,-0.8957,general_issue,0.6932800000000001
Samsung Galaxy M34,Smartphone,3.0,good note fund kind war many,Amazon,2024-08-14,0.34,none,0.21
Samsung Soundbar,Other,3.0,featurepacked and smooth experience,Amazon,2022-04-21,0.0,none,0.21
Samsung Galaxy S23,Smartphone,4.0,bad,Amazon,2022-07-21,-0.5423,general_issue,0.55192
Samsung Galaxy A54,Smartphone,3.0,not worth the price,Flipkart,2022-05-05,-0.1695,none,0.2778
Samsung Galaxy A54,Smartphone,2.0,software updates are slow,Amazon,2024-04-04,0.0,performance,0.485
Samsung Galaxy M34,Smartphone,4.0,bad summer few something along,Flipkart,2023-11-26,-0.5423,general_issue,0.55192
Samsung Buds 2,Accessories,2.0,good family attack hot recognize address tax,Amazon,2022-08-12,-0.0516,heating,0.50564
Samsung Galaxy S21 FE,Smartphone,4.0,good,Amazon,2023-05-25,0.4404,none,0.135
Samsung Galaxy M53,Smartphone,4.0,not great,Flipkart,2023-01-28,-0.5096,none,0.33884
Samsung Buds Live,Accessories,4.0,average population force fast open hot,Amazon,2023-01-25,0.0,heating,0.335
Samsung Refrigerator,Other,2.0,amazing display quality,Amazon,2024-07-07,0.5859,display,0.485
Samsung Galaxy A34,Smartphone,5.0,good evidence guy list difficult discuss event argue,Amazon,2022-10-15,-0.25,none,0.16
Samsung Galaxy Tab S7 FE,Smartphone,5.0,waste of money wide build fine than report send,Amazon,2024-05-14,-0.25,build_quality,0.36
Samsung Galaxy A34,Smartphone,4.0,worth it far into message language site,Amazon,2023-01-11,0.2263,none,0.135
Samsung Buds Live,Accessories,4.0,average human authority whatever couple start rule benefit,Amazon,2023-07-25,0.5106,none,0.135
Samsung Galaxy Tab S7 FE,Smartphone,5.0,worth it decide opportunity once us machine,Amazon,2024-08-05,0.5719,none,0.06
Samsung Galaxy Book 3,Smartphone,4.0,worth it available take pretty door join discuss near,Flipkart,2023-05-27,0.743,none,0.135
Samsung Galaxy Book 3,Smartphone,2.0,average really fall pretty let physical small result,Flipkart,2022-06-04,0.539,none,0.285
Samsung Galaxy Book 2,Smartphone,4.0,average quickly interview explain like,Amazon,2024-06-26,0.3612,software,0.335
Samsung Galaxy Tab S7 FE,Smartphone,4.0,bad factor culture decade prevent will specific stock,Amazon,2022-07-20,-0.5267,general_issue,0.5456799999999999
Samsung Galaxy Book 3,Smartphone,5.0,good none budget per city,Flipkart,2022-04-14,0.4404,none,0.06
Samsung Galaxy A54,Smartphone,4.0,not great,Flipkart,2022-01-31,-0.5096,none,0.33884
Samsung Galaxy M34,Smartphone,5.0,average organization side later rock expert respond writer career,Amazon,2022-07-11,0.0,none,0.06
Samsung Galaxy M14,Smartphone,2.0,good item cell well begin,Amazon,2023-04-30,0.6124,none,0.285
Samsung Galaxy S22,Smartphone,3.0,delivery was delayed but the product is great,Flipkart,2022-12-07,0.7351,performance,0.41
Samsung Galaxy Tab A8,Smartphone,2.0,average world new before produce sure street,Amazon,2024-04-12,0.3182,none,0.285
Samsung Galaxy A14,Smartphone,1.0,bad top stand carry tough office employee until issue slow performance,Amazon,2024-09-21,-0.4939,performance,0.75756
Samsung Galaxy A14,Smartphone,3.0,average goal try guess heart receive something,Flipkart,2024-09-12,0.0,none,0.21
Samsung Galaxy M53,Smartphone,4.0,worth it woman week even north what character cultural,Amazon,2023-03-14,0.2263,none,0.135
Samsung Galaxy A14,Smartphone,2.0,excellent suggest future civil smile loss human,Flipkart,2024-04-01,0.5994,software,0.485
Samsung Galaxy Book 2,Smartphone,5.0,waste of money,Flipkart,2022-05-01,-0.4215,general_issue,0.4286
Samsung Galaxy Book 2,Smartphone,5.0,good discover cut former seven dream,Amazon,2022-12-04,0.4215,none,0.06
Samsung Galaxy A54,Smartphone,3.0,waste of money,Flipkart,2024-02-16,-0.4215,general_issue,0.5786
Samsung Galaxy S22,Smartphone,5.0,waste of money,Amazon,2022-01-05,-0.4215,general_issue,0.4286
Samsung Galaxy S23,Smartphone,5.0,worth it care a since seem heavy congress,Amazon,2024-03-10,0.6249,none,0.06
Samsung Galaxy M53,Smartphone,3.0,worth it everybody from natural writer fly image issue slow performance,Flipkart,2023-06-28,0.5267,performance,0.41
Samsung Galaxy M14,Smartphone,4.0,worth it somebody it forward watch rule push more learn,Amazon,2024-07-20,0.2263,none,0.135
Samsung Charger 25W,Accessories,5.0,average health language explain money cost trouble social,Amazon,2023-08-08,-0.4019,software,0.42076
Samsung Buds 2,Accessories,4.0,waste of money safe public now notice billion bag finish finish,Flipkart,2024-05-16,0.0258,general_issue,0.335
Samsung Buds 2,Accessories,5.0,average near international design positive police part imagine,Amazon,2024-09-23,0.5574,software,0.26
Samsung Galaxy M53,Smartphone,4.0,not great size smile cut modern step themselves west,Amazon,2022-11-14,-0.7582,none,0.43828
Samsung Galaxy S22,Smartphone,2.0,not great stop address however fall state firm black issue charging problem,Flipkart,2023-01-24,-0.6256,battery,0.7352400000000001
Samsung Galaxy M53,Smartphone,5.0,waste of money kind environmental final hand that long,Flipkart,2023-08-31,0.5859,general_issue,0.26
Samsung Galaxy S22,Smartphone,3.0,average official high without store,Amazon,2023-03-22,0.0,none,0.21
Samsung Galaxy A34,Smartphone,4.0,average too mind explain allow still,Flipkart,2022-04-30,0.2263,none,0.135
Samsung Buds Live,Accessories,3.0,not great smile world listen certain,Flipkart,2022-05-05,-0.5113,none,0.41452
Samsung Galaxy S22,Smartphone,2.0,excellent work buy life role economic attorney what station,Flipkart,2023-10-05,0.5719,battery,0.485
Samsung Soundbar,Other,2.0,software updates are slow,Amazon,2022-04-28,0.0,performance,0.485
Samsung Galaxy Book 2,Smartphone,5.0,worth it yes first turn fly news develop treatment degree,Flipkart,2022-04-13,0.5574,none,0.06
Samsung Galaxy M53,Smartphone,3.0,not great issue battery draining fast,Amazon,2024-09-03,-0.5096,battery,0.6138400000000002
Samsung Charger 25W,Accessories,3.0,worth it issue overheating issue,Flipkart,2024-10-26,0.2263,heating,0.41
Samsung Galaxy Tab S7 FE,Smartphone,3.0,not great soldier social toward usually material enter memory issue battery draining fast,Flipkart,2024-12-23,-0.5096,battery,0.6138400000000002
Samsung Galaxy S23,Smartphone,4.0,not great together international indeed sell success page traditional,Flipkart,2022-11-19,0.1043,none,0.135
Samsung Galaxy A14,Smartphone,3.0,good,Amazon,2022-04-27,0.4404,none,0.21
Samsung Galaxy S23,Smartphone,1.0,waste of money control tv window issue battery draining fast,Flipkart,2024-11-06,-0.4215,battery,0.7286000000000001
Samsung Buds Live,Accessories,2.0,bad hundred low try well number chair consider issue charging problem,Amazon,2022-06-14,-0.7096,battery,0.76884
Samsung Galaxy A54,Smartphone,5.0,good floor young i contain manager father,Amazon,2023-01-16,0.4404,none,0.06
Samsung Galaxy Tab S7 FE,Smartphone,5.0,not great,Flipkart,2022-05-21,-0.5096,none,0.26384
Samsung Charger 25W,Accessories,4.0,bad base after situation,Flipkart,2022-05-20,-0.5423,general_issue,0.55192
Samsung Charger 25W,Accessories,3.0,worth it who talk morning when understand sometimes issue overheating issue,Flipkart,2023-04-27,0.2263,heating,0.41
Samsung Galaxy A54,Smartphone,5.0,good,Flipkart,2024-04-06,0.4404,none,0.06
Samsung Galaxy Book 3,Smartphone,2.0,waste of money issue overheating issue,Flipkart,2022-09-03,-0.4215,heating,0.6536
Samsung Buds Live,Accessories,1.0,worth it social kind concern night,Flipkart,2023-05-20,0.6486,none,0.36
Samsung Galaxy Book 2,Smartphone,5.0,waste of money performance character cultural respond various end,Flipkart,2022-03-23,-0.4215,general_issue,0.4286
Samsung Galaxy A34,Smartphone,4.0,good name fund who hard song forward,Amazon,2022-06-17,0.3612,none,0.135
Samsung Galaxy A34,Smartphone,5.0,worth it while option weight hour wrong meeting church,Amazon,2024-05-08,-0.296,none,0.1784
Samsung Galaxy Tab A8,Smartphone,3.0,waste of money pattern ability adult small issue slow performance,Flipkart,2024-12-06,-0.128,performance,0.4612
Samsung Galaxy A54,Smartphone,4.0,average,Amazon,2023-10-10,0.0,none,0.135
Samsung Buds Live,Accessories,4.0,not great,Amazon,2023-06-19,-0.5096,none,0.33884
Samsung Galaxy S21 FE,Smartphone,2.0,average issue battery draining fast,Flipkart,2023-02-23,0.0,battery,0.485
Samsung Galaxy M34,Smartphone,3.0,not great when produce language agent yeah no hot issue battery draining fast,Amazon,2023-10-06,-0.5096,battery,0.6138400000000002
Samsung Buds 2,Accessories,4.0,average,Flipkart,2023-05-04,0.0,none,0.135
Samsung Galaxy Tab A8,Smartphone,2.0,good bit president miss risk vote need,Flipkart,2023-06-28,0.0516,none,0.285
Samsung Galaxy A54,Smartphone,4.0,waste of money,Amazon,2024-03-21,-0.4215,general_issue,0.5036
Samsung Galaxy A54,Smartphone,2.0,very userfriendly interface,Amazon,2022-09-26,0.0,software,0.485
Samsung Charger 25W,Accessories,1.0,average issue display flickering,Flipkart,2023-09-07,0.0,display,0.56
Samsung Galaxy Tab A8,Smartphone,3.0,good lose dream stuff radio issue display flickering,Flipkart,2024-07-25,0.296,display,0.41
Samsung Galaxy A54,Smartphone,2.0,excellent green act ago true strategy,Amazon,2023-10-10,0.7579,none,0.285
Samsung Refrigerator,Other,5.0,great value for money,Amazon,2022-05-29,0.7579,none,0.06
Samsung Buds 2,Accessories,3.0,bad guy century follow high issue charging problem,Flipkart,2022-01-20,-0.7351,battery,0.70404
Samsung Charger 25W,Accessories,5.0,average site leave understand democratic generation here can collection,Flipkart,2024-07-27,-0.0516,none,0.08064
Samsung Galaxy S21 FE,Smartphone,4.0,not great,Flipkart,2022-07-24,-0.5096,none,0.33884
Samsung Galaxy Book 3,Smartphone,4.0,worth it spring suddenly direction,Flipkart,2022-05-31,0.2263,none,0.135
Samsung Galaxy Book 3,Smartphone,5.0,bad during year expert day,Amazon,2023-03-13,-0.5423,general_issue,0.47692
Samsung Galaxy M14,Smartphone,4.0,worth it almost affect beautiful many,Flipkart,2024-11-02,0.6728,software,0.335
Samsung Charger 25W,Accessories,4.0,waste of money cost turn just inside here debate,Flipkart,2023-06-28,-0.4215,software,0.5036
Samsung Charger 25W,Accessories,3.0,good low process executive young among mission,Amazon,2022-09-29,0.2023,none,0.21
Samsung Galaxy Tab A8,Smartphone,4.0,not great tend control enjoy anything democratic whole,Flipkart,2023-12-16,-0.0243,none,0.14472
Samsung Galaxy Book 2,Smartphone,5.0,not great card religious wait republican including return into,Flipkart,2022-05-21,-0.5096,none,0.26384
Samsung Galaxy S22,Smartphone,4.0,worth it family week international rate kitchen,Amazon,2023-05-16,0.2263,none,0.135
Samsung Galaxy Tab A8,Smartphone,2.0,not great issue battery draining fast,Amazon,2024-01-27,-0.5096,battery,0.6888400000000001
Samsung Galaxy S21 FE,Smartphone,4.0,waste of money scientist maintain character after agent see trial,Flipkart,2023-08-07,-0.4215,general_issue,0.5036
Samsung Galaxy M34,Smartphone,4.0,waste of money generation western fast wall,Flipkart,2022-11-20,-0.4215,general_issue,0.5036
Samsung Galaxy A14,Smartphone,4.0,worth it,Flipkart,2024-06-16,0.2263,none,0.135
Samsung Galaxy A14,Smartphone,4.0,bad,Amazon,2023-09-12,-0.5423,general_issue,0.55192
Samsung Buds 2,Accessories,3.0,average social big federal personal reality pattern issue charging problem,Amazon,2024-12-19,-0.4019,battery,0.5707600000000002
Samsung Galaxy M34,Smartphone,4.0,worth it,Flipkart,2022-01-17,0.2263,none,0.135
Samsung Charger 25W,Accessories,5.0,good second serve of hand,Amazon,2023-09-06,0.7269,none,0.06
Samsung Galaxy Book 3,Smartphone,4.0,excellent,Flipkart,2022-08-01,0.5719,none,0.135
Samsung Galaxy M34,Smartphone,4.0,waste of money trial commercial when bit stop happen street,Amazon,2022-10-03,-0.6124,software,0.57996
Samsung Galaxy M34,Smartphone,5.0,average,Flipkart,2023-06-26,0.0,none,0.06
Samsung Galaxy S22,Smartphone,2.0,waste of money travel star structure wide issue charging problem,Amazon,2022-08-25,-0.6705,battery,0.7532000000000001
Samsung Buds 2,Accessories,5.0,waste of money we see interest produce official option drop no,Flipkart,2022-08-08,-0.4767,general_issue,0.45068
Samsung Galaxy Tab S7 FE,Smartphone,3.0,waste of money list experience book purpose scene former issue charging problem,Amazon,2022-11-15,-0.6705,battery,0.6782000000000001
Samsung Galaxy M34,Smartphone,4.0,bad,Flipkart,2023-07-12,-0.5423,general_issue,0.55192
Samsung Buds Live,Accessories,5.0,bad,Flipkart,2023-08-01,-0.5423,general_issue,0.47692
Samsung Galaxy M34,Smartphone,4.0,good,Amazon,2023-03-08,0.4404,none,0.135
Samsung Galaxy A14,Smartphone,4.0,worth it,Amazon,2023-12-04,0.2263,none,0.135
Samsung Galaxy S23,Smartphone,3.0,not great professional north face heavy world toward southern customer,Flipkart,2023-02-21,-0.5096,none,0.41384
Samsung Galaxy Tab S7 FE,Smartphone,2.0,not great likely draw south strong message how,Flipkart,2023-06-25,0.0015,none,0.285
Samsung Galaxy A54,Smartphone,5.0,good,Amazon,2024-11-01,0.4404,none,0.06
Samsung Galaxy A34,Smartphone,4.0,good,Amazon,2024-09-27,0.4404,none,0.135
Samsung Galaxy S22,Smartphone,5.0,good space try fine military create space,Amazon,2023-05-30,0.7003,none,0.06
Samsung Buds 2,Accessories,5.0,not great room rock can suggest bank adult,Flipkart,2022-04-15,-0.5096,none,0.26384
Samsung Galaxy S21 FE,Smartphone,4.0,not great off trade money improve buy strong artist,Amazon,2022-07-09,0.4416,none,0.135
Samsung Galaxy M14,Smartphone,1.0,average issue charging problem,Amazon,2024-05-17,-0.4019,battery,0.7207600000000001
Samsung Charger 25W,Accessories,4.0,waste of money share section politics woman practice size result,Amazon,2023-07-21,-0.1531,general_issue,0.39624
Samsung Charger 25W,Accessories,4.0,bad across sea determine ever address level situation upon,Flipkart,2022-04-01,-0.5423,software,0.55192
Samsung Galaxy M14,Smartphone,5.0,bad act eye under eat along,Flipkart,2022-01-08,-0.5423,general_issue,0.47692
Samsung Buds Live,Accessories,4.0,good avoid fine serve effect,Amazon,2023-11-15,0.3612,none,0.135
Samsung Galaxy M34,Smartphone,5.0,good lot majority land,Amazon,2022-09-25,0.4404,none,0.06
Samsung Galaxy S21 FE,Smartphone,2.0,average man many likely beyond issue overheating issue,Amazon,2023-06-21,0.0,heating,0.485
Samsung Galaxy Book 3,Smartphone,4.0,waste of money behavior piece recognize marriage,Flipkart,2022-11-27,-0.4215,general_issue,0.5036
Samsung Galaxy A54,Smartphone,2.0,waste of money issue display flickering,Amazon,2024-06-23,-0.4215,display,0.6536
Samsung Galaxy A34,Smartphone,1.0,not great,Amazon,2024-05-25,-0.5096,none,0.5638400000000001
Samsung Galaxy M34,Smartphone,4.0,excellent message term my,Amazon,2022-01-20,0.5719,none,0.135
Samsung Crystal UHD TV,TV,1.0,good for basic usage,Amazon,2022-08-18,0.4404,none,0.36
Samsung Galaxy M34,Smartphone,1.0,not great popular attack thought whole democratic last,Amazon,2022-06-04,-0.4717,none,0.5486800000000001
Samsung Galaxy M14,Smartphone,3.0,waste of money,Amazon,2022-11-02,-0.4215,general_issue,0.5786
Samsung Galaxy M53,Smartphone,3.0,not great market wrong these outside,Flipkart,2022-03-15,-0.1877,none,0.28508
Samsung Galaxy S23,Smartphone,5.0,worth it argue place determine ok activity none,Flipkart,2024-01-27,0.1779,none,0.06
Samsung Galaxy M53,Smartphone,5.0,average around keep real really,Flipkart,2022-10-31,0.0,none,0.06
Samsung Galaxy A54,Smartphone,2.0,waste of money issue battery draining fast,Amazon,2024-05-30,-0.4215,battery,0.6536
Samsung Galaxy M53,Smartphone,5.0,waste of money,Flipkart,2022-09-19,-0.4215,general_issue,0.4286
Samsung Galaxy Tab S7 FE,Smartphone,1.0,good,Flipkart,2022-03-27,0.4404,none,0.36
Samsung Charger 25W,Accessories,4.0,good shake scientist official during,Flipkart,2023-09-24,0.296,none,0.135
Samsung Galaxy M53,Smartphone,4.0,excellent director star century picture including among his whole,Flipkart,2024-01-17,0.5719,camera,0.335
Samsung Galaxy A34,Smartphone,5.0,bad significant education without,Amazon,2022-03-23,-0.4019,general_issue,0.42076
Samsung Charger 25W,Accessories,4.0,average half country rather soon lead condition,Amazon,2024-01-03,0.0,none,0.135
Samsung Galaxy A54,Smartphone,5.0,bad ready here dog improve program,Flipkart,2023-03-07,0.2263,general_issue,0.26
Samsung Galaxy S23,Smartphone,3.0,bad next boy student i student art issue overheating issue,Amazon,2023-05-27,-0.5423,heating,0.6269200000000001
Samsung Buds 2,Accessories,4.0,waste of money according claim character lot must,Amazon,2022-07-30,-0.4215,general_issue,0.5036
Samsung Galaxy Book 2,Smartphone,5.0,average structure realize once deep person country,Amazon,2023-12-26,0.0,none,0.06
Samsung Galaxy Tab S7 FE,Smartphone,2.0,average much change yard hundred order other choose,Amazon,2024-04-12,0.0,performance,0.485
Samsung Galaxy S23,Smartphone,5.0,excellent director window bank energy structure course very,Flipkart,2022-11-13,0.7003,none,0.06
Samsung Galaxy A14,Smartphone,4.0,average,Amazon,2023-04-30,0.0,none,0.135
Samsung Galaxy S21 FE,Smartphone,5.0,worth it authority case air particular painting ability from,Amazon,2022-11-29,0.5423,none,0.06
Samsung Galaxy Tab S7 FE,Smartphone,2.0,bad issue display flickering,Flipkart,2022-12-29,-0.5423,display,0.7019200000000001
Samsung Galaxy S21 FE,Smartphone,4.0,waste of money,Flipkart,2024-04-24,-0.4215,general_issue,0.5036
Samsung Buds 2,Accessories,4.0,average office its doctor join society,Amazon,2022-02-20,0.296,none,0.135
Samsung Buds Live,Accessories,4.0,bad movement together live involve different,Flipkart,2023-01-03,-0.5423,general_issue,0.55192
Samsung Galaxy S23,Smartphone,3.0,bad issue charging problem,Flipkart,2023-11-12,-0.7351,battery,0.70404
Samsung Galaxy S21 FE,Smartphone,4.0,not great source during town another sometimes alone,Flipkart,2024-04-23,-0.6479,none,0.39416
Samsung Galaxy A14,Smartphone,3.0,waste of money,Amazon,2023-05-24,-0.4215,general_issue,0.5786
Samsung Galaxy S21 FE,Smartphone,3.0,excellent card red success floor contain product media best issue battery draining fast,Amazon,2023-07-01,0.9118,battery,0.41
Samsung Galaxy Tab A8,Smartphone,4.0,worth it they trip voice show there low capital technology,Flipkart,2022-11-23,-0.0516,none,0.15564
Samsung Soundbar,Other,1.0,very userfriendly interface,Flipkart,2022-08-10,0.0,software,0.56
Samsung Galaxy M34,Smartphone,5.0,waste of money onto than interest decision,Flipkart,2024-02-23,0.0516,general_issue,0.26
Samsung Galaxy S22,Smartphone,3.0,worth it,Flipkart,2022-03-21,0.2263,none,0.21
Samsung Galaxy M34,Smartphone,5.0,average summer technology interest company,Amazon,2024-08-21,0.4588,none,0.06
Samsung Galaxy S21 FE,Smartphone,4.0,waste of money magazine value pick run put today police,Amazon,2023-04-01,-0.1027,general_issue,0.37608
Samsung Galaxy Buds2,Smartphone,1.0,speaker quality is amazing,Flipkart,2023-02-13,0.5859,sound,0.56
Samsung Charger 25W,Accessories,5.0,worth it hair brother kid many energy politics stop american,Amazon,2024-07-31,0.2023,none,0.06
Samsung Galaxy M14,Smartphone,4.0,waste of money,Flipkart,2023-12-18,-0.4215,general_issue,0.5036
Samsung Galaxy A34,Smartphone,3.0,not great difference executive figure coach free,Flipkart,2023-09-18,0.0015,none,0.21
Samsung Buds Live,Accessories,5.0,good example since daughter music,Flipkart,2023-04-12,0.4404,none,0.06
Samsung Galaxy Book 2,Smartphone,3.0,worth it issue overheating issue,Flipkart,2023-04-02,0.2263,heating,0.41
Samsung Buds Live,Accessories,1.0,worth it social kind concern night,Flipkart,2022-02-18,0.6486,none,0.36
Samsung Galaxy A54,Smartphone,5.0,not great ability at toward increase,Flipkart,2023-01-31,-0.4508,none,0.24032
Samsung Galaxy S21 FE,Smartphone,1.0,waste of money issue charging problem,Amazon,2024-03-27,-0.6705,battery,0.8282
Samsung Galaxy A14,Smartphone,3.0,excellent issue slow performance,Amazon,2023-11-04,0.5719,performance,0.41
Samsung Buds 2,Accessories,3.0,bad approach how collection lot student issue slow performance,Amazon,2023-07-25,-0.5423,performance,0.6269200000000001
Samsung Galaxy M34,Smartphone,4.0,average participant standard investment market question boy wife seem,Flipkart,2022-05-23,0.0,none,0.135
Samsung Galaxy Tab A8,Smartphone,5.0,good international book most movement practice employee key,Flipkart,2023-07-26,0.4404,software,0.26
Samsung Galaxy S21 FE,Smartphone,5.0,not great by open wait record begin,Amazon,2023-12-21,-0.5096,none,0.26384
Samsung Buds Live,Accessories,5.0,excellent economy perhaps statement wish our through,Amazon,2024-11-09,0.7506,none,0.06
Samsung Galaxy Book 2,Smartphone,3.0,waste of money much benefit matter where effect center two issue charging problem,Flipkart,2024-03-29,-0.34,battery,0.546
Samsung Buds Live,Accessories,2.0,worth it his hit suffer state benefit,Flipkart,2023-11-10,0.1027,none,0.285
Samsung Galaxy A34,Smartphone,4.0,excellent interview itself meet according hot,Flipkart,2022-02-26,0.5719,heating,0.335
Samsung Galaxy Book 3,Smartphone,5.0,not great rise mission change human,Flipkart,2022-08-25,-0.5096,performance,0.46384
Samsung Galaxy Tab S7 FE,Smartphone,3.0,excellent many such remain difference issue display flickering,Amazon,2023-06-19,0.5719,display,0.41
Samsung Buds Live,Accessories,4.0,good choice develop us hospital body fish,Flipkart,2023-01-01,0.4404,software,0.335
Samsung Galaxy A54,Smartphone,5.0,not great expert company heart some,Amazon,2023-06-28,-0.5096,none,0.26384
Samsung Galaxy S21 FE,Smartphone,5.0,excellent miss until cut against tend relate,Amazon,2022-03-20,0.25,none,0.06
Samsung Galaxy A34,Smartphone,5.0,waste of money morning our only plan,Amazon,2022-08-11,-0.4215,general_issue,0.4286
Samsung QLED TV,TV,4.0,battery life could be better,Flipkart,2024-06-08,0.4404,battery,0.335
Samsung Galaxy M14,Smartphone,3.0,waste of money get hospital almost total decision choose until,Flipkart,2023-12-09,-0.4215,software,0.5786
Samsung Galaxy M14,Smartphone,1.0,worth it,Flipkart,2023-10-05,0.2263,none,0.36
Samsung Galaxy A14,Smartphone,3.0,good dinner hospital summer office green issue charging problem,Flipkart,2024-06-12,0.0516,battery,0.41
Samsung Charger 25W,Accessories,4.0,excellent statement young for start doctor agreement,Amazon,2024-11-13,0.7845,none,0.135
Samsung Buds 2,Accessories,4.0,good leave able new yes bring maintain,Flipkart,2022-08-25,0.6597,none,0.135
Samsung Galaxy M53,Smartphone,2.0,good necessary beat later green left nature bit,Amazon,2024-02-28,0.4404,none,0.285
Samsung Galaxy Tab A8,Smartphone,3.0,waste of money factor understand maybe his issue charging problem,Flipkart,2023-01-25,-0.6705,battery,0.6782000000000001
Samsung Galaxy Book 3,Smartphone,3.0,good response education or officer investment next join,Amazon,2023-06-06,0.6249,none,0.21
Samsung Galaxy A34,Smartphone,4.0,worth it tough set quality southern store,Flipkart,2022-04-01,0.1027,none,0.135
Samsung Galaxy A14,Smartphone,5.0,bad fish she base much easy what,Amazon,2024-06-12,-0.1531,general_issue,0.32124
Samsung Galaxy Book 3,Smartphone,5.0,bad use case discussion analysis say toward,Amazon,2022-01-04,-0.5423,general_issue,0.47692
Samsung Galaxy Book 2,Smartphone,4.0,average radio good meeting life church heart degree,Amazon,2024-11-30,0.4404,battery,0.335
Samsung Charger 25W,Accessories,2.0,average issue camera quality is poor,Flipkart,2023-02-08,-0.4767,camera,0.6756800000000001
Samsung Galaxy A14,Smartphone,4.0,excellent power we production where goal,Amazon,2024-01-16,0.5719,battery,0.335
Samsung Galaxy S22,Smartphone,4.0,excellent style mouth whole second against claim,Flipkart,2024-06-02,0.5719,none,0.135
Samsung Galaxy S23,Smartphone,5.0,good fly ten mission something near,Amazon,2022-05-24,0.4404,none,0.06
Samsung Buds 2,Accessories,1.0,waste of money issue camera quality is poor,Amazon,2023-11-08,-0.7096,camera,0.8438400000000001
Samsung Galaxy A14,Smartphone,4.0,not great continue support few goal food instead,Amazon,2023-10-05,-0.6759,none,0.40536
Samsung Charger 25W,Accessories,3.0,average may certainly else great standard approach simply address,Flipkart,2022-09-13,0.7579,software,0.41
Samsung Galaxy S21 FE,Smartphone,4.0,excellent,Flipkart,2023-09-08,0.5719,none,0.135
Samsung Soundbar,Other,2.0,not worth the price,Flipkart,2024-11-04,-0.1695,none,0.3528
Samsung Galaxy Book 2,Smartphone,4.0,excellent girl enjoy ahead name will,Flipkart,2023-09-26,0.7845,none,0.135
Samsung Galaxy Watch6,Smartphone,1.0,highly recommend to others,Flipkart,2024-04-16,0.4201,none,0.36
Samsung Galaxy S22,Smartphone,1.0,worth it loss manager heart also care,Flipkart,2023-10-31,0.4215,software,0.56
Samsung Galaxy S23,Smartphone,4.0,good world early office find cut from,Flipkart,2024-04-04,0.2023,none,0.135
Samsung Galaxy A34,Smartphone,1.0,average,Amazon,2023-08-29,0.0,none,0.36
Samsung Buds Live,Accessories,1.0,excellent today remain everything first strong,Flipkart,2022-09-18,0.7906,none,0.36
Samsung Galaxy Book 3,Smartphone,3.0,excellent somebody front reveal rock issue overheating issue,Amazon,2023-01-28,0.5719,heating,0.41
Samsung Buds 2,Accessories,4.0,good discuss agency professional left clear,Amazon,2024-05-11,0.6705,none,0.135
Samsung Charger 25W,Accessories,5.0,average,Flipkart,2024-02-16,0.0,none,0.06
Samsung Galaxy M14,Smartphone,4.0,not great,Flipkart,2022-12-23,-0.5096,none,0.33884
Samsung Galaxy S23,Smartphone,4.0,good shake lead both grow blood,Flipkart,2023-09-09,0.296,none,0.135
Samsung Buds 2,Accessories,5.0,bad black give itself,Amazon,2024-04-11,-0.5423,general_issue,0.47692
Samsung Buds 2,Accessories,4.0,not great,Flipkart,2022-01-01,-0.5096,none,0.33884
Samsung Galaxy M14,Smartphone,5.0,bad southern at science fall market western director,Flipkart,2023-09-15,-0.5423,general_issue,0.47692
Samsung Galaxy Tab S7 FE,Smartphone,5.0,average model another situation not chair big far,Flipkart,2023-08-11,0.0,none,0.06
Samsung Galaxy M14,Smartphone,4.0,good relationship national dinner house minute almost option,Flipkart,2023-03-07,0.4404,software,0.335
Samsung Galaxy Book 3,Smartphone,5.0,bad,Amazon,2024-05-30,-0.5423,general_issue,0.47692
Samsung Charger 25W,Accessories,4.0,not great prepare project care,Amazon,2023-10-22,-0.0243,none,0.14472
Samsung Galaxy S23,Smartphone,4.0,good,Flipkart,2024-08-10,0.4404,none,0.135
Samsung Galaxy M14,Smartphone,3.0,bad air real health view treat issue display flickering,Flipkart,2024-06-23,-0.2023,display,0.49092
Samsung Galaxy M34,Smartphone,2.0,not great,Amazon,2024-06-24,-0.5096,none,0.48884
Samsung Charger 25W,Accessories,3.0,worth it him tv little soon store garden issue display flickering,Flipkart,2023-03-14,0.2263,display,0.41
Samsung Buds 2,Accessories,3.0,bad artist create appear,Amazon,2024-11-12,-0.34,software,0.546
Samsung Galaxy A34,Smartphone,4.0,not great crime peace seem provide page,Flipkart,2024-08-27,-0.5096,none,0.33884
Samsung Galaxy S22,Smartphone,1.0,good guess end do issue display flickering,Flipkart,2022-12-14,0.4404,display,0.56
Samsung Galaxy Tab S7 FE,Smartphone,2.0,waste of money into last store yourself attack issue charging problem,Flipkart,2022-06-23,-0.8225,battery,0.8140000000000001
Samsung Galaxy A14,Smartphone,3.0,not great city seek every natural safe issue slow performance,Amazon,2023-08-05,0.2746,performance,0.41
Samsung Charger 25W,Accessories,4.0,average decision herself throw plan,Amazon,2024-11-21,0.0,none,0.135
Samsung Galaxy Book 2,Smartphone,2.0,not great specific south worry lot process kind dark it issue battery draining fast,Flipkart,2023-11-18,-0.4203,battery,0.6531200000000001
Samsung Galaxy A54,Smartphone,1.0,good brother hand treat tonight rock paper issue slow performance,Flipkart,2022-07-11,0.8316,performance,0.56
Samsung Galaxy M34,Smartphone,5.0,bad region discussion detail behavior reveal respond affect,Amazon,2023-04-27,-0.5423,general_issue,0.47692
Samsung Refrigerator,Other,1.0,good for basic usage,Flipkart,2023-09-28,0.4404,none,0.36
Samsung Galaxy A14,Smartphone,5.0,waste of money admit arm rest three,Amazon,2023-04-06,-0.25,general_issue,0.36
Samsung Galaxy A34,Smartphone,4.0,waste of money part exist religious adult,Amazon,2023-02-12,-0.4215,general_issue,0.5036
Samsung Galaxy Book 2,Smartphone,4.0,waste of money,Flipkart,2022-10-29,-0.4215,general_issue,0.5036
Samsung Galaxy A34,Smartphone,5.0,waste of money,Amazon,2022-02-20,-0.4215,general_issue,0.4286
Samsung Galaxy S22,Smartphone,3.0,good base focus more measure food,Flipkart,2022-04-05,0.4404,camera,0.41
Samsung Galaxy S23,Smartphone,5.0,average room catch form country life,Amazon,2023-05-17,0.0,battery,0.26
Samsung Galaxy M53,Smartphone,5.0,not great he military future scientist,Amazon,2024-08-31,-0.5096,none,0.26384
Samsung Galaxy Tab A8,Smartphone,4.0,waste of money,Flipkart,2022-05-30,-0.4215,general_issue,0.5036
Samsung Galaxy Book 2,Smartphone,4.0,excellent,Amazon,2024-07-21,0.5719,none,0.135
Samsung Soundbar,Other,3.0,not worth the price,Amazon,2024-04-28,-0.1695,none,0.2778
Samsung Buds Live,Accessories,5.0,excellent mother soon night quality western provide its,Amazon,2023-02-03,0.5719,none,0.06
Samsung Crystal UHD TV,TV,4.0,excellent product very satisfied,Amazon,2024-02-26,0.7778,none,0.135
Samsung Galaxy Book 2,Smartphone,4.0,not great talk scientist own cost chair,Flipkart,2024-10-09,-0.5096,software,0.53884
Samsung Galaxy Tab S7 FE,Smartphone,4.0,waste of money role owner third crime accept game,Amazon,2024-03-29,-0.5719,general_issue,0.56376
Samsung Soundbar,Other,2.0,highly recommend to others,Flipkart,2023-05-15,0.4201,none,0.285
Samsung Galaxy Book 3,Smartphone,4.0,bad face theory as ever popular speak painting,Amazon,2022-10-30,-0.1779,general_issue,0.40616
Samsung Galaxy M53,Smartphone,3.0,waste of money issue slow performance,Amazon,2022-01-12,-0.4215,performance,0.5786
Samsung Galaxy S22,Smartphone,3.0,not as expected returning it,Flipkart,2022-08-07,0.0,none,0.21
Samsung Galaxy M34,Smartphone,3.0,excellent issue battery draining fast,Amazon,2024-05-20,0.5719,battery,0.41
Samsung Galaxy Book 3,Smartphone,5.0,not great spring nation discover result cold animal,Amazon,2023-03-25,-0.5096,none,0.26384
Samsung Galaxy A54,Smartphone,4.0,not great test star step argue,Flipkart,2022-12-27,-0.6902,none,0.41108
Samsung Galaxy S21 FE,Smartphone,3.0,waste of money idea morning hair food,Amazon,2024-11-26,-0.4215,general_issue,0.5786
Samsung Galaxy M53,Smartphone,3.0,worth it field table hope issue battery draining fast,Flipkart,2024-08-09,0.5859,battery,0.41
Samsung Galaxy A34,Smartphone,3.0,good scientist grow pressure my improve control light issue battery draining fast,Amazon,2022-04-13,0.5574,battery,0.41
Samsung Galaxy M53,Smartphone,4.0,average me miss light network trip,Flipkart,2023-05-26,-0.1531,connectivity,0.39624
Samsung Galaxy S22,Smartphone,4.0,average response choose organization decide table adult station,Amazon,2022-09-06,0.0,software,0.335
Samsung Air Conditioner,Other,4.0,disappointed with the customer service,Flipkart,2024-07-23,-0.4767,software,0.52568
Samsung Galaxy Tab A8,Smartphone,3.0,not great,Amazon,2022-10-01,-0.5096,none,0.41384
Samsung Galaxy M14,Smartphone,2.0,waste of money son level national investment daughter main issue display flickering,Amazon,2024-08-09,-0.4215,display,0.6536
Samsung Galaxy M53,Smartphone,4.0,bad coach identify degree decision,Flipkart,2024-12-23,-0.5423,general_issue,0.55192
Samsung Galaxy M53,Smartphone,4.0,worth it mouth program economy best social marriage recent kid,Flipkart,2023-10-12,0.7269,none,0.135
Samsung Buds 2,Accessories,1.0,average work ground contain arm issue slow performance,Amazon,2024-06-25,0.0,performance,0.56
Samsung Galaxy S21 FE,Smartphone,1.0,waste of money issue charging problem,Amazon,2024-10-30,-0.6705,battery,0.8282
Samsung Buds Live,Accessories,4.0,excellent especially forward congress energy,Amazon,2024-05-23,0.7239,none,0.135
Samsung Galaxy M34,Smartphone,4.0,good memory pass his coach away,Amazon,2024-07-02,0.4404,none,0.135
Samsung Charger 25W,Accessories,4.0,excellent itself without play region,Amazon,2022-11-22,0.3948,none,0.135
Samsung Galaxy A34,Smartphone,3.0,average chance success fire get issue camera quality is poor,Flipkart,2024-08-30,0.0516,camera,0.41
Samsung Galaxy S22,Smartphone,5.0,worth it control lead free,Flipkart,2024-07-10,0.6369,none,0.06
Samsung Galaxy Book 2,Smartphone,5.0,average into watch national knowledge much,Amazon,2023-06-15,0.0,none,0.06
Samsung Galaxy S21 FE,Smartphone,3.0,good allow skill use draw benefit easy issue display flickering,Amazon,2023-05-22,0.8658,display,0.41
Samsung Buds 2,Accessories,4.0,waste of money film ground action resource southern,Flipkart,2023-07-22,-0.4215,general_issue,0.5036
Samsung Galaxy Book 2,Smartphone,4.0,bad seven suffer your reason would,Flipkart,2024-12-03,-0.7906,general_issue,0.65124
Samsung Galaxy M14,Smartphone,5.0,bad,Amazon,2024-09-19,-0.5423,general_issue,0.47692
Samsung Galaxy Book 3,Smartphone,4.0,bad somebody evidence assume question,Flipkart,2023-05-05,-0.5423,general_issue,0.55192
Samsung Buds 2,Accessories,4.0,bad hour task difference happy condition day fear,Amazon,2023-07-17,-0.4588,software,0.5185200000000001
Samsung Galaxy Tab S7 FE,Smartphone,4.0,waste of money fund forget quickly until eat,Amazon,2024-06-19,-0.5719,software,0.56376
Samsung Galaxy M34,Smartphone,4.0,not great study near least mr child,Flipkart,2022-06-08,-0.5096,none,0.33884
Samsung Buds Live,Accessories,2.0,excellent city evening must story,Amazon,2023-08-09,0.5719,none,0.285
Samsung Galaxy M53,Smartphone,5.0,good discover above second week,Amazon,2023-04-26,0.4404,none,0.06
Samsung Galaxy A54,Smartphone,1.0,heats up sometimes during heavy usage,Amazon,2023-07-11,0.0,heating,0.56
Samsung Galaxy M34,Smartphone,4.0,not great next fall air,Flipkart,2023-11-19,-0.5096,none,0.33884
Samsung Soundbar,Other,2.0,great value for money,Amazon,2023-10-17,0.7579,none,0.285
Samsung Buds 2,Accessories,2.0,not great issue battery draining fast,Amazon,2022-06-15,-0.5096,battery,0.6888400000000001
Samsung Galaxy S23,Smartphone,3.0,not great,Amazon,2022-10-11,-0.5096,none,0.41384
Samsung Galaxy M14,Smartphone,3.0,average issue display flickering,Amazon,2022-11-05,0.0,display,0.41
Samsung Galaxy A34,Smartphone,3.0,not great image trial sound poor leader it car issue charging problem,Amazon,2023-04-19,-0.844,battery,0.7476
Samsung Galaxy M14,Smartphone,2.0,not great focus federal detail fine issue overheating issue,Amazon,2024-02-24,-0.3599,heating,0.62896
Samsung Galaxy Book 3,Smartphone,3.0,average actually new federal issue display flickering,Amazon,2022-11-09,0.0,display,0.41
Samsung Galaxy Tab A8,Smartphone,5.0,good determine teacher adult activity,Amazon,2023-03-15,0.4404,none,0.06
Samsung Buds Live,Accessories,1.0,bad kind decade tell girl product yard issue camera quality is poor,Amazon,2022-05-12,-0.4939,camera,0.75756
Samsung Galaxy Book 2,Smartphone,3.0,waste of money perform wide plant idea push boy issue slow performance,Amazon,2024-04-29,-0.4215,performance,0.5786
Samsung Galaxy M34,Smartphone,5.0,excellent election together home national identify section mouth,Flipkart,2024-04-14,0.5719,none,0.06
Samsung Galaxy M53,Smartphone,4.0,not great turn despite interesting attack professional,Amazon,2023-11-09,-0.4585,none,0.3184
Samsung Galaxy S22,Smartphone,4.0,featurepacked and smooth experience,Flipkart,2024-08-12,0.0,none,0.135
Samsung Galaxy A54,Smartphone,4.0,not great,Amazon,2024-05-01,-0.5096,none,0.33884
Samsung Galaxy M53,Smartphone,2.0,average issue slow performance,Amazon,2022-05-08,0.0,performance,0.485
Samsung Galaxy S21 FE,Smartphone,2.0,good amount against provide good art attack determine,Amazon,2023-02-28,0.4019,none,0.285
Samsung Galaxy A14,Smartphone,3.0,worth it issue slow performance,Flipkart,2024-05-10,0.2263,performance,0.41
Samsung Galaxy S23,Smartphone,3.0,worth it these produce always relate,Amazon,2024-03-08,0.2263,none,0.21
Samsung Galaxy Book 2,Smartphone,2.0,bad reveal against long over well get issue camera quality is poor,Amazon,2022-02-10,-0.6705,camera,0.7532000000000001
Samsung Galaxy A14,Smartphone,4.0,waste of money defense much home recently measure most,Amazon,2024-02-19,-0.3182,software,0.46228
Samsung Charger 25W,Accessories,3.0,average ten skill while use scientist issue overheating issue,Amazon,2024-09-03,0.0,heating,0.41
Samsung Galaxy S21 FE,Smartphone,3.0,waste of money issue battery draining fast,Amazon,2022-01-13,-0.4215,battery,0.5786
Samsung Galaxy S23,Smartphone,4.0,average receive indeed quite democratic win,Flipkart,2023-12-22,0.6222,software,0.335
Samsung Galaxy A14,Smartphone,1.0,waste of money up get admit cost she near issue battery draining fast,Flipkart,2023-09-04,-0.25,battery,0.6600000000000001
Samsung Galaxy M14,Smartphone,4.0,excellent daughter the scientist within doctor purpose,Amazon,2024-03-09,0.5719,software,0.335
Samsung Galaxy M34,Smartphone,2.0,average type international peace too yet,Amazon,2024-05-08,0.5423,none,0.285
Samsung Galaxy Tab S7 FE,Smartphone,3.0,bad capital quite country truth special claim fight issue display flickering,Flipkart,2023-03-28,-0.1426,display,0.46704
Samsung Galaxy Tab A8,Smartphone,5.0,excellent head more evidence claim,Flipkart,2024-09-26,0.5719,none,0.06
Samsung Buds 2,Accessories,4.0,good improve fast south arm type pick girl international,Flipkart,2023-03-26,0.7003,none,0.135
Samsung Galaxy S23,Smartphone,4.0,average hospital term cause administration large,Amazon,2023-07-13,0.0,software,0.335
Samsung Galaxy M14,Smartphone,3.0,excellent use open son simply,Amazon,2024-06-11,0.5719,none,0.21
Samsung Galaxy S21 FE,Smartphone,5.0,good learn theory environment once,Flipkart,2024-09-21,0.4404,none,0.06
Samsung Galaxy A34,Smartphone,5.0,worth it,Amazon,2022-03-01,0.2263,none,0.06
Samsung Galaxy Tab S7 FE,Smartphone,4.0,excellent stage open pm write recognize as answer,Amazon,2024-03-07,0.5719,none,0.135
Samsung Buds Live,Accessories,2.0,worth it move language rule father cover memory,Flipkart,2023-11-20,0.2263,none,0.285
Samsung Galaxy A54,Smartphone,4.0,bad issue reveal black lose although,Amazon,2024-04-08,-0.7351,software,0.62904
Samsung Galaxy Tab S7 FE,Smartphone,5.0,worth it conference or sign imagine road and,Flipkart,2022-12-05,0.2263,none,0.06
Samsung Galaxy Tab A8,Smartphone,5.0,worth it ok nothing say catch production,Flipkart,2024-08-15,0.4767,none,0.06
Samsung Charger 25W,Accessories,5.0,bad student political go about,Amazon,2022-09-19,-0.5423,general_issue,0.47692
Samsung Buds 2,Accessories,5.0,bad speak what person group they as interview,Flipkart,2024-12-29,-0.5423,general_issue,0.47692
Samsung Buds 2,Accessories,3.0,worth it paper recently participant until cultural leave base issue camera quality is poor,Amazon,2022-02-25,-0.34,camera,0.546
Samsung Galaxy M34,Smartphone,4.0,worth it consumer mr worker offer third,Amazon,2024-03-17,0.2263,none,0.135
Samsung Galaxy S21 FE,Smartphone,4.0,bad administration theory recent,Flipkart,2022-02-25,-0.5423,general_issue,0.55192
Samsung Galaxy S23,Smartphone,4.0,not great score middle fund entire,Amazon,2022-06-21,-0.5096,none,0.33884
Samsung Galaxy M53,Smartphone,5.0,excellent sort once challenge even start edge environmental middle,Amazon,2024-05-27,0.6124,none,0.06
Samsung Galaxy Tab A8,Smartphone,5.0,waste of money event last music best watch my rather,Amazon,2022-10-05,0.34,general_issue,0.26
Samsung Galaxy Tab S7 FE,Smartphone,4.0,average mention international soldier from up dark people,Amazon,2024-08-03,0.0,none,0.135
Samsung Buds 2,Accessories,5.0,not great book important music central former me,Flipkart,2023-01-08,-0.5975,none,0.299
Samsung Galaxy S21 FE,Smartphone,3.0,worth it daughter marriage fall adult issue camera quality is poor,Amazon,2022-04-13,-0.296,camera,0.5284
Samsung Galaxy S21 FE,Smartphone,3.0,excellent wish key everybody unit rule security,Flipkart,2023-06-17,0.8316,none,0.21
Samsung Charger 25W,Accessories,4.0,waste of money each choose newspaper,Flipkart,2024-02-16,-0.4215,software,0.5036
Samsung Galaxy M53,Smartphone,3.0,bad certain guess factor may knowledge help three,Amazon,2023-11-02,0.0772,general_issue,0.41
Samsung Charger 25W,Accessories,3.0,bad soon especially production resource hit issue slow performance,Flipkart,2023-03-10,-0.5423,performance,0.6269200000000001
Samsung Galaxy S22,Smartphone,1.0,average hour their individual yourself television relate later issue camera quality is poor,Amazon,2024-07-20,-0.4767,camera,0.75068
Samsung Galaxy S21 FE,Smartphone,5.0,excellent add return personal be because writer read,Amazon,2023-11-01,0.5719,none,0.06
Samsung Charger 25W,Accessories,5.0,bad television range say model school issue structure,Flipkart,2023-11-23,-0.5423,general_issue,0.47692
Samsung Galaxy M53,Smartphone,4.0,average amount buy show available,Amazon,2024-02-16,0.0,none,0.135
Samsung Charger 25W,Accessories,5.0,bad,Amazon,2023-07-24,-0.5423,general_issue,0.47692
Samsung Galaxy A34,Smartphone,5.0,waste of money north note of attorney,Flipkart,2024-05-13,-0.4215,general_issue,0.4286
Samsung Galaxy S21 FE,Smartphone,4.0,worth it concern its rule mention reduce red,Flipkart,2023-06-01,0.2263,none,0.135
Samsung Galaxy Tab A8,Smartphone,4.0,worth it boy attention message medical bad,Flipkart,2022-06-17,-0.3818,general_issue,0.48772
Samsung Galaxy S22,Smartphone,3.0,worth it beyond fish most century institution vote ability his,Flipkart,2024-08-21,0.4939,software,0.41
Samsung Galaxy A14,Smartphone,1.0,excellent issue battery draining fast,Flipkart,2022-02-09,0.5719,battery,0.56
Samsung Galaxy Book 2,Smartphone,4.0,bad,Flipkart,2022-04-17,-0.5423,general_issue,0.55192
Samsung Galaxy M53,Smartphone,2.0,bad bad girl industry tv need deep,Flipkart,2023-12-18,-0.7906,general_issue,0.80124
Samsung Galaxy S21 FE,Smartphone,2.0,worth it issue battery draining fast,Flipkart,2023-04-05,0.2263,battery,0.485
Samsung Galaxy M34,Smartphone,5.0,excellent technology professor bag sell,Amazon,2022-05-21,0.5719,none,0.06
Samsung Buds 2,Accessories,1.0,excellent it check forward participant establish yourself cold issue slow performance,Amazon,2022-03-24,0.5719,performance,0.56
Samsung Galaxy S22,Smartphone,5.0,excellent once sometimes feeling true test onto,Amazon,2022-03-05,0.7906,none,0.06
Samsung Galaxy Tab A8,Smartphone,4.0,not great,Amazon,2023-05-22,-0.5096,none,0.33884
Samsung Galaxy A14,Smartphone,1.0,excellent blood employee have radio here help address issue display flickering,Flipkart,2023-02-13,0.7506,display,0.56
Samsung Buds Live,Accessories,3.0,good particular happen recently question edge suffer issue battery draining fast,Amazon,2022-02-11,-0.1531,battery,0.47124
Samsung Galaxy S23,Smartphone,4.0,bad consider consumer ago market morning,Amazon,2022-11-09,-0.5423,general_issue,0.55192
Samsung Charger 25W,Accessories,4.0,excellent,Flipkart,2023-05-04,0.5719,none,0.135
Samsung Galaxy S22,Smartphone,4.0,worth it voice republican charge election network six,Amazon,2022-09-16,0.2263,battery,0.335
Samsung Refrigerator,Other,5.0,very userfriendly interface,Amazon,2024-08-27,0.0,software,0.26
Samsung Galaxy Book 2,Smartphone,1.0,not great issue overheating issue,Amazon,2022-08-23,-0.5096,heating,0.7638400000000001
Samsung Galaxy Buds2,Smartphone,2.0,very userfriendly interface,Amazon,2023-03-23,0.0,software,0.485
Samsung Buds 2,Accessories,5.0,worth it myself meeting friend city our eat white,Amazon,2024-08-10,0.6249,none,0.06
Samsung Galaxy M14,Smartphone,4.0,worth it government expert coach beat water group impact,Amazon,2023-06-09,0.2263,none,0.135
Samsung Galaxy Tab S7 FE,Smartphone,4.0,bad human time different,Amazon,2024-01-26,-0.5423,general_issue,0.55192
Samsung Galaxy Z Fold5,Smartphone,5.0,great value for money,Flipkart,2022-12-10,0.7579,none,0.06
Samsung Galaxy Z Fold5,Smartphone,3.0,not worth the price,Flipkart,2022-08-23,-0.1695,none,0.2778
Samsung Charger 25W,Accessories,5.0,excellent exist soldier same stop movie bill sound,Amazon,2022-12-02,0.3612,sound,0.26
Samsung Galaxy M53,Smartphone,5.0,waste of money nice yard since black source ready art who,Flipkart,2023-09-30,0.3612,general_issue,0.26
Samsung Crystal UHD TV,TV,2.0,performance is topnotch,Amazon,2022-08-10,0.0,none,0.285
Samsung Galaxy S22,Smartphone,5.0,average,Flipkart,2022-02-22,0.0,none,0.06
Samsung Buds Live,Accessories,5.0,waste of money expert much without enough parent much,Flipkart,2023-10-01,-0.4215,general_issue,0.4286
Samsung Galaxy S23,Smartphone,2.0,speaker quality is amazing,Flipkart,2024-02-08,0.5859,sound,0.485
Samsung Galaxy M34,Smartphone,4.0,bad beyond trouble big be pretty,Amazon,2024-03-23,-0.4588,general_issue,0.5185200000000001
Samsung Galaxy Tab A8,Smartphone,5.0,worth it,Flipkart,2023-02-11,0.2263,none,0.06
Samsung Buds Live,Accessories,1.0,waste of money issue battery draining fast,Flipkart,2022-06-05,-0.4215,battery,0.7286000000000001
Samsung Buds Live,Accessories,4.0,bad since product along early could energy,Flipkart,2023-05-13,-0.34,general_issue,0.471
Samsung Galaxy S22,Smartphone,4.0,average attorney one collection might,Flipkart,2022-07-28,0.0,none,0.135
Samsung Charger 25W,Accessories,3.0,waste of money head drug long institution process tend tough,Amazon,2023-09-10,-0.5106,general_issue,0.6142400000000001
Samsung Galaxy M34,Smartphone,4.0,not great player reduce record,Flipkart,2022-09-05,-0.5096,none,0.33884
Samsung QLED TV,TV,4.0,performance is topnotch,Flipkart,2022-03-26,0.0,none,0.135
Samsung Buds Live,Accessories,3.0,worth it site head face start film else,Amazon,2023-12-13,0.2263,none,0.21
Samsung Galaxy Tab A8,Smartphone,4.0,bad view some east,Flipkart,2024-12-27,-0.5423,general_issue,0.55192
Samsung Galaxy M34,Smartphone,2.0,waste of money poor expert southern watch,Amazon,2024-05-27,-0.7096,general_issue,0.76884
Samsung Galaxy S21 FE,Smartphone,3.0,average meeting state enter member,Flipkart,2024-01-29,0.0,none,0.21
Samsung Galaxy S22,Smartphone,4.0,heats up sometimes during heavy usage,Flipkart,2022-05-22,0.0,heating,0.335
Samsung Galaxy M34,Smartphone,5.0,good apply who kid,Flipkart,2024-11-02,0.4404,software,0.26
Samsung Galaxy Book 2,Smartphone,3.0,good young daughter ask spend compare difference campaign issue camera quality is poor,Flipkart,2023-11-30,-0.0516,camera,0.4306399999999999
Samsung Galaxy S23,Smartphone,4.0,not great spring church cover very per score,Flipkart,2022-01-26,-0.5096,none,0.33884
Samsung Galaxy M14,Smartphone,5.0,waste of money end future live paper whatever material see,Flipkart,2024-05-10,-0.4215,build_quality,0.4286
Samsung Buds Live,Accessories,3.0,worth it send traditional hold air by none,Flipkart,2024-09-30,0.2263,none,0.21
Samsung Galaxy Tab S7 FE,Smartphone,4.0,not great particular rock window modern job,Amazon,2022-08-05,-0.5096,none,0.33884
Samsung Galaxy M14,Smartphone,3.0,good model police each none part book issue camera quality is poor,Amazon,2024-06-06,-0.0516,camera,0.4306399999999999
Samsung Galaxy S21 FE,Smartphone,3.0,bad social force who professor build report response issue overheating issue,Flipkart,2024-01-12,-0.5423,heating,0.6269200000000001
Samsung Buds Live,Accessories,5.0,worth it floor concern where state product,Amazon,2024-07-30,0.2263,none,0.06
Samsung Buds Live,Accessories,5.0,excellent,Flipkart,2022-11-10,0.5719,none,0.06
Samsung Galaxy S23,Smartphone,5.0,not great buy score above before attack structure southern offer,Amazon,2024-06-10,-0.7502,none,0.36008
Samsung Galaxy S22,Smartphone,4.0,not great reduce project mission,Amazon,2022-12-27,-0.5096,none,0.33884
Samsung Galaxy Book 2,Smartphone,4.0,bad outside about ahead glass fly we yourself,Amazon,2024-12-04,-0.5423,general_issue,0.55192
Samsung Galaxy M34,Smartphone,5.0,good wide relate church thank some leg thought,Flipkart,2023-07-08,0.6597,none,0.06
Samsung Buds Live,Accessories,2.0,not great stage about decide pm issue charging problem,Amazon,2024-09-17,-0.7179,battery,0.77216
Samsung Galaxy S22,Smartphone,1.0,average shake add role animal might fear might,Amazon,2024-08-10,-0.5994,none,0.5997600000000001
Samsung Galaxy Tab S7 FE,Smartphone,3.0,not great spend wear big wall together specific turn issue slow performance,Flipkart,2024-06-11,-0.5096,performance,0.6138400000000002
Samsung Galaxy Book 2,Smartphone,4.0,waste of money public rest western argue usually within station,Flipkart,2023-07-04,-0.6369,general_issue,0.5897600000000001
Samsung Galaxy S22,Smartphone,4.0,bad hit song season thus large,Flipkart,2023-10-23,-0.5423,general_issue,0.55192
Samsung Buds Live,Accessories,4.0,worth it within describe community low role,Flipkart,2023-05-18,-0.0516,none,0.15564
Samsung Buds Live,Accessories,2.0,average itself level finally student politics charge later because,Amazon,2022-06-27,0.0,battery,0.485
Samsung Galaxy A54,Smartphone,3.0,highly recommend to others,Amazon,2023-07-26,0.4201,none,0.21
Samsung Galaxy M53,Smartphone,4.0,good near team authority see scientist night,Amazon,2024-07-12,0.4939,none,0.135
Samsung Galaxy A34,Smartphone,5.0,not great,Flipkart,2023-05-15,-0.5096,none,0.26384
Samsung Galaxy A14,Smartphone,3.0,average issue display flickering,Amazon,2024-08-09,0.0,display,0.41
Samsung Galaxy Tab A8,Smartphone,3.0,worth it thank reveal maybe clear yeah either,Flipkart,2024-02-16,0.802,none,0.21
Samsung Galaxy S22,Smartphone,1.0,not great dark enough money beautiful republican list,Flipkart,2023-11-20,0.1546,none,0.36
Samsung Charger 25W,Accessories,4.0,excellent visit subject conference avoid instead,Amazon,2022-02-28,0.3612,none,0.135
Samsung Galaxy S23,Smartphone,5.0,average,Amazon,2024-10-09,0.0,none,0.06
Samsung Galaxy M53,Smartphone,1.0,good why here test issue camera quality is poor,Flipkart,2023-10-28,-0.0516,camera,0.58064
Samsung Galaxy S21 FE,Smartphone,4.0,good rest difficult report like buy simple find,Flipkart,2023-01-08,0.4404,none,0.135
Samsung Air Conditioner,Other,5.0,performance is topnotch,Amazon,2024-09-25,0.0,none,0.06
Samsung Galaxy A14,Smartphone,5.0,worth it benefit hotel treat end especially ground example point,Amazon,2023-03-11,0.765,heating,0.26
Samsung Galaxy M34,Smartphone,4.0,bad will use kind need,Amazon,2023-12-28,-0.0258,general_issue,0.34532
Samsung Buds Live,Accessories,4.0,worth it,Flipkart,2023-06-14,0.2263,none,0.135
Samsung Galaxy A14,Smartphone,1.0,not great suggest blood way if behind half issue charging problem,Amazon,2023-11-29,-0.7179,battery,0.8471600000000001
Samsung Galaxy S23,Smartphone,4.0,bad rule high today mind add party,Amazon,2023-07-27,-0.2023,general_issue,0.41592
Samsung Galaxy S23,Smartphone,5.0,excellent,Amazon,2023-07-20,0.5719,none,0.06
Samsung Galaxy Buds2,Smartphone,2.0,great value for money,Amazon,2022-01-21,0.7579,none,0.285
Samsung Galaxy M34,Smartphone,4.0,waste of money early somebody recognize man,Amazon,2024-11-24,-0.4215,general_issue,0.5036
Samsung Charger 25W,Accessories,4.0,good close but parent ago court,Flipkart,2023-01-27,0.2382,software,0.335
Samsung Galaxy A34,Smartphone,3.0,bad quite describe usually factor soldier beat know issue camera quality is poor,Amazon,2022-06-25,-0.765,camera,0.7160000000000002
Samsung Charger 25W,Accessories,3.0,bad issue slow performance,Amazon,2023-05-10,-0.5423,performance,0.6269200000000001
Samsung Galaxy S23,Smartphone,4.0,average medical long energy ball age,Amazon,2024-04-12,0.2732,none,0.135
Samsung Air Conditioner,Other,2.0,good for basic usage,Flipkart,2024-09-27,0.4404,none,0.285
Samsung Galaxy M53,Smartphone,3.0,worth it admit continue project measure forget information western culture,Flipkart,2023-05-08,0.2023,none,0.21
Samsung Galaxy S22,Smartphone,5.0,bad personal particular laugh staff factor,Flipkart,2024-09-02,0.0258,general_issue,0.26
Samsung Galaxy Tab S7 FE,Smartphone,4.0,excellent performance dark space speak magazine wrong,Flipkart,2024-10-02,0.1531,none,0.135
Samsung Galaxy M53,Smartphone,4.0,worth it call result ever nice movement partner practice,Flipkart,2024-07-06,0.5719,none,0.135
Samsung Galaxy A14,Smartphone,2.0,good issue battery draining fast,Amazon,2022-02-05,0.4404,battery,0.485
Samsung Charger 25W,Accessories,4.0,bad month window herself above live,Amazon,2022-07-10,-0.5423,general_issue,0.55192
Samsung Galaxy S22,Smartphone,4.0,good them themselves decision old measure agency,Amazon,2023-08-26,0.4404,none,0.135
Samsung Galaxy Tab A8,Smartphone,1.0,good security simple southern space week material real down issue charging problem,Amazon,2023-03-30,0.3818,battery,0.56
Samsung Galaxy S21 FE,Smartphone,3.0,good race face challenge could paper value issue slow performance,Amazon,2024-04-08,0.6808,performance,0.41
Samsung Galaxy M34,Smartphone,5.0,worth it its organization story,Flipkart,2023-05-14,0.2263,none,0.06
Samsung Galaxy S23,Smartphone,5.0,featurepacked and smooth experience,Amazon,2023-09-20,0.0,none,0.06
Samsung Buds Live,Accessories,3.0,worth it long hope hard laugh democrat,Amazon,2024-01-26,0.7906,none,0.21
Samsung Galaxy A54,Smartphone,3.0,bad popular still rock community issue camera quality is poor,Amazon,2024-08-27,-0.5859,camera,0.64436
Samsung Galaxy M53,Smartphone,5.0,worth it expect address forget dinner american citizen,Amazon,2024-12-23,0.0,none,0.06
Samsung Galaxy M34,Smartphone,4.0,good attorney tax friend record hand,Flipkart,2023-12-06,0.8519,none,0.135
Samsung Galaxy S23,Smartphone,4.0,bad necessary occur foot agency year important,Flipkart,2024-05-21,-0.4019,general_issue,0.49576
Samsung Galaxy S23,Smartphone,4.0,worth it,Amazon,2023-11-09,0.2263,none,0.135
Samsung Galaxy Z Fold5,Smartphone,2.0,good for basic usage,Flipkart,2023-12-22,0.4404,none,0.285
Samsung Galaxy M34,Smartphone,4.0,worth it threat put important sort color,Flipkart,2024-07-18,-0.1779,none,0.20616
Samsung Galaxy S22,Smartphone,4.0,not great fast market discover onto congress ask,Flipkart,2023-07-09,-0.5096,none,0.33884
Samsung Galaxy Book 3,Smartphone,5.0,good,Amazon,2023-09-20,0.4404,none,0.06
Samsung Air Conditioner,Other,1.0,love the camera quality,Amazon,2023-05-30,0.6369,camera,0.56
Samsung Galaxy S23,Smartphone,3.0,not great six just surface add week health small issue overheating issue,Flipkart,2023-04-18,-0.5096,heating,0.6138400000000002
Samsung Galaxy Tab S7 FE,Smartphone,5.0,excellent contain task here,Amazon,2022-09-05,0.5719,none,0.06
Samsung Galaxy S21 FE,Smartphone,4.0,waste of money church report list line letter above visit,Amazon,2023-01-30,-0.4215,general_issue,0.5036
Samsung Buds Live,Accessories,1.0,good will well support window,Amazon,2023-10-09,0.7717,none,0.36
Samsung Buds Live,Accessories,4.0,worth it notice structure turn much section treat win,Flipkart,2022-09-02,0.8126,none,0.135
Samsung Galaxy A34,Smartphone,1.0,worth it second boy economy start,Amazon,2023-01-15,0.2263,none,0.36
Samsung Galaxy S23,Smartphone,3.0,excellent foreign you single trip else performance,Flipkart,2023-01-28,0.5719,none,0.21
Samsung Charger 25W,Accessories,4.0,excellent approach floor treatment read,Flipkart,2023-03-20,0.5719,software,0.335
Samsung Galaxy A34,Smartphone,5.0,excellent,Flipkart,2024-09-18,0.5719,none,0.06
Samsung Galaxy S22,Smartphone,1.0,bad beyond section back list,Amazon,2023-07-21,-0.5423,general_issue,0.77692
Samsung Galaxy M34,Smartphone,3.0,bad,Amazon,2024-12-10,-0.5423,general_issue,0.6269200000000001
Samsung Buds Live,Accessories,2.0,waste of money evidence give compare meeting same,Flipkart,2023-08-03,-0.4215,general_issue,0.6536
Samsung Galaxy Book 2,Smartphone,4.0,not great any source behavior year carry,Amazon,2022-07-25,-0.5096,none,0.33884
Samsung Galaxy S23,Smartphone,4.0,average program well world him lawyer card,Amazon,2023-02-02,0.2732,none,0.135
Samsung Galaxy Tab A8,Smartphone,2.0,worth it not win green interesting issue camera quality is poor,Flipkart,2023-08-30,-0.7601,camera,0.78904
Samsung Galaxy S22,Smartphone,3.0,bad western establish issue six first increase,Amazon,2023-04-11,-0.296,general_issue,0.5284
Samsung Galaxy Book 2,Smartphone,2.0,bad issue camera quality is poor,Amazon,2024-01-10,-0.765,camera,0.7910000000000001
Samsung Galaxy S21 FE,Smartphone,4.0,average,Amazon,2023-01-03,0.0,none,0.135
Samsung Galaxy M53,Smartphone,4.0,excellent toward language decide usually especially lose,Amazon,2023-09-12,0.1796,software,0.335
Samsung Galaxy Book 2,Smartphone,4.0,not great at area good store move reflect could partner,Amazon,2022-01-29,-0.1012,none,0.17548
Samsung Galaxy S21 FE,Smartphone,1.0,excellent article fall would need war,Amazon,2024-12-29,-0.0516,none,0.38064
Samsung Buds Live,Accessories,2.0,good physical work generation he however box,Amazon,2022-09-17,0.4404,none,0.285
Samsung Galaxy Tab A8,Smartphone,4.0,waste of money all assume wear management,Amazon,2023-07-16,-0.4215,general_issue,0.5036
Samsung Galaxy S21 FE,Smartphone,5.0,good area strategy reflect brother world church,Amazon,2022-04-04,0.4404,none,0.06
Samsung Galaxy Z Fold5,Smartphone,4.0,disappointed with the customer service,Amazon,2022-04-22,-0.4767,software,0.52568
Samsung Charger 25W,Accessories,5.0,average,Amazon,2023-08-22,0.0,none,0.06
Samsung Galaxy Book 2,Smartphone,1.0,bad accept school increase story leader weight issue overheating issue,Amazon,2022-09-16,0.1027,heating,0.56
Samsung Buds 2,Accessories,3.0,bad issue display flickering,Amazon,2024-10-02,-0.5423,display,0.6269200000000001
Samsung Washing Machine,Other,5.0,not worth the price,Flipkart,2022-07-30,-0.1695,none,0.1278
Samsung Galaxy S23,Smartphone,4.0,worth it,Flipkart,2022-01-26,0.2263,none,0.135
Samsung Galaxy Tab S7 FE,Smartphone,5.0,worth it himself none price tax region,Amazon,2023-08-06,0.2263,none,0.06
Samsung Galaxy A34,Smartphone,1.0,average brother describe may money scientist character appear,Amazon,2024-08-19,0.0,software,0.56
Samsung Galaxy A14,Smartphone,4.0,waste of money pressure last front ball fund thank challenge,Amazon,2024-09-07,-0.296,general_issue,0.4534
Samsung Galaxy M53,Smartphone,1.0,not great issue overheating issue,Amazon,2024-06-21,-0.5096,heating,0.7638400000000001
Samsung Charger 25W,Accessories,3.0,not great imagine meet local you issue camera quality is poor,Amazon,2023-11-29,-0.7502,camera,0.71008
Samsung Refrigerator,Other,4.0,heats up sometimes during heavy usage,Amazon,2023-01-13,0.0,heating,0.335
Samsung Galaxy M34,Smartphone,4.0,excellent form certainly range,Amazon,2022-04-16,0.7269,none,0.135
Samsung Galaxy A34,Smartphone,4.0,bad state that fly ahead,Amazon,2023-06-02,-0.5423,general_issue,0.55192
Samsung Galaxy A14,Smartphone,5.0,not great student more color,Flipkart,2024-09-05,-0.5096,none,0.26384
Samsung Galaxy A14,Smartphone,4.0,bad thus tough ten drive,Amazon,2022-08-22,-0.6124,general_issue,0.57996
Samsung Galaxy Z Fold5,Smartphone,4.0,very userfriendly interface,Amazon,2022-05-14,0.0,software,0.335
Samsung Galaxy A34,Smartphone,3.0,waste of money law black when it deep,Amazon,2024-03-31,-0.4215,general_issue,0.5786
Samsung Buds 2,Accessories,5.0,good,Amazon,2024-10-04,0.4404,none,0.06
Samsung Galaxy Tab S7 FE,Smartphone,4.0,excellent option growth population,Flipkart,2022-06-01,0.743,none,0.135
Samsung Galaxy S22,Smartphone,5.0,excellent,Amazon,2022-04-20,0.5719,none,0.06
Samsung Galaxy Buds2,Smartphone,1.0,battery life could be better,Amazon,2022-11-07,0.4404,battery,0.56
Samsung Galaxy M34,Smartphone,3.0,good issue slow performance,Flipkart,2022-11-02,0.4404,performance,0.41
Samsung Galaxy Tab A8,Smartphone,3.0,excellent owner same gas truth issue display flickering,Amazon,2023-09-15,0.7184,display,0.41
Samsung Galaxy A34,Smartphone,5.0,not great no threat cause possible exactly customer consumer,Flipkart,2022-06-24,0.0951,software,0.26
Samsung Galaxy M14,Smartphone,3.0,waste of money issue display flickering,Flipkart,2023-05-24,-0.4215,display,0.5786
Samsung Galaxy S21 FE,Smartphone,3.0,excellent lay tough first wind property military issue charging problem,Amazon,2022-08-31,0.128,battery,0.41
Samsung Galaxy A14,Smartphone,5.0,bad life population plan hear glass wife season,Flipkart,2024-05-02,-0.5423,battery,0.47692
Samsung Galaxy Tab S7 FE,Smartphone,5.0,excellent reveal ability tough population,Amazon,2023-04-08,0.6705,none,0.06
Samsung Galaxy M14,Smartphone,5.0,waste of money argue man sometimes build natural during political,Amazon,2024-12-06,-0.4019,build_quality,0.42076
Samsung Galaxy S21 FE,Smartphone,4.0,not great drug maybe late mission relationship capital half whole,Flipkart,2024-02-19,-0.5096,none,0.33884
Samsung Galaxy A54,Smartphone,3.0,worth it issue display flickering,Amazon,2024-07-11,0.2263,display,0.41
Samsung Galaxy Tab A8,Smartphone,5.0,not great after drug protect ago,Flipkart,2024-06-25,-0.1764,none,0.13056
Samsung Galaxy Book 2,Smartphone,4.0,waste of money help wide join according,Amazon,2023-09-01,0.2732,general_issue,0.335
Samsung Galaxy A54,Smartphone,3.0,excellent behavior after case painting expect issue battery draining fast,Amazon,2024-05-28,0.5719,battery,0.41
Samsung Galaxy Book 3,Smartphone,4.0,not great,Flipkart,2023-09-18,-0.5096,none,0.33884
Samsung Galaxy M14,Smartphone,4.0,good,Flipkart,2022-05-04,0.4404,none,0.135
Samsung Galaxy S21 FE,Smartphone,4.0,bad heart reveal executive,Flipkart,2022-07-23,-0.5423,general_issue,0.55192
Samsung Galaxy M53,Smartphone,3.0,bad issue overheating issue,Amazon,2023-03-02,-0.5423,heating,0.6269200000000001
Samsung Galaxy Book 2,Smartphone,3.0,excellent interesting tree walk positive mind keep,Flipkart,2023-03-09,0.875,software,0.41
Samsung Galaxy S22,Smartphone,4.0,good,Amazon,2023-06-26,0.4404,none,0.135
Samsung Galaxy S21 FE,Smartphone,4.0,not great occur number according fact ask already dinner,Flipkart,2022-06-16,-0.5448,none,0.35292
Samsung Galaxy M34,Smartphone,4.0,excellent ball including management skill,Amazon,2022-11-18,0.5719,none,0.135
Samsung Galaxy M34,Smartphone,3.0,average,Flipkart,2023-05-07,0.0,none,0.21
Samsung Galaxy Tab S7 FE,Smartphone,5.0,worth it special himself share partner behind every imagine hundred,Flipkart,2022-12-22,0.7003,none,0.06
Samsung Galaxy M53,Smartphone,4.0,not great,Flipkart,2022-06-03,-0.5096,none,0.33884
Samsung Washing Machine,Other,5.0,great value for money,Flipkart,2022-11-17,0.7579,none,0.06
Samsung Galaxy S23,Smartphone,1.0,worth it late toward son dark issue battery draining fast,Amazon,2022-01-06,0.2263,battery,0.56
Samsung Galaxy Tab S7 FE,Smartphone,5.0,waste of money public prepare probably would people born institution,Flipkart,2024-04-16,-0.4215,general_issue,0.4286
Samsung Galaxy A14,Smartphone,4.0,excellent head federal staff doctor ready when describe,Flipkart,2024-07-11,0.7351,none,0.135
Samsung Galaxy M34,Smartphone,3.0,excellent save exist join finish hotel say organization issue overheating issue,Amazon,2024-08-20,0.8442,heating,0.41
Samsung Galaxy Book 3,Smartphone,2.0,waste of money around choice security station maintain suffer issue camera quality is poor,Flipkart,2023-08-20,-0.7906,camera,0.80124
Samsung Galaxy A14,Smartphone,4.0,worth it place prove result sit,Flipkart,2022-03-08,0.2263,none,0.135
Samsung Galaxy S22,Smartphone,4.0,good medical your computer when risk bring bag,Flipkart,2023-04-20,0.2023,none,0.135
Samsung Galaxy A34,Smartphone,3.0,not great according building crime describe form seven tax issue camera quality is poor,Amazon,2023-08-14,-0.8718,camera,0.7587200000000001
Samsung QLED TV,TV,1.0,not as expected returning it,Flipkart,2023-08-03,0.0,none,0.36
Samsung Galaxy M14,Smartphone,2.0,worth it better candidate building every guess remain issue camera quality is poor,Flipkart,2024-07-18,0.1779,camera,0.485
Samsung Buds 2,Accessories,3.0,average issue slow performance,Amazon,2022-05-26,0.0,performance,0.41
Samsung Galaxy Tab S7 FE,Smartphone,2.0,waste of money from quality party,Flipkart,2023-04-24,-0.0258,general_issue,0.49532
Samsung Buds Live,Accessories,4.0,good cold real page,Amazon,2023-06-26,0.4404,none,0.135
Samsung Galaxy A54,Smartphone,5.0,good responsibility tonight thus different several note,Amazon,2023-02-10,0.4404,none,0.06
Samsung Soundbar,Other,4.0,not as expected returning it,Amazon,2024-05-20,0.0,none,0.135
Samsung Galaxy Tab S7 FE,Smartphone,5.0,bad concern cup daughter issue determine against,Amazon,2022-08-24,-0.5423,general_issue,0.47692
Samsung Galaxy M14,Smartphone,3.0,worth it common fast policy leg issue camera quality is poor,Amazon,2023-04-06,-0.296,camera,0.5284
Samsung Galaxy S23,Smartphone,4.0,excellent skin security cultural section image modern science,Flipkart,2022-11-02,0.7269,none,0.135
Samsung Galaxy M34,Smartphone,3.0,excellent those by experience pressure somebody down issue camera quality is poor,Amazon,2023-06-29,-0.1531,camera,0.47124
Samsung Galaxy Tab S7 FE,Smartphone,4.0,good nothing star take involve her,Flipkart,2022-10-19,0.4404,none,0.135
Samsung Galaxy A14,Smartphone,4.0,bad leave last similar control catch turn concern,Flipkart,2022-05-27,-0.5719,general_issue,0.56376
Samsung Galaxy S22,Smartphone,1.0,bad he describe maintain clear culture however today,Flipkart,2022-05-03,-0.2263,general_issue,0.65052
Samsung Buds Live,Accessories,4.0,bad remember past development nearly professional,Amazon,2022-12-06,-0.5423,general_issue,0.55192
Samsung Galaxy S22,Smartphone,4.0,worth it natural herself test poor,Flipkart,2023-09-22,0.0772,general_issue,0.335
Samsung Galaxy S23,Smartphone,4.0,not great college on realize white somebody,Flipkart,2023-08-15,-0.5096,none,0.33884
Samsung Galaxy S22,Smartphone,4.0,excellent so eye environment particularly series rather,Amazon,2024-06-18,0.5719,none,0.135
Samsung Buds Live,Accessories,5.0,not great always sort environmental major staff,Flipkart,2022-09-12,-0.5096,none,0.26384
Samsung Buds 2,Accessories,2.0,waste of money begin place notice art civil real yes,Amazon,2024-08-17,-0.0258,general_issue,0.49532
Samsung Galaxy M34,Smartphone,2.0,worth it thing method toward leader century may listen issue camera quality is poor,Flipkart,2023-09-15,-0.296,camera,0.6033999999999999
Samsung Galaxy M14,Smartphone,4.0,waste of money property decade arrive participant character,Flipkart,2024-04-04,-0.4215,general_issue,0.5036
Samsung Galaxy Tab A8,Smartphone,3.0,excellent young reality civil issue camera quality is poor,Flipkart,2023-07-12,0.1531,camera,0.41
Samsung Galaxy Watch6,Smartphone,5.0,great value for money,Amazon,2024-10-21,0.7579,none,0.06
Samsung Galaxy A34,Smartphone,4.0,waste of money strategy serve plant west ready three charge statement,Flipkart,2024-10-08,-0.0772,battery,0.36588
Samsung Galaxy Tab S7 FE,Smartphone,4.0,worth it world trip player four writer positive,Amazon,2024-06-15,0.6705,software,0.335
Samsung Refrigerator,Other,2.0,very durable and reliable,Amazon,2022-06-14,0.0,none,0.285
Samsung Galaxy M53,Smartphone,4.0,worth it,Flipkart,2022-03-23,0.2263,none,0.135
Samsung Galaxy M34,Smartphone,5.0,not great next resource firm institution material and,Flipkart,2024-06-03,-0.5096,build_quality,0.46384
Samsung Galaxy A34,Smartphone,5.0,average have successful interest tree young network student,Flipkart,2023-10-23,0.7783,connectivity,0.26
Samsung Galaxy M34,Smartphone,3.0,average radio in sound kind anything charge article shoulder,Amazon,2023-05-28,0.5267,battery,0.41
Samsung Charger 25W,Accessories,5.0,good,Flipkart,2022-02-22,0.4404,none,0.06
Samsung Galaxy A34,Smartphone,4.0,waste of money line argue clear girl raise sit contain,Flipkart,2022-07-07,-0.3818,general_issue,0.48772
Samsung Galaxy M34,Smartphone,4.0,excellent,Flipkart,2023-04-14,0.5719,none,0.135
Samsung Charger 25W,Accessories,3.0,excellent paper pm nice story issue slow performance,Flipkart,2022-02-12,0.7579,performance,0.41
Samsung Buds 2,Accessories,3.0,waste of money issue display flickering,Flipkart,2023-07-06,-0.4215,display,0.5786
Samsung Buds 2,Accessories,5.0,excellent focus wind much here,Flipkart,2022-03-24,0.5719,camera,0.26
Samsung Galaxy Tab S7 FE,Smartphone,5.0,waste of money treatment sell majority hard standard behind at,Amazon,2022-12-25,-0.4939,general_issue,0.45756
Samsung Galaxy S22,Smartphone,5.0,bad participant three thousand charge huge,Amazon,2024-08-21,-0.296,battery,0.3784
Samsung Galaxy Watch6,Smartphone,4.0,great value for money,Flipkart,2024-11-28,0.7579,none,0.135
Samsung Galaxy S21 FE,Smartphone,4.0,not great,Flipkart,2024-06-24,-0.5096,none,0.33884
Samsung Galaxy S21 FE,Smartphone,5.0,excellent teach bill because well several second,Flipkart,2023-07-24,0.7003,none,0.06
Samsung Galaxy Book 3,Smartphone,4.0,not great around me present form glass,Flipkart,2023-01-07,-0.5096,none,0.33884
Samsung Galaxy S22,Smartphone,1.0,not great perform effect what issue overheating issue,Amazon,2024-06-11,-0.5096,heating,0.7638400000000001
Samsung Buds 2,Accessories,2.0,bad,Amazon,2024-10-04,-0.5423,general_issue,0.7019200000000001
Samsung Refrigerator,Other,3.0,not as expected returning it,Flipkart,2022-07-06,0.0,none,0.21
Samsung Galaxy A34,Smartphone,1.0,worth it create skin free top child,Flipkart,2024-08-20,0.7964,none,0.36
Samsung Charger 25W,Accessories,5.0,good the sit successful drop grow,Amazon,2023-12-14,0.6808,none,0.06
Samsung Galaxy A34,Smartphone,5.0,waste of money,Flipkart,2024-04-16,-0.4215,general_issue,0.4286
Samsung Galaxy S22,Smartphone,2.0,average issue slow performance,Amazon,2023-11-14,0.0,performance,0.485
Samsung Galaxy A34,Smartphone,2.0,waste of money issue charging problem,Amazon,2023-10-20,-0.6705,battery,0.7532000000000001
Samsung Galaxy Tab S7 FE,Smartphone,4.0,excellent along test music,Amazon,2022-08-03,0.5719,none,0.135
Samsung Galaxy S23,Smartphone,4.0,waste of money contain fire east person rest morning trade have,Flipkart,2022-11-26,-0.6369,general_issue,0.5897600000000001
Samsung Galaxy S23,Smartphone,4.0,delivery was delayed but the product is great,Flipkart,2023-11-07,0.7351,performance,0.335
Samsung Galaxy A34,Smartphone,4.0,bad let look himself compare yourself play,Flipkart,2024-04-23,-0.2732,general_issue,0.44428
Samsung Galaxy Book 3,Smartphone,5.0,worth it line much card trade,Flipkart,2024-10-11,0.2263,none,0.06
Samsung Galaxy S21 FE,Smartphone,3.0,excellent issue slow performance,Flipkart,2023-08-14,0.5719,performance,0.41
Samsung Galaxy A14,Smartphone,4.0,not great spring fund different its reflect,Amazon,2024-03-31,-0.5096,none,0.33884
Samsung Buds Live,Accessories,5.0,bad letter fly wonder city poor,Amazon,2022-03-17,-0.765,general_issue,0.5660000000000001
Samsung Galaxy S22,Smartphone,2.0,worth it sport born trade middle before new game over,Amazon,2024-07-20,0.2263,none,0.285
Samsung Buds Live,Accessories,4.0,waste of money nice stand animal owner face purpose,Amazon,2022-06-30,0.0,software,0.335
Samsung Galaxy S22,Smartphone,4.0,waste of money race add while,Flipkart,2023-10-07,-0.4215,general_issue,0.5036
Samsung Air Conditioner,Other,5.0,featurepacked and smooth experience,Flipkart,2023-06-01,0.0,none,0.06
Samsung Galaxy M14,Smartphone,3.0,bad admit nearly computer role woman argue issue slow performance,Amazon,2023-10-25,-0.6249,performance,0.6599600000000001
Samsung Galaxy A14,Smartphone,4.0,waste of money account learn with of data,Flipkart,2022-08-26,-0.4215,general_issue,0.5036
Samsung Galaxy S22,Smartphone,3.0,excellent activity business century easy read issue camera quality is poor,Amazon,2024-04-07,0.5423,camera,0.41
Samsung Galaxy Book 3,Smartphone,5.0,waste of money along party listen water film discussion wide year,Flipkart,2024-11-19,-0.0258,general_issue,0.27032
Samsung Galaxy M14,Smartphone,4.0,bad during professional doctor beyond short company peace,Amazon,2022-01-03,0.0,general_issue,0.335
Samsung Galaxy Book 3,Smartphone,1.0,good father create audience under anything worry,Amazon,2024-08-04,0.2732,none,0.36
Samsung Galaxy M14,Smartphone,3.0,excellent style player manage free issue charging problem,Amazon,2024-04-26,0.6486,battery,0.41
Samsung Buds 2,Accessories,5.0,worth it cell west television bank floor,Flipkart,2022-04-22,0.2263,none,0.06
Samsung Galaxy Z Fold5,Smartphone,2.0,good for basic usage,Amazon,2023-01-20,0.4404,none,0.285
Samsung Galaxy Book 3,Smartphone,2.0,bad statement american increase force member radio item issue display flickering,Amazon,2024-11-27,-0.296,display,0.6033999999999999
Samsung Galaxy S21 FE,Smartphone,4.0,bad republican all similar suddenly public,Amazon,2024-01-11,-0.5423,general_issue,0.55192
Samsung Galaxy A54,Smartphone,1.0,worth it so model seven major star pull apply issue camera quality is poor,Amazon,2024-10-17,-0.296,camera,0.6784000000000001
Samsung Galaxy Tab S7 FE,Smartphone,4.0,excellent throw put stand attention drive where,Amazon,2024-06-24,0.5719,none,0.135
Samsung Charger 25W,Accessories,4.0,worth it industry here them because,Amazon,2022-04-16,0.2263,none,0.135
Samsung Galaxy Buds2,Smartphone,5.0,not as expected returning it,Amazon,2023-02-21,0.0,none,0.06
Samsung Galaxy M34,Smartphone,1.0,not great issue display flickering,Amazon,2023-07-01,-0.5096,display,0.7638400000000001
Samsung Galaxy Watch6,Smartphone,2.0,speaker quality is amazing,Amazon,2022-09-26,0.5859,sound,0.485
Samsung Buds 2,Accessories,4.0,good benefit give there stand think receive ok dark,Flipkart,2023-08-13,0.7964,none,0.135
Samsung Galaxy M14,Smartphone,1.0,good issue camera quality is poor,Flipkart,2024-06-16,-0.0516,camera,0.58064
Samsung Galaxy A54,Smartphone,3.0,average hour conference save understand issue slow performance,Amazon,2024-09-19,0.4939,performance,0.41
Samsung Galaxy Tab S7 FE,Smartphone,4.0,excellent threat rather two paper something authority,Flipkart,2022-09-06,0.1531,none,0.135
Samsung Galaxy S23,Smartphone,4.0,waste of money company ok event,Amazon,2022-03-01,-0.1531,general_issue,0.39624
Samsung Charger 25W,Accessories,4.0,waste of money baby agent couple heavy serve,Flipkart,2023-05-06,-0.4215,general_issue,0.5036
Samsung Galaxy A54,Smartphone,3.0,average society green officer plant community,Flipkart,2022-11-21,0.0,none,0.21
Samsung Soundbar,Other,5.0,performance is topnotch,Flipkart,2023-09-29,0.0,none,0.06
Samsung Galaxy Tab A8,Smartphone,5.0,excellent work same lot purpose street,Amazon,2022-01-29,0.5719,software,0.26
Samsung Galaxy A14,Smartphone,5.0,average camera apply wind from imagine anything and,Amazon,2024-04-15,0.0,camera,0.26
Samsung Galaxy Tab S7 FE,Smartphone,5.0,good song science center,Flipkart,2022-07-10,0.4404,none,0.06
Samsung Galaxy Tab S7 FE,Smartphone,4.0,not great both only effect rich need song anything,Flipkart,2023-04-06,0.0788,none,0.135
Samsung Galaxy Tab A8,Smartphone,5.0,average she save hair across explain affect,Amazon,2022-08-21,0.4939,software,0.26
Samsung Galaxy S23,Smartphone,3.0,waste of money issue battery draining fast,Amazon,2024-08-03,-0.4215,battery,0.5786
Samsung Galaxy A34,Smartphone,4.0,bad represent firm mouth body,Flipkart,2022-08-29,-0.5423,general_issue,0.55192
Samsung Charger 25W,Accessories,4.0,worth it scientist represent serve include answer mean performance,Amazon,2022-11-12,0.2263,none,0.135
Samsung Buds 2,Accessories,4.0,excellent,Flipkart,2024-10-17,0.5719,none,0.135
Samsung Galaxy S22,Smartphone,5.0,not great sing person role i,Flipkart,2023-08-21,-0.5096,none,0.26384
Samsung Buds Live,Accessories,2.0,excellent issue camera quality is poor,Flipkart,2024-11-08,0.1531,camera,0.485
Samsung Galaxy S22,Smartphone,2.0,software updates are slow,Amazon,2023-07-14,0.0,performance,0.485
Samsung Charger 25W,Accessories,4.0,not great already best event gas floor kid,Flipkart,2024-04-30,-0.7692,none,0.44268
Samsung Charger 25W,Accessories,5.0,excellent deep media home yes,Amazon,2024-09-15,0.7506,none,0.06
Samsung Refrigerator,Other,4.0,software updates are slow,Flipkart,2024-08-25,0.0,performance,0.335
Samsung Galaxy M53,Smartphone,4.0,excellent market avoid each wonder pretty strategy collection various,Amazon,2023-05-15,0.6908,none,0.135
Samsung Galaxy A34,Smartphone,4.0,average sign rate shake hotel style contain rock vote,Amazon,2024-07-24,-0.1779,heating,0.40616
Samsung Galaxy A14,Smartphone,1.0,good scene trade study manage develop various success glass,Amazon,2022-10-24,0.765,none,0.36
Samsung Galaxy A14,Smartphone,3.0,bad my hospital race issue battery draining fast,Amazon,2024-02-25,-0.5423,battery,0.6269200000000001
Samsung Buds 2,Accessories,5.0,excellent sense develop seem call government five mrs,Amazon,2023-01-26,0.5719,none,0.06
Samsung Galaxy S21 FE,Smartphone,5.0,excellent measure theory ago bank half,Amazon,2024-11-06,0.5719,none,0.06
Samsung Buds Live,Accessories,4.0,good far firm program example prevent lot,Amazon,2022-10-07,0.4588,none,0.135
Samsung Galaxy S21 FE,Smartphone,5.0,bad through president talk traditional stop new goal,Flipkart,2022-05-23,-0.6908,general_issue,0.53632
Samsung Galaxy M14,Smartphone,3.0,not great garden another real great issue battery draining fast,Amazon,2023-07-20,-0.7641,battery,0.71564
Samsung Buds Live,Accessories,3.0,average technology last science director candidate issue slow performance,Flipkart,2024-04-29,0.0,performance,0.41
Samsung Galaxy A14,Smartphone,3.0,waste of money read point per notice nearly just it issue charging problem,Flipkart,2023-11-28,-0.6705,battery,0.6782000000000001
Samsung Galaxy A14,Smartphone,2.0,average huge life how performance hard issue display flickering,Flipkart,2024-11-05,0.2263,battery,0.485
Samsung Galaxy S22,Smartphone,3.0,bad,Amazon,2023-07-02,-0.5423,general_issue,0.6269200000000001
Samsung Galaxy M53,Smartphone,4.0,bad,Flipkart,2022-01-06,-0.5423,general_issue,0.55192
Samsung Galaxy Tab S7 FE,Smartphone,4.0,average including product test find have,Amazon,2023-08-03,0.0,none,0.135
Samsung Galaxy Book 3,Smartphone,4.0,worth it boy health discuss let shake well itself ago,Amazon,2023-09-04,0.3182,none,0.135
Samsung Galaxy S23,Smartphone,5.0,excellent table good citizen them ability special anything,Amazon,2024-09-29,0.891,none,0.06
Samsung Galaxy Tab S7 FE,Smartphone,2.0,bad issue display flickering,Amazon,2022-11-01,-0.5423,display,0.7019200000000001
Samsung Galaxy S22,Smartphone,1.0,not great station green bar home research issue overheating issue,Amazon,2024-07-03,-0.5096,heating,0.7638400000000001
Samsung Galaxy A14,Smartphone,2.0,average issue charging problem,Flipkart,2024-09-18,-0.4019,battery,0.6457600000000001
Samsung Galaxy M34,Smartphone,3.0,excellent close action which defense hand fall issue slow performance,Amazon,2023-12-08,0.8126,performance,0.41
Samsung Galaxy A14,Smartphone,2.0,waste of money family wind sport everyone may issue charging problem,Flipkart,2023-11-12,-0.6705,battery,0.7532000000000001
Samsung Galaxy M53,Smartphone,4.0,excellent white institution my stock important,Amazon,2024-02-12,0.6705,none,0.135
Samsung Galaxy S23,Smartphone,5.0,worth it good teacher environment process deal,Flipkart,2024-07-21,0.5859,none,0.06
Samsung Charger 25W,Accessories,4.0,bad effort response nearly edge save tv,Amazon,2023-10-22,-0.0772,general_issue,0.36588
Samsung Buds Live,Accessories,5.0,bad address american find since,Amazon,2023-01-22,-0.5423,general_issue,0.47692
Samsung Galaxy S21 FE,Smartphone,4.0,not great fire blue believe design,Amazon,2023-05-05,-0.3089,none,0.25856
Samsung Galaxy S23,Smartphone,3.0,worth it tax gas paper benefit,Amazon,2024-02-24,0.5994,none,0.21
Samsung Charger 25W,Accessories,4.0,worth it investment our here nation,Amazon,2023-04-24,0.2263,none,0.135
Samsung Galaxy Tab A8,Smartphone,4.0,excellent admit everybody audience understand,Flipkart,2024-04-21,0.6705,none,0.135
Samsung Galaxy Tab S7 FE,Smartphone,2.0,waste of money enough amount expert sell among consider hundred south issue overheating issue,Amazon,2022-03-31,-0.4215,heating,0.6536
Samsung Galaxy Tab A8,Smartphone,1.0,good we outside contain never fill type field official issue battery draining fast,Amazon,2023-10-14,0.4404,battery,0.56
Samsung Galaxy S22,Smartphone,4.0,worth it choose arm southern seven car beat,Flipkart,2024-08-26,0.2263,software,0.335
Samsung Galaxy S21 FE,Smartphone,2.0,not great issue display flickering,Amazon,2024-02-20,-0.5096,display,0.6888400000000001
Samsung Charger 25W,Accessories,3.0,excellent knowledge avoid factor mission well every discover,Amazon,2024-03-01,0.5574,none,0.21
Samsung Galaxy Book 3,Smartphone,3.0,worth it issue battery draining fast,Flipkart,2022-11-08,0.2263,battery,0.41
Samsung Galaxy M53,Smartphone,3.0,bad issue battery draining fast,Amazon,2024-10-11,-0.5423,battery,0.6269200000000001
Samsung Buds Live,Accessories,4.0,average music national either,Flipkart,2022-03-17,0.0,none,0.135
Samsung Galaxy Z Fold5,Smartphone,3.0,nice product but a bit overpriced,Amazon,2022-09-16,0.2263,none,0.21
Samsung Galaxy M53,Smartphone,2.0,average stage attorney environment pay idea issue slow performance,Flipkart,2024-10-25,-0.1027,performance,0.52608
Samsung Galaxy S23,Smartphone,4.0,disappointed with the customer service,Flipkart,2023-11-11,-0.4767,software,0.52568
Samsung Galaxy Tab S7 FE,Smartphone,4.0,good safe sit carry discussion need doctor,Flipkart,2022-07-25,0.7003,none,0.135
Samsung Galaxy Tab S7 FE,Smartphone,5.0,worth it,Amazon,2024-06-20,0.2263,none,0.06
Samsung Galaxy M34,Smartphone,3.0,not great history about member let task discuss issue display flickering,Amazon,2022-07-24,-0.5096,display,0.6138400000000002
Samsung Galaxy S22,Smartphone,3.0,worth it through life imagine phone low article issue charging problem,Amazon,2024-12-13,-0.4404,battery,0.58616
Samsung Galaxy S21 FE,Smartphone,4.0,bad idea pattern information carry wonder,Amazon,2024-07-24,-0.5423,general_issue,0.55192
Samsung Galaxy A54,Smartphone,5.0,excellent participant happy respond first,Flipkart,2022-02-01,0.8126,software,0.26
Samsung Galaxy Watch6,Smartphone,1.0,love the camera quality,Flipkart,2022-10-23,0.6369,camera,0.56
Samsung Galaxy M53,Smartphone,4.0,not great many foot start four woman fly sea,Amazon,2024-04-19,-0.5096,none,0.33884
Samsung Galaxy A34,Smartphone,4.0,average too mind explain allow still,Flipkart,2022-11-13,0.2263,none,0.135
Samsung Charger 25W,Accessories,5.0,not great able almost carry price box,Amazon,2022-06-03,-0.5096,software,0.46384
Samsung Galaxy Tab A8,Smartphone,1.0,average son visit case couple animal of,Amazon,2024-08-19,0.0,none,0.36
Samsung Buds 2,Accessories,5.0,bad receive agree sea,Flipkart,2023-06-27,-0.25,general_issue,0.36
Samsung Galaxy A34,Smartphone,5.0,bad look positive world discussion very outside,Amazon,2023-11-25,0.0258,software,0.26
Samsung Galaxy A54,Smartphone,4.0,not great six free list person along network,Amazon,2024-03-25,-0.7181,connectivity,0.6222400000000001
Samsung Galaxy Tab S7 FE,Smartphone,5.0,waste of money central mission employee allow performance story agreement go,Flipkart,2022-06-14,0.3182,general_issue,0.26
Samsung Galaxy M34,Smartphone,2.0,bad issue battery draining fast,Amazon,2023-11-04,-0.5423,battery,0.7019200000000001
Samsung Galaxy M34,Smartphone,4.0,waste of money woman matter meet compare,Amazon,2024-12-28,-0.4019,general_issue,0.49576
Samsung Galaxy Tab A8,Smartphone,5.0,waste of money account their third,Flipkart,2024-02-18,-0.4215,general_issue,0.4286
Samsung Galaxy Book 3,Smartphone,5.0,waste of money difficult discover car heart,Flipkart,2023-10-11,-0.6486,general_issue,0.51944
Samsung Galaxy A14,Smartphone,4.0,waste of money car support up view senior treat production,Amazon,2024-09-26,0.3818,general_issue,0.335
Samsung Galaxy Tab A8,Smartphone,3.0,waste of money big bring new fine manager put perhaps issue slow performance,Amazon,2022-03-15,-0.25,performance,0.51
Samsung Galaxy S21 FE,Smartphone,3.0,bad,Amazon,2022-05-21,-0.5423,general_issue,0.6269200000000001
Samsung Galaxy A34,Smartphone,4.0,good,Flipkart,2023-04-26,0.4404,none,0.135
Samsung Galaxy M53,Smartphone,3.0,bad medical clear everything believe congress hot girl,Flipkart,2023-08-12,-0.2263,heating,0.5005200000000001
Samsung Galaxy M53,Smartphone,5.0,waste of money create difficult them father case,Amazon,2023-04-11,-0.4939,general_issue,0.45756
Samsung Galaxy Tab S7 FE,Smartphone,4.0,not great few article research,Amazon,2022-07-05,-0.5096,none,0.33884
Samsung Charger 25W,Accessories,4.0,not great,Amazon,2024-06-07,-0.5096,none,0.33884
Samsung Air Conditioner,Other,2.0,not as expected returning it,Amazon,2022-07-21,0.0,none,0.285
Samsung Galaxy A54,Smartphone,4.0,not great six price young parent,Flipkart,2022-07-25,-0.5096,none,0.33884
Samsung Galaxy M34,Smartphone,4.0,good interview late back interesting laugh,Flipkart,2024-06-27,0.8481,none,0.135
Samsung Galaxy A34,Smartphone,4.0,average financial evidence fall oil dog upon,Amazon,2022-12-07,0.0,none,0.135
Samsung Galaxy Book 3,Smartphone,3.0,excellent your quickly go new pick cut physical,Amazon,2023-09-06,0.3818,software,0.41
Samsung Galaxy A54,Smartphone,5.0,not great i sport when pull,Amazon,2022-03-01,-0.5096,none,0.26384
Samsung Galaxy Tab S7 FE,Smartphone,5.0,worth it so phone thought him beat understand,Flipkart,2022-04-05,0.2263,none,0.06
Samsung Galaxy A54,Smartphone,4.0,worth it then sit prevent window mr reach break,Flipkart,2023-10-27,0.2732,none,0.135
Samsung Galaxy Book 2,Smartphone,4.0,bad month film choice base offer religious,Amazon,2022-04-25,-0.5423,general_issue,0.55192
Samsung Buds Live,Accessories,5.0,not great particularly traditional best why go pick,Flipkart,2023-08-24,0.2924,none,0.06
Samsung Galaxy M34,Smartphone,4.0,not great hear develop wear add debate natural,Amazon,2024-01-05,-0.2008,none,0.21532
Samsung Galaxy A14,Smartphone,4.0,bad,Flipkart,2024-02-07,-0.5423,general_issue,0.55192
Samsung Charger 25W,Accessories,4.0,average concern beautiful war design,Amazon,2024-06-01,0.0,none,0.135
Samsung Charger 25W,Accessories,1.0,bad until focus social kitchen issue camera quality is poor,Flipkart,2022-10-26,-0.765,camera,0.8660000000000001
Samsung Galaxy S21 FE,Smartphone,4.0,average economy in baby light,Amazon,2023-05-16,0.0,none,0.135
Samsung Galaxy A54,Smartphone,4.0,good human heavy strategy,Flipkart,2024-12-23,0.4404,none,0.135
Samsung Galaxy A54,Smartphone,4.0,excellent,Flipkart,2024-04-23,0.5719,none,0.135
Samsung Galaxy S22,Smartphone,4.0,excellent believe establish leg recently open represent,Amazon,2023-01-04,0.5719,none,0.135
Samsung Galaxy M14,Smartphone,1.0,worth it law turn approach argue much staff issue camera quality is poor,Amazon,2022-12-15,-0.5574,camera,0.7829600000000001
Samsung Galaxy Tab A8,Smartphone,3.0,not great be control until toward interest job represent begin issue battery draining fast,Flipkart,2022-12-25,-0.0757,battery,0.44028
Samsung Washing Machine,Other,1.0,heats up sometimes during heavy usage,Flipkart,2022-06-11,0.0,heating,0.56
Samsung Galaxy Book 2,Smartphone,4.0,not great state approach address worry war job news since,Flipkart,2024-02-23,-0.8777,software,0.68608
Samsung Galaxy Tab A8,Smartphone,4.0,average thing certainly thus ten million home simply,Amazon,2023-05-09,0.34,none,0.135
Samsung Galaxy Book 2,Smartphone,2.0,excellent issue camera quality is poor,Amazon,2024-10-16,0.1531,camera,0.485
Samsung Buds Live,Accessories,5.0,worth it meeting real good century discover art attorney hold,Amazon,2022-10-21,0.5859,none,0.06
Samsung Galaxy S21 FE,Smartphone,2.0,excellent official serious play by issue camera quality is poor,Flipkart,2023-04-21,0.4019,camera,0.485
Samsung Galaxy A54,Smartphone,1.0,waste of money indeed gas computer remain understand,Flipkart,2024-08-02,-0.4215,general_issue,0.7286000000000001
Samsung Galaxy Tab A8,Smartphone,2.0,waste of money with service check participant what reveal result,Flipkart,2023-06-05,-0.4215,general_issue,0.6536
Samsung Galaxy A34,Smartphone,2.0,waste of money foreign baby field miss nature trouble,Flipkart,2024-07-30,-0.7269,general_issue,0.77576
Samsung Galaxy A14,Smartphone,4.0,average prevent old pattern over claim,Flipkart,2023-06-07,0.0258,none,0.135
Samsung Galaxy Tab A8,Smartphone,5.0,worth it among place oil reduce table foreign,Amazon,2022-01-20,0.2263,none,0.06
Samsung Galaxy S22,Smartphone,5.0,bad role should share treatment explain short your,Amazon,2024-08-10,-0.3182,general_issue,0.38728
Samsung Charger 25W,Accessories,5.0,bad view important thought,Amazon,2023-08-13,-0.4019,general_issue,0.42076
Samsung Galaxy A34,Smartphone,3.0,worth it their ahead role us between issue display flickering,Amazon,2022-11-20,0.2263,display,0.41
Samsung Galaxy M14,Smartphone,5.0,excellent hot consider but suggest free,Amazon,2022-06-01,0.7783,heating,0.26
Samsung Galaxy Book 2,Smartphone,4.0,average firm true this end tough,Amazon,2024-06-23,0.3182,none,0.135
Samsung Galaxy M34,Smartphone,1.0,worth it finish hard right about,Amazon,2023-12-09,0.128,none,0.36
Samsung Buds 2,Accessories,4.0,average tree talk candidate safe value,Flipkart,2023-09-05,0.6486,none,0.135
Samsung Galaxy M53,Smartphone,4.0,not great executive home nor former,Amazon,2024-05-18,-0.5096,none,0.33884
Samsung Galaxy Tab S7 FE,Smartphone,4.0,good action deep affect,Flipkart,2023-05-28,0.4404,none,0.135
Samsung Galaxy A14,Smartphone,5.0,good phone open paper improve mr serve away rate,Flipkart,2024-07-24,0.7003,none,0.06
Samsung Galaxy M14,Smartphone,5.0,average peace general lead,Amazon,2023-09-11,0.5423,none,0.06
Samsung Galaxy M14,Smartphone,2.0,good beyond old reach industry such bed different require,Flipkart,2023-02-12,0.4588,software,0.485
Samsung Galaxy M14,Smartphone,3.0,average issue battery draining fast,Flipkart,2024-02-27,0.0,battery,0.41
Samsung Galaxy S21 FE,Smartphone,5.0,not great different long maybe time huge,Amazon,2024-09-16,-0.2486,none,0.15944
Samsung Galaxy S22,Smartphone,4.0,worth it box feeling dark great relate official,Amazon,2022-08-07,0.7579,none,0.135
Samsung Galaxy A54,Smartphone,4.0,bad,Flipkart,2023-05-01,-0.5423,general_issue,0.55192
Samsung Galaxy S22,Smartphone,4.0,excellent,Flipkart,2024-02-21,0.5719,none,0.135
Samsung Buds Live,Accessories,2.0,average be body my politics issue display flickering,Amazon,2024-01-06,0.0,display,0.485
Samsung Galaxy Tab A8,Smartphone,5.0,excellent style or list,Flipkart,2023-08-29,0.5719,none,0.06
Samsung Galaxy Watch6,Smartphone,4.0,disappointed with the customer service,Amazon,2023-08-28,-0.4767,software,0.52568
Samsung Galaxy S21 FE,Smartphone,4.0,waste of money public same south war,Flipkart,2022-02-14,-0.7717,general_issue,0.64368
Samsung Galaxy M14,Smartphone,1.0,average voice book agent well network address reach issue overheating issue,Amazon,2024-03-21,0.296,heating,0.56
Samsung Galaxy M53,Smartphone,1.0,waste of money issue camera quality is poor,Flipkart,2023-07-17,-0.7096,camera,0.8438400000000001
Samsung Galaxy A34,Smartphone,3.0,bad fact range main think read religious,Amazon,2022-01-17,-0.5423,general_issue,0.6269200000000001
Samsung Galaxy Book 3,Smartphone,4.0,not great,Amazon,2022-04-11,-0.5096,none,0.33884
Samsung Galaxy S21 FE,Smartphone,1.0,excellent minute energy list issue charging problem,Amazon,2024-10-14,0.4767,battery,0.56
Samsung Galaxy M34,Smartphone,2.0,bad arm available sell,Flipkart,2023-08-10,-0.5423,general_issue,0.7019200000000001
Samsung Buds 2,Accessories,4.0,worth it discussion condition when anything,Amazon,2023-04-17,0.2263,none,0.135
Samsung Galaxy Tab S7 FE,Smartphone,3.0,bad generation star produce may might,Amazon,2023-12-23,-0.5423,general_issue,0.6269200000000001
Samsung Galaxy Tab A8,Smartphone,2.0,not great town become recognize money issue display flickering,Flipkart,2023-03-25,-0.5096,display,0.6888400000000001
Samsung Galaxy S23,Smartphone,3.0,not great movie cover he against phone son exist,Amazon,2023-01-25,-0.5096,none,0.41384
Samsung Galaxy Book 3,Smartphone,5.0,excellent,Flipkart,2023-05-29,0.5719,none,0.06
Samsung Galaxy Book 3,Smartphone,2.0,not great issue battery draining fast,Flipkart,2022-10-08,-0.5096,battery,0.6888400000000001
Samsung Galaxy A54,Smartphone,3.0,average wish recently everybody participant performance point sell standard issue charging problem,Flipkart,2022-07-18,0.0,battery,0.41
Samsung Galaxy M14,Smartphone,3.0,good stuff physical chair perform daughter expert,Flipkart,2022-03-22,0.4404,none,0.21
Samsung Galaxy Tab A8,Smartphone,4.0,average door plan piece later true what still,Flipkart,2023-09-25,0.4215,none,0.135
Samsung Galaxy Book 2,Smartphone,4.0,good feeling later whose personal,Amazon,2024-06-21,0.5267,software,0.335
Samsung Galaxy Book 2,Smartphone,1.0,not great realize run very red design kid hold issue battery draining fast,Flipkart,2022-03-10,-0.5096,battery,0.7638400000000001
Samsung Galaxy M53,Smartphone,4.0,waste of money information center join trade,Amazon,2024-01-18,-0.1531,general_issue,0.39624
Samsung Galaxy A54,Smartphone,3.0,average issue display flickering,Flipkart,2022-09-27,0.0,display,0.41
Samsung Buds 2,Accessories,4.0,worth it,Flipkart,2022-07-04,0.2263,none,0.135
Samsung Galaxy M34,Smartphone,4.0,bad beyond success bar this party factor,Flipkart,2023-08-28,0.4404,general_issue,0.335
Samsung Galaxy M53,Smartphone,5.0,not great recent item source blood each ahead throw,Flipkart,2023-11-01,-0.5096,none,0.26384
Samsung Charger 25W,Accessories,4.0,average international stop maybe strategy behind have,Flipkart,2024-04-30,-0.296,none,0.2534
Samsung Galaxy A34,Smartphone,4.0,waste of money kid forward entire station,Flipkart,2022-12-26,-0.4215,general_issue,0.5036
Samsung Charger 25W,Accessories,1.0,bad issue battery draining fast,Amazon,2023-02-16,-0.5423,battery,0.77692
Samsung Buds 2,Accessories,3.0,excellent billion produce soon republican check pattern,Amazon,2022-09-28,0.5719,none,0.21
Samsung Galaxy S22,Smartphone,3.0,waste of money issue charging problem,Flipkart,2024-01-20,-0.6705,battery,0.6782000000000001
Samsung Galaxy A14,Smartphone,5.0,not great like without everyone yet least safe that,Amazon,2024-12-23,-0.7789,none,0.37156
Samsung Galaxy Book 2,Smartphone,1.0,not great want staff off interesting draw ready market after,Amazon,2024-10-24,0.1739,none,0.36
Samsung Galaxy Tab A8,Smartphone,4.0,waste of money price federal any soon,Amazon,2023-07-13,-0.4215,general_issue,0.5036
Samsung Galaxy M53,Smartphone,3.0,waste of money window future commercial yeah issue overheating issue,Amazon,2022-12-03,-0.1531,heating,0.47124
Samsung Galaxy S21 FE,Smartphone,3.0,average issue overheating issue,Amazon,2023-06-11,0.0,heating,0.41
Samsung Galaxy A14,Smartphone,4.0,waste of money defense much home recently measure most,Amazon,2024-09-13,-0.3182,software,0.46228
Samsung Galaxy Book 2,Smartphone,1.0,bad town sit about plan citizen,Flipkart,2023-08-28,-0.5423,general_issue,0.77692
Samsung Galaxy M53,Smartphone,3.0,waste of money issue slow performance,Amazon,2023-11-25,-0.4215,performance,0.5786
Samsung Galaxy A34,Smartphone,4.0,not great front million add population point over protect,Amazon,2022-08-24,-0.1764,none,0.20556
Samsung Galaxy S23,Smartphone,5.0,not great show three rich end already,Amazon,2024-08-17,0.0788,none,0.06
Samsung Charger 25W,Accessories,4.0,bad worry sea there air seven less,Amazon,2022-06-04,-0.7506,general_issue,0.63524
Samsung Galaxy Buds2,Smartphone,5.0,very userfriendly interface,Amazon,2022-10-16,0.0,software,0.26
Samsung Galaxy A34,Smartphone,3.0,bad chance need others issue overheating issue,Flipkart,2023-04-08,-0.3612,heating,0.5544800000000001
Samsung Buds 2,Accessories,5.0,not great sister follow pass young series commercial do,Amazon,2024-03-24,-0.5096,none,0.26384
Samsung Galaxy S21 FE,Smartphone,4.0,excellent generation point go without trouble strong same yet,Flipkart,2024-01-20,0.5033,none,0.135
Samsung Buds 2,Accessories,3.0,bad range deal material expert center issue slow performance,Amazon,2022-07-04,-0.5423,performance,0.6269200000000001
Samsung QLED TV,TV,4.0,love the camera quality,Flipkart,2024-03-19,0.6369,camera,0.335
Samsung Galaxy S22,Smartphone,5.0,bad defense tend marriage film,Amazon,2022-01-29,-0.4588,general_issue,0.44352
Samsung Buds Live,Accessories,1.0,waste of money,Amazon,2023-06-26,-0.4215,general_issue,0.7286000000000001
Samsung Washing Machine,Other,2.0,highly recommend to others,Amazon,2022-09-11,0.4201,none,0.285
Samsung Galaxy Book 3,Smartphone,4.0,good itself force decide sit hundred administration,Flipkart,2024-07-20,0.4404,none,0.135
Samsung Galaxy A54,Smartphone,2.0,nice product but a bit overpriced,Flipkart,2024-01-25,0.2263,none,0.285
Samsung Galaxy S21 FE,Smartphone,5.0,waste of money president coach each owner,Amazon,2023-06-21,-0.4215,general_issue,0.4286
Samsung Galaxy A14,Smartphone,4.0,excellent black pattern whom give,Amazon,2024-02-20,0.5719,none,0.135
Samsung Galaxy S23,Smartphone,2.0,great value for money,Flipkart,2024-01-31,0.7579,none,0.285
Samsung Galaxy Tab S7 FE,Smartphone,4.0,excellent,Flipkart,2022-08-10,0.5719,none,0.135
Samsung Buds 2,Accessories,4.0,waste of money dog debate consider,Flipkart,2023-04-24,-0.4215,general_issue,0.5036
Samsung Galaxy M53,Smartphone,4.0,good,Flipkart,2024-08-23,0.4404,none,0.135
Samsung Soundbar,Other,5.0,nice product but a bit overpriced,Flipkart,2022-02-21,0.2263,none,0.06
Samsung Galaxy Tab S7 FE,Smartphone,2.0,good dinner pressure half size budget issue slow performance,Amazon,2023-11-03,0.1779,performance,0.485
Samsung Galaxy M34,Smartphone,2.0,excellent he it miss tree issue battery draining fast,Amazon,2023-03-30,0.4767,battery,0.485
Samsung Galaxy S21 FE,Smartphone,4.0,average stage senior simply,Amazon,2022-05-10,0.0,none,0.135
Samsung Buds 2,Accessories,2.0,not great information finally smile particularly issue overheating issue,Flipkart,2024-08-08,-0.2008,heating,0.56532
Samsung Galaxy A54,Smartphone,5.0,not great account exactly site still wear whose news,Flipkart,2023-09-11,-0.5096,software,0.46384
Samsung Buds Live,Accessories,5.0,not great,Amazon,2024-04-16,-0.5096,none,0.26384
Samsung Galaxy S21 FE,Smartphone,3.0,worth it issue camera quality is poor,Flipkart,2022-08-27,-0.296,camera,0.5284
Samsung Galaxy A54,Smartphone,5.0,worth it,Flipkart,2022-10-14,0.2263,none,0.06
Samsung Galaxy S21 FE,Smartphone,4.0,bad pull box wide,Amazon,2022-04-03,-0.5423,general_issue,0.55192
Samsung Galaxy M34,Smartphone,4.0,not great return hand his exactly leader,Flipkart,2022-03-18,-0.7115,none,0.4196
Samsung Galaxy S22,Smartphone,4.0,not great page region manager charge,Amazon,2023-09-16,-0.5096,battery,0.53884
Samsung Buds 2,Accessories,5.0,not great strategy catch ok radio drug class dog,Flipkart,2024-10-05,-0.2718,none,0.1687199999999999
Samsung Galaxy S21 FE,Smartphone,4.0,excellent even fact anything,Amazon,2022-08-26,0.5719,none,0.135
Samsung Buds 2,Accessories,4.0,waste of money,Flipkart,2022-07-19,-0.4215,general_issue,0.5036
Samsung Buds 2,Accessories,4.0,not great career chair word add no,Flipkart,2023-04-26,-0.6698,none,0.40292
Samsung Galaxy S23,Smartphone,1.0,waste of money television modern newspaper pull identify sort,Amazon,2022-10-05,-0.4215,general_issue,0.7286000000000001
Samsung Galaxy Tab A8,Smartphone,4.0,waste of money condition though from inside happy food discuss,Amazon,2024-03-06,0.2263,software,0.335
Samsung Galaxy S21 FE,Smartphone,4.0,average participant enjoy assume modern,Amazon,2024-07-18,0.4939,none,0.135
Samsung QLED TV,TV,2.0,software updates are slow,Flipkart,2024-01-30,0.0,performance,0.485
Samsung Galaxy A54,Smartphone,3.0,worth it hundred imagine against maybe whom,Amazon,2024-05-08,0.2263,none,0.21
Samsung Galaxy Tab A8,Smartphone,4.0,good memory could old lay kitchen majority people,Amazon,2022-11-13,0.4404,none,0.135
Samsung Galaxy S22,Smartphone,4.0,good look phone police stage conference course building,Flipkart,2024-04-29,0.4404,build_quality,0.335
Samsung Galaxy Tab A8,Smartphone,5.0,not great table agent despite resource,Flipkart,2022-07-22,-0.5096,none,0.26384
Samsung Galaxy Tab S7 FE,Smartphone,5.0,average hand both positive where deep you,Amazon,2024-09-29,0.7783,software,0.26
Samsung Galaxy M53,Smartphone,4.0,good pull south remain house organization,Amazon,2024-04-15,0.4404,none,0.135
Samsung Galaxy A34,Smartphone,5.0,good hot system position suffer son ok,Amazon,2023-07-27,0.1531,heating,0.26
Samsung Galaxy Tab A8,Smartphone,5.0,good recently within single along decide,Flipkart,2022-03-09,0.4404,none,0.06
Samsung Galaxy Book 3,Smartphone,4.0,bad voice drive day story nature,Amazon,2024-01-29,-0.5423,general_issue,0.55192
Samsung Galaxy A54,Smartphone,2.0,waste of money whose try president smile yard office issue slow performance,Flipkart,2023-03-21,-0.0772,performance,0.51588
Samsung Galaxy A14,Smartphone,4.0,bad push hospital seven likely individual red,Flipkart,2024-06-27,-0.5423,software,0.55192
Samsung Galaxy M53,Smartphone,5.0,excellent,Amazon,2024-06-29,0.5719,none,0.06
Samsung Galaxy A14,Smartphone,4.0,worth it describe sea learn contain,Amazon,2023-04-29,0.2263,none,0.135
Samsung Galaxy S21 FE,Smartphone,3.0,not great issue display flickering,Flipkart,2024-01-13,-0.5096,display,0.6138400000000002
Samsung Galaxy Tab A8,Smartphone,4.0,bad phone effect land myself plant,Amazon,2022-07-23,-0.5423,general_issue,0.55192
Samsung Galaxy Tab S7 FE,Smartphone,3.0,good tonight attack executive cold then line benefit issue camera quality is poor,Amazon,2024-01-23,-0.0772,camera,0.44088
Samsung Galaxy M14,Smartphone,4.0,good data government black low exist,Flipkart,2024-01-05,0.2023,none,0.135
Samsung Galaxy Tab A8,Smartphone,1.0,excellent option many woman whether chance order,Flipkart,2022-05-05,0.6908,none,0.36
Samsung Charger 25W,Accessories,4.0,waste of money far network forget late information,Flipkart,2024-03-26,-0.5719,connectivity,0.56376
Samsung Galaxy A14,Smartphone,4.0,excellent,Flipkart,2023-07-20,0.5719,none,0.135
Samsung Galaxy M53,Smartphone,3.0,not great issue display flickering,Flipkart,2023-01-24,-0.5096,display,0.6138400000000002
Samsung Soundbar,Other,2.0,good for basic usage,Flipkart,2022-09-08,0.4404,none,0.285
Samsung Galaxy S22,Smartphone,5.0,good,Amazon,2024-07-20,0.4404,none,0.06
Samsung Galaxy Book 3,Smartphone,2.0,excellent issue overheating issue,Flipkart,2022-07-07,0.5719,heating,0.485
Samsung Galaxy A34,Smartphone,3.0,bad ball politics meeting bank bed first fine issue battery draining fast,Amazon,2023-03-11,-0.4019,battery,0.5707600000000002
Samsung Galaxy Tab A8,Smartphone,1.0,not great can sing during campaign head strong hear whom issue battery draining fast,Flipkart,2022-02-13,0.0015,battery,0.56
Samsung Galaxy Watch6,Smartphone,2.0,good for basic usage,Amazon,2022-04-14,0.4404,none,0.285
Samsung Galaxy Tab S7 FE,Smartphone,4.0,waste of money pretty black open large present beyond,Flipkart,2023-11-15,0.1027,general_issue,0.335
Samsung Galaxy A34,Smartphone,4.0,worth it yard century happen close campaign report environmental,Amazon,2023-05-14,0.2263,software,0.335
Samsung Charger 25W,Accessories,4.0,waste of money yard fight drug cost evening,Amazon,2022-09-15,-0.6597,software,0.5988800000000001
Samsung Galaxy Tab S7 FE,Smartphone,3.0,bad answer foot trade indeed nation issue camera quality is poor,Flipkart,2023-02-25,-0.765,camera,0.7160000000000002
Samsung Air Conditioner,Other,1.0,very userfriendly interface,Amazon,2022-05-21,0.0,software,0.56
Samsung Galaxy A14,Smartphone,4.0,good indeed difficult expect reach too could politics,Flipkart,2023-03-01,0.128,none,0.135
Samsung Galaxy A14,Smartphone,4.0,bad wait high half turn claim,Amazon,2023-03-19,-0.5423,general_issue,0.55192
Samsung Galaxy A54,Smartphone,1.0,not as expected returning it,Amazon,2023-04-23,0.0,none,0.36
Samsung Galaxy S23,Smartphone,2.0,good possible seat everything into oil grow long,Flipkart,2023-11-04,0.4404,software,0.485
Samsung Buds Live,Accessories,5.0,bad wonder nor operation opportunity lead involve note,Flipkart,2022-10-30,-0.7033,general_issue,0.54132
Samsung Galaxy M34,Smartphone,4.0,good movie south he,Flipkart,2022-01-06,0.4404,none,0.135
Samsung Galaxy M14,Smartphone,4.0,worth it themselves head war whether appear throw,Amazon,2023-07-22,-0.4588,software,0.5185200000000001
Samsung Charger 25W,Accessories,4.0,excellent family happy able another business,Flipkart,2022-10-24,0.8126,software,0.335
Samsung Galaxy A14,Smartphone,4.0,excellent commercial protect current treatment thing,Amazon,2022-09-24,0.743,none,0.135
Samsung Buds 2,Accessories,2.0,bad,Amazon,2023-05-29,-0.5423,general_issue,0.7019200000000001
Samsung Galaxy Tab S7 FE,Smartphone,3.0,good information activity college issue slow performance,Flipkart,2022-12-24,0.4404,performance,0.41
Samsung Galaxy Book 3,Smartphone,3.0,average cell various answer standard issue display flickering,Flipkart,2022-08-14,0.0,display,0.41
Samsung Galaxy S23,Smartphone,5.0,excellent sing with quite your husband property if,Flipkart,2022-02-22,0.5719,software,0.26
Samsung Galaxy M34,Smartphone,3.0,good understand however type century wife affect,Flipkart,2022-09-27,0.4404,none,0.21
Samsung Galaxy S21 FE,Smartphone,4.0,waste of money reveal base system military,Flipkart,2022-01-31,-0.4215,general_issue,0.5036
Samsung Crystal UHD TV,TV,3.0,nice product but a bit overpriced,Flipkart,2024-01-04,0.2263,none,0.21
Samsung Galaxy S23,Smartphone,4.0,average face fear where information tell camera south role,Amazon,2023-05-03,-0.4939,camera,0.53256
Samsung Galaxy Tab S7 FE,Smartphone,4.0,waste of money church world them technology decade garden,Flipkart,2023-10-26,-0.4215,general_issue,0.5036
Samsung Soundbar,Other,1.0,good for basic usage,Amazon,2022-02-02,0.4404,none,0.36
Samsung Galaxy M53,Smartphone,5.0,bad right appear field recognize community painting energy,Flipkart,2022-12-23,-0.34,software,0.396
Samsung Charger 25W,Accessories,3.0,good quickly authority character staff usually,Flipkart,2023-06-28,0.4939,software,0.41
Samsung Charger 25W,Accessories,2.0,not great name leader plant gun issue camera quality is poor,Amazon,2022-04-18,-0.8314,camera,0.8175600000000001
Samsung Galaxy A14,Smartphone,1.0,worth it a discover reality less issue slow performance,Amazon,2022-09-17,0.2263,performance,0.56
Samsung Galaxy M34,Smartphone,3.0,excellent civil difficult own fill economic power issue overheating issue,Flipkart,2024-05-12,0.296,battery,0.41
Samsung Galaxy A14,Smartphone,5.0,waste of money citizen parent effort involve everyone billion,Amazon,2024-12-13,-0.4215,general_issue,0.4286
Samsung Galaxy M34,Smartphone,4.0,good that do social worker worry yard improve,Flipkart,2022-08-21,0.4404,none,0.135
Samsung Galaxy M14,Smartphone,5.0,excellent figure value news risk take friend,Amazon,2022-05-11,0.802,none,0.06
Samsung Buds Live,Accessories,3.0,not great he paper some take hard walk look stop issue display flickering,Amazon,2024-09-02,-0.709,display,0.6936
Samsung Buds Live,Accessories,5.0,average total discover realize make,Flipkart,2024-07-07,0.0,none,0.06
Samsung Galaxy Z Fold5,Smartphone,5.0,heats up sometimes during heavy usage,Flipkart,2024-01-12,0.0,heating,0.26
Samsung Charger 25W,Accessories,4.0,waste of money event store generation tree left meeting,Flipkart,2024-11-17,-0.4215,general_issue,0.5036
Samsung Galaxy S21 FE,Smartphone,3.0,average main hand very space throughout everything issue camera quality is poor,Amazon,2022-08-12,0.0258,camera,0.41
Samsung Galaxy M53,Smartphone,5.0,excellent,Amazon,2024-07-14,0.5719,none,0.06
Samsung Galaxy S23,Smartphone,5.0,bad than key all worker remain whose night operation,Flipkart,2024-10-28,-0.5423,software,0.47692
Samsung Buds 2,Accessories,4.0,good condition forward occur president,Flipkart,2023-03-30,0.4404,none,0.135
Samsung Galaxy Book 3,Smartphone,2.0,not great agree west opportunity phone but late training,Amazon,2022-03-30,-0.2028,none,0.36612
Samsung Galaxy Tab S7 FE,Smartphone,4.0,excellent number republican middle simple sport,Amazon,2024-12-03,0.6124,none,0.135
Samsung Galaxy M14,Smartphone,5.0,good east sit close only after,Amazon,2023-09-10,0.4404,software,0.26
Samsung Galaxy Tab A8,Smartphone,4.0,average people open entire program once,Flipkart,2024-07-27,0.0,none,0.135
Samsung Galaxy A14,Smartphone,4.0,good plan guy red sport condition year wear,Amazon,2022-03-05,0.4404,none,0.135
Samsung Washing Machine,Other,5.0,software updates are slow,Flipkart,2022-05-05,0.0,performance,0.26
Samsung Galaxy S22,Smartphone,3.0,waste of money law itself life start their issue display flickering,Flipkart,2024-09-07,-0.4215,battery,0.5786
Samsung Charger 25W,Accessories,4.0,bad sell skill official yeah black always of three,Flipkart,2024-04-02,-0.3182,general_issue,0.46228
Samsung Galaxy Book 2,Smartphone,4.0,average kid style provide thing,Flipkart,2024-05-23,0.0,none,0.135
Samsung Galaxy S22,Smartphone,5.0,average require fall for take hospital his,Flipkart,2022-08-10,0.0,software,0.26
Samsung Galaxy Tab A8,Smartphone,5.0,good page everybody must suggest law activity,Flipkart,2024-10-01,0.4404,none,0.06
Samsung Buds Live,Accessories,5.0,excellent,Flipkart,2024-06-27,0.5719,none,0.06
Samsung Charger 25W,Accessories,4.0,waste of money follow environmental management clear,Flipkart,2022-05-31,-0.0516,general_issue,0.35564
Samsung Charger 25W,Accessories,2.0,good statement story clearly as knowledge,Amazon,2022-06-15,0.6808,none,0.285
Samsung Galaxy M34,Smartphone,4.0,average realize actually resource seek thought,Amazon,2023-10-22,0.0,none,0.135
Samsung Galaxy M53,Smartphone,3.0,not great issue battery draining fast,Amazon,2022-10-31,-0.5096,battery,0.6138400000000002
Samsung Charger 25W,Accessories,4.0,bad air camera dog me study economy,Flipkart,2022-05-15,-0.5423,camera,0.55192
Samsung Galaxy Book 3,Smartphone,5.0,not great work including resource treatment,Amazon,2022-09-16,-0.5096,none,0.26384
Samsung Galaxy A14,Smartphone,3.0,average issue display flickering,Amazon,2023-07-18,0.0,display,0.41
Samsung Galaxy Book 2,Smartphone,3.0,waste of money hair role show difficult than power tree issue camera quality is poor,Amazon,2023-10-28,-0.8126,battery,0.7350400000000001
Samsung Galaxy S21 FE,Smartphone,5.0,worth it role as senior former,Flipkart,2024-02-20,0.2263,none,0.06
Samsung Galaxy Tab A8,Smartphone,4.0,bad explain animal pull food,Amazon,2024-12-22,-0.5423,general_issue,0.55192
Samsung Galaxy Tab A8,Smartphone,4.0,average across whole finish throw behavior open,Flipkart,2023-08-27,0.0,software,0.335
Samsung Galaxy Book 3,Smartphone,4.0,not great might trouble people this,Flipkart,2024-07-18,-0.2584,none,0.23836
Samsung Galaxy Tab S7 FE,Smartphone,5.0,not great character building represent responsibility hot from evidence,Flipkart,2024-11-01,-0.5096,heating,0.46384
Samsung Galaxy A34,Smartphone,2.0,excellent what animal still leave place source large its issue charging problem,Flipkart,2024-05-31,0.2023,battery,0.485
Samsung Buds 2,Accessories,4.0,worth it former start wear field nature second outside,Amazon,2022-07-23,0.2263,none,0.135
Samsung Galaxy S21 FE,Smartphone,4.0,excellent,Amazon,2022-08-23,0.5719,none,0.135
Samsung Galaxy S22,Smartphone,3.0,average,Amazon,2023-03-17,0.0,none,0.21
Samsung Charger 25W,Accessories,3.0,not great perform peace relate medical only issue charging problem,Flipkart,2024-05-30,-0.8336,battery,0.7434400000000001
Samsung Galaxy M14,Smartphone,4.0,good,Amazon,2024-07-13,0.4404,none,0.135
Samsung Galaxy M53,Smartphone,5.0,good paper money help particular leg party visit,Flipkart,2023-04-13,0.8074,none,0.06
Samsung Galaxy A34,Smartphone,5.0,average treatment mission find,Amazon,2024-04-27,0.0,none,0.06
Samsung Galaxy Tab A8,Smartphone,4.0,average main result present capital mean issue,Flipkart,2023-11-26,0.0,none,0.135
Samsung Galaxy A14,Smartphone,4.0,waste of money unit appear old trial economic another run,Flipkart,2024-07-17,-0.4215,sound,0.5036
Samsung Galaxy S23,Smartphone,5.0,bad trouble know white lot,Amazon,2024-03-27,-0.7351,general_issue,0.5540400000000001
Samsung Galaxy M14,Smartphone,4.0,worth it,Flipkart,2024-05-01,0.2263,none,0.135
Samsung Charger 25W,Accessories,3.0,worth it issue charging problem,Amazon,2022-07-14,-0.2023,battery,0.49092
Samsung Galaxy Tab A8,Smartphone,4.0,worth it community write herself performance,Flipkart,2023-10-03,0.2263,none,0.135
Samsung Galaxy Tab A8,Smartphone,3.0,good issue overheating issue,Amazon,2024-05-24,0.4404,heating,0.41
Samsung Galaxy A34,Smartphone,5.0,excellent wait produce seven my,Flipkart,2023-10-03,0.5719,none,0.06
Samsung Galaxy Tab A8,Smartphone,3.0,worth it from safe agency doctor manager issue overheating issue,Flipkart,2023-06-07,0.5859,heating,0.41
Samsung Galaxy Tab A8,Smartphone,4.0,worth it head magazine view series memory grow,Amazon,2024-02-06,0.2263,none,0.135
Samsung Galaxy S23,Smartphone,3.0,good smile million investment state three mention remain,Flipkart,2022-11-09,0.6597,none,0.21
Samsung Galaxy A14,Smartphone,4.0,good large assume church country third,Flipkart,2024-08-29,0.4404,none,0.135
Samsung Charger 25W,Accessories,4.0,good daughter pattern scene,Flipkart,2022-05-18,0.4404,none,0.135
Samsung Galaxy A14,Smartphone,4.0,worth it walk recognize floor hundred,Flipkart,2022-07-06,0.2263,none,0.135
Samsung Galaxy A34,Smartphone,5.0,good drive free part find home debate watch,Flipkart,2022-06-24,0.7351,none,0.06
Samsung Galaxy Tab A8,Smartphone,3.0,good issue slow performance,Flipkart,2022-07-10,0.4404,performance,0.41
Samsung Galaxy Book 3,Smartphone,4.0,average risk near society stock,Amazon,2024-06-03,-0.2732,none,0.24428
Samsung Buds Live,Accessories,5.0,good too for rich someone hot,Flipkart,2022-07-17,0.7579,heating,0.26
Samsung Galaxy M53,Smartphone,4.0,excellent ok senior run effect agree thus,Flipkart,2024-02-03,0.8126,none,0.135
Samsung Galaxy M53,Smartphone,5.0,waste of money pm he little central,Flipkart,2022-09-24,-0.4215,general_issue,0.4286
Samsung Galaxy S21 FE,Smartphone,4.0,bad group tree attack century cup science candidate,Flipkart,2022-05-03,-0.765,general_issue,0.641
Samsung Galaxy S23,Smartphone,4.0,bad,Amazon,2023-11-07,-0.5423,general_issue,0.55192
Samsung Galaxy M14,Smartphone,4.0,average modern treat if message both town,Amazon,2022-09-08,0.4019,none,0.135
Samsung Galaxy S23,Smartphone,3.0,bad issue battery draining fast,Amazon,2024-04-21,-0.5423,battery,0.6269200000000001
Samsung Galaxy Book 3,Smartphone,3.0,waste of money issue display flickering,Amazon,2023-12-26,-0.4215,display,0.5786
Samsung Galaxy Book 2,Smartphone,4.0,average,Amazon,2024-05-16,0.0,none,0.135
Samsung Charger 25W,Accessories,1.0,good each east charge issue display flickering,Amazon,2022-04-16,0.4404,battery,0.56
Samsung Galaxy A14,Smartphone,2.0,good ball behind occur draw like candidate,Amazon,2023-08-13,0.6597,none,0.285
Samsung Galaxy M34,Smartphone,1.0,good agree claim television unit hope issue display flickering,Flipkart,2023-10-02,0.8074,display,0.56
Samsung Galaxy A54,Smartphone,5.0,good after officer civil result,Flipkart,2023-12-22,0.4404,none,0.06
Samsung Galaxy Tab S7 FE,Smartphone,4.0,excellent need just recently heart indeed majority certainly,Flipkart,2022-08-01,0.7269,none,0.135
Samsung Galaxy Book 3,Smartphone,2.0,average decade rock toward major issue display flickering,Flipkart,2024-11-05,0.0,display,0.485
Samsung Galaxy M34,Smartphone,2.0,good issue battery draining fast,Flipkart,2023-03-12,0.4404,battery,0.485
Samsung Galaxy S21 FE,Smartphone,1.0,worth it issue display flickering,Amazon,2022-11-13,0.2263,display,0.56
Samsung Galaxy Tab S7 FE,Smartphone,4.0,waste of money room interest person least,Amazon,2024-09-14,0.0516,general_issue,0.335
Samsung Galaxy Tab A8,Smartphone,4.0,excellent need suggest full bed nearly she agree,Amazon,2023-04-05,0.7351,none,0.135
Samsung Galaxy S23,Smartphone,4.0,not great college on realize white somebody,Flipkart,2022-08-10,-0.5096,none,0.33884
Samsung Galaxy M34,Smartphone,5.0,good ago draw central lay interest assume through have,Amazon,2023-12-19,0.7096,none,0.06
Samsung Galaxy Tab S7 FE,Smartphone,3.0,good how accept learn,Flipkart,2024-01-23,0.6705,none,0.21
Samsung Galaxy Book 2,Smartphone,5.0,excellent,Flipkart,2022-08-24,0.5719,none,0.06
Samsung Galaxy Tab S7 FE,Smartphone,3.0,worth it himself next make citizen coach as issue charging problem,Amazon,2023-07-25,-0.2023,battery,0.49092
Samsung Galaxy Tab A8,Smartphone,4.0,waste of money who to condition focus in,Amazon,2023-04-09,-0.4215,camera,0.5036
Samsung Galaxy Tab A8,Smartphone,2.0,excellent letter term keep chance consider issue overheating issue,Amazon,2024-05-28,0.6908,heating,0.485
Samsung Charger 25W,Accessories,4.0,good executive play pull appear building,Flipkart,2022-02-23,0.6486,build_quality,0.335
Samsung Galaxy Book 2,Smartphone,5.0,bad blood suffer she a effort middle someone every,Flipkart,2023-07-02,-0.7906,general_issue,0.5762400000000001
Samsung Charger 25W,Accessories,2.0,excellent agreement tonight example important condition student boy but,Flipkart,2022-03-01,0.5927,none,0.285
Samsung Galaxy M34,Smartphone,2.0,waste of money,Flipkart,2023-01-05,-0.4215,general_issue,0.6536
Samsung Soundbar,Other,4.0,featurepacked and smooth experience,Flipkart,2023-07-14,0.0,none,0.135
Samsung Galaxy M14,Smartphone,4.0,not great strong democratic perhaps we upon land mother,Amazon,2023-09-25,-0.7181,none,0.42224
Samsung Galaxy M53,Smartphone,4.0,average,Amazon,2023-11-27,0.0,none,0.135
Samsung Galaxy S22,Smartphone,2.0,not great player certain individual food only,Amazon,2023-12-20,-0.6259,none,0.5353600000000001
Samsung Galaxy M53,Smartphone,4.0,excellent anything executive on law explain board commercial,Flipkart,2022-01-13,0.5719,none,0.135
Samsung Buds Live,Accessories,4.0,waste of money,Amazon,2023-01-07,-0.4215,general_issue,0.5036
Samsung Galaxy Tab S7 FE,Smartphone,4.0,worth it discuss evening pm fill until class,Amazon,2022-10-21,0.2263,none,0.135
Samsung Galaxy M53,Smartphone,3.0,excellent friend compare floor power method third hotel issue overheating issue,Amazon,2024-03-31,0.7845,battery,0.41
Samsung Buds Live,Accessories,4.0,waste of money business answer call vote include audience employee above,Amazon,2022-05-23,-0.4215,general_issue,0.5036
Samsung Galaxy Book 3,Smartphone,5.0,average,Flipkart,2022-10-18,0.0,none,0.06
Samsung Galaxy S23,Smartphone,2.0,battery life could be better,Flipkart,2022-03-04,0.4404,battery,0.485
Samsung Refrigerator,Other,4.0,disappointed with the customer service,Amazon,2022-07-07,-0.4767,software,0.52568
Samsung Galaxy A54,Smartphone,4.0,bad local follow oil staff project,Amazon,2024-12-22,-0.5423,general_issue,0.55192
Samsung Buds Live,Accessories,5.0,worth it seem sense their drive far beyond news establish,Amazon,2023-03-17,0.2263,none,0.06
Samsung Galaxy M34,Smartphone,4.0,not great head federal care note,Amazon,2024-02-10,-0.0243,none,0.14472
Samsung Charger 25W,Accessories,5.0,waste of money none bring position author throw property stop,Flipkart,2024-05-09,-0.6124,software,0.5049600000000001
Samsung Galaxy S23,Smartphone,4.0,good themselves tend decade free participant,Amazon,2024-07-18,0.7351,none,0.135
Samsung Buds 2,Accessories,4.0,worth it teach since then agreement piece cultural out,Flipkart,2023-11-30,0.6249,none,0.135
Samsung Galaxy S21 FE,Smartphone,1.0,excellent care throw state throughout discussion drop authority,Amazon,2022-11-19,0.7269,none,0.36
Samsung Galaxy S21 FE,Smartphone,1.0,waste of money,Flipkart,2024-01-28,-0.4215,general_issue,0.7286000000000001
Samsung Galaxy A14,Smartphone,2.0,average issue overheating issue,Amazon,2023-10-01,0.0,heating,0.485
Samsung Galaxy M14,Smartphone,2.0,good ask great image star necessary issue camera quality is poor,Flipkart,2023-10-27,0.5994,camera,0.485
Samsung Galaxy Tab A8,Smartphone,3.0,not great end we spring american color issue camera quality is poor,Flipkart,2022-06-23,-0.7502,camera,0.71008
Samsung Galaxy S23,Smartphone,2.0,average thus wrong music brother without before hospital,Amazon,2022-04-18,-0.4767,software,0.6756800000000001
Samsung Galaxy Tab S7 FE,Smartphone,5.0,waste of money almost left grow order,Flipkart,2022-11-15,-0.4215,software,0.4286
Samsung Galaxy Buds2,Smartphone,2.0,heats up sometimes during heavy usage,Flipkart,2022-11-19,0.0,heating,0.485
Samsung Galaxy M53,Smartphone,4.0,not great to really member part act reach,Amazon,2022-04-12,-0.4929,none,0.33216
Samsung Galaxy Tab A8,Smartphone,3.0,not great participant why free project over best receive issue battery draining fast,Flipkart,2022-06-17,0.6377,battery,0.41
Samsung Crystal UHD TV,TV,5.0,disappointed with the customer service,Flipkart,2023-07-12,-0.4767,software,0.45068
Samsung Galaxy S21 FE,Smartphone,4.0,waste of money local film parent office several produce,Flipkart,2024-06-26,-0.4215,general_issue,0.5036
Samsung Galaxy S23,Smartphone,4.0,worth it beyond eight firm growth system,Flipkart,2024-05-18,0.5423,none,0.135
Samsung Galaxy A54,Smartphone,2.0,waste of money whom development study only issue slow performance,Flipkart,2024-09-21,-0.4215,performance,0.6536
Samsung Charger 25W,Accessories,4.0,waste of money old young spring week,Amazon,2024-06-24,-0.4215,general_issue,0.5036
Samsung Galaxy S21 FE,Smartphone,3.0,not great around poor gun leave arrive sing,Flipkart,2024-04-28,-0.5171,general_issue,0.61684
Samsung Galaxy A34,Smartphone,5.0,average drop lawyer water exactly great talk,Amazon,2023-07-14,0.4588,none,0.06
Samsung Galaxy S21 FE,Smartphone,5.0,bad back choose big value plan whose travel very,Flipkart,2023-03-18,-0.2732,software,0.36928
Samsung Galaxy Tab S7 FE,Smartphone,4.0,average sort prove trial kid yeah,Flipkart,2024-11-15,0.296,none,0.135
Samsung Charger 25W,Accessories,3.0,average lead say win success quickly large issue display flickering,Flipkart,2022-08-22,0.8176,display,0.41
Samsung Buds 2,Accessories,5.0,good chair social industry personal ago,Flipkart,2023-12-08,0.4404,none,0.06
Samsung Galaxy S22,Smartphone,4.0,software updates are slow,Flipkart,2024-05-30,0.0,performance,0.335
Samsung Charger 25W,Accessories,4.0,worth it between budget individual production vote drive affect page,Flipkart,2022-08-16,0.2263,none,0.135
Samsung Buds 2,Accessories,3.0,bad miss town security give imagine policy center,Flipkart,2023-08-04,-0.4019,general_issue,0.5707600000000002
Samsung Galaxy M53,Smartphone,4.0,not great respond car main poor buy expect participant,Flipkart,2024-09-23,-0.7502,general_issue,0.6350800000000001
Samsung Galaxy Book 3,Smartphone,5.0,worth it democrat audience trial one likely,Amazon,2024-12-15,0.2263,none,0.06
Samsung Galaxy A14,Smartphone,4.0,worth it learn paper onto evening official nice,Amazon,2023-09-24,0.5719,none,0.135
Samsung Galaxy Buds2,Smartphone,2.0,very durable and reliable,Flipkart,2022-04-04,0.0,none,0.285
Samsung Galaxy S21 FE,Smartphone,4.0,good defense wear seat care risk artist,Amazon,2023-03-28,0.6705,none,0.135
Samsung Galaxy A34,Smartphone,4.0,worth it seek not other scientist,Flipkart,2024-03-20,0.2263,none,0.135
Samsung Galaxy A54,Smartphone,5.0,worth it piece continue again explain front soldier claim,Flipkart,2022-04-23,0.2263,none,0.06
Samsung Galaxy M53,Smartphone,4.0,excellent series conference road these,Amazon,2022-01-16,0.5719,none,0.135
Samsung Buds 2,Accessories,4.0,not great data top surface consumer member general,Flipkart,2023-02-23,-0.5975,none,0.374
Samsung Galaxy Tab A8,Smartphone,4.0,waste of money,Flipkart,2023-09-10,-0.4215,general_issue,0.5036
Samsung Galaxy A14,Smartphone,4.0,average suggest away edge ball however decade,Flipkart,2023-03-09,0.0,none,0.135
Samsung Buds Live,Accessories,4.0,bad enjoy wall staff avoid human,Flipkart,2022-10-09,-0.3612,general_issue,0.47948
Samsung Charger 25W,Accessories,5.0,worth it explain guy road attention,Flipkart,2023-06-08,0.2263,none,0.06
Samsung Galaxy M14,Smartphone,5.0,not great forward impact mrs feel seven student,Amazon,2023-08-16,-0.5096,none,0.26384
Samsung Galaxy A34,Smartphone,4.0,worth it goal officer same air local court card,Flipkart,2023-11-03,0.2263,none,0.135
Samsung Galaxy A14,Smartphone,2.0,bad news force support century,Amazon,2022-09-03,-0.2023,general_issue,0.56592
Samsung Galaxy M53,Smartphone,2.0,waste of money unit similar whose subject mr issue charging problem,Flipkart,2022-01-16,-0.6705,battery,0.7532000000000001
Samsung Charger 25W,Accessories,4.0,bad same effect watch challenge cause,Amazon,2024-10-15,-0.4939,general_issue,0.53256
Samsung Galaxy M34,Smartphone,5.0,good already language experience cold nice car inside,Flipkart,2024-05-31,0.6908,none,0.06
Samsung Galaxy M14,Smartphone,3.0,excellent shake six week near should us mrs,Amazon,2022-12-26,0.4588,none,0.21
Samsung Galaxy S22,Smartphone,4.0,not great pm turn condition interest project point travel,Amazon,2022-09-22,-0.0757,none,0.1652799999999999
Samsung Galaxy A54,Smartphone,4.0,average and wish end international,Amazon,2024-02-18,0.4019,none,0.135
Samsung Galaxy Tab A8,Smartphone,3.0,not great issue display flickering,Flipkart,2024-12-26,-0.5096,display,0.6138400000000002
Samsung Galaxy A14,Smartphone,1.0,waste of money,Flipkart,2023-04-17,-0.4215,general_issue,0.7286000000000001
Samsung Galaxy S23,Smartphone,4.0,good watch war speech day another describe benefit,Amazon,2024-10-21,0.25,none,0.135
Samsung Soundbar,Other,2.0,disappointed with the customer service,Flipkart,2023-12-27,-0.4767,software,0.6756800000000001
Samsung Galaxy S21 FE,Smartphone,1.0,bad issue camera quality is poor,Amazon,2022-05-28,-0.765,camera,0.8660000000000001
Samsung Galaxy Tab S7 FE,Smartphone,3.0,bad man world subject rise,Flipkart,2024-03-24,-0.5423,general_issue,0.6269200000000001
Samsung Charger 25W,Accessories,4.0,waste of money policy form down senior if several safe hundred,Flipkart,2022-03-28,0.0258,general_issue,0.335
Samsung QLED TV,TV,3.0,not worth the price,Amazon,2024-06-12,-0.1695,none,0.2778
Samsung Buds Live,Accessories,4.0,average new environment arrive person,Amazon,2022-02-08,0.0,none,0.135
Samsung Galaxy A14,Smartphone,4.0,excellent,Amazon,2024-07-30,0.5719,none,0.135
Samsung Galaxy M14,Smartphone,4.0,excellent level grow add service front who why break,Amazon,2022-06-09,0.5719,none,0.135
Samsung Galaxy A34,Smartphone,4.0,bad worry hotel particular past executive strategy,Amazon,2023-10-04,-0.7506,heating,0.63524
Samsung Galaxy M53,Smartphone,5.0,bad offer game particularly,Amazon,2024-05-29,-0.5423,general_issue,0.47692
Samsung Galaxy S21 FE,Smartphone,5.0,average discussion single sport management your,Amazon,2024-04-08,0.0,none,0.06
Samsung Galaxy M14,Smartphone,5.0,excellent always relationship simple control loss,Flipkart,2024-05-05,0.34,software,0.26
Samsung Galaxy A14,Smartphone,4.0,average administration own person size cover represent get,Amazon,2023-08-16,0.0,none,0.135
Samsung Galaxy Book 3,Smartphone,3.0,bad six agency wife open business,Amazon,2022-08-24,-0.5423,general_issue,0.6269200000000001
Samsung Galaxy S21 FE,Smartphone,3.0,excellent image sell save hard give,Flipkart,2024-04-09,0.7579,none,0.21
Samsung Galaxy Book 2,Smartphone,5.0,average,Flipkart,2022-02-12,0.0,none,0.06
Samsung Buds 2,Accessories,3.0,good news buy doctor task group nearly heart fish issue charging problem,Flipkart,2023-10-28,0.0516,battery,0.41
Samsung Galaxy Book 3,Smartphone,2.0,excellent north learn enjoy father close,Amazon,2022-12-18,0.7845,software,0.485
Samsung Galaxy Book 3,Smartphone,4.0,worth it away fear head trip less them even,Amazon,2024-07-31,-0.3182,none,0.26228
Samsung Galaxy M53,Smartphone,4.0,worth it compare pull billion public environmental expert message indeed,Flipkart,2024-01-12,0.2263,none,0.135
Samsung Galaxy M14,Smartphone,4.0,bad use better green,Amazon,2022-06-30,-0.1531,general_issue,0.39624
Samsung Galaxy M14,Smartphone,5.0,bad stuff one day order three while range organization,Amazon,2024-06-13,-0.5423,general_issue,0.47692
Samsung Galaxy M34,Smartphone,3.0,waste of money issue overheating issue,Amazon,2022-08-05,-0.4215,heating,0.5786
Samsung Galaxy A54,Smartphone,3.0,worth it speech which mission report suddenly not box,Flipkart,2023-05-14,0.2263,none,0.21
Samsung Galaxy Tab S7 FE,Smartphone,5.0,worth it,Amazon,2024-06-11,0.2263,none,0.06
Samsung Charger 25W,Accessories,2.0,good issue camera quality is poor,Flipkart,2024-03-31,-0.0516,camera,0.50564
Samsung Galaxy M53,Smartphone,5.0,worth it bit back anything present,Flipkart,2024-12-09,0.2263,none,0.06
Samsung Charger 25W,Accessories,3.0,waste of money training teach either important outside increase thus issue charging problem,Amazon,2022-06-11,-0.34,battery,0.546
Samsung Galaxy Tab A8,Smartphone,5.0,average adult mind price situation traditional president remember,Amazon,2024-03-21,0.0,none,0.06
Samsung Galaxy Tab A8,Smartphone,4.0,bad knowledge garden culture half land ten,Flipkart,2023-09-28,-0.5423,general_issue,0.55192
Samsung Galaxy S23,Smartphone,5.0,not great,Amazon,2023-11-27,-0.5096,none,0.26384
Samsung Washing Machine,Other,4.0,software updates are slow,Amazon,2023-03-30,0.0,performance,0.335
Samsung Galaxy A54,Smartphone,5.0,waste of money note daughter style career strategy government,Amazon,2023-11-14,-0.4215,general_issue,0.4286
Samsung Galaxy Book 2,Smartphone,2.0,average street treatment program they administration federal amount great,Flipkart,2022-12-11,0.6249,none,0.285
Samsung Galaxy Z Fold5,Smartphone,3.0,battery life could be better,Amazon,2022-06-06,0.4404,battery,0.41
Samsung Galaxy M53,Smartphone,1.0,excellent give step also effect maintain security people,Amazon,2024-11-11,0.7269,none,0.36
Samsung Buds Live,Accessories,2.0,bad have determine allow close issue charging problem,Flipkart,2022-08-22,-0.6486,battery,0.74444
Samsung Galaxy M53,Smartphone,4.0,worth it total he mean exist,Flipkart,2024-12-22,0.2263,none,0.135
Samsung Galaxy S23,Smartphone,5.0,good mouth reveal partner early,Flipkart,2024-11-10,0.4404,none,0.06
Samsung Galaxy Tab A8,Smartphone,4.0,waste of money catch i month government,Flipkart,2023-02-02,-0.4215,general_issue,0.5036
Samsung Galaxy A54,Smartphone,3.0,bad send many professional response certainly factor issue display flickering,Flipkart,2023-12-17,-0.2732,display,0.51928
Samsung Buds 2,Accessories,1.0,worth it reduce even successful book middle already take,Flipkart,2023-12-21,0.6908,none,0.36
Samsung Galaxy Tab A8,Smartphone,4.0,bad yes kind total national time who speak million,Amazon,2022-10-30,0.3818,general_issue,0.335
Samsung Charger 25W,Accessories,4.0,average ability former rich,Amazon,2023-04-29,0.7096,none,0.135
Samsung Galaxy S21 FE,Smartphone,4.0,excellent thing force great factor,Flipkart,2022-07-30,0.8316,none,0.135
Samsung Galaxy Book 2,Smartphone,5.0,good seven protect mrs herself exactly security world,Amazon,2022-10-27,0.7845,none,0.06
Samsung Buds 2,Accessories,3.0,excellent structure agree poor party material against issue camera quality is poor,Flipkart,2023-06-09,0.4019,camera,0.41
Samsung Galaxy S23,Smartphone,5.0,very durable and reliable,Amazon,2023-02-09,0.0,none,0.06
Samsung Galaxy Watch6,Smartphone,5.0,love the camera quality,Amazon,2022-12-22,0.6369,camera,0.26
Samsung Galaxy S22,Smartphone,3.0,highly recommend to others,Amazon,2022-11-10,0.4201,none,0.21
Samsung Galaxy S22,Smartphone,4.0,not great teach several weight since season risk,Flipkart,2022-06-04,-0.6591,none,0.39864
Samsung QLED TV,TV,2.0,highly recommend to others,Flipkart,2022-12-29,0.4201,none,0.285
Samsung Galaxy M34,Smartphone,4.0,waste of money,Flipkart,2024-10-08,-0.4215,general_issue,0.5036
Samsung Charger 25W,Accessories,4.0,excellent southern state clearly and campaign,Amazon,2024-08-08,0.7506,none,0.135
Samsung Galaxy Tab S7 FE,Smartphone,4.0,not great sell must card structure,Flipkart,2024-07-08,-0.5096,none,0.33884
Samsung Galaxy M14,Smartphone,4.0,good face it future democratic project,Amazon,2023-10-24,0.4404,none,0.135
Samsung Galaxy A34,Smartphone,5.0,bad though million authority everybody response sound particularly style,Amazon,2023-10-10,-0.4939,sound,0.45756
Samsung Galaxy A54,Smartphone,3.0,worth it home ask design for around,Amazon,2022-11-06,0.2263,none,0.21
Samsung Galaxy M53,Smartphone,3.0,worth it by to western her action,Amazon,2024-06-19,0.2263,none,0.21
Samsung Buds Live,Accessories,4.0,average yes blood catch my,Flipkart,2022-05-20,0.4019,none,0.135
Samsung Galaxy A34,Smartphone,4.0,average team day plan case heavy performance apply,Flipkart,2024-08-18,0.0,software,0.335
Samsung Galaxy M34,Smartphone,4.0,good create item party information room son thus often,Flipkart,2024-06-24,0.7717,none,0.135
Samsung Charger 25W,Accessories,5.0,excellent,Amazon,2023-09-13,0.5719,none,0.06
Samsung Galaxy A54,Smartphone,4.0,average federal those lead dinner understand medical final,Amazon,2023-07-17,0.0,software,0.335
Samsung Galaxy S23,Smartphone,2.0,not great cold take would develop end itself such,Amazon,2022-04-26,-0.5096,none,0.48884
Samsung Charger 25W,Accessories,1.0,average third store gun everything church ball within issue charging problem,Flipkart,2023-12-22,-0.6249,battery,0.80996
Samsung Galaxy S21 FE,Smartphone,4.0,good north we every,Flipkart,2024-11-05,0.4404,none,0.135
Samsung Buds 2,Accessories,4.0,average some bring ten buy age baby music,Flipkart,2022-06-01,0.0,none,0.135
Samsung Galaxy Book 3,Smartphone,2.0,excellent suggest sell data appear claim issue slow performance,Amazon,2023-09-28,0.5719,performance,0.485
Samsung Galaxy Tab A8,Smartphone,2.0,good long professor stage important they medical,Amazon,2024-08-03,0.5719,none,0.285
Samsung Galaxy Tab A8,Smartphone,4.0,average position different mind plant your available,Amazon,2024-07-14,0.0,software,0.335
Samsung Galaxy Z Fold5,Smartphone,2.0,amazing display quality,Amazon,2022-03-19,0.5859,display,0.485
Samsung Galaxy M34,Smartphone,3.0,excellent issue agreement economic hair the second,Flipkart,2022-04-27,0.7845,sound,0.41
Samsung QLED TV,TV,4.0,very durable and reliable,Flipkart,2024-01-26,0.0,none,0.135
Samsung Buds 2,Accessories,1.0,worth it,Flipkart,2023-08-11,0.2263,none,0.36
Samsung Buds 2,Accessories,2.0,average issue charging problem,Flipkart,2022-06-07,-0.4019,battery,0.6457600000000001
Samsung Galaxy Tab S7 FE,Smartphone,3.0,waste of money career argue site level,Amazon,2022-07-04,-0.6369,general_issue,0.66476
Samsung Buds Live,Accessories,4.0,average,Amazon,2024-11-04,0.0,none,0.135
Samsung Galaxy Tab S7 FE,Smartphone,4.0,worth it return news there live own decision more,Flipkart,2024-02-27,0.2263,none,0.135
Samsung Galaxy Tab S7 FE,Smartphone,1.0,excellent while finally play although factor that issue camera quality is poor,Amazon,2024-08-05,0.4588,camera,0.56
Samsung Galaxy A54,Smartphone,5.0,average teacher often gas song,Flipkart,2022-03-26,0.0,none,0.06
Samsung Galaxy Book 3,Smartphone,5.0,average you drive agreement ahead ability,Amazon,2024-07-10,0.6705,none,0.06
Samsung Galaxy S23,Smartphone,4.0,good world early office find cut from,Flipkart,2023-01-21,0.2023,none,0.135
Samsung Galaxy M34,Smartphone,4.0,average collection year agreement realize strategy trial build,Flipkart,2023-10-21,0.4939,build_quality,0.335
Samsung Galaxy M53,Smartphone,3.0,bad spend walk surface level much,Amazon,2024-09-01,-0.5423,general_issue,0.6269200000000001
Samsung Galaxy A54,Smartphone,2.0,worth it painting thus particular send discuss free fund issue display flickering,Amazon,2024-10-23,0.6369,display,0.485
Samsung Galaxy M34,Smartphone,3.0,waste of money executive wear indicate knowledge offer ready doctor,Amazon,2022-11-05,-0.0772,general_issue,0.44088
Samsung Charger 25W,Accessories,4.0,good cell team but,Amazon,2022-05-07,0.2382,none,0.135
Samsung Galaxy Tab A8,Smartphone,2.0,worth it move right guy imagine activity,Flipkart,2024-07-11,0.2263,none,0.285
Samsung Galaxy Book 2,Smartphone,2.0,excellent choose reason through television course such seem,Amazon,2022-07-31,0.5719,software,0.485
Samsung Galaxy M14,Smartphone,5.0,worth it commercial protect nation owner,Flipkart,2023-12-05,0.5423,none,0.06
Samsung Galaxy M34,Smartphone,5.0,not great look machine support keep,Flipkart,2022-06-22,-0.1516,none,0.12064
Samsung Charger 25W,Accessories,4.0,not great baby guess less around big wish,Amazon,2024-10-30,-0.2162,none,0.22148
Samsung Galaxy A34,Smartphone,3.0,bad country race rock dinner republican hot type issue charging problem,Amazon,2022-12-20,-0.7351,battery,0.70404
Samsung Galaxy A54,Smartphone,2.0,average issue battery draining fast,Flipkart,2022-03-22,0.0,battery,0.485
Samsung Galaxy Book 2,Smartphone,4.0,worth it soon hand usually less trade time interest feeling,Flipkart,2023-05-23,0.8093,none,0.135
Samsung Galaxy A14,Smartphone,3.0,worth it issue camera quality is poor,Flipkart,2024-06-15,-0.296,camera,0.5284
Samsung Galaxy S23,Smartphone,2.0,bad professor interest executive remain bad none,Amazon,2024-06-18,-0.6124,general_issue,0.7299600000000002
Samsung Galaxy Book 2,Smartphone,5.0,excellent business recognize audience green why wind,Amazon,2024-12-09,0.5719,none,0.06
Samsung Galaxy S23,Smartphone,4.0,bad hospital development everyone statement pretty go tree,Flipkart,2024-12-06,-0.0772,software,0.36588
Samsung Galaxy S22,Smartphone,4.0,average night task boy standard,Amazon,2022-11-22,0.0,none,0.135
Samsung Refrigerator,Other,3.0,featurepacked and smooth experience,Flipkart,2024-01-16,0.0,none,0.21
Samsung Galaxy Book 2,Smartphone,1.0,excellent provide response speak hair away issue battery draining fast,Amazon,2024-02-03,0.5719,battery,0.56
Samsung Galaxy S23,Smartphone,5.0,not great chance hair daughter suggest painting theory,Flipkart,2023-08-03,-0.6167,none,0.30668
Samsung Washing Machine,Other,4.0,good for basic usage,Amazon,2024-03-04,0.4404,none,0.135
Samsung Galaxy Tab A8,Smartphone,5.0,waste of money like plan investment song best,Flipkart,2024-04-17,0.5994,general_issue,0.26
Samsung Galaxy Z Fold5,Smartphone,2.0,highly recommend to others,Amazon,2023-11-24,0.4201,none,0.285
Samsung Galaxy A54,Smartphone,3.0,bad air republican loss lead within too mrs,Amazon,2022-04-18,-0.7003,software,0.6901200000000001
Samsung Galaxy M14,Smartphone,2.0,good newspaper along member different issue display flickering,Amazon,2023-11-17,0.4404,display,0.485
Samsung Galaxy Tab A8,Smartphone,4.0,waste of money shake market available goal,Amazon,2022-05-15,-0.5423,general_issue,0.55192
Samsung Buds Live,Accessories,4.0,not great through team word arm audience like national crime,Flipkart,2023-11-07,-0.6479,none,0.39416
Samsung Buds Live,Accessories,2.0,worth it,Amazon,2022-07-13,0.2263,none,0.285
Samsung Galaxy S21 FE,Smartphone,2.0,average likely more guy decade law become show security issue camera quality is poor,Amazon,2024-03-02,-0.1779,camera,0.55616
Samsung Galaxy A54,Smartphone,5.0,waste of money effort stuff home work bag want true,Amazon,2023-08-05,0.0772,general_issue,0.26
Samsung Galaxy Tab S7 FE,Smartphone,5.0,excellent it next lose mother character industry statement,Amazon,2023-06-01,0.25,software,0.26
Samsung Buds Live,Accessories,4.0,waste of money individual again force growth range key officer,Flipkart,2022-11-04,-0.0516,general_issue,0.35564
Samsung Galaxy Book 2,Smartphone,4.0,bad few read successful law everybody,Flipkart,2023-11-14,0.0772,general_issue,0.335
Samsung Buds Live,Accessories,4.0,not great agreement actually chance dinner voice,Flipkart,2022-06-16,-0.6023,none,0.37592
Samsung Buds Live,Accessories,4.0,not great five response fall land start staff up movie,Amazon,2022-10-17,-0.5096,none,0.33884
Samsung Galaxy Tab S7 FE,Smartphone,5.0,average,Amazon,2023-12-18,0.0,none,0.06
Samsung Galaxy S22,Smartphone,4.0,speaker quality is amazing,Amazon,2023-09-28,0.5859,sound,0.335
Samsung Galaxy Book 3,Smartphone,4.0,waste of money property evening however race one,Flipkart,2024-03-13,-0.4215,general_issue,0.5036
Samsung Galaxy S21 FE,Smartphone,3.0,average clearly on family shake study site wall,Flipkart,2022-09-22,0.25,none,0.21
Samsung Galaxy A34,Smartphone,2.0,average college picture agree hope issue camera quality is poor,Flipkart,2022-06-23,0.3182,camera,0.485
Samsung Galaxy A34,Smartphone,4.0,excellent always sure free particularly produce nearly person,Flipkart,2023-09-27,0.8519,none,0.135
Samsung Galaxy M53,Smartphone,2.0,not great manage sign answer source evidence maybe,Amazon,2024-02-11,-0.5096,none,0.48884
Samsung Galaxy M53,Smartphone,4.0,waste of money commercial board congress foreign,Flipkart,2023-11-04,-0.4215,general_issue,0.5036
Samsung Galaxy A34,Smartphone,5.0,not great prepare life happy weight,Amazon,2022-09-19,0.1043,battery,0.26
Samsung Galaxy S22,Smartphone,3.0,not worth the price,Flipkart,2024-12-14,-0.1695,none,0.2778
Samsung Buds Live,Accessories,5.0,waste of money show have cost,Flipkart,2022-07-11,-0.4215,software,0.4286
Samsung Galaxy S23,Smartphone,4.0,good reveal receive whose cut group,Flipkart,2024-05-17,0.2023,software,0.335
Samsung Refrigerator,Other,1.0,excellent product very satisfied,Amazon,2024-11-07,0.7778,none,0.36
Samsung Galaxy A14,Smartphone,4.0,excellent either member push popular,Amazon,2024-01-12,0.7579,none,0.135
Samsung Charger 25W,Accessories,2.0,worth it economy four or politics free you lay issue charging problem,Amazon,2022-02-07,0.3612,battery,0.485
Samsung Galaxy Book 3,Smartphone,4.0,worth it,Flipkart,2024-01-13,0.2263,none,0.135
Samsung Galaxy S21 FE,Smartphone,2.0,average into trade throw station memory still issue overheating issue,Flipkart,2023-09-25,0.0,heating,0.485
Samsung Soundbar,Other,3.0,battery life could be better,Flipkart,2023-01-05,0.4404,battery,0.41
Samsung Crystal UHD TV,TV,5.0,highly recommend to others,Amazon,2023-03-15,0.4201,none,0.06
Samsung Galaxy S21 FE,Smartphone,4.0,waste of money trial off final,Flipkart,2023-12-01,-0.4215,general_issue,0.5036
Samsung Galaxy S21 FE,Smartphone,1.0,excellent issue slow performance,Flipkart,2024-09-22,0.5719,performance,0.56
Samsung Galaxy Book 3,Smartphone,4.0,worth it low people feel simple return charge,Amazon,2023-01-29,-0.0516,battery,0.35564
Samsung Buds Live,Accessories,1.0,average staff collection produce agency quickly state issue camera quality is poor,Flipkart,2023-04-09,-0.4767,camera,0.75068
Samsung Crystal UHD TV,TV,5.0,not as expected returning it,Amazon,2022-10-09,0.0,none,0.06
Samsung Galaxy Buds2,Smartphone,2.0,nice product but a bit overpriced,Amazon,2022-11-14,0.2263,none,0.285
Samsung Galaxy A34,Smartphone,1.0,good tree several pretty recent building character already recently,Flipkart,2022-06-08,0.7269,build_quality,0.56
Samsung Galaxy M14,Smartphone,4.0,bad she fear meeting economic southern,Amazon,2023-08-29,-0.7717,sound,0.64368
Samsung Galaxy S23,Smartphone,4.0,waste of money participant final attorney popular thing,Flipkart,2022-07-27,0.0,general_issue,0.335
Samsung Galaxy A54,Smartphone,4.0,waste of money perform many down training significant body name,Flipkart,2024-11-05,-0.25,general_issue,0.435
Samsung Galaxy S23,Smartphone,3.0,worth it large scientist action my,Flipkart,2024-12-14,0.2263,none,0.21
Samsung Galaxy A14,Smartphone,3.0,not great say hotel particular it southern issue battery draining fast,Amazon,2022-03-19,-0.5096,battery,0.6138400000000002
Samsung Air Conditioner,Other,5.0,delivery was delayed but the product is great,Amazon,2023-11-21,0.7351,performance,0.26
Samsung Galaxy Book 3,Smartphone,5.0,bad action course bed note,Flipkart,2022-09-26,-0.5423,general_issue,0.47692
Samsung Buds 2,Accessories,4.0,good sometimes section card option network,Flipkart,2024-02-11,0.4404,connectivity,0.335
Samsung Galaxy M34,Smartphone,5.0,good however think nation to attention garden marriage,Amazon,2022-11-12,0.4404,none,0.06
Samsung Galaxy M53,Smartphone,4.0,bad consider until research action list cup yeah resource,Amazon,2022-11-29,-0.3182,general_issue,0.46228
Samsung Buds 2,Accessories,5.0,waste of money,Flipkart,2023-01-06,-0.4215,general_issue,0.4286
Samsung Galaxy M53,Smartphone,4.0,bad girl adult how theory beautiful,Flipkart,2022-12-06,0.1027,general_issue,0.335
Samsung Galaxy S23,Smartphone,5.0,battery life could be better,Amazon,2024-06-15,0.4404,battery,0.26
Samsung Galaxy S23,Smartphone,3.0,bad card director purpose early,Amazon,2022-03-31,-0.5423,software,0.6269200000000001
Samsung Galaxy M14,Smartphone,3.0,worth it issue slow performance,Amazon,2024-04-21,0.2263,performance,0.41
Samsung Buds 2,Accessories,5.0,average picture character professor home,Amazon,2024-01-17,0.0,camera,0.26
Samsung Galaxy M34,Smartphone,5.0,not great concern century job partner quite course,Amazon,2023-05-02,-0.5096,software,0.46384
Samsung Buds 2,Accessories,1.0,worth it if appear try education responsibility player along issue charging problem,Flipkart,2024-06-28,-0.2023,battery,0.6409199999999999
Samsung Galaxy Tab A8,Smartphone,1.0,not great single maintain agent choose they issue slow performance,Flipkart,2023-08-07,-0.5096,performance,0.7638400000000001
Samsung Charger 25W,Accessories,3.0,excellent issue overheating issue,Amazon,2024-07-08,0.5719,heating,0.41
Samsung Galaxy M34,Smartphone,3.0,excellent pass sort pick present side all cold issue slow performance,Flipkart,2023-04-25,0.5719,performance,0.41
Samsung Galaxy M14,Smartphone,3.0,waste of money stock pretty table trade model,Flipkart,2024-12-29,0.1027,general_issue,0.41
Samsung Galaxy Book 2,Smartphone,1.0,good issue camera quality is poor,Flipkart,2023-05-05,-0.0516,camera,0.58064
Samsung Galaxy Tab A8,Smartphone,4.0,excellent activity old rich run what person,Flipkart,2023-09-26,0.8074,none,0.135
Samsung Galaxy M34,Smartphone,1.0,average resource as room such day shake require issue battery draining fast,Flipkart,2024-08-18,-0.1779,battery,0.6311599999999999
Samsung Galaxy M14,Smartphone,5.0,good store attention able why,Amazon,2023-02-02,0.4404,none,0.06
Samsung Galaxy Book 2,Smartphone,3.0,waste of money marriage daughter agree new next result success son issue camera quality is poor,Amazon,2024-01-24,0.0772,camera,0.41
Samsung Galaxy A34,Smartphone,4.0,excellent agree organization decision direction name,Flipkart,2024-06-21,0.7351,none,0.135
Samsung Buds Live,Accessories,4.0,average stop live list,Flipkart,2024-08-03,-0.296,none,0.2534
Samsung Galaxy Tab A8,Smartphone,3.0,waste of money market yourself describe foreign nor best,Flipkart,2023-08-01,-0.7326,general_issue,0.7030400000000001
Samsung Galaxy A34,Smartphone,5.0,average per kitchen they political,Amazon,2024-02-22,0.0,none,0.06
Samsung Galaxy A14,Smartphone,2.0,good,Flipkart,2024-10-26,0.4404,none,0.285
Samsung Galaxy Tab A8,Smartphone,4.0,average above fight game economic fish hard,Flipkart,2024-12-16,-0.4588,sound,0.5185200000000001
Samsung Galaxy M14,Smartphone,5.0,average opportunity center nation,Flipkart,2024-05-07,0.4215,none,0.06
Samsung Galaxy A14,Smartphone,2.0,excellent issue charging problem,Flipkart,2022-11-28,0.25,battery,0.485
Samsung Galaxy M53,Smartphone,5.0,good media even office fall,Amazon,2023-02-13,0.4404,none,0.06
Samsung Galaxy Tab S7 FE,Smartphone,4.0,bad,Flipkart,2022-10-11,-0.5423,general_issue,0.55192
Samsung Galaxy S22,Smartphone,2.0,waste of money rise south network issue display flickering,Flipkart,2023-05-28,-0.4215,display,0.6536
Samsung Galaxy Book 2,Smartphone,1.0,excellent current fact phone home should throw learn professional,Amazon,2022-04-17,0.5719,none,0.36
Samsung Galaxy A34,Smartphone,5.0,worth it help begin among smile red call,Amazon,2024-09-11,0.7269,none,0.06
Samsung Buds Live,Accessories,4.0,bad enter sea occur make since learn represent,Amazon,2024-01-31,-0.5423,general_issue,0.55192
Samsung Galaxy Tab A8,Smartphone,5.0,excellent,Flipkart,2022-07-30,0.5719,none,0.06
Samsung Galaxy M14,Smartphone,5.0,worth it past minute something east blue radio citizen,Flipkart,2024-11-22,0.2263,none,0.06
Samsung Galaxy M34,Smartphone,3.0,waste of money better already religious turn democratic positive,Amazon,2022-09-13,0.5719,software,0.41
Samsung Charger 25W,Accessories,5.0,excellent able where well firm news would marriage kitchen,Flipkart,2023-08-07,0.7003,none,0.06
Samsung Galaxy M53,Smartphone,5.0,worth it,Flipkart,2022-06-21,0.2263,none,0.06
Samsung Galaxy M53,Smartphone,3.0,average forget it send issue slow performance,Amazon,2022-11-25,-0.2263,performance,0.5005200000000001
Samsung Buds 2,Accessories,1.0,excellent down left how part issue slow performance,Amazon,2023-07-13,0.5719,performance,0.56
Samsung Galaxy Tab A8,Smartphone,3.0,bad issue camera quality is poor,Amazon,2024-07-09,-0.765,camera,0.7160000000000002
Samsung Galaxy S22,Smartphone,5.0,not great,Flipkart,2024-11-17,-0.5096,none,0.26384
Samsung Galaxy M53,Smartphone,3.0,not great issue camera quality is poor,Amazon,2022-10-29,-0.7502,camera,0.71008
Samsung Galaxy A14,Smartphone,4.0,worth it color end laugh quite,Amazon,2024-06-14,0.6705,software,0.335
Samsung Buds Live,Accessories,3.0,not great card young eye agency at center teach,Flipkart,2022-07-07,-0.5096,none,0.41384
Samsung Galaxy A34,Smartphone,5.0,bad me maintain finally war hair,Flipkart,2023-03-31,-0.8126,general_issue,0.58504
Samsung Galaxy M14,Smartphone,3.0,not great ago life upon relate special,Flipkart,2024-07-12,-0.1516,battery,0.47064
Samsung Galaxy A14,Smartphone,1.0,waste of money why present billion human your remain issue overheating issue,Flipkart,2023-12-17,-0.4215,heating,0.7286000000000001
Samsung Galaxy Book 2,Smartphone,3.0,good relate ok parent money would,Amazon,2022-02-24,0.6249,none,0.21
Samsung Galaxy Tab A8,Smartphone,4.0,excellent difficult force magazine skin difficult hour either born,Flipkart,2024-04-29,-0.0772,none,0.16588
Samsung Buds Live,Accessories,4.0,excellent however attack sport unit center identify a,Amazon,2022-04-20,0.1531,none,0.135
Samsung Galaxy S23,Smartphone,1.0,waste of money drop should treatment since successful issue battery draining fast,Amazon,2024-03-22,-0.0258,battery,0.5703199999999999
Samsung Galaxy A54,Smartphone,4.0,bad art employee lead process,Flipkart,2024-10-25,-0.5423,general_issue,0.55192
Samsung Galaxy S22,Smartphone,5.0,worth it throughout bring production style,Flipkart,2024-02-05,0.2263,none,0.06
Samsung Buds Live,Accessories,5.0,waste of money product history performance minute bed be trouble,Flipkart,2023-04-28,-0.6705,general_issue,0.5282
Samsung Galaxy Book 3,Smartphone,4.0,bad example simple rest art other south protect,Flipkart,2024-03-01,-0.2263,general_issue,0.42552
Samsung Galaxy Book 3,Smartphone,4.0,waste of money finish everyone source impact play subject investment,Amazon,2022-06-17,-0.1027,general_issue,0.37608
Samsung Charger 25W,Accessories,5.0,not great impact score above enter door,Flipkart,2024-02-07,-0.5096,none,0.26384
Samsung Galaxy A14,Smartphone,2.0,worth it effort beautiful from yet onto threat style issue camera quality is poor,Amazon,2023-04-05,-0.1779,camera,0.55616
Samsung Galaxy S23,Smartphone,5.0,bad mrs lay ask movie,Amazon,2022-02-27,-0.5423,general_issue,0.47692
Samsung Soundbar,Other,2.0,build quality feels premium,Flipkart,2023-10-15,0.0,build_quality,0.485
Samsung Galaxy Watch6,Smartphone,3.0,nice product but a bit overpriced,Amazon,2022-07-22,0.2263,none,0.21
Samsung Galaxy Watch6,Smartphone,3.0,build quality feels premium,Flipkart,2023-11-18,0.0,build_quality,0.41
Samsung Galaxy M14,Smartphone,5.0,worth it teach when debate,Amazon,2022-10-27,0.2263,none,0.06
Samsung Galaxy Book 3,Smartphone,3.0,worth it thank poor mention author marriage bring second thank issue camera quality is poor,Flipkart,2022-10-09,-0.0772,camera,0.44088
Samsung Galaxy A14,Smartphone,5.0,worth it long between feeling,Flipkart,2022-03-20,0.34,none,0.06
Samsung Washing Machine,Other,4.0,performance is topnotch,Amazon,2023-08-11,0.0,none,0.135
Samsung Galaxy Book 3,Smartphone,1.0,waste of money him law president black including determine very issue camera quality is poor,Flipkart,2024-08-25,-0.7096,camera,0.8438400000000001
Samsung Galaxy Book 2,Smartphone,2.0,waste of money collection beat note author,Flipkart,2022-10-12,-0.4215,general_issue,0.6536
Samsung Buds 2,Accessories,4.0,bad guy guy design quality idea,Flipkart,2024-08-18,-0.5423,general_issue,0.55192
Samsung Buds 2,Accessories,4.0,worth it hospital throughout upon trade participant mind occur,Amazon,2024-07-07,0.2263,software,0.335
Samsung Galaxy M34,Smartphone,4.0,not great per meeting look baby team use or knowledge,Amazon,2022-01-11,-0.5096,none,0.33884
Samsung Galaxy Book 3,Smartphone,2.0,worth it relationship deep subject security issue display flickering,Flipkart,2022-06-12,0.5106,display,0.485
Samsung Galaxy S23,Smartphone,2.0,heats up sometimes during heavy usage,Flipkart,2022-02-08,0.0,heating,0.485
Samsung Galaxy A54,Smartphone,2.0,worth it,Flipkart,2023-06-09,0.2263,none,0.285
Samsung Galaxy M53,Smartphone,5.0,not great several speak its find thought expect college campaign,Flipkart,2023-03-18,-0.5096,none,0.26384
Samsung Charger 25W,Accessories,5.0,average let keep brother,Flipkart,2022-11-03,0.0,none,0.06
Samsung Buds Live,Accessories,4.0,bad agency yes social evidence a concern,Flipkart,2024-12-16,-0.2023,general_issue,0.41592
Samsung Galaxy Tab S7 FE,Smartphone,4.0,good language kitchen specific above tell relationship fact,Amazon,2024-05-16,0.4404,none,0.135
Samsung Galaxy M14,Smartphone,4.0,bad eat beautiful account or,Flipkart,2022-08-16,0.1027,general_issue,0.335
Samsung Galaxy A14,Smartphone,4.0,worth it write believe policy billion life,Amazon,2023-08-14,0.2263,battery,0.335
Samsung Charger 25W,Accessories,1.0,bad party before home task blue could issue slow performance,Amazon,2023-05-02,-0.2023,performance,0.6409199999999999
Samsung Galaxy Tab A8,Smartphone,4.0,bad writer hold yard responsibility example some,Flipkart,2023-09-09,-0.5423,general_issue,0.55192
Samsung Galaxy A34,Smartphone,4.0,not great face bit for,Amazon,2022-09-07,-0.5096,none,0.33884
Samsung Galaxy S23,Smartphone,2.0,excellent pattern determine south character figure media consumer issue display flickering,Amazon,2022-04-08,0.5719,display,0.485
Samsung Galaxy S23,Smartphone,3.0,amazing display quality,Amazon,2023-05-04,0.5859,display,0.41
Samsung Refrigerator,Other,1.0,battery life could be better,Amazon,2024-05-09,0.4404,battery,0.56
Samsung Galaxy M14,Smartphone,5.0,average simple audience degree choose their simple forward finally,Amazon,2024-07-25,0.0,software,0.26
Samsung Galaxy S22,Smartphone,3.0,worth it traditional easy be at speak son issue battery draining fast,Amazon,2022-05-09,0.5859,battery,0.41
Samsung Galaxy Tab A8,Smartphone,3.0,bad man final still money issue camera quality is poor,Amazon,2022-08-16,-0.765,camera,0.7160000000000002
Samsung Buds Live,Accessories,3.0,worth it issue battery draining fast,Amazon,2024-10-20,0.2263,battery,0.41
Samsung Galaxy Book 2,Smartphone,5.0,worth it church anything authority these ok coach lot,Flipkart,2022-02-03,0.5267,none,0.06
Samsung Galaxy M34,Smartphone,4.0,worth it million material trip star than,Flipkart,2024-11-21,0.2263,build_quality,0.335
Samsung Galaxy M53,Smartphone,5.0,bad,Amazon,2023-05-11,-0.5423,general_issue,0.47692
Samsung Charger 25W,Accessories,2.0,bad too hair would center issue camera quality is poor,Flipkart,2022-10-22,-0.765,camera,0.7910000000000001
Samsung Galaxy Book 2,Smartphone,5.0,not great white some remain and better,Flipkart,2023-08-20,-0.1012,none,0.10048
Samsung Galaxy A54,Smartphone,3.0,not great leg major street remember success range issue battery draining fast,Flipkart,2024-05-29,0.1043,battery,0.41
Samsung Galaxy Tab S7 FE,Smartphone,4.0,waste of money tell customer few form finish,Amazon,2022-01-04,-0.4215,general_issue,0.5036
Samsung Galaxy A54,Smartphone,2.0,not great card relate whether help military,Flipkart,2023-12-24,-0.1516,none,0.34564
Samsung Charger 25W,Accessories,3.0,worth it issue slow performance,Flipkart,2023-05-08,0.2263,performance,0.41
Samsung Galaxy Book 2,Smartphone,5.0,bad,Amazon,2024-05-03,-0.5423,general_issue,0.47692
Samsung Galaxy A14,Smartphone,3.0,waste of money chair between food walk film force few audience,Amazon,2023-01-19,-0.4215,general_issue,0.5786
Samsung Buds 2,Accessories,3.0,bad nor dinner summer lead factor maybe,Amazon,2022-06-25,-0.5423,general_issue,0.6269200000000001
Samsung Galaxy S22,Smartphone,4.0,good collection base what live conference,Amazon,2024-12-08,0.4404,none,0.135
Samsung Galaxy M14,Smartphone,4.0,not great list country heart time loss win inside article,Amazon,2024-01-09,-0.2008,software,0.41532
Samsung QLED TV,TV,5.0,good for basic usage,Flipkart,2022-05-19,0.4404,none,0.06
Samsung Galaxy M14,Smartphone,4.0,bad,Flipkart,2024-12-13,-0.5423,general_issue,0.55192
Samsung Galaxy M14,Smartphone,4.0,excellent after fund during claim ask,Amazon,2024-11-05,0.5719,none,0.135
Samsung Galaxy S21 FE,Smartphone,1.0,good movie meet can occur across whether issue battery draining fast,Amazon,2024-11-05,0.4404,battery,0.56
Samsung Galaxy A14,Smartphone,5.0,average edge believe seat set into,Amazon,2022-02-11,0.0,none,0.06
Samsung Galaxy S22,Smartphone,4.0,worth it opportunity talk nation recent party its,Flipkart,2024-03-10,0.7506,none,0.135
Samsung Galaxy Tab A8,Smartphone,4.0,average player training candidate hit finally long know,Amazon,2024-08-20,0.0,none,0.135
Samsung Galaxy Book 3,Smartphone,2.0,bad pick environmental cut last strategy,Flipkart,2022-03-31,-0.6808,general_issue,0.75732
Samsung Galaxy M53,Smartphone,4.0,not great young leave including heart chance star world organization,Flipkart,2024-03-03,-0.2837,none,0.24848
Samsung Galaxy M14,Smartphone,4.0,good area employee popular image chair strategy democrat defense,Flipkart,2024-02-04,0.7351,none,0.135
Samsung Galaxy M53,Smartphone,3.0,waste of money involve office establish especially issue slow performance,Flipkart,2023-06-04,-0.4215,performance,0.5786
Samsung Galaxy A54,Smartphone,4.0,not great yet more one sure charge feel it,Amazon,2022-02-03,-0.1817,battery,0.40768
Samsung Charger 25W,Accessories,4.0,worth it movement address guy issue article until former,Amazon,2024-01-02,0.2263,none,0.135
Samsung Galaxy M34,Smartphone,5.0,worth it paper best standard,Flipkart,2022-05-19,0.7269,none,0.06
Samsung Galaxy Tab S7 FE,Smartphone,5.0,waste of money trial almost try drop color itself,Amazon,2023-12-08,-0.5606,software,0.48424
Samsung Galaxy A34,Smartphone,3.0,worth it necessary single professional admit high surface son individual issue battery draining fast,Amazon,2023-05-09,0.4019,battery,0.41
Samsung Galaxy S23,Smartphone,3.0,not great staff college hour audience thought whom factor in issue slow performance,Flipkart,2022-08-01,-0.5096,performance,0.6138400000000002
Samsung Galaxy M53,Smartphone,1.0,waste of money support what foot director issue camera quality is poor,Amazon,2023-11-12,-0.4939,camera,0.75756
Samsung Galaxy Tab S7 FE,Smartphone,1.0,good involve material toward movie base final off issue display flickering,Flipkart,2022-10-01,0.4404,display,0.56
Samsung Galaxy S23,Smartphone,4.0,not great than most fact fall certain,Flipkart,2022-04-01,-0.2336,software,0.42844
Samsung Galaxy M53,Smartphone,4.0,average information to skill whose hour attention total,Flipkart,2023-12-23,0.0,software,0.335
Samsung Galaxy Tab S7 FE,Smartphone,4.0,not great eight up any support,Amazon,2023-11-25,-0.1516,none,0.19564
Samsung Charger 25W,Accessories,2.0,not great write develop hair live issue display flickering,Flipkart,2022-12-25,-0.5096,display,0.6888400000000001
Samsung Galaxy S22,Smartphone,5.0,not great suggest customer street about read early challenge,Amazon,2024-08-09,-0.4577,none,0.24308
Samsung Galaxy S23,Smartphone,4.0,good few fact truth concern,Flipkart,2024-09-07,0.6369,none,0.135
Samsung Galaxy M53,Smartphone,4.0,bad suffer land view half,Amazon,2023-01-09,-0.7906,general_issue,0.65124
Samsung Galaxy S21 FE,Smartphone,3.0,average interview smile issue between issue camera quality is poor,Amazon,2022-10-04,-0.1531,camera,0.47124
Samsung Galaxy M34,Smartphone,1.0,worth it air keep letter issue slow performance,Flipkart,2022-05-10,0.2263,performance,0.56
Samsung Galaxy Tab S7 FE,Smartphone,3.0,excellent issue battery draining fast,Flipkart,2024-07-26,0.5719,battery,0.41
Samsung Buds 2,Accessories,1.0,excellent shoulder recognize relate to issue slow performance,Flipkart,2022-03-17,0.5719,performance,0.56
Samsung Buds 2,Accessories,4.0,average physical behavior spend less role security,Flipkart,2023-08-24,0.2782,none,0.135
Samsung QLED TV,TV,3.0,nice product but a bit overpriced,Flipkart,2023-02-17,0.2263,none,0.21
Samsung Galaxy A14,Smartphone,4.0,average success behavior result its training,Amazon,2022-03-31,0.5719,none,0.135
Samsung Galaxy S22,Smartphone,4.0,excellent will end together professional,Flipkart,2023-02-13,0.5719,none,0.135
Samsung Galaxy S21 FE,Smartphone,4.0,average while serious clearly scientist movie,Flipkart,2022-03-27,0.34,none,0.135
Samsung Galaxy Tab A8,Smartphone,5.0,average thing could apply yeah ok quickly,Flipkart,2023-10-09,0.5267,software,0.26
Samsung Galaxy Tab A8,Smartphone,3.0,average issue overheating issue,Flipkart,2023-09-28,0.0,heating,0.41
Samsung Galaxy Book 3,Smartphone,2.0,excellent move stuff foreign worker strong,Amazon,2024-11-21,0.7906,none,0.285
Samsung Galaxy Tab A8,Smartphone,3.0,excellent job owner choice report road save issue camera quality is poor,Amazon,2024-03-26,0.5859,camera,0.41
Samsung Galaxy Book 2,Smartphone,4.0,good low technology fund ok front despite,Amazon,2024-08-27,0.4588,none,0.135
Samsung Buds 2,Accessories,4.0,worth it against majority stuff lot fact,Flipkart,2023-06-03,0.2263,none,0.135
Samsung Galaxy A14,Smartphone,2.0,average phone task work place sort commercial,Flipkart,2022-03-16,0.0,none,0.285
Samsung Galaxy Watch6,Smartphone,5.0,very durable and reliable,Flipkart,2023-01-27,0.0,none,0.06
Samsung Galaxy S22,Smartphone,4.0,average specific head life by level,Flipkart,2023-08-09,0.0,battery,0.335
Samsung Galaxy A14,Smartphone,5.0,bad me personal to improve study product,Flipkart,2024-01-02,-0.1531,general_issue,0.32124
Samsung Galaxy M34,Smartphone,5.0,good operation never late agree which class resource,Amazon,2022-04-08,0.1999,none,0.06
Samsung Galaxy A34,Smartphone,4.0,good shake cover factor brother outside physical especially,Flipkart,2023-11-11,0.296,none,0.135
Samsung Galaxy S21 FE,Smartphone,4.0,good rule will able major commercial especially wish today,Amazon,2023-07-14,0.7089,none,0.135
Samsung Galaxy M14,Smartphone,4.0,waste of money stop put lead crime trouble,Flipkart,2022-09-12,-0.8807,general_issue,0.6872800000000001
Samsung Galaxy S22,Smartphone,4.0,excellent since hot wide pay activity no into,Flipkart,2024-01-24,0.2732,heating,0.335
Samsung Buds Live,Accessories,4.0,average firm hope most hear west information nearly,Flipkart,2024-06-13,0.4404,software,0.335
Samsung Galaxy A14,Smartphone,3.0,not great side phone once budget issue display flickering,Amazon,2024-03-30,-0.5096,display,0.6138400000000002
Samsung Galaxy Book 2,Smartphone,4.0,excellent remember congress back as whom fly add raise,Amazon,2024-06-19,0.5719,none,0.135
Samsung Buds 2,Accessories,3.0,not great white manager center current issue battery draining fast,Flipkart,2024-03-02,-0.5096,battery,0.6138400000000002
Samsung Galaxy A54,Smartphone,3.0,bad my will able stop issue overheating issue,Flipkart,2023-11-26,-0.6908,heating,0.68632
Samsung Galaxy S23,Smartphone,5.0,worth it end unit language,Flipkart,2023-01-18,0.2263,none,0.06
Samsung Galaxy M14,Smartphone,4.0,average,Amazon,2024-10-13,0.0,none,0.135
Samsung Galaxy Book 2,Smartphone,3.0,good old personal resource,Amazon,2024-10-15,0.4404,none,0.21
Samsung Galaxy M14,Smartphone,4.0,bad college according crime true player positive,Amazon,2024-01-23,-0.1531,software,0.39624
Samsung Galaxy S23,Smartphone,3.0,not worth the price,Flipkart,2024-11-29,-0.1695,none,0.2778
Samsung Buds Live,Accessories,3.0,worth it find body either water analysis issue slow performance,Amazon,2023-07-01,0.2263,performance,0.41
Samsung Galaxy Book 3,Smartphone,5.0,good pull join treat commercial,Flipkart,2022-06-19,0.7783,none,0.06
Samsung Galaxy M53,Smartphone,5.0,worth it medical few yourself whatever security order grow first,Amazon,2024-05-19,0.5106,none,0.06
Samsung Galaxy M34,Smartphone,5.0,waste of money yard face group,Flipkart,2022-06-11,-0.4215,general_issue,0.4286
Samsung Galaxy Book 2,Smartphone,4.0,excellent hear hundred five inside nation social matter,Flipkart,2024-05-31,0.5859,none,0.135
Samsung Galaxy M53,Smartphone,4.0,bad dinner even agent improve,Flipkart,2023-01-05,-0.1531,general_issue,0.39624
Samsung Charger 25W,Accessories,4.0,not great local everyone lot less win smile price avoid,Flipkart,2023-08-25,0.0605,none,0.135
Samsung Galaxy A34,Smartphone,4.0,worth it walk hotel include join fact do,Amazon,2023-10-20,0.4767,heating,0.335
Samsung Galaxy A14,Smartphone,5.0,not great themselves guess training painting memory nor road,Amazon,2022-07-30,-0.5096,none,0.26384
Samsung Charger 25W,Accessories,5.0,average door their performance personal somebody,Amazon,2022-06-13,0.0,none,0.06
Samsung Galaxy M14,Smartphone,4.0,average series speak stock cup mean,Flipkart,2023-11-03,0.0,none,0.135
Samsung Galaxy M14,Smartphone,1.0,average able when magazine well issue overheating issue,Flipkart,2023-08-29,0.2732,heating,0.56
Samsung Galaxy Book 2,Smartphone,4.0,not great interview alone family occur should next power,Flipkart,2023-09-20,-0.3724,battery,0.48396
Samsung Galaxy S22,Smartphone,3.0,nice product but a bit overpriced,Flipkart,2024-07-02,0.2263,none,0.21
Samsung Galaxy M53,Smartphone,4.0,waste of money father measure rate color beautiful wrong,Amazon,2024-05-22,-0.25,general_issue,0.435
Samsung Galaxy A54,Smartphone,4.0,excellent stuff gun probably size man involve,Flipkart,2022-12-08,0.3182,none,0.135
Samsung Galaxy M14,Smartphone,3.0,bad door attorney manager kid issue charging problem,Amazon,2024-06-28,-0.7351,battery,0.70404
Samsung Galaxy M34,Smartphone,4.0,excellent,Amazon,2023-12-21,0.5719,none,0.135
Samsung Galaxy S23,Smartphone,3.0,not great very course happen break general decade gas issue camera quality is poor,Flipkart,2024-07-04,-0.7502,camera,0.71008
Samsung Buds 2,Accessories,3.0,good issue overheating issue,Amazon,2022-03-28,0.4404,heating,0.41
Samsung Galaxy A14,Smartphone,5.0,worth it soldier little alone exactly certainly,Flipkart,2023-12-24,0.3246,none,0.06
Samsung Crystal UHD TV,TV,1.0,not worth the price,Flipkart,2024-06-09,-0.1695,none,0.4278
Samsung Galaxy Z Fold5,Smartphone,2.0,highly recommend to others,Amazon,2023-07-17,0.4201,none,0.285
Samsung Galaxy S21 FE,Smartphone,2.0,not great foreign general nation radio pattern month issue display flickering,Amazon,2022-04-28,-0.5096,display,0.6888400000000001
Samsung Galaxy S21 FE,Smartphone,3.0,worth it issue camera quality is poor,Flipkart,2022-06-03,-0.296,camera,0.5284
Samsung Galaxy Tab A8,Smartphone,4.0,bad fear another recently book course event,Flipkart,2024-04-11,-0.7717,general_issue,0.64368
Samsung Galaxy M34,Smartphone,3.0,excellent summer within military since exactly need even,Amazon,2024-01-15,0.5719,none,0.21
Samsung Galaxy Book 3,Smartphone,3.0,excellent product base guess spend pull still issue camera quality is poor,Amazon,2024-11-16,0.1531,camera,0.41
Samsung Buds 2,Accessories,4.0,worth it successful table arm speak,Flipkart,2022-11-24,0.6908,none,0.135
Samsung Galaxy Book 3,Smartphone,4.0,worth it entire involve dream,Flipkart,2022-03-05,0.4404,none,0.135
Samsung Galaxy S22,Smartphone,2.0,worth it himself prevent operation within attorney end issue charging problem,Amazon,2022-10-20,-0.1779,battery,0.55616
Samsung Galaxy Book 3,Smartphone,2.0,excellent main design challenge once issue display flickering,Amazon,2024-06-16,0.6124,display,0.485
Samsung Galaxy S22,Smartphone,4.0,waste of money painting letter president reach opportunity give goal,Flipkart,2022-03-13,0.0258,general_issue,0.335
Samsung Galaxy A34,Smartphone,5.0,waste of money likely everything agent democratic key onto,Flipkart,2022-09-16,-0.4215,general_issue,0.4286
Samsung Galaxy A34,Smartphone,3.0,bad agent resource feeling third hold age both,Amazon,2022-05-18,-0.4588,general_issue,0.59352
Samsung Galaxy Book 2,Smartphone,4.0,bad behind look wrong new where story,Flipkart,2023-04-29,-0.765,general_issue,0.641
Samsung Buds Live,Accessories,4.0,bad by or glass thought,Flipkart,2024-01-21,-0.5423,general_issue,0.55192
Samsung Galaxy Tab A8,Smartphone,4.0,not great mrs range quickly product front,Amazon,2024-01-12,-0.5096,software,0.53884
Samsung Galaxy S21 FE,Smartphone,5.0,waste of money show short discuss politics,Flipkart,2024-02-24,-0.4215,general_issue,0.4286
Samsung Buds 2,Accessories,2.0,good say though old issue battery draining fast,Amazon,2022-03-08,0.4404,battery,0.485
Samsung Galaxy S23,Smartphone,3.0,not great nature certain likely imagine issue display flickering,Amazon,2022-11-11,-0.6259,display,0.6603600000000001
Samsung Galaxy M53,Smartphone,2.0,good,Flipkart,2024-07-10,0.4404,none,0.285
Samsung Galaxy M34,Smartphone,1.0,not great issue display flickering,Amazon,2024-01-30,-0.5096,display,0.7638400000000001
Samsung Buds 2,Accessories,1.0,average appear speak action ready wide list pull issue battery draining fast,Amazon,2024-02-01,0.3612,battery,0.56
Samsung Galaxy S23,Smartphone,1.0,average interest enter give take country third issue slow performance,Amazon,2024-06-28,0.4588,performance,0.56
Samsung Galaxy M14,Smartphone,4.0,excellent nice now church direction against article fish bed,Amazon,2022-06-07,0.7579,none,0.135
Samsung Galaxy A54,Smartphone,5.0,waste of money performance pattern nation blue avoid claim plan,Flipkart,2022-10-09,-0.6124,general_issue,0.5049600000000001
Samsung Galaxy Tab S7 FE,Smartphone,3.0,average director garden herself tv outside manager,Amazon,2024-12-20,0.0,none,0.21
Samsung Galaxy S21 FE,Smartphone,3.0,good far evening weight article issue battery draining fast,Flipkart,2024-01-22,0.4404,battery,0.41
Samsung Galaxy S23,Smartphone,3.0,not great need more itself majority bill parent,Amazon,2024-03-26,-0.5096,none,0.41384
Samsung Galaxy S23,Smartphone,1.0,waste of money issue charging problem,Amazon,2023-10-06,-0.6705,battery,0.8282
Samsung Galaxy Book 3,Smartphone,3.0,bad issue camera quality is poor,Amazon,2023-07-25,-0.765,camera,0.7160000000000002
Samsung Galaxy M34,Smartphone,4.0,bad position hospital important,Amazon,2023-05-27,-0.4019,software,0.49576
Samsung Galaxy A54,Smartphone,4.0,good third hand animal despite,Amazon,2022-08-21,0.7269,none,0.135
Samsung Buds 2,Accessories,4.0,bad this character few personal everything,Flipkart,2022-02-23,-0.5423,general_issue,0.55192
Samsung Buds 2,Accessories,1.0,waste of money issue camera quality is poor,Flipkart,2023-01-17,-0.7096,camera,0.8438400000000001
Samsung Galaxy M14,Smartphone,3.0,excellent animal city remain issue display flickering,Amazon,2024-10-19,0.5719,display,0.41
Samsung Galaxy A14,Smartphone,3.0,good issue charging problem,Flipkart,2024-11-26,0.0516,battery,0.41
Samsung Buds Live,Accessories,3.0,excellent nation guess when,Flipkart,2024-03-03,0.5719,none,0.21
Samsung Buds 2,Accessories,4.0,average yeah decision day pull republican southern,Flipkart,2022-08-30,0.296,none,0.135
Samsung Galaxy S22,Smartphone,2.0,bad allow indicate rise discuss,Amazon,2023-06-21,-0.3818,general_issue,0.6377200000000001
Samsung Galaxy Tab S7 FE,Smartphone,2.0,excellent cup move sit such agree issue slow performance,Flipkart,2023-06-18,0.7351,performance,0.485
Samsung Buds Live,Accessories,5.0,good education respond what boy power country almost rate,Amazon,2024-07-02,0.4404,battery,0.26
Samsung Galaxy Tab A8,Smartphone,5.0,bad too center sign explain,Flipkart,2023-03-16,-0.5423,general_issue,0.47692
Samsung Charger 25W,Accessories,5.0,excellent law discussion just thing some through community,Flipkart,2023-08-08,0.5719,none,0.06
Samsung Washing Machine,Other,2.0,very durable and reliable,Amazon,2024-10-02,0.0,none,0.285
Samsung Charger 25W,Accessories,5.0,waste of money,Flipkart,2023-02-14,-0.4215,general_issue,0.4286
Samsung Galaxy M14,Smartphone,5.0,bad scientist either air mean building month audience,Flipkart,2022-09-09,-0.5423,build_quality,0.47692
Samsung Charger 25W,Accessories,3.0,worth it mother decade player national evidence industry court score,Amazon,2022-10-05,0.2263,none,0.21
Samsung Galaxy A34,Smartphone,5.0,worth it draw future today organization high,Flipkart,2022-06-01,0.2263,none,0.06
Samsung Buds 2,Accessories,4.0,average policy subject manage game our,Flipkart,2024-07-14,0.0,none,0.135
Samsung Galaxy M53,Smartphone,4.0,worth it glass avoid green team fly social,Flipkart,2022-12-20,-0.0772,none,0.16588
Samsung Galaxy A14,Smartphone,3.0,excellent per front paper perhaps issue camera quality is poor,Amazon,2024-06-30,0.1531,camera,0.41
Samsung Charger 25W,Accessories,3.0,excellent there when form church chance social local head issue overheating issue,Flipkart,2022-06-29,0.6908,heating,0.41
Samsung QLED TV,TV,2.0,battery life could be better,Amazon,2023-10-17,0.4404,battery,0.485
Samsung Galaxy A54,Smartphone,5.0,worth it day newspaper just discuss account,Amazon,2023-12-13,0.2263,none,0.06
Samsung Galaxy M53,Smartphone,3.0,excellent cell left seem realize others issue display flickering,Amazon,2022-05-13,0.5719,display,0.41
Samsung Galaxy A14,Smartphone,3.0,bad it describe at responsibility figure,Amazon,2023-08-18,-0.5423,general_issue,0.6269200000000001
Samsung Galaxy Tab A8,Smartphone,3.0,worth it get check them gas,Amazon,2023-09-07,0.2263,none,0.21
Samsung Galaxy Book 2,Smartphone,2.0,excellent issue overheating issue,Flipkart,2022-11-19,0.5719,heating,0.485
Samsung Galaxy M14,Smartphone,4.0,good score try old eat option more gas,Amazon,2022-12-23,0.4404,none,0.135
Samsung Buds 2,Accessories,5.0,excellent doctor agent friend attorney very keep,Flipkart,2024-01-11,0.7845,none,0.06
Samsung Galaxy M34,Smartphone,4.0,not great service last under product all color easy national,Flipkart,2024-11-07,-0.1012,none,0.17548
Samsung Galaxy A54,Smartphone,3.0,waste of money level beautiful save news wish when,Flipkart,2023-04-05,0.7906,general_issue,0.41
Samsung Galaxy S23,Smartphone,4.0,good bill key small record instead detail,Amazon,2022-09-06,0.4404,none,0.135
Samsung Galaxy A54,Smartphone,3.0,bad own hospital no lay per issue slow performance,Amazon,2023-02-16,-0.6908,performance,0.68632
Samsung Galaxy A14,Smartphone,5.0,good song market house sister then,Flipkart,2022-10-12,0.4404,none,0.06
Samsung Galaxy M53,Smartphone,5.0,waste of money north production art word can,Flipkart,2023-04-30,-0.4215,general_issue,0.4286
Samsung Galaxy M14,Smartphone,5.0,good know society now understand ever,Amazon,2024-10-08,0.4404,none,0.06
Samsung Galaxy Tab A8,Smartphone,5.0,bad church plan expect piece letter,Amazon,2022-02-23,-0.5423,general_issue,0.47692
Samsung Galaxy S23,Smartphone,1.0,bad front catch seem glass just make issue display flickering,Amazon,2024-01-10,-0.5423,display,0.77692
Samsung Galaxy S23,Smartphone,2.0,good recent under relate over blood,Amazon,2024-01-26,0.4404,none,0.285
Samsung Galaxy Book 2,Smartphone,2.0,waste of money difficult final be whose human fill north issue camera quality is poor,Amazon,2024-08-15,-0.8126,camera,0.8100400000000001
Samsung Galaxy A34,Smartphone,2.0,average issue charging problem,Amazon,2022-09-23,-0.4019,battery,0.6457600000000001
Samsung Galaxy S21 FE,Smartphone,3.0,waste of money mother reveal within drop,Flipkart,2022-06-26,-0.5994,general_issue,0.6497600000000001
Samsung Galaxy M34,Smartphone,3.0,waste of money three specific worry seat whom issue slow performance,Flipkart,2022-05-15,-0.6908,performance,0.68632
Samsung Charger 25W,Accessories,4.0,bad glass occur development light mission,Amazon,2023-09-26,-0.5423,general_issue,0.55192
Samsung Galaxy S21 FE,Smartphone,4.0,not great oil cold office although evidence sea,Flipkart,2024-03-26,-0.5096,none,0.33884
Samsung Buds Live,Accessories,2.0,bad quickly check between image feel all economy issue display flickering,Amazon,2024-09-07,-0.5423,display,0.7019200000000001
Samsung Air Conditioner,Other,1.0,amazing display quality,Amazon,2024-12-12,0.5859,display,0.56
Samsung Galaxy A54,Smartphone,4.0,waste of money ball fish participant his computer late,Amazon,2024-04-21,-0.4215,general_issue,0.5036
Samsung Galaxy A14,Smartphone,3.0,not great security company doctor item everyone issue charging problem,Flipkart,2024-04-18,-0.7923,battery,0.72692
Samsung Charger 25W,Accessories,4.0,not great southern summer chair trade right,Amazon,2022-06-01,-0.5096,none,0.33884
Samsung Galaxy Tab A8,Smartphone,4.0,worth it,Amazon,2022-09-14,0.2263,none,0.135
Samsung Buds 2,Accessories,5.0,waste of money still season model along evening society so west,Flipkart,2023-10-12,-0.4215,general_issue,0.4286
Samsung Galaxy S22,Smartphone,2.0,excellent issue charging problem,Amazon,2022-06-01,0.25,battery,0.485
Samsung Galaxy Tab S7 FE,Smartphone,4.0,average force speak wall item money you,Flipkart,2024-07-10,0.0,none,0.135
Samsung Galaxy S22,Smartphone,5.0,average floor until which system message model food,Flipkart,2024-08-12,0.0,none,0.06
Samsung Buds 2,Accessories,3.0,waste of money hit force goal heart tv likely congress,Flipkart,2024-11-25,-0.4215,general_issue,0.5786
Samsung Galaxy A34,Smartphone,5.0,excellent sure year off low,Amazon,2023-12-07,0.5994,none,0.06
Samsung Buds Live,Accessories,3.0,average issue charging problem,Flipkart,2022-09-20,-0.4019,battery,0.5707600000000002
Samsung Galaxy Book 3,Smartphone,5.0,bad family voice smile lose party room,Flipkart,2023-01-08,-0.25,software,0.36
Samsung Galaxy M34,Smartphone,5.0,waste of money concern enough simple painting book miss end message,Amazon,2022-09-22,-0.5267,general_issue,0.47068
Samsung Crystal UHD TV,TV,1.0,not worth the price,Amazon,2024-06-05,-0.1695,none,0.4278
Samsung Galaxy M14,Smartphone,1.0,bad capital cultural participant recent just issue overheating issue,Flipkart,2024-10-26,-0.5423,heating,0.77692
Samsung Galaxy A34,Smartphone,3.0,good nature about congress fine follow buy choose issue display flickering,Amazon,2022-04-24,0.5719,display,0.41
Samsung Galaxy Book 3,Smartphone,3.0,waste of money,Amazon,2022-09-12,-0.4215,general_issue,0.5786
Samsung Galaxy Tab A8,Smartphone,4.0,waste of money ability child bed story morning middle toward several,Amazon,2024-11-27,-0.128,general_issue,0.3862
Samsung Galaxy Book 2,Smartphone,4.0,not great design food you recognize discuss only seat rest,Amazon,2022-11-10,-0.5096,none,0.33884
Samsung Galaxy A34,Smartphone,5.0,bad wear job probably thousand traditional item,Amazon,2023-09-15,-0.5423,general_issue,0.47692
Samsung Galaxy Book 2,Smartphone,4.0,bad send human along section act about while resource,Flipkart,2022-12-04,-0.5423,general_issue,0.55192
Samsung Charger 25W,Accessories,4.0,waste of money contain yeah discussion one follow kitchen maintain,Amazon,2022-11-28,-0.1531,general_issue,0.39624
Samsung Galaxy A14,Smartphone,1.0,waste of money issue overheating issue,Amazon,2023-10-23,-0.4215,heating,0.7286000000000001
Samsung Galaxy Tab S7 FE,Smartphone,2.0,waste of money sound happen church mother trip education fund,Amazon,2023-04-07,-0.4215,sound,0.6536
Samsung Galaxy A54,Smartphone,2.0,delivery was delayed but the product is great,Flipkart,2023-12-10,0.7351,performance,0.485
Samsung Galaxy Watch6,Smartphone,4.0,very userfriendly interface,Flipkart,2024-11-28,0.0,software,0.335
Samsung Buds 2,Accessories,5.0,average account not consider really she well several,Amazon,2023-08-05,0.3353,none,0.06
Samsung Buds Live,Accessories,5.0,not great citizen onto former these threat official,Flipkart,2022-06-11,-0.7713,none,0.36852
Samsung Galaxy Tab S7 FE,Smartphone,4.0,not great,Flipkart,2023-05-29,-0.5096,none,0.33884
Samsung Buds 2,Accessories,4.0,average same high a machine somebody,Amazon,2023-02-07,0.0,none,0.135
Samsung Buds Live,Accessories,4.0,excellent city wish design former class about surface pay,Amazon,2023-07-17,0.7184,none,0.135
Samsung Galaxy M53,Smartphone,5.0,waste of money against hand various figure house live,Amazon,2022-09-14,0.1027,general_issue,0.26
Samsung Galaxy S21 FE,Smartphone,2.0,average ground bank understand tend picture past issue camera quality is poor,Amazon,2023-09-13,-0.4767,camera,0.6756800000000001
Samsung Galaxy S22,Smartphone,4.0,excellent return challenge they,Flipkart,2024-12-28,0.6124,none,0.135
Samsung Galaxy M34,Smartphone,3.0,bad collection current clear sit during case top,Amazon,2022-07-11,-0.0258,general_issue,0.4203199999999999
Samsung Galaxy A54,Smartphone,5.0,worth it husband large prove,Amazon,2024-10-26,0.2263,none,0.06
Samsung Buds 2,Accessories,3.0,average,Flipkart,2022-12-12,0.0,none,0.21
Samsung Galaxy M14,Smartphone,4.0,average carry enjoy before,Amazon,2022-11-12,0.4939,none,0.135
Samsung Galaxy Book 2,Smartphone,5.0,worth it claim such say discover live rate wall,Flipkart,2022-12-17,0.2263,none,0.06
Samsung Galaxy A34,Smartphone,4.0,excellent main fine take on event down,Amazon,2023-11-23,0.6705,none,0.135
Samsung Galaxy S23,Smartphone,4.0,performance is topnotch,Amazon,2022-03-26,0.0,none,0.135
Samsung Galaxy S22,Smartphone,5.0,excellent sell although move effect owner hair free cup,Amazon,2022-02-28,0.7906,none,0.06
Samsung Galaxy Book 3,Smartphone,4.0,bad tough administration energy way ability add body,Flipkart,2022-06-16,-0.1531,general_issue,0.39624
Samsung Galaxy S23,Smartphone,2.0,love the camera quality,Amazon,2022-04-04,0.6369,camera,0.485
Samsung Galaxy S23,Smartphone,4.0,very userfriendly interface,Amazon,2023-06-27,0.0,software,0.335
Samsung Buds 2,Accessories,4.0,bad strategy trade size week,Amazon,2023-03-08,-0.5423,general_issue,0.55192
Samsung Galaxy M34,Smartphone,4.0,bad world individual current next us,Flipkart,2024-05-03,-0.5423,general_issue,0.55192
Samsung Galaxy A54,Smartphone,3.0,good including bar realize determine positive yard issue overheating issue,Flipkart,2022-03-04,0.7579,heating,0.41
Samsung Galaxy S22,Smartphone,4.0,waste of money call blue minute writer,Flipkart,2024-10-16,-0.4215,general_issue,0.5036
Samsung Galaxy S22,Smartphone,5.0,excellent director manager fund even reality value standard,Amazon,2023-08-17,0.7269,none,0.06
Samsung Galaxy S23,Smartphone,5.0,worth it not card stuff question north ready father,Flipkart,2023-09-11,0.5267,none,0.06
Samsung Charger 25W,Accessories,4.0,waste of money vote miss show board,Amazon,2024-09-16,-0.5267,general_issue,0.5456799999999999
Samsung Galaxy A54,Smartphone,2.0,average issue slow performance,Flipkart,2023-05-17,0.0,performance,0.485
Samsung Galaxy S22,Smartphone,1.0,worth it tree government treatment step,Amazon,2024-04-11,0.2263,none,0.36
Samsung Galaxy Tab S7 FE,Smartphone,4.0,not great day prevent pull,Flipkart,2023-09-02,-0.5216,none,0.34364
Samsung Buds 2,Accessories,4.0,good weight inside fear attack wide,Amazon,2024-07-17,-0.5267,none,0.34568
Samsung Galaxy S21 FE,Smartphone,4.0,average population four direction future possible,Flipkart,2022-05-30,0.0,software,0.335
Samsung Galaxy A14,Smartphone,5.0,excellent yet operation true small woman,Flipkart,2022-05-03,0.7579,none,0.06
Samsung QLED TV,TV,4.0,very userfriendly interface,Flipkart,2022-11-20,0.0,software,0.335
Samsung Galaxy Book 3,Smartphone,4.0,average career development record available bit affect will,Flipkart,2024-06-19,0.0,none,0.135
Samsung Buds 2,Accessories,3.0,good hear son hospital rule note table mission issue camera quality is poor,Flipkart,2024-05-01,-0.0516,camera,0.4306399999999999
Samsung Galaxy Book 3,Smartphone,5.0,average tell approach woman white study,Amazon,2024-09-18,0.0,software,0.26
Samsung Galaxy S23,Smartphone,5.0,good our simple law beat,Amazon,2024-08-09,0.4404,none,0.06
Samsung Galaxy S21 FE,Smartphone,4.0,good range read join so toward section oil,Flipkart,2023-02-22,0.6249,none,0.135
Samsung Galaxy Book 3,Smartphone,3.0,not great item feel sea form with issue slow performance,Amazon,2023-11-28,-0.5096,performance,0.6138400000000002
Samsung Galaxy Buds2,Smartphone,1.0,software updates are slow,Flipkart,2022-10-22,0.0,performance,0.56
Samsung Buds Live,Accessories,4.0,average with if new today rock but cost,Amazon,2023-10-03,0.0,software,0.335
Samsung Galaxy S23,Smartphone,5.0,average,Amazon,2023-10-16,0.0,none,0.06
Samsung Galaxy Book 2,Smartphone,5.0,worth it,Flipkart,2023-12-09,0.2263,none,0.06
Samsung Galaxy M14,Smartphone,1.0,good serve fine no,Amazon,2024-03-27,0.3612,none,0.36
Samsung Galaxy M14,Smartphone,3.0,good yourself agency suddenly issue battery draining fast,Amazon,2022-09-25,0.4404,battery,0.41
Samsung Buds Live,Accessories,4.0,good traditional story card several traditional,Flipkart,2024-01-29,0.4404,none,0.135
Samsung Galaxy S23,Smartphone,3.0,excellent rich conference well south single set property,Flipkart,2024-11-20,0.8555,none,0.21
Samsung Galaxy M53,Smartphone,5.0,bad list instead follow,Flipkart,2022-08-06,-0.5423,general_issue,0.47692
Samsung Charger 25W,Accessories,4.0,good single around thousand give ever attention dark,Flipkart,2023-10-16,0.4404,none,0.135
Samsung Galaxy M14,Smartphone,1.0,worth it stage that reflect fear himself green medical issue slow performance,Flipkart,2023-05-11,-0.3182,performance,0.6872800000000001
Samsung Galaxy Book 2,Smartphone,3.0,not great anyone on cultural last compare issue camera quality is poor,Amazon,2024-08-13,-0.7502,camera,0.71008
Samsung Galaxy S22,Smartphone,3.0,performance is topnotch,Flipkart,2022-09-08,0.0,none,0.21
Samsung Buds 2,Accessories,4.0,bad this character few personal everything,Flipkart,2023-07-02,-0.5423,general_issue,0.55192
Samsung Galaxy S23,Smartphone,3.0,not great issue display flickering,Amazon,2024-07-09,-0.5096,display,0.6138400000000002
Samsung Galaxy M34,Smartphone,4.0,bad off better reduce keep,Flipkart,2023-05-23,-0.1531,general_issue,0.39624
Samsung Galaxy S23,Smartphone,4.0,bad mention teach though admit gun democratic kitchen every,Amazon,2022-10-16,-0.6249,general_issue,0.5849600000000001
Samsung Galaxy S22,Smartphone,5.0,average easy take interesting style,Flipkart,2022-07-18,0.6808,none,0.06
Samsung Galaxy M53,Smartphone,4.0,not great to really member part act reach,Amazon,2022-04-14,-0.4929,none,0.33216
Samsung Galaxy S21 FE,Smartphone,4.0,not great small against than approach bad once author,Flipkart,2023-08-18,-0.7779,software,0.6461600000000001
Samsung Galaxy M53,Smartphone,4.0,good throw ball month daughter plant,Flipkart,2024-02-26,0.4404,none,0.135
Samsung Galaxy S22,Smartphone,2.0,waste of money issue camera quality is poor,Amazon,2024-05-06,-0.7096,camera,0.76884
Samsung Galaxy M34,Smartphone,1.0,not great gun rule want hotel issue camera quality is poor,Amazon,2023-05-24,-0.6197,heating,0.8078800000000002
Samsung Galaxy M14,Smartphone,4.0,not great house security near assume member tax build official,Flipkart,2022-11-24,-0.652,build_quality,0.5958000000000001
Samsung Galaxy Tab S7 FE,Smartphone,5.0,bad accept nothing force region card,Flipkart,2023-11-02,-0.2263,general_issue,0.35052
Samsung Buds 2,Accessories,3.0,not great middle describe between admit card issue ability issue charging problem,Flipkart,2023-10-03,-0.4393,battery,0.58572
Samsung Galaxy M34,Smartphone,4.0,excellent cause goal care perform back down,Flipkart,2023-01-24,0.7845,none,0.135
Samsung Buds Live,Accessories,5.0,waste of money anything spring claim road police thought,Amazon,2022-11-23,-0.4215,general_issue,0.4286
Samsung Galaxy M34,Smartphone,4.0,not great grow perform present task front ready democrat,Amazon,2024-10-17,-0.2008,none,0.21532
Samsung Galaxy A34,Smartphone,4.0,average this into scene table loss people future,Flipkart,2024-11-20,-0.3182,software,0.46228
Samsung Galaxy Tab S7 FE,Smartphone,4.0,worth it successful per oil thus town four,Amazon,2024-08-14,0.6908,none,0.135
Samsung Galaxy M34,Smartphone,4.0,bad central admit night might,Amazon,2024-10-18,-0.4019,general_issue,0.49576
Samsung Galaxy Tab S7 FE,Smartphone,5.0,good we customer involve yourself begin,Flipkart,2023-09-24,0.4404,none,0.06
Samsung Galaxy M53,Smartphone,4.0,not great different song consumer culture expert,Amazon,2024-10-15,-0.5096,none,0.33884
Samsung Galaxy M34,Smartphone,3.0,bad issue camera quality is poor,Flipkart,2022-02-17,-0.765,camera,0.7160000000000002
Samsung Galaxy Book 2,Smartphone,4.0,worth it fish hospital rather resource task,Amazon,2022-07-04,0.2263,software,0.335
Samsung Galaxy S22,Smartphone,2.0,good house human some into any,Flipkart,2024-03-16,0.4404,none,0.285
Samsung Galaxy M34,Smartphone,3.0,average service along somebody outside,Flipkart,2024-11-01,0.0,none,0.21
Samsung Buds 2,Accessories,5.0,waste of money myself out may think,Flipkart,2024-07-25,-0.4215,general_issue,0.4286
Samsung Galaxy A14,Smartphone,4.0,worth it report claim growth by son,Flipkart,2023-05-09,0.5423,none,0.135
Samsung Buds 2,Accessories,5.0,worth it try voice section,Amazon,2023-03-17,0.2263,none,0.06
Samsung Galaxy M34,Smartphone,1.0,bad issue overheating issue,Flipkart,2023-12-24,-0.5423,heating,0.77692
Samsung Galaxy M53,Smartphone,4.0,average face less color understand sing level step second,Flipkart,2022-04-10,0.0,none,0.135
Samsung Galaxy A34,Smartphone,1.0,not great sell throw hand rest issue camera quality is poor,Amazon,2022-04-14,-0.4929,camera,0.75716
Samsung Galaxy Tab A8,Smartphone,4.0,bad research campaign cut against,Flipkart,2023-07-31,-0.6808,general_issue,0.6073200000000001
Samsung Galaxy S23,Smartphone,4.0,waste of money final despite cover,Flipkart,2024-10-10,-0.4215,general_issue,0.5036
Samsung Galaxy A14,Smartphone,5.0,bad well turn loss general,Amazon,2024-08-21,-0.5719,software,0.48876
Samsung Charger 25W,Accessories,4.0,good never growth city under,Amazon,2023-08-09,0.1818,none,0.135
Samsung Galaxy Tab S7 FE,Smartphone,4.0,bad contain test any product phone,Flipkart,2022-01-17,-0.5423,general_issue,0.55192
Samsung Buds 2,Accessories,4.0,average quite peace congress off,Amazon,2022-08-09,0.5849,software,0.335
Samsung Buds Live,Accessories,5.0,good training itself focus remain name staff thank cause,Flipkart,2024-06-01,0.6597,camera,0.26
Samsung Galaxy S21 FE,Smartphone,3.0,bad read drop decide issue camera quality is poor,Flipkart,2022-10-02,-0.8271,camera,0.7408400000000002
Samsung Galaxy A34,Smartphone,3.0,bad account born building late issue charging problem,Amazon,2023-06-26,-0.7351,battery,0.70404
Samsung Galaxy S23,Smartphone,1.0,worth it the check stay direction issue overheating issue,Amazon,2024-01-20,0.2263,heating,0.56
Samsung Charger 25W,Accessories,4.0,bad discover avoid life store base election director,Amazon,2024-04-05,-0.6908,battery,0.6113200000000001
Samsung Galaxy Tab S7 FE,Smartphone,4.0,bad building after glass strong official,Flipkart,2024-01-20,-0.0516,build_quality,0.35564
Samsung Galaxy S22,Smartphone,4.0,worth it receive hair despite right,Amazon,2022-04-03,0.2263,none,0.135
Samsung Buds 2,Accessories,4.0,not great technology perform final race respond,Flipkart,2024-03-31,-0.5096,none,0.33884
Samsung Galaxy S21 FE,Smartphone,2.0,worth it,Flipkart,2022-04-15,0.2263,none,0.285
Samsung Galaxy A34,Smartphone,4.0,average laugh test tax chair player despite,Flipkart,2023-02-03,0.5574,none,0.135
Samsung Galaxy S21 FE,Smartphone,5.0,average heavy camera value city real data,Amazon,2024-01-13,0.34,camera,0.26
Samsung Galaxy Tab S7 FE,Smartphone,4.0,average look production make fill happy recent firm,Amazon,2023-08-15,0.5719,software,0.335
Samsung Washing Machine,Other,4.0,amazing display quality,Amazon,2022-05-31,0.5859,display,0.335
Samsung Buds 2,Accessories,1.0,waste of money issue display flickering,Amazon,2024-03-02,-0.4215,display,0.7286000000000001
Samsung Galaxy Tab S7 FE,Smartphone,3.0,waste of money again happen week star friend else issue overheating issue,Flipkart,2024-10-29,0.1027,heating,0.41
Samsung Galaxy Book 3,Smartphone,4.0,average pattern continue you success employee issue mrs under,Flipkart,2024-07-11,0.5719,none,0.135
Samsung Galaxy A14,Smartphone,3.0,bad although impact follow brother available cover,Flipkart,2023-07-27,-0.5423,general_issue,0.6269200000000001
Samsung Galaxy Book 3,Smartphone,5.0,worth it mention least method old contain left campaign,Amazon,2022-09-01,0.2263,none,0.06
Samsung Galaxy Tab S7 FE,Smartphone,4.0,average try let training word mention fund mean,Amazon,2022-09-21,0.0,none,0.135
Samsung Galaxy M53,Smartphone,4.0,waste of money mind do image challenge seat natural interesting under,Flipkart,2022-07-18,0.4019,general_issue,0.335
Samsung QLED TV,TV,1.0,great value for money,Flipkart,2024-03-17,0.7579,none,0.36
Samsung Buds 2,Accessories,4.0,excellent wrong manager get people result across,Amazon,2024-02-04,0.1531,software,0.335
Samsung Galaxy Tab A8,Smartphone,4.0,bad behind reflect himself event budget,Flipkart,2023-11-26,-0.5423,general_issue,0.55192
Samsung Buds Live,Accessories,5.0,worth it hundred until citizen continue someone image budget,Flipkart,2024-01-19,0.2263,none,0.06
Samsung Galaxy M14,Smartphone,4.0,bad because treatment fund concern sense mouth,Flipkart,2022-10-23,-0.5423,general_issue,0.55192
Samsung Galaxy Tab S7 FE,Smartphone,4.0,waste of money among only prepare believe,Amazon,2023-02-12,-0.4215,general_issue,0.5036
Samsung Galaxy A34,Smartphone,2.0,bad focus ok name every issue display flickering,Amazon,2024-11-08,-0.3182,display,0.6122799999999999
Samsung Galaxy Tab S7 FE,Smartphone,4.0,bad after station treat major sense final record,Flipkart,2024-04-02,-0.2023,general_issue,0.41592
Samsung Galaxy Tab S7 FE,Smartphone,2.0,worth it issue charging problem,Flipkart,2024-10-21,-0.2023,battery,0.56592
Samsung Galaxy M14,Smartphone,4.0,bad go important like practice,Amazon,2022-03-24,-0.0516,general_issue,0.35564
Samsung Galaxy A34,Smartphone,4.0,good audience economic prove buy song leave,Amazon,2022-04-03,0.4019,sound,0.335
Samsung QLED TV,TV,5.0,speaker quality is amazing,Flipkart,2022-03-21,0.5859,sound,0.26
Samsung Galaxy Watch6,Smartphone,1.0,amazing display quality,Flipkart,2022-10-08,0.5859,display,0.56
Samsung Galaxy Book 3,Smartphone,4.0,waste of money adult our international agency tax production though well,Amazon,2023-11-14,-0.1779,general_issue,0.40616
Samsung Galaxy M14,Smartphone,2.0,average check authority police exist issue camera quality is poor,Amazon,2024-08-28,-0.4215,camera,0.6536
Samsung Galaxy Tab S7 FE,Smartphone,4.0,worth it reason leave middle another public increase,Flipkart,2024-11-29,0.4588,none,0.135
Samsung Galaxy A54,Smartphone,4.0,excellent science career position sign pretty answer,Flipkart,2024-07-24,0.7845,software,0.335
Samsung Galaxy A14,Smartphone,4.0,average thus spend your should career,Amazon,2022-11-02,0.0,none,0.135
Samsung Galaxy M14,Smartphone,3.0,bad issue slow performance,Amazon,2024-11-21,-0.5423,performance,0.6269200000000001
Samsung Galaxy A14,Smartphone,5.0,waste of money stock fall accept risk,Flipkart,2022-10-14,-0.3182,general_issue,0.38728
Samsung Buds Live,Accessories,4.0,excellent become paper example specific same,Amazon,2023-11-03,0.5719,none,0.135
Samsung Galaxy M53,Smartphone,4.0,waste of money,Amazon,2023-10-15,-0.4215,general_issue,0.5036
Samsung Galaxy S22,Smartphone,4.0,average military final only win require full,Amazon,2022-11-29,0.5859,software,0.335
Samsung Galaxy Book 2,Smartphone,2.0,not great tree line wear represent voice various issue charging problem,Amazon,2024-03-15,-0.7179,battery,0.77216
Samsung Charger 25W,Accessories,3.0,bad society likely result less wide drug head,Amazon,2023-09-05,-0.5423,general_issue,0.6269200000000001
Samsung Galaxy A14,Smartphone,3.0,worth it phone him door good adult issue slow performance,Amazon,2023-11-20,0.5859,performance,0.41
Samsung Buds 2,Accessories,3.0,waste of money particular power same standard likely issue battery draining fast,Flipkart,2024-11-04,-0.4215,battery,0.5786
Samsung Galaxy Tab A8,Smartphone,2.0,waste of money leave student guess structure despite help point represent issue slow performance,Flipkart,2024-11-09,-0.6437,performance,0.74248
Samsung Galaxy S23,Smartphone,3.0,worth it painting hair course site might issue battery draining fast,Amazon,2024-12-26,0.2263,battery,0.41
Samsung Galaxy M14,Smartphone,3.0,average figure direction draw source run simple,Amazon,2024-09-30,0.0,none,0.21
Samsung Galaxy M53,Smartphone,4.0,worth it add list under indeed hold cause,Flipkart,2023-09-06,0.2263,none,0.135
Samsung Buds Live,Accessories,1.0,not great test dinner chair today place issue slow performance,Flipkart,2024-08-30,-0.5096,performance,0.7638400000000001
Samsung Buds Live,Accessories,3.0,bad court campaign fire view contain issue charging problem,Amazon,2022-02-04,-0.8225,battery,0.7390000000000001
Samsung Galaxy Tab S7 FE,Smartphone,1.0,average region model probably shake issue charging problem,Amazon,2024-01-25,-0.5267,battery,0.77068
Samsung Galaxy A54,Smartphone,5.0,excellent up various also pattern,Flipkart,2023-11-10,0.5719,none,0.06
Samsung Galaxy Book 2,Smartphone,1.0,average pay like article red door main issue overheating issue,Flipkart,2022-08-13,0.2732,heating,0.56
Samsung Galaxy S23,Smartphone,1.0,not great use which material leg issue overheating issue,Amazon,2024-05-03,-0.5096,heating,0.7638400000000001
Samsung Galaxy S23,Smartphone,3.0,excellent still direction his piece everybody stage the yet issue battery draining fast,Amazon,2023-09-23,0.5719,battery,0.41
Samsung Galaxy S21 FE,Smartphone,5.0,waste of money wrong member color dream support,Amazon,2022-02-24,-0.296,general_issue,0.3784
Samsung Galaxy Tab S7 FE,Smartphone,3.0,bad positive hotel remain check church population give maintain issue battery draining fast,Amazon,2024-08-29,0.0258,battery,0.41
Samsung Galaxy S23,Smartphone,5.0,excellent his campaign cold health,Amazon,2023-06-28,0.5719,none,0.06
Samsung Galaxy Tab S7 FE,Smartphone,1.0,good issue camera quality is poor,Flipkart,2023-04-12,-0.0516,camera,0.58064
Samsung Galaxy Tab A8,Smartphone,3.0,waste of money cause nature condition cultural order site thing issue charging problem,Amazon,2022-04-16,-0.6705,battery,0.6782000000000001
Samsung Galaxy S21 FE,Smartphone,4.0,average technology sea law effort we subject,Flipkart,2024-09-10,0.0,none,0.135
Samsung Galaxy M14,Smartphone,3.0,excellent door take future,Amazon,2022-12-16,0.5719,none,0.21
Samsung Galaxy Tab S7 FE,Smartphone,2.0,waste of money former very cover for lose,Flipkart,2024-12-09,-0.6969,software,0.76376
Samsung Galaxy Buds2,Smartphone,3.0,disappointed with the customer service,Flipkart,2024-02-18,-0.4767,software,0.6006800000000001
Samsung Galaxy S22,Smartphone,2.0,average issue battery draining fast,Amazon,2022-10-30,0.0,battery,0.485
Samsung Buds Live,Accessories,2.0,not great i class hot majority,Amazon,2023-05-12,-0.5096,heating,0.6888400000000001
Samsung Galaxy Tab A8,Smartphone,4.0,not great recent mean better whose quite,Amazon,2022-03-06,-0.1012,software,0.37548
Samsung Galaxy A34,Smartphone,3.0,good amount down kind everything issue battery draining fast,Flipkart,2022-08-14,0.743,battery,0.41
Samsung Galaxy Tab A8,Smartphone,4.0,bad week store air guy,Amazon,2023-01-26,-0.5423,general_issue,0.55192
Samsung Galaxy S21 FE,Smartphone,4.0,average major explain thought market wish,Flipkart,2022-02-08,0.4019,none,0.135
Samsung Crystal UHD TV,TV,1.0,battery life could be better,Amazon,2024-06-22,0.4404,battery,0.56
Samsung Charger 25W,Accessories,4.0,bad agency girl operation write true,Amazon,2023-10-05,-0.1779,general_issue,0.40616
Samsung Galaxy S22,Smartphone,4.0,average since difficult appear wrong,Amazon,2024-05-07,-0.6808,software,0.6073200000000001
Samsung Galaxy Tab A8,Smartphone,1.0,waste of money issue camera quality is poor,Amazon,2022-11-07,-0.7096,camera,0.8438400000000001
Samsung Galaxy A54,Smartphone,3.0,speaker quality is amazing,Flipkart,2024-04-25,0.5859,sound,0.41
Samsung Galaxy A34,Smartphone,4.0,bad fear easy understand cold mr authority,Flipkart,2023-02-22,-0.5423,general_issue,0.55192
Samsung Buds 2,Accessories,5.0,not great fish language along hold start because test,Amazon,2024-04-20,-0.5096,none,0.26384
Samsung Galaxy A54,Smartphone,4.0,worth it because success method challenge oil organization popular everyone,Amazon,2024-10-24,0.8271,none,0.135
Samsung Galaxy Z Fold5,Smartphone,3.0,disappointed with the customer service,Flipkart,2024-08-23,-0.4767,software,0.6006800000000001
Samsung Galaxy S22,Smartphone,3.0,not great issue charging problem,Flipkart,2022-05-08,-0.7179,battery,0.69716
Samsung Galaxy A34,Smartphone,4.0,not great leader ready after control new from,Amazon,2022-10-10,-0.6602,none,0.39908
Samsung Galaxy A54,Smartphone,4.0,waste of money girl half sport,Amazon,2024-11-28,-0.4215,general_issue,0.5036
Samsung Buds Live,Accessories,4.0,not great go them though step theory today identify,Flipkart,2023-03-01,-0.5096,none,0.33884
Samsung Buds 2,Accessories,3.0,bad finally improve above ten situation seat issue display flickering,Flipkart,2023-10-28,-0.1531,display,0.47124
Samsung Galaxy A54,Smartphone,5.0,not great another interesting field since herself beautiful shake,Amazon,2024-09-06,-0.3296,none,0.19184
Samsung Charger 25W,Accessories,5.0,excellent cause move guess debate region war,Flipkart,2024-12-12,-0.0516,none,0.08064
Samsung Galaxy M53,Smartphone,4.0,waste of money news full fire effort approach,Flipkart,2024-02-11,-0.6369,software,0.5897600000000001
Samsung Galaxy Tab A8,Smartphone,5.0,good town others man teacher magazine,Amazon,2023-10-05,0.4404,none,0.06
Samsung Buds 2,Accessories,4.0,waste of money report wait rest,Flipkart,2022-12-21,-0.4215,general_issue,0.5036
Samsung Galaxy A14,Smartphone,5.0,average production measure entire book,Amazon,2024-07-30,0.0,none,0.06
Samsung Galaxy Tab A8,Smartphone,3.0,bad man final still money issue camera quality is poor,Amazon,2024-12-27,-0.765,camera,0.7160000000000002
Samsung Galaxy Buds2,Smartphone,4.0,performance is topnotch,Amazon,2023-12-03,0.0,none,0.135
Samsung Galaxy A34,Smartphone,1.0,bad i court knowledge guy put,Flipkart,2023-12-27,-0.5423,general_issue,0.77692
Samsung Galaxy M34,Smartphone,5.0,average international whether society institution west part hundred part,Flipkart,2023-06-26,0.0,none,0.06
Samsung Buds 2,Accessories,2.0,waste of money image find west down issue charging problem,Amazon,2024-09-18,-0.6705,battery,0.7532000000000001
Samsung Buds Live,Accessories,4.0,waste of money trouble when option,Flipkart,2023-01-29,-0.6705,general_issue,0.6032
Samsung Galaxy A54,Smartphone,3.0,worth it issue overheating issue,Amazon,2023-05-20,0.2263,heating,0.41
Samsung Crystal UHD TV,TV,3.0,amazing display quality,Amazon,2023-07-26,0.5859,display,0.41
Samsung Galaxy S23,Smartphone,3.0,waste of money which able meet arrive face my final,Amazon,2023-09-04,-0.4215,general_issue,0.5786
Samsung Galaxy M14,Smartphone,2.0,not great less perform machine interview issue battery draining fast,Amazon,2023-04-06,-0.5096,battery,0.6888400000000001
Samsung Galaxy A54,Smartphone,3.0,excellent issue battery draining fast,Amazon,2023-09-02,0.5719,battery,0.41
Samsung Galaxy Book 2,Smartphone,2.0,waste of money issue display flickering,Flipkart,2023-08-15,-0.4215,display,0.6536
Samsung Galaxy M53,Smartphone,5.0,average medical structure yeah carry past learn reveal,Flipkart,2023-03-01,0.296,none,0.06
Samsung Buds 2,Accessories,3.0,waste of money agreement news perform idea issue overheating issue,Flipkart,2024-09-28,0.1027,heating,0.41
Samsung Galaxy Book 3,Smartphone,5.0,good baby report watch news knowledge,Amazon,2023-10-12,0.4404,none,0.06
Samsung Charger 25W,Accessories,1.0,worth it operation pay agent themselves now these glass,Flipkart,2024-09-09,0.128,none,0.36
Samsung Galaxy A54,Smartphone,4.0,waste of money three purpose now beat strategy,Amazon,2023-12-16,-0.4215,software,0.5036
Samsung Galaxy S22,Smartphone,1.0,waste of money trade collection mother something seek minute issue charging problem,Amazon,2023-07-15,-0.6705,battery,0.8282
Samsung Galaxy S22,Smartphone,4.0,waste of money least finish deal new himself whatever study guy,Amazon,2023-08-13,-0.4215,general_issue,0.5036
Samsung Galaxy A54,Smartphone,1.0,good system land box eight issue display flickering,Flipkart,2022-09-07,0.4404,display,0.56
Samsung Charger 25W,Accessories,5.0,good machine reduce say large,Flipkart,2024-02-17,0.4404,none,0.06
Samsung Galaxy A14,Smartphone,4.0,average space movement can the,Flipkart,2024-03-19,0.0,none,0.135
Samsung Buds 2,Accessories,4.0,good best watch want discussion,Flipkart,2023-12-08,0.8126,none,0.135
Samsung Galaxy M34,Smartphone,5.0,bad region discussion detail behavior reveal respond affect,Amazon,2022-10-27,-0.5423,general_issue,0.47692
Samsung Charger 25W,Accessories,3.0,average indicate thus site operation little property enjoy,Flipkart,2023-08-18,0.4445,none,0.21
Samsung Buds Live,Accessories,3.0,average after office alone individual sure purpose often,Flipkart,2022-03-28,0.0772,software,0.41
Samsung Galaxy M34,Smartphone,3.0,excellent others level clearly attention record alone issue camera quality is poor,Amazon,2023-08-13,0.3182,camera,0.41
Samsung Galaxy S21 FE,Smartphone,4.0,average story answer beyond owner,Amazon,2022-06-11,0.0,none,0.135
Samsung Buds Live,Accessories,3.0,not great challenge song born call election father consider congress,Amazon,2023-12-11,-0.5448,none,0.42792
Samsung Charger 25W,Accessories,4.0,not great player police treatment box right,Flipkart,2024-06-24,-0.5096,none,0.33884
Samsung Galaxy A54,Smartphone,4.0,good economic medical pick want turn,Amazon,2023-06-10,0.4939,sound,0.335
Samsung Galaxy A54,Smartphone,4.0,worth it give true congress study while fill,Amazon,2024-09-08,0.5719,none,0.135
Samsung Galaxy M34,Smartphone,4.0,average need future before arm say board,Flipkart,2023-03-15,0.0,none,0.135
Samsung Galaxy Tab A8,Smartphone,1.0,average fine worry but close recognize type,Flipkart,2023-02-18,-0.1406,software,0.6162400000000001
Samsung Galaxy M53,Smartphone,3.0,average letter tonight event service main issue camera quality is poor,Amazon,2023-07-10,-0.4767,camera,0.6006800000000001
Samsung Buds Live,Accessories,2.0,excellent issue battery draining fast,Flipkart,2023-07-11,0.5719,battery,0.485
Samsung Galaxy A54,Smartphone,4.0,not great practice commercial expect catch,Amazon,2022-10-09,-0.5096,none,0.33884
Samsung Galaxy Tab A8,Smartphone,5.0,excellent western fly if support so discover author,Flipkart,2022-08-12,0.7506,none,0.06
Samsung Galaxy A34,Smartphone,5.0,worth it herself doctor debate or you remain,Amazon,2023-05-06,0.2263,none,0.06
Samsung Galaxy S23,Smartphone,2.0,not great technology everyone personal record,Flipkart,2023-05-12,-0.5096,none,0.48884
Samsung Galaxy A34,Smartphone,3.0,bad board start recently contain issue battery draining fast,Amazon,2022-04-14,-0.5423,battery,0.6269200000000001
Samsung Galaxy S21 FE,Smartphone,3.0,bad pm difference leave strategy list participant issue overheating issue,Flipkart,2024-12-23,-0.5719,heating,0.63876
Samsung Charger 25W,Accessories,5.0,worth it race fall fall society,Flipkart,2023-04-08,0.2263,none,0.06
Samsung Galaxy A14,Smartphone,3.0,excellent least back store they drug identify report issue overheating issue,Flipkart,2023-04-22,0.5719,heating,0.41
Samsung Buds Live,Accessories,5.0,excellent war thank government need site other trip certain,Amazon,2022-04-18,0.5267,none,0.06
Samsung Galaxy A34,Smartphone,4.0,worth it wide kitchen rest,Flipkart,2022-07-25,0.2263,none,0.135
Samsung Galaxy Tab S7 FE,Smartphone,5.0,average hold somebody including practice window middle,Flipkart,2024-04-26,0.0,none,0.06
Samsung Charger 25W,Accessories,5.0,excellent north herself today majority,Amazon,2023-11-08,0.5719,none,0.06
Samsung Galaxy A54,Smartphone,3.0,worth it test travel market other day box save issue slow performance,Amazon,2024-08-25,0.6249,performance,0.41
Samsung Galaxy Tab S7 FE,Smartphone,3.0,worth it find spring nature available total paper,Flipkart,2022-07-25,0.2263,none,0.21
Samsung Galaxy Tab S7 FE,Smartphone,4.0,good suddenly blood movie middle address bag the,Amazon,2022-10-09,0.4404,none,0.135
Samsung Buds 2,Accessories,4.0,worth it style summer teacher game kind relate food line,Amazon,2022-01-11,0.6486,none,0.135
Samsung Galaxy Tab S7 FE,Smartphone,4.0,not great sit claim threat north truth,Amazon,2022-11-20,-0.6591,none,0.39864
Samsung Galaxy S21 FE,Smartphone,4.0,bad detail try reason activity,Amazon,2024-04-13,-0.5423,general_issue,0.55192
Samsung Galaxy A14,Smartphone,5.0,worth it indicate according only minute agree up,Amazon,2024-09-01,0.5267,none,0.06
Samsung Galaxy M53,Smartphone,3.0,good whether ground particularly out call,Flipkart,2024-09-04,0.4404,none,0.21
Samsung Galaxy Tab S7 FE,Smartphone,5.0,good kid work attack positive term show,Amazon,2023-02-13,0.5267,software,0.26
Samsung Galaxy M53,Smartphone,5.0,waste of money realize thank wish,Flipkart,2023-08-12,0.34,general_issue,0.26
Samsung Galaxy A34,Smartphone,4.0,worth it traditional fall sure economic light,Amazon,2023-10-20,0.4939,sound,0.335
Samsung Galaxy A54,Smartphone,1.0,waste of money end rule decision issue slow performance,Amazon,2023-08-08,-0.4215,performance,0.7286000000000001
Samsung Galaxy S22,Smartphone,1.0,excellent issue battery draining fast,Flipkart,2022-05-02,0.5719,battery,0.56
Samsung Galaxy A14,Smartphone,5.0,not great girl leg authority likely approach,Amazon,2022-07-03,-0.4577,software,0.44308
Samsung Galaxy Book 3,Smartphone,3.0,excellent debate community school audience successful,Amazon,2023-04-21,0.8176,none,0.21
Samsung Buds 2,Accessories,5.0,average religious difficult against stay,Amazon,2024-12-31,-0.3612,none,0.20448
Samsung Galaxy Tab S7 FE,Smartphone,4.0,excellent us toward great such,Flipkart,2022-03-18,0.8316,none,0.135
Samsung Galaxy M53,Smartphone,5.0,good case before return above choose me score,Flipkart,2022-12-25,0.4404,software,0.26
Samsung Charger 25W,Accessories,1.0,worth it movement hand woman try politics exactly inside true,Flipkart,2024-05-05,0.7845,none,0.36
Samsung Galaxy A14,Smartphone,5.0,not great experience last leg firm section wide democrat,Amazon,2022-12-27,-0.5096,none,0.26384
Samsung Galaxy S21 FE,Smartphone,5.0,not great last no someone real hair appear,Amazon,2022-03-16,-0.3412,software,0.39648
Samsung Galaxy A54,Smartphone,3.0,average easy member family detail force issue camera quality is poor,Flipkart,2024-03-24,-0.0516,camera,0.4306399999999999
Samsung Galaxy M53,Smartphone,3.0,not great create recent shake day issue slow performance,Amazon,2024-10-11,-0.7011,performance,0.6904399999999999
Samsung Galaxy M34,Smartphone,4.0,bad world individual current next us,Flipkart,2023-01-17,-0.5423,general_issue,0.55192
Samsung Charger 25W,Accessories,5.0,bad station trade blood west offer,Flipkart,2023-08-16,-0.5423,general_issue,0.47692
Samsung Galaxy S23,Smartphone,1.0,excellent product very satisfied,Flipkart,2022-03-18,0.7778,none,0.36
Samsung Galaxy M53,Smartphone,4.0,good force speak close strong record ask million,Flipkart,2022-01-19,0.7351,software,0.335
Samsung Galaxy Tab S7 FE,Smartphone,4.0,waste of money act human visit more perhaps think media,Flipkart,2023-09-04,-0.4215,general_issue,0.5036
Samsung Refrigerator,Other,5.0,delivery was delayed but the product is great,Flipkart,2022-08-08,0.7351,performance,0.26
Samsung Galaxy Tab S7 FE,Smartphone,2.0,waste of money issue overheating issue,Flipkart,2023-11-18,-0.4215,heating,0.6536
Samsung Galaxy S23,Smartphone,3.0,good them back receive similar,Amazon,2023-08-06,0.4404,none,0.21
Samsung Galaxy Tab S7 FE,Smartphone,3.0,not great these off relate side issue camera quality is poor,Amazon,2024-07-19,-0.7502,camera,0.71008
Samsung Galaxy Tab S7 FE,Smartphone,4.0,average attack detail color,Flipkart,2024-12-09,-0.4767,none,0.32568
Samsung Galaxy Tab S7 FE,Smartphone,4.0,waste of money effort different technology young claim hundred shake,Flipkart,2024-10-08,-0.5423,general_issue,0.55192
Samsung Galaxy Tab S7 FE,Smartphone,5.0,average any quality power focus,Flipkart,2022-10-02,0.0,battery,0.26
Samsung Crystal UHD TV,TV,3.0,battery life could be better,Flipkart,2024-10-29,0.4404,battery,0.41
Samsung Galaxy M14,Smartphone,4.0,bad tend box claim election true her,Flipkart,2024-08-16,-0.1779,general_issue,0.40616
Samsung Galaxy A34,Smartphone,5.0,worth it former from night understand produce spend company,Amazon,2023-07-13,0.2263,none,0.06
Samsung Galaxy M14,Smartphone,5.0,worth it risk third ever traditional country blue,Amazon,2023-01-30,-0.0516,none,0.08064
Samsung Buds Live,Accessories,5.0,good trouble someone free,Flipkart,2022-08-19,0.5423,none,0.06
Samsung Galaxy M14,Smartphone,5.0,bad together million accept coach forward,Flipkart,2023-11-09,-0.2263,general_issue,0.35052
Samsung Galaxy Tab A8,Smartphone,4.0,average garden be term into strategy ok,Flipkart,2022-11-29,0.296,none,0.135
Samsung Galaxy Tab A8,Smartphone,3.0,bad tend red point sign,Amazon,2024-07-28,-0.5423,general_issue,0.6269200000000001
Samsung Galaxy S21 FE,Smartphone,5.0,bad spend country style quickly people,Amazon,2023-06-11,-0.5423,software,0.47692
Samsung Galaxy S22,Smartphone,4.0,worth it drive right theory product worker relationship,Amazon,2023-01-17,0.2263,none,0.135
Samsung Galaxy S21 FE,Smartphone,3.0,excellent finally another hour issue overheating issue,Amazon,2022-01-29,0.5719,heating,0.41
Samsung Buds Live,Accessories,5.0,good plan international military window,Flipkart,2023-11-22,0.4404,none,0.06
Samsung Charger 25W,Accessories,4.0,not great name economic north edge,Flipkart,2023-08-28,-0.5096,sound,0.53884
Samsung Galaxy Buds2,Smartphone,3.0,disappointed with the customer service,Flipkart,2023-01-31,-0.4767,software,0.6006800000000001
Samsung Galaxy Book 3,Smartphone,2.0,not great radio ground list education year mrs me issue camera quality is poor,Amazon,2022-12-26,-0.7502,camera,0.78508
Samsung Galaxy S22,Smartphone,1.0,waste of money plant cultural moment simple level wife eat,Amazon,2024-04-10,-0.4215,general_issue,0.7286000000000001
Samsung Galaxy A34,Smartphone,2.0,average issue camera quality is poor,Amazon,2024-05-25,-0.4767,camera,0.6756800000000001
Samsung Galaxy A34,Smartphone,4.0,worth it think movement tree better level describe house,Amazon,2024-11-21,0.5859,none,0.135
Samsung Galaxy M53,Smartphone,3.0,good chair else option about picture section issue slow performance,Amazon,2023-11-03,0.4404,performance,0.41
Samsung Galaxy S22,Smartphone,1.0,not great,Flipkart,2022-06-27,-0.5096,none,0.5638400000000001
Samsung Galaxy S22,Smartphone,4.0,bad magazine protect avoid break individual,Flipkart,2024-03-31,-0.4767,general_issue,0.52568
Samsung Galaxy Tab S7 FE,Smartphone,4.0,average throw before couple culture law program everybody body,Flipkart,2022-07-15,0.0,none,0.135
Samsung Charger 25W,Accessories,4.0,average into statement she relationship according decade,Amazon,2023-01-14,0.0,none,0.135
Samsung Charger 25W,Accessories,4.0,good kid put yourself rule,Flipkart,2022-10-15,0.4404,none,0.135
Samsung Buds Live,Accessories,4.0,average collection market institution language middle,Flipkart,2024-09-04,0.0,none,0.135
Samsung Buds 2,Accessories,4.0,excellent cause someone cold at cut,Amazon,2023-10-25,0.3818,none,0.135
Samsung Galaxy A14,Smartphone,1.0,bad issue display flickering,Flipkart,2023-05-24,-0.5423,display,0.77692
Samsung Galaxy S22,Smartphone,4.0,bad glass inside side,Amazon,2022-01-14,-0.5423,general_issue,0.55192
Samsung Galaxy Tab A8,Smartphone,5.0,bad send value because wish,Flipkart,2023-06-19,0.1531,general_issue,0.26
Samsung Galaxy M14,Smartphone,3.0,excellent less skill send order say list realize,Flipkart,2024-02-25,0.5719,none,0.21
Samsung Galaxy M53,Smartphone,3.0,waste of money strategy identify ask air art,Flipkart,2023-04-28,-0.4215,general_issue,0.5786
Samsung Galaxy Book 2,Smartphone,4.0,good another hotel with through,Amazon,2024-07-03,0.4404,heating,0.335
Samsung Galaxy S22,Smartphone,5.0,good his protect entire white fund listen,Amazon,2023-07-01,0.6705,none,0.06
Samsung Buds Live,Accessories,1.0,average skin capital dream prevent continue black education issue display flickering,Flipkart,2023-11-07,0.2732,display,0.56
Samsung Galaxy M53,Smartphone,3.0,bad expert make radio most position issue display flickering,Amazon,2023-09-11,-0.5423,display,0.6269200000000001
Samsung Galaxy A54,Smartphone,1.0,average lawyer teacher thought bit especially factor,Flipkart,2022-01-24,0.0,none,0.36
Samsung Galaxy M14,Smartphone,3.0,not great artist mouth wall protect project subject win issue display flickering,Flipkart,2023-06-20,0.4777,display,0.41
Samsung Galaxy S23,Smartphone,5.0,average clearly because parent ahead agree charge,Flipkart,2024-01-07,0.6369,battery,0.26
Samsung Galaxy M34,Smartphone,5.0,good state consider positive song star relationship,Amazon,2023-04-29,0.7579,software,0.26
Samsung Galaxy Book 2,Smartphone,1.0,waste of money defense boy your after respond production,Flipkart,2022-05-08,-0.3182,general_issue,0.6872800000000001
Samsung Buds Live,Accessories,4.0,waste of money must home message,Amazon,2022-08-31,-0.4215,general_issue,0.5036
Samsung Galaxy A14,Smartphone,3.0,worth it join good company wrong data western issue display flickering,Flipkart,2024-08-11,0.4404,display,0.41
Samsung Galaxy Tab A8,Smartphone,4.0,bad guy public same republican,Flipkart,2023-09-21,-0.5423,general_issue,0.55192
Samsung Galaxy S23,Smartphone,4.0,excellent performance until alone seek parent,Flipkart,2022-11-24,0.4019,none,0.135
Samsung Galaxy Book 3,Smartphone,2.0,waste of money exist fly activity nearly throughout look issue slow performance,Amazon,2024-04-10,-0.4215,performance,0.6536
Samsung Galaxy A14,Smartphone,3.0,bad blood hundred occur two seat certain,Amazon,2024-10-26,-0.34,general_issue,0.546
Samsung Galaxy S22,Smartphone,4.0,good artist heavy as moment white,Flipkart,2023-09-29,0.4404,none,0.135
Samsung Galaxy Buds2,Smartphone,3.0,software updates are slow,Flipkart,2022-08-29,0.0,performance,0.41
Samsung Galaxy S23,Smartphone,4.0,not great one ask surface ok building,Flipkart,2023-08-28,-0.2718,build_quality,0.44372
Samsung Galaxy Book 2,Smartphone,5.0,worth it interest soldier with sit air,Flipkart,2024-01-23,0.5994,none,0.06
Samsung Galaxy S22,Smartphone,4.0,bad board pick type hit west,Flipkart,2023-03-29,-0.5423,general_issue,0.55192
Samsung Galaxy Tab S7 FE,Smartphone,3.0,worth it describe will film produce issue camera quality is poor,Flipkart,2023-03-25,-0.296,camera,0.5284
Samsung Galaxy Tab A8,Smartphone,5.0,average different argue special explain,Amazon,2022-10-01,0.0772,none,0.06
Samsung Galaxy Tab S7 FE,Smartphone,1.0,not great least fire sister series fall citizen wait issue display flickering,Flipkart,2024-09-06,-0.62,display,0.808
Samsung Galaxy A54,Smartphone,3.0,good onto both maybe building consumer amount issue camera quality is poor,Amazon,2022-11-10,-0.0516,camera,0.4306399999999999
Samsung Galaxy M53,Smartphone,4.0,good say discover already light police,Amazon,2024-07-20,0.4404,none,0.135
Samsung Galaxy S23,Smartphone,5.0,worth it western factor animal likely read,Amazon,2024-02-05,0.2263,none,0.06
Samsung Galaxy S21 FE,Smartphone,1.0,bad investment including high make talk in single,Amazon,2024-05-01,-0.5423,general_issue,0.77692
Samsung Galaxy A14,Smartphone,2.0,average issue battery draining fast,Amazon,2024-08-22,0.0,battery,0.485
Samsung Galaxy S22,Smartphone,4.0,not great family agency method despite term international,Flipkart,2023-03-24,-0.5096,none,0.33884
Samsung Buds 2,Accessories,5.0,bad case even night senior,Flipkart,2023-05-22,-0.5423,general_issue,0.47692
Samsung Galaxy S21 FE,Smartphone,5.0,average scientist rich store produce art loss,Flipkart,2022-06-17,0.3182,software,0.26
Samsung Galaxy A54,Smartphone,5.0,waste of money especially movement set agree draw,Flipkart,2024-12-12,-0.0094,general_issue,0.26376
Samsung Charger 25W,Accessories,4.0,waste of money,Amazon,2024-07-03,-0.4215,general_issue,0.5036
Samsung Galaxy A34,Smartphone,5.0,average down write degree attorney building live my would,Amazon,2024-12-17,0.0,build_quality,0.26
Samsung Galaxy A34,Smartphone,5.0,not great trip answer tv ball brother,Flipkart,2024-01-11,-0.5096,none,0.26384
Samsung Galaxy M53,Smartphone,4.0,excellent these dog standard young above career,Flipkart,2022-06-09,0.5719,none,0.135
Samsung Galaxy S21 FE,Smartphone,3.0,excellent order management usually fund past skill employee there,Flipkart,2022-08-18,0.5719,none,0.21
Samsung Galaxy M14,Smartphone,4.0,worth it direction attack ago safe group conference reduce,Amazon,2022-05-07,0.1779,none,0.135
Samsung Galaxy M53,Smartphone,4.0,average join material any important very,Flipkart,2024-11-01,0.4588,build_quality,0.335
Samsung Galaxy S22,Smartphone,4.0,worth it everyone network important total reduce yeah myself,Flipkart,2023-02-19,0.5994,connectivity,0.335
Samsung Buds 2,Accessories,5.0,excellent source away mrs,Amazon,2022-11-03,0.5719,none,0.06
Samsung Galaxy A14,Smartphone,1.0,not great contain food congress drug themselves building issue charging problem,Flipkart,2022-12-03,-0.7179,battery,0.8471600000000001
Samsung Galaxy Tab S7 FE,Smartphone,4.0,excellent source research teacher figure,Flipkart,2023-11-03,0.5719,none,0.135
Samsung Charger 25W,Accessories,4.0,excellent another left discover now phone because,Flipkart,2024-12-01,0.5719,none,0.135
Samsung Galaxy Book 3,Smartphone,3.0,waste of money line try test take,Flipkart,2024-06-23,-0.4215,general_issue,0.5786
Samsung Refrigerator,Other,1.0,nice product but a bit overpriced,Flipkart,2022-08-27,0.2263,none,0.36
Samsung Galaxy M14,Smartphone,5.0,good general mean water side former,Flipkart,2023-02-25,0.4404,none,0.06
Samsung Buds 2,Accessories,4.0,bad agree purpose film,Amazon,2024-09-28,-0.25,software,0.435
Samsung Galaxy S21 FE,Smartphone,5.0,average claim exist within,Flipkart,2022-07-06,0.0,none,0.06
Samsung Galaxy M53,Smartphone,2.0,average who fly quality fire article issue slow performance,Amazon,2024-11-11,-0.34,performance,0.621
Samsung Charger 25W,Accessories,4.0,excellent thousand than do floor north whether husband,Flipkart,2024-07-01,0.5719,none,0.135
Samsung Galaxy Tab S7 FE,Smartphone,3.0,bad husband collection employee visit its issue overheating issue,Flipkart,2022-04-24,-0.5423,heating,0.6269200000000001
Samsung Galaxy Book 3,Smartphone,5.0,waste of money,Amazon,2024-07-17,-0.4215,general_issue,0.4286
Samsung Galaxy A54,Smartphone,4.0,worth it expert sense themselves mention every improve position,Flipkart,2022-09-28,0.5859,software,0.335
Samsung Galaxy S23,Smartphone,5.0,good,Amazon,2024-11-17,0.4404,none,0.06
Samsung Buds 2,Accessories,4.0,waste of money room without situation wait next,Flipkart,2024-04-30,-0.4215,general_issue,0.5036
Samsung Galaxy M14,Smartphone,2.0,good issue charging problem,Flipkart,2024-07-24,0.0516,battery,0.485
Samsung Galaxy Book 3,Smartphone,4.0,average grow control pm hard,Amazon,2022-04-29,-0.1027,none,0.17608
Samsung Galaxy M34,Smartphone,5.0,excellent bank agreement finish since,Flipkart,2024-08-04,0.7845,none,0.06
Samsung Galaxy A54,Smartphone,5.0,not great mouth dog newspaper growth,Flipkart,2023-09-24,-0.1764,none,0.13056
Samsung Galaxy S22,Smartphone,1.0,not great black fact trouble subject design issue display flickering,Amazon,2022-02-14,-0.7179,display,0.8471600000000001
Samsung Charger 25W,Accessories,5.0,good evidence often someone break woman,Flipkart,2024-03-21,0.4404,none,0.06
Samsung Galaxy Tab S7 FE,Smartphone,4.0,waste of money create decade do,Amazon,2023-06-06,-0.1779,general_issue,0.40616
Samsung Galaxy A54,Smartphone,5.0,bad once watch her someone reality job,Flipkart,2022-01-07,-0.5423,general_issue,0.47692
Samsung Galaxy Tab S7 FE,Smartphone,2.0,average medical involve thousand why take vote issue battery draining fast,Flipkart,2023-03-23,0.0,battery,0.485
Samsung Buds Live,Accessories,5.0,not great man other game,Flipkart,2022-05-30,-0.5096,none,0.26384
Samsung Galaxy M53,Smartphone,4.0,not great down color should world city cold job,Flipkart,2022-04-03,-0.5096,none,0.33884
Samsung Galaxy Tab A8,Smartphone,4.0,waste of money check program story claim police,Flipkart,2024-05-17,-0.4215,general_issue,0.5036
Samsung Galaxy A54,Smartphone,1.0,excellent product very satisfied,Flipkart,2023-12-07,0.7778,none,0.36
Samsung Galaxy Z Fold5,Smartphone,1.0,not as expected returning it,Flipkart,2022-05-11,0.0,none,0.36
Samsung Galaxy M34,Smartphone,5.0,bad interview send sport choice situation leg,Flipkart,2022-05-04,-0.5423,general_issue,0.47692
Samsung Galaxy S22,Smartphone,4.0,not great toward offer scientist single table,Flipkart,2022-05-22,-0.5096,none,0.33884
Samsung Charger 25W,Accessories,3.0,good issue overheating issue,Amazon,2024-08-24,0.4404,heating,0.41
Samsung Galaxy Book 2,Smartphone,5.0,average paper century once option purpose memory,Flipkart,2022-03-06,0.0,software,0.26
Samsung Galaxy A34,Smartphone,5.0,average already behind expect minute key,Flipkart,2023-08-11,0.0,none,0.06
Samsung Buds 2,Accessories,1.0,bad issue slow performance,Amazon,2024-04-17,-0.5423,performance,0.77692
Samsung Galaxy Tab A8,Smartphone,4.0,excellent full decade world himself read mr,Amazon,2023-01-04,0.5719,none,0.135
Samsung Galaxy A34,Smartphone,4.0,worth it affect quality capital win,Amazon,2022-10-05,0.6908,none,0.135
Samsung Galaxy Tab S7 FE,Smartphone,2.0,not great concern soldier short short issue overheating issue,Amazon,2024-05-10,-0.5096,heating,0.6888400000000001
Samsung Galaxy Book 3,Smartphone,4.0,bad develop town religious ever tonight claim,Amazon,2024-02-06,-0.5423,general_issue,0.55192
Samsung Galaxy Tab S7 FE,Smartphone,1.0,worth it movie day these,Flipkart,2024-02-23,0.2263,none,0.36
Samsung Galaxy M14,Smartphone,3.0,excellent less husband task message class player else,Amazon,2024-07-07,0.5719,none,0.21
Samsung Galaxy Z Fold5,Smartphone,3.0,very durable and reliable,Flipkart,2024-02-13,0.0,none,0.21
Samsung Galaxy M53,Smartphone,2.0,good issue camera quality is poor,Amazon,2024-02-09,-0.0516,camera,0.50564
Samsung Galaxy A34,Smartphone,5.0,waste of money loss despite approach provide experience marriage write,Flipkart,2022-06-14,-0.6249,software,0.50996
Samsung Galaxy M34,Smartphone,3.0,worth it century floor remain yourself issue display flickering,Amazon,2022-09-30,0.2263,display,0.41
Samsung Galaxy A34,Smartphone,3.0,excellent issue camera quality is poor,Amazon,2023-12-14,0.1531,camera,0.41
Samsung Galaxy A54,Smartphone,4.0,good provide attack region between such into,Amazon,2022-08-31,-0.0516,none,0.15564
Samsung Galaxy Tab A8,Smartphone,4.0,excellent cost tree chance sure above month,Amazon,2023-01-01,0.7906,software,0.335
Samsung Refrigerator,Other,4.0,good for basic usage,Flipkart,2024-03-15,0.4404,none,0.135
Samsung Galaxy S23,Smartphone,5.0,waste of money middle eat sell not,Amazon,2024-12-19,-0.4215,general_issue,0.4286
Samsung Galaxy M53,Smartphone,4.0,good cup time find adult affect,Flipkart,2022-09-18,0.4404,none,0.135
Samsung Galaxy Book 2,Smartphone,5.0,worth it well candidate source would picture possible financial,Flipkart,2023-04-02,0.4588,camera,0.26
Samsung Charger 25W,Accessories,3.0,excellent security particularly pass marriage dark hit certainly issue camera quality is poor,Amazon,2022-01-08,0.6597,camera,0.41
Samsung Buds Live,Accessories,4.0,good rate action arm,Flipkart,2022-02-16,0.4404,none,0.135
Samsung Galaxy A34,Smartphone,5.0,waste of money unit across popular career law religious eight,Flipkart,2023-09-04,0.0,software,0.26
Samsung Galaxy A34,Smartphone,4.0,not great democrat couple religious indicate value,Amazon,2024-08-06,-0.2249,none,0.22496
Samsung Galaxy S21 FE,Smartphone,1.0,bad something together enough but decide anything however issue charging problem,Flipkart,2024-05-18,-0.7003,battery,0.84012
Samsung Charger 25W,Accessories,4.0,worth it treatment final theory spend responsibility itself nature,Flipkart,2024-12-25,0.2263,none,0.135
Samsung Galaxy Book 2,Smartphone,3.0,bad music sometimes with huge join single question happy issue charging problem,Amazon,2024-02-16,0.25,battery,0.41
Samsung Galaxy Book 2,Smartphone,4.0,good worker hard firm result miss almost,Flipkart,2023-04-16,0.2263,software,0.335
Samsung Charger 25W,Accessories,1.0,bad meeting ground campaign executive issue slow performance,Flipkart,2023-05-22,-0.5423,performance,0.77692
Samsung Galaxy M14,Smartphone,4.0,worth it be material side although base manage,Amazon,2024-08-01,0.2263,build_quality,0.335
Samsung Galaxy Book 2,Smartphone,4.0,waste of money mention must fine,Amazon,2023-12-10,-0.25,general_issue,0.435
Samsung Charger 25W,Accessories,4.0,average vote five medical exist common trial,Flipkart,2022-11-14,0.0,none,0.135
Samsung Galaxy Tab S7 FE,Smartphone,4.0,excellent personal trip me charge also example,Amazon,2023-07-19,0.5719,battery,0.335
Samsung Galaxy S21 FE,Smartphone,4.0,average,Flipkart,2023-01-22,0.0,none,0.135
Samsung Galaxy M14,Smartphone,1.0,good size support heart even pick someone issue overheating issue,Amazon,2022-08-20,0.6808,heating,0.56
Samsung Galaxy A14,Smartphone,5.0,good crime admit student return easy go lead,Amazon,2022-03-07,0.4767,none,0.06
Samsung Galaxy Book 3,Smartphone,4.0,average police present own cold social,Amazon,2024-05-08,0.0,none,0.135
Samsung Galaxy A34,Smartphone,4.0,bad human effect space kitchen system federal this debate,Amazon,2022-02-02,-0.5423,general_issue,0.55192
Samsung Galaxy Book 2,Smartphone,3.0,waste of money go table worry seat its up issue battery draining fast,Flipkart,2023-05-08,-0.6908,battery,0.68632
Samsung Galaxy Tab S7 FE,Smartphone,4.0,waste of money why full picture edge hotel talk,Flipkart,2023-02-27,-0.4215,heating,0.5036
Samsung Galaxy M14,Smartphone,4.0,bad people down require painting,Amazon,2022-05-18,-0.5423,software,0.55192
Samsung Galaxy S22,Smartphone,5.0,average research require pretty despite sort,Flipkart,2022-07-26,0.4939,software,0.26
Samsung Galaxy S22,Smartphone,5.0,average such may personal need out international,Amazon,2022-03-10,0.0,none,0.06
Samsung Galaxy M34,Smartphone,4.0,not great spend street hand husband actually let nothing,Flipkart,2024-07-03,-0.0243,none,0.14472
Samsung Buds Live,Accessories,4.0,bad require culture pressure,Amazon,2022-04-10,-0.6908,software,0.6113200000000001
Samsung Buds Live,Accessories,4.0,waste of money top between why value weight her,Amazon,2023-05-17,0.1027,general_issue,0.335
Samsung Galaxy S23,Smartphone,1.0,disappointed with the customer service,Amazon,2022-04-01,-0.4767,software,0.75068
Samsung Galaxy M53,Smartphone,1.0,excellent usually ten truth car rise these issue overheating issue,Amazon,2024-04-03,0.7184,heating,0.56
Samsung Charger 25W,Accessories,4.0,excellent sister strong sort space,Amazon,2024-06-17,0.7906,none,0.135
Samsung Galaxy Book 3,Smartphone,5.0,worth it act american for control good,Flipkart,2023-04-25,0.5859,none,0.06
Samsung Galaxy A54,Smartphone,4.0,waste of money fear enter message common likely,Flipkart,2023-03-21,-0.7184,general_issue,0.62236
Samsung Charger 25W,Accessories,4.0,excellent each show hot smile drug,Amazon,2022-04-26,0.7351,heating,0.335
Samsung Galaxy M14,Smartphone,4.0,excellent gas night congress mention,Flipkart,2022-10-14,0.5719,none,0.135
Samsung Buds 2,Accessories,2.0,bad action director color knowledge particular music far issue battery draining fast,Amazon,2024-10-28,-0.5423,battery,0.7019200000000001
Samsung Galaxy Tab S7 FE,Smartphone,3.0,worth it six finish benefit brother chair program make issue overheating issue,Amazon,2023-08-16,0.5994,heating,0.41
Samsung Galaxy S21 FE,Smartphone,4.0,worth it ten company miss,Amazon,2023-04-25,0.0772,none,0.135
Samsung Galaxy M14,Smartphone,4.0,waste of money side since on save event,Amazon,2023-10-16,0.1027,general_issue,0.335
Samsung Galaxy Tab S7 FE,Smartphone,4.0,bad continue economy protect rock hospital case,Flipkart,2023-10-19,-0.2263,software,0.42552
Samsung Galaxy Book 3,Smartphone,3.0,good issue battery draining fast,Amazon,2023-05-01,0.4404,battery,0.41
Samsung Galaxy Tab A8,Smartphone,5.0,worth it family attorney nothing middle,Amazon,2023-09-11,0.2263,none,0.06
Samsung Galaxy S22,Smartphone,2.0,bad federal lawyer environmental issue battery draining fast,Amazon,2022-10-21,-0.5423,battery,0.7019200000000001
Samsung Galaxy Book 2,Smartphone,3.0,average issue slow performance,Flipkart,2024-12-03,0.0,performance,0.41
Samsung Buds 2,Accessories,2.0,good born drug fear,Flipkart,2023-03-29,-0.0772,none,0.31588
Samsung Galaxy A14,Smartphone,4.0,not great force history mean skin various key father,Flipkart,2024-04-26,-0.5096,none,0.33884
Samsung Galaxy Tab S7 FE,Smartphone,4.0,average husband sign brother change network,Amazon,2023-09-08,0.0,performance,0.335
Samsung Galaxy M34,Smartphone,4.0,excellent give guess necessary anyone future,Flipkart,2023-07-18,0.5719,none,0.135
Samsung Galaxy M34,Smartphone,2.0,worth it choice really man investment push not issue camera quality is poor,Amazon,2022-05-05,-0.296,camera,0.6033999999999999
Samsung Galaxy A34,Smartphone,4.0,average you pick republican they cold should style relationship,Flipkart,2022-12-25,0.0,none,0.135
Samsung Galaxy S23,Smartphone,2.0,not great debate rich occur card carry benefit find issue display flickering,Flipkart,2024-05-24,-0.497,display,0.6838
Samsung Galaxy Book 3,Smartphone,4.0,average establish item state natural realize together,Amazon,2024-10-12,0.3612,none,0.135
Samsung Galaxy A34,Smartphone,3.0,excellent analysis chance something price issue display flickering,Flipkart,2022-04-07,0.6908,display,0.41
Samsung Galaxy M14,Smartphone,1.0,excellent issue overheating issue,Flipkart,2023-12-07,0.5719,heating,0.56
Samsung Galaxy Tab A8,Smartphone,4.0,not great conference somebody including pretty traditional research,Amazon,2024-02-20,-0.0243,none,0.14472
Samsung Washing Machine,Other,1.0,disappointed with the customer service,Flipkart,2024-12-10,-0.4767,software,0.75068
Samsung Refrigerator,Other,4.0,build quality feels premium,Amazon,2023-10-15,0.0,build_quality,0.335
Samsung Galaxy M53,Smartphone,5.0,not great war skill also,Amazon,2024-05-02,-0.0382,none,0.07528
Samsung Galaxy Book 2,Smartphone,4.0,good candidate here catch reality yet,Amazon,2024-04-16,0.4404,none,0.135
Samsung Buds 2,Accessories,2.0,bad issue camera quality is poor,Amazon,2022-11-02,-0.765,camera,0.7910000000000001
Samsung Buds 2,Accessories,4.0,worth it building life late out,Flipkart,2023-09-07,0.2263,battery,0.335
Samsung Galaxy M34,Smartphone,1.0,waste of money practice all fund issue battery draining fast,Amazon,2024-02-10,-0.4215,battery,0.7286000000000001
Samsung Galaxy A34,Smartphone,1.0,worth it issue battery draining fast,Flipkart,2023-01-12,0.2263,battery,0.56
Samsung Galaxy S23,Smartphone,4.0,excellent project sound hair write,Flipkart,2024-08-27,0.5719,sound,0.335
Samsung Galaxy S23,Smartphone,3.0,nice product but a bit overpriced,Flipkart,2023-05-09,0.2263,none,0.21
Samsung Galaxy M14,Smartphone,2.0,worth it many then focus point kid issue overheating issue,Amazon,2023-04-07,0.2263,heating,0.485
Samsung Galaxy S21 FE,Smartphone,5.0,average wide top speech top,Amazon,2023-09-08,0.3818,none,0.06
Samsung Galaxy S23,Smartphone,3.0,waste of money issue charging problem,Flipkart,2022-10-23,-0.6705,battery,0.6782000000000001
Samsung Galaxy Book 2,Smartphone,4.0,average one keep once store,Amazon,2024-08-06,0.0,none,0.135
Samsung Galaxy Book 2,Smartphone,3.0,waste of money reveal trip job mrs painting dog catch,Amazon,2022-04-29,-0.4215,general_issue,0.5786
Samsung Galaxy Tab A8,Smartphone,5.0,average soon on difference wait treatment church foot,Flipkart,2024-04-25,0.0,none,0.06
Samsung Galaxy S23,Smartphone,3.0,good issue display flickering,Flipkart,2024-05-03,0.4404,display,0.41
Samsung Buds Live,Accessories,5.0,waste of money fly machine west,Flipkart,2024-12-21,-0.4215,general_issue,0.4286
Samsung Galaxy A34,Smartphone,4.0,average couple where out itself assume close,Amazon,2022-10-02,0.0,software,0.335
Samsung Galaxy A34,Smartphone,4.0,good offer increase push step environmental guy,Amazon,2024-03-06,0.6369,none,0.135
Samsung Galaxy A54,Smartphone,4.0,featurepacked and smooth experience,Amazon,2023-05-13,0.0,none,0.135
Samsung Galaxy A14,Smartphone,3.0,not great collection town production,Amazon,2023-06-07,-0.5096,none,0.41384
Samsung Galaxy M53,Smartphone,4.0,excellent town alone grow business any worry,Flipkart,2023-02-21,-0.0516,none,0.15564
Samsung Galaxy M14,Smartphone,3.0,worth it city half forward,Amazon,2023-11-08,0.2263,none,0.21
Samsung Charger 25W,Accessories,3.0,bad issue charging problem,Amazon,2022-06-11,-0.7351,battery,0.70404
Samsung Galaxy S22,Smartphone,5.0,waste of money show instead total inside security baby congress,Amazon,2024-07-10,-0.1027,general_issue,0.30108
Samsung Galaxy Buds2,Smartphone,1.0,not as expected returning it,Amazon,2024-01-30,0.0,none,0.36
Samsung Buds Live,Accessories,4.0,not great factor hard among,Flipkart,2022-07-09,-0.4585,none,0.3184
Samsung Galaxy Tab A8,Smartphone,5.0,average number clear certainly memory ever tv accept name,Amazon,2025-01-01,0.7845,none,0.06
Samsung Galaxy M14,Smartphone,1.0,bad box deep development dream issue charging problem,Amazon,2023-01-26,-0.6369,battery,0.8147600000000002
Samsung Galaxy M34,Smartphone,3.0,waste of money example serve why hair reason between,Flipkart,2022-04-16,-0.4215,general_issue,0.5786
Samsung Galaxy S23,Smartphone,3.0,average try attention benefit reach drop above table issue display flickering,Flipkart,2023-07-04,0.25,display,0.41
Samsung Galaxy M34,Smartphone,5.0,not great along tax reduce put fine type,Flipkart,2024-02-12,-0.3599,none,0.20396
Samsung Buds 2,Accessories,2.0,good into science hard fire receive trade artist challenge,Amazon,2022-03-22,0.1027,none,0.285
Samsung Galaxy Book 3,Smartphone,4.0,good impact while society since look participant treatment,Flipkart,2022-05-30,0.4404,none,0.135
Samsung Galaxy Tab S7 FE,Smartphone,5.0,average republican international start do yet place night,Flipkart,2023-01-21,0.0,none,0.06
Samsung Galaxy S22,Smartphone,4.0,not great impact goal several network risk hour,Amazon,2023-03-21,-0.6591,connectivity,0.5986400000000001
Samsung Buds 2,Accessories,4.0,not great question back factor always board,Amazon,2024-09-08,-0.5096,none,0.33884
Samsung Galaxy M14,Smartphone,3.0,worth it issue camera quality is poor,Amazon,2023-03-04,-0.296,camera,0.5284
Samsung Galaxy S22,Smartphone,2.0,average issue slow performance,Amazon,2023-11-13,0.0,performance,0.485
Samsung Galaxy A14,Smartphone,4.0,excellent direction girl bed,Flipkart,2023-09-13,0.5719,none,0.135
Samsung Galaxy Tab A8,Smartphone,1.0,good daughter force marriage break including,Amazon,2022-02-01,0.4404,none,0.36
Samsung Galaxy A54,Smartphone,1.0,not great economy poor assume test issue slow performance,Amazon,2023-03-10,-0.1877,performance,0.6350800000000001
Samsung Galaxy Book 2,Smartphone,4.0,worth it boy color statement them brother painting,Amazon,2023-01-25,0.2263,none,0.135
Samsung Buds 2,Accessories,3.0,bad issue display flickering,Amazon,2022-08-29,-0.5423,display,0.6269200000000001
Samsung Galaxy M53,Smartphone,5.0,average without will go my reality month,Flipkart,2024-09-07,0.0,none,0.06
Samsung Galaxy A14,Smartphone,1.0,worth it issue battery draining fast,Amazon,2023-05-12,0.2263,battery,0.56
Samsung Galaxy Tab A8,Smartphone,4.0,not great manager president site size herself,Amazon,2023-02-23,-0.5096,none,0.33884
Samsung Galaxy Book 2,Smartphone,5.0,good not across challenge act,Amazon,2024-03-23,0.3975,software,0.26
Samsung Buds 2,Accessories,4.0,not great blood next yard thought,Flipkart,2023-05-06,-0.5096,none,0.33884
Samsung Buds Live,Accessories,3.0,waste of money develop year scientist small issue slow performance,Amazon,2023-10-21,-0.4215,performance,0.5786
Samsung Galaxy A34,Smartphone,2.0,bad hair language nature nothing issue overheating issue,Amazon,2023-08-03,-0.5423,heating,0.7019200000000001
Samsung Galaxy Tab S7 FE,Smartphone,4.0,bad three cultural great good outside,Amazon,2024-02-19,0.5423,general_issue,0.335
Samsung Buds 2,Accessories,5.0,good,Amazon,2024-08-12,0.4404,none,0.06
Samsung Galaxy Book 3,Smartphone,3.0,not great movie dog dream environment bill cell laugh,Amazon,2024-12-28,0.3195,none,0.21
Samsung Galaxy M34,Smartphone,2.0,excellent issue charging problem,Flipkart,2024-01-06,0.25,battery,0.485
Samsung Galaxy Book 3,Smartphone,5.0,bad lay table no,Amazon,2023-09-24,-0.6908,general_issue,0.53632
Samsung Galaxy Book 2,Smartphone,5.0,excellent hold drive recently bag,Flipkart,2023-06-20,0.5719,none,0.06
Samsung Galaxy S22,Smartphone,4.0,waste of money low save section cultural,Amazon,2024-01-07,-0.1779,general_issue,0.40616
Samsung Galaxy M34,Smartphone,3.0,not great member threat here once green throughout break,Amazon,2024-11-16,-0.1326,none,0.26304
Samsung Galaxy S23,Smartphone,4.0,good civil of suffer through guess card,Amazon,2024-10-15,-0.1531,none,0.19624
Samsung Galaxy S23,Smartphone,4.0,excellent perform again win,Flipkart,2024-08-12,0.8176,none,0.135
Samsung Galaxy S21 FE,Smartphone,4.0,average major after occur truth,Amazon,2022-07-21,0.3182,none,0.135
Samsung Galaxy S21 FE,Smartphone,4.0,good whole professor defense,Flipkart,2024-08-19,0.5267,none,0.135
Samsung Galaxy Tab S7 FE,Smartphone,4.0,excellent after lead especially soon break yes,Flipkart,2023-10-18,0.7693,none,0.135
Samsung Galaxy A54,Smartphone,4.0,bad company already instead,Flipkart,2023-02-21,-0.5423,general_issue,0.55192
Samsung Buds 2,Accessories,4.0,excellent particularly beyond enjoy value,Flipkart,2024-01-30,0.8703,none,0.135
Samsung Galaxy A54,Smartphone,5.0,average deep girl television yes argue among huge,Amazon,2023-10-03,0.3818,none,0.06
Samsung Galaxy Book 2,Smartphone,4.0,waste of money issue watch job matter,Flipkart,2024-04-27,-0.4019,general_issue,0.49576
Samsung Galaxy A34,Smartphone,4.0,bad former color center others during reflect,Amazon,2022-04-04,-0.5423,general_issue,0.55192
Samsung Galaxy S23,Smartphone,4.0,good mr change offer gas,Amazon,2023-03-30,0.4404,performance,0.335
Samsung Buds 2,Accessories,4.0,excellent rich college serious special,Flipkart,2022-10-26,0.8658,none,0.135
Samsung Galaxy Tab A8,Smartphone,5.0,average without including government better many old enter trial,Amazon,2022-02-03,-0.3412,none,0.19648
Samsung Galaxy A54,Smartphone,2.0,amazing display quality,Flipkart,2023-06-19,0.5859,display,0.485
Samsung Galaxy S23,Smartphone,5.0,good measure right situation nation,Amazon,2024-05-05,0.4404,none,0.06
Samsung Galaxy A54,Smartphone,5.0,delivery was delayed but the product is great,Flipkart,2023-08-28,0.7351,performance,0.26
Samsung Galaxy M53,Smartphone,4.0,bad election sit or character develop,Flipkart,2022-11-09,-0.5423,general_issue,0.55192
Samsung Galaxy Tab A8,Smartphone,3.0,worth it issue slow performance,Amazon,2023-02-06,0.2263,performance,0.41
Samsung Buds Live,Accessories,5.0,excellent music one seat,Amazon,2023-11-07,0.5719,none,0.06
Samsung Galaxy S22,Smartphone,4.0,average society factor seven western time painting,Amazon,2023-04-17,0.0,none,0.135
Samsung Galaxy A34,Smartphone,1.0,good top option trade issue camera quality is poor,Flipkart,2024-02-17,0.1531,camera,0.56
Samsung Galaxy A34,Smartphone,5.0,waste of money some defense security choose situation year,Amazon,2023-05-19,0.0258,software,0.26
Samsung Galaxy A14,Smartphone,4.0,excellent four design street meeting window draw,Amazon,2024-10-19,0.5719,none,0.135
Samsung Galaxy Tab S7 FE,Smartphone,3.0,good traditional quite eight thing night put issue overheating issue,Amazon,2023-11-23,0.4404,heating,0.41
Samsung Galaxy S23,Smartphone,3.0,not as expected returning it,Amazon,2023-06-12,0.0,none,0.21
Samsung Galaxy A14,Smartphone,4.0,excellent without pick early history single return,Amazon,2024-09-27,0.5719,none,0.135
Samsung Galaxy Tab S7 FE,Smartphone,4.0,waste of money argue far different social current happy appear,Flipkart,2024-10-01,-0.128,software,0.3862
Samsung Buds 2,Accessories,4.0,good agent help imagine,Amazon,2024-08-01,0.6808,none,0.135
Samsung Galaxy S22,Smartphone,1.0,waste of money within individual fear every issue battery draining fast,Flipkart,2022-12-11,-0.7184,battery,0.8473600000000001
Samsung Galaxy Tab A8,Smartphone,2.0,excellent issue display flickering,Amazon,2023-12-23,0.5719,display,0.485
Samsung Galaxy A14,Smartphone,4.0,waste of money floor hope interview admit,Amazon,2022-12-13,0.2263,general_issue,0.335
Samsung Charger 25W,Accessories,3.0,good southern modern wall than everyone bill husband,Amazon,2022-10-14,0.4404,none,0.21
Samsung Galaxy M34,Smartphone,4.0,average upon response owner near life,Amazon,2024-09-27,0.0,battery,0.335
Samsung Buds Live,Accessories,3.0,waste of money bank opportunity per truth,Amazon,2023-01-12,0.3182,general_issue,0.41
Samsung Galaxy S21 FE,Smartphone,1.0,not great rule station garden set water fall,Amazon,2022-05-01,-0.5096,none,0.5638400000000001
Samsung Galaxy S22,Smartphone,1.0,love the camera quality,Amazon,2024-12-09,0.6369,camera,0.56
Samsung Galaxy Tab A8,Smartphone,1.0,bad party make power movie issue display flickering,Amazon,2022-03-11,-0.2023,battery,0.6409199999999999
Samsung Buds Live,Accessories,3.0,bad according prove interview loss involve fact,Amazon,2022-06-02,-0.7003,software,0.6901200000000001
Samsung Galaxy S23,Smartphone,1.0,good contain authority kitchen,Amazon,2022-04-10,0.4939,none,0.36
Samsung Buds 2,Accessories,3.0,average people lead huge still,Amazon,2022-01-14,0.3182,none,0.21
Samsung Air Conditioner,Other,5.0,very userfriendly interface,Amazon,2024-04-24,0.0,software,0.26
Samsung Galaxy S21 FE,Smartphone,5.0,excellent town tonight consumer military,Amazon,2022-10-09,0.5719,none,0.06
Samsung Galaxy A54,Smartphone,5.0,waste of money store can station toward seat best federal,Flipkart,2023-04-19,0.34,general_issue,0.26
Samsung Galaxy Tab S7 FE,Smartphone,3.0,waste of money issue battery draining fast,Flipkart,2022-05-20,-0.4215,battery,0.5786
Samsung Galaxy M14,Smartphone,5.0,good maintain foreign once half than,Flipkart,2022-11-06,0.4404,none,0.06
Samsung Galaxy A14,Smartphone,4.0,bad clear might report every player arm,Amazon,2022-01-19,-0.2263,general_issue,0.42552
Samsung Galaxy M53,Smartphone,2.0,excellent issue display flickering,Flipkart,2023-03-24,0.5719,display,0.485
Samsung Galaxy S22,Smartphone,5.0,not great sort dog long,Amazon,2024-11-01,-0.5096,none,0.26384
Samsung Charger 25W,Accessories,2.0,worth it hand turn by future research color possible few issue camera quality is poor,Amazon,2024-07-22,0.25,camera,0.485
Samsung Galaxy S23,Smartphone,3.0,not great various thousand since accept environmental short president fish issue battery draining fast,Flipkart,2024-02-04,-0.1764,battery,0.48056
Samsung Buds 2,Accessories,1.0,waste of money man front process exactly everything issue display flickering,Amazon,2022-05-04,-0.4215,display,0.7286000000000001
Samsung Galaxy M34,Smartphone,4.0,worth it,Flipkart,2024-09-16,0.2263,none,0.135
Samsung Galaxy Book 2,Smartphone,4.0,worth it,Flipkart,2024-09-26,0.2263,none,0.135
Samsung Galaxy Book 3,Smartphone,4.0,worth it dark everybody play field plant foreign black hold,Flipkart,2022-02-02,0.5106,none,0.135
Samsung Buds Live,Accessories,4.0,excellent mind stage road popular western hold benefit,Amazon,2022-01-14,0.8591,none,0.135
Samsung Buds 2,Accessories,3.0,bad issue battery draining fast,Amazon,2024-12-25,-0.5423,battery,0.6269200000000001
Samsung Galaxy Tab A8,Smartphone,5.0,excellent recent oil ready everybody entire involve,Flipkart,2024-04-22,0.7351,none,0.06
Samsung Galaxy Tab A8,Smartphone,2.0,worth it issue battery draining fast,Amazon,2022-01-25,0.2263,battery,0.485
Samsung Galaxy S21 FE,Smartphone,5.0,worth it station social everyone fish even,Amazon,2022-02-04,0.2263,none,0.06
Samsung Galaxy M53,Smartphone,4.0,waste of money few agreement all others,Amazon,2024-12-20,0.1027,general_issue,0.335
Samsung Galaxy A54,Smartphone,3.0,excellent power girl game behind still though soldier,Flipkart,2023-07-17,0.5719,battery,0.41
Samsung Galaxy Tab A8,Smartphone,1.0,bad wife point even bar issue camera quality is poor,Amazon,2023-08-11,-0.765,camera,0.8660000000000001
Samsung Charger 25W,Accessories,3.0,average seek both address travel town such interesting issue camera quality is poor,Amazon,2022-02-05,-0.1027,camera,0.45108
Samsung Galaxy S23,Smartphone,5.0,average information glass relate south create share,Amazon,2024-10-25,0.5106,none,0.06
Samsung Charger 25W,Accessories,4.0,good far artist range,Flipkart,2024-05-31,0.4404,none,0.135
Samsung Galaxy M53,Smartphone,2.0,bad indeed stage away summer vote major also,Flipkart,2023-01-03,-0.5423,general_issue,0.7019200000000001
Samsung Soundbar,Other,2.0,excellent product very satisfied,Amazon,2022-08-08,0.7778,none,0.285
Samsung Charger 25W,Accessories,3.0,good share operation baby involve ready again issue display flickering,Amazon,2022-07-17,0.765,display,0.41
Samsung Galaxy S22,Smartphone,4.0,good matter magazine page decade,Amazon,2024-12-09,0.4588,none,0.135
Samsung Charger 25W,Accessories,5.0,good lose record arm week son,Flipkart,2022-11-01,0.0516,software,0.26
Samsung Galaxy Buds2,Smartphone,3.0,love the camera quality,Flipkart,2023-05-09,0.6369,camera,0.41
Samsung Galaxy M53,Smartphone,4.0,good democratic always product agree purpose guess,Flipkart,2023-01-29,0.6597,software,0.335
Samsung Galaxy Tab S7 FE,Smartphone,2.0,good fire environmental last modern food issue display flickering,Amazon,2024-12-14,0.128,display,0.485
Samsung Galaxy A14,Smartphone,1.0,good natural now hand life issue slow performance,Amazon,2023-06-01,0.8225,battery,0.56
Samsung Galaxy M53,Smartphone,2.0,average issue display flickering,Amazon,2023-12-27,0.0,display,0.485
Samsung Soundbar,Other,3.0,disappointed with the customer service,Flipkart,2023-07-02,-0.4767,software,0.6006800000000001
Samsung Charger 25W,Accessories,4.0,average manage such by agency,Amazon,2024-03-23,0.0,none,0.135
Samsung Crystal UHD TV,TV,2.0,build quality feels premium,Amazon,2022-06-11,0.0,build_quality,0.485
Samsung Buds 2,Accessories,5.0,average sing stop attorney,Flipkart,2024-02-04,-0.296,none,0.1784
Samsung Galaxy M53,Smartphone,3.0,excellent culture rise way pressure build,Flipkart,2024-04-11,0.3612,build_quality,0.41
Samsung Buds Live,Accessories,1.0,not great green technology receive their,Amazon,2024-07-29,-0.5096,none,0.5638400000000001
Samsung Galaxy M14,Smartphone,3.0,bad choose pay cause situation occur instead sing series issue slow performance,Flipkart,2023-05-14,-0.5994,performance,0.6497600000000001
Samsung Galaxy M14,Smartphone,3.0,good sometimes suddenly bad spend trial admit issue battery draining fast,Flipkart,2023-04-08,0.0516,battery,0.41
Samsung Galaxy S22,Smartphone,4.0,good board law man option,Flipkart,2023-09-07,0.4404,none,0.135
Samsung Galaxy M34,Smartphone,4.0,waste of money article heart style throughout war,Flipkart,2022-06-15,-0.7717,general_issue,0.64368
Samsung Galaxy S23,Smartphone,4.0,not great person ahead shake put,Amazon,2022-03-06,-0.6116,none,0.37964
Samsung Galaxy M14,Smartphone,5.0,waste of money build particular growth method store memory full,Amazon,2022-07-11,-0.0516,build_quality,0.28064
Samsung Galaxy M34,Smartphone,3.0,worth it hit prove seat,Amazon,2024-04-10,0.2263,none,0.21
Samsung Buds 2,Accessories,3.0,not great leg unit couple issue battery draining fast,Flipkart,2024-02-16,-0.5096,battery,0.6138400000000002
Samsung Galaxy Book 2,Smartphone,4.0,average face ever fall ask film whom,Flipkart,2024-02-12,0.0,none,0.135
Samsung Galaxy M14,Smartphone,4.0,excellent together treatment better kid available its relate,Flipkart,2024-09-01,0.765,none,0.135
Samsung Galaxy Tab S7 FE,Smartphone,5.0,good open various fight,Flipkart,2022-04-25,0.0772,none,0.06
Samsung Galaxy Tab A8,Smartphone,3.0,bad break various never,Flipkart,2022-01-20,-0.5423,general_issue,0.6269200000000001
Samsung Galaxy M53,Smartphone,2.0,waste of money research describe will exist fast expect continue issue battery draining fast,Amazon,2022-12-17,-0.4215,battery,0.6536
Samsung Galaxy M34,Smartphone,4.0,average affect stage law everybody focus soon,Amazon,2022-06-19,0.0,camera,0.335
Samsung Galaxy Tab A8,Smartphone,5.0,excellent different pretty first paper able pressure follow,Amazon,2024-10-20,0.6908,none,0.06
Samsung Galaxy S21 FE,Smartphone,4.0,average trouble happy site beat street radio,Flipkart,2024-06-07,0.25,software,0.335
Samsung Galaxy Z Fold5,Smartphone,4.0,love the camera quality,Amazon,2023-11-10,0.6369,camera,0.335
Samsung Charger 25W,Accessories,4.0,worth it build measure machine tell statement,Amazon,2022-07-15,0.2263,build_quality,0.335
Samsung Galaxy S22,Smartphone,5.0,bad bar dark beautiful recognize partner window,Flipkart,2024-12-17,0.1027,general_issue,0.26
Samsung Galaxy A34,Smartphone,4.0,bad,Flipkart,2022-03-29,-0.5423,general_issue,0.55192
Samsung Galaxy A54,Smartphone,4.0,excellent major point north choose cell,Flipkart,2023-04-16,0.5719,software,0.335
Samsung Galaxy Book 3,Smartphone,5.0,not great yourself drug official lose in garden,Flipkart,2023-03-09,-0.7179,software,0.5471600000000001
Samsung Galaxy M14,Smartphone,5.0,worth it guess alone determine hundred carry,Flipkart,2024-08-31,-0.0258,none,0.07032
Samsung Galaxy Tab S7 FE,Smartphone,5.0,excellent most total glass,Amazon,2023-07-10,0.5719,software,0.26
Samsung Galaxy M34,Smartphone,3.0,excellent issue slow performance,Amazon,2022-04-06,0.5719,performance,0.41
Samsung Charger 25W,Accessories,2.0,waste of money bad bar improve arrive carry discussion issue battery draining fast,Flipkart,2022-06-02,-0.5267,battery,0.6956800000000001
Samsung Galaxy A34,Smartphone,5.0,worth it idea fast possible choose entire mother of,Flipkart,2023-07-29,0.2263,software,0.26
Samsung Galaxy M53,Smartphone,4.0,good sport daughter front week activity,Flipkart,2022-03-09,0.4404,none,0.135
Samsung Buds 2,Accessories,2.0,excellent put first claim spend issue slow performance,Flipkart,2023-01-03,0.5719,performance,0.485
Samsung Galaxy S21 FE,Smartphone,5.0,average yeah fear join amount possible,Flipkart,2023-10-07,0.0516,software,0.26
Samsung Galaxy Book 3,Smartphone,3.0,bad almost offer station house set what health issue battery draining fast,Amazon,2022-02-02,-0.5423,battery,0.6269200000000001
Samsung Galaxy Tab A8,Smartphone,4.0,good american learn admit take,Flipkart,2023-03-01,0.5719,none,0.135
Samsung Buds 2,Accessories,3.0,not great young win building low soldier arrive,Flipkart,2022-10-23,-0.8159,build_quality,0.7363600000000001
Samsung Galaxy A14,Smartphone,4.0,not great finally from other dream,Amazon,2024-03-26,-0.3169,none,0.26176
Samsung Galaxy Tab S7 FE,Smartphone,1.0,worth it week product gun hotel make issue slow performance,Flipkart,2022-06-07,-0.128,heating,0.6112
Samsung Galaxy M34,Smartphone,4.0,worth it wife partner ready college the explain result,Amazon,2023-09-05,0.5267,none,0.135
Samsung Galaxy A14,Smartphone,5.0,waste of money listen significant bank game to,Flipkart,2022-11-29,-0.25,general_issue,0.36
Samsung Galaxy Buds2,Smartphone,2.0,excellent product very satisfied,Flipkart,2023-05-08,0.7778,none,0.285
Samsung Air Conditioner,Other,4.0,highly recommend to others,Flipkart,2024-03-07,0.4201,none,0.135
Samsung Galaxy S21 FE,Smartphone,3.0,not great issue slow performance,Flipkart,2023-11-11,-0.5096,performance,0.6138400000000002
Samsung Buds 2,Accessories,1.0,worth it issue camera quality is poor,Flipkart,2024-02-26,-0.296,camera,0.6784000000000001
Samsung Buds 2,Accessories,5.0,not great fact yard politics economic subject save,Amazon,2022-10-14,-0.0243,sound,0.26972
Samsung Galaxy M14,Smartphone,4.0,waste of money themselves your while travel girl,Amazon,2022-06-10,-0.4215,general_issue,0.5036
Samsung Galaxy S21 FE,Smartphone,4.0,worth it explain including major young best,Flipkart,2024-10-22,0.7269,none,0.135
Samsung Galaxy A14,Smartphone,3.0,good vote tree ok style author issue camera quality is poor,Amazon,2023-12-10,0.25,camera,0.41
Samsung Galaxy Tab S7 FE,Smartphone,4.0,good maybe modern your choice high,Amazon,2022-04-20,0.4404,none,0.135
Samsung Charger 25W,Accessories,3.0,average society play information best you federal leader,Amazon,2022-07-20,0.765,none,0.21
Samsung Galaxy Book 3,Smartphone,3.0,excellent within mother thousand movement local set history issue slow performance,Amazon,2024-06-14,0.5719,performance,0.41
Samsung Galaxy Book 2,Smartphone,5.0,excellent interview since than evidence memory book,Amazon,2023-04-21,0.5719,none,0.06
Samsung Galaxy S23,Smartphone,5.0,average garden include economic model,Amazon,2022-06-05,0.0,sound,0.26
Samsung Galaxy A34,Smartphone,5.0,excellent,Amazon,2023-11-29,0.5719,none,0.06
Samsung Galaxy A14,Smartphone,5.0,excellent heavy service face that,Amazon,2024-03-23,0.5719,none,0.06
Samsung Galaxy S22,Smartphone,1.0,bad issue slow performance,Amazon,2023-10-31,-0.5423,performance,0.77692
Samsung Galaxy M14,Smartphone,1.0,not great issue battery draining fast,Flipkart,2022-03-02,-0.5096,battery,0.7638400000000001
Samsung Galaxy S21 FE,Smartphone,5.0,average treat water fall since audience be pm,Flipkart,2023-07-14,0.4019,none,0.06
Samsung Galaxy S23,Smartphone,3.0,not great issue battery draining fast,Flipkart,2024-07-11,-0.5096,battery,0.6138400000000002
Samsung Charger 25W,Accessories,3.0,not great issue overheating issue,Flipkart,2024-10-01,-0.5096,heating,0.6138400000000002
Samsung Galaxy Book 2,Smartphone,5.0,not great morning population your the,Flipkart,2023-04-13,-0.5096,none,0.26384
Samsung Charger 25W,Accessories,4.0,worth it set year learn admit special home,Amazon,2023-12-30,0.6597,none,0.135
Samsung Galaxy S22,Smartphone,5.0,worth it between participant see very education budget,Amazon,2024-02-08,0.2263,none,0.06
Samsung Galaxy S22,Smartphone,2.0,not great issue camera quality is poor,Flipkart,2024-06-03,-0.7502,camera,0.78508
Samsung Galaxy A34,Smartphone,4.0,good before avoid plan,Amazon,2023-01-16,0.1779,none,0.135
Samsung Galaxy S21 FE,Smartphone,5.0,average boy war fear return environmental moment,Flipkart,2024-02-18,-0.7964,none,0.37856
Samsung Charger 25W,Accessories,1.0,worth it model total other short age fill add benefit,Amazon,2022-06-25,0.5994,none,0.36
Samsung Galaxy S23,Smartphone,4.0,worth it phone prevent ahead community question nation season,Amazon,2023-08-28,0.25,none,0.135
Samsung Galaxy S23,Smartphone,4.0,average listen blood statement foreign music top,Amazon,2023-05-20,0.2023,none,0.135
Samsung Galaxy M14,Smartphone,1.0,waste of money simply sister whom do opportunity issue slow performance,Flipkart,2022-05-31,0.0,performance,0.56
Samsung Galaxy M53,Smartphone,5.0,average common interview write son able protect program,Amazon,2022-06-18,0.3818,none,0.06
Samsung Galaxy A34,Smartphone,3.0,good say know month air life issue battery draining fast,Amazon,2023-07-03,0.4404,battery,0.41
Samsung Galaxy A34,Smartphone,4.0,excellent day officer able benefit manage join,Amazon,2022-11-12,0.836,none,0.135
Samsung Galaxy A14,Smartphone,4.0,good growth support hotel development whole,Amazon,2024-02-18,0.802,heating,0.335
Samsung Buds 2,Accessories,3.0,waste of money mouth statement three better line,Amazon,2022-11-12,0.0258,general_issue,0.41
Samsung Galaxy A34,Smartphone,4.0,waste of money likely experience business sort animal myself,Flipkart,2024-03-08,-0.4215,general_issue,0.5036
Samsung Galaxy M53,Smartphone,4.0,good such international pattern to treatment,Flipkart,2023-10-11,0.4404,none,0.135
Samsung Galaxy Tab A8,Smartphone,3.0,average knowledge high build short issue slow performance,Amazon,2024-01-09,0.0,performance,0.41
Samsung Galaxy S22,Smartphone,3.0,excellent product very satisfied,Flipkart,2022-08-07,0.7778,none,0.21
Samsung Soundbar,Other,5.0,amazing display quality,Flipkart,2022-07-07,0.5859,display,0.26
Samsung Galaxy S23,Smartphone,4.0,average senior box meet,Amazon,2022-01-11,0.0,none,0.135
Samsung Galaxy M53,Smartphone,4.0,good pattern list nation,Flipkart,2023-09-24,0.4404,none,0.135
Samsung Galaxy S22,Smartphone,3.0,good someone strong same second,Flipkart,2024-06-29,0.7351,none,0.21
Samsung Galaxy A54,Smartphone,4.0,not great woman short drive,Amazon,2024-01-08,-0.5096,none,0.33884
Samsung Buds 2,Accessories,5.0,bad show pressure great note need rise fine,Flipkart,2023-07-07,0.0516,general_issue,0.26
Samsung Galaxy A54,Smartphone,4.0,waste of money somebody authority knowledge girl cup end half,Amazon,2022-07-29,-0.3612,general_issue,0.47948
Samsung Galaxy Watch6,Smartphone,1.0,not worth the price,Flipkart,2022-09-29,-0.1695,none,0.4278
Samsung Galaxy S23,Smartphone,5.0,worth it nice live already himself,Amazon,2022-06-28,0.5719,none,0.06
Samsung Galaxy M14,Smartphone,4.0,waste of money nothing ahead amount green example,Flipkart,2023-01-19,-0.4215,general_issue,0.5036
Samsung Galaxy S22,Smartphone,1.0,not great like off during investment important modern which,Amazon,2024-06-01,-0.558,none,0.5831999999999999
Samsung Galaxy A34,Smartphone,4.0,waste of money ago movement next carry our conference,Amazon,2024-07-08,-0.4215,general_issue,0.5036
Samsung Galaxy A34,Smartphone,4.0,not great myself nor question a turn film,Amazon,2024-11-15,-0.5096,none,0.33884
Samsung Galaxy M34,Smartphone,2.0,good area himself stop pressure soon product,Flipkart,2024-04-15,-0.128,none,0.3362
Samsung Charger 25W,Accessories,5.0,not great deal society exist lay determine goal,Flipkart,2022-07-31,-0.5096,none,0.26384
Samsung Galaxy Book 2,Smartphone,2.0,worth it issue charging problem,Flipkart,2022-02-23,-0.2023,battery,0.56592
Samsung Galaxy S21 FE,Smartphone,5.0,worth it staff firm well either,Flipkart,2022-07-03,0.4588,none,0.06
Samsung Galaxy A14,Smartphone,5.0,average military mouth service expert whether receive,Amazon,2023-12-26,0.0,none,0.06
Samsung Galaxy S22,Smartphone,3.0,excellent amount garden right speech see security issue slow performance,Flipkart,2022-07-10,0.7269,performance,0.41
Samsung Galaxy A14,Smartphone,4.0,excellent theory kitchen last woman level begin,Amazon,2023-10-27,0.5719,none,0.135
Samsung Galaxy A14,Smartphone,5.0,good message discuss health town,Flipkart,2024-02-28,0.4404,none,0.06
Samsung Galaxy Tab A8,Smartphone,4.0,excellent sure yourself professor his,Amazon,2022-01-26,0.7184,none,0.135
Samsung Charger 25W,Accessories,4.0,not great,Flipkart,2023-08-21,-0.5096,none,0.33884
Samsung Galaxy M53,Smartphone,3.0,good entire fight necessary respond star that,Flipkart,2024-04-27,0.0772,none,0.21
Samsung Galaxy Tab S7 FE,Smartphone,5.0,bad huge boy check,Flipkart,2024-03-05,-0.296,general_issue,0.3784
Samsung Galaxy M53,Smartphone,3.0,not great people enough professor my project now college military issue charging problem,Flipkart,2022-06-23,-0.7179,battery,0.69716
Samsung Galaxy Tab A8,Smartphone,4.0,average interest east religious resource dream skill color,Flipkart,2023-05-13,0.6124,none,0.135
Samsung Buds Live,Accessories,4.0,excellent rather skill day environmental property,Amazon,2024-12-03,0.5719,none,0.135
Samsung Buds Live,Accessories,5.0,not great result fill order adult item operation fact,Flipkart,2022-12-14,-0.5096,none,0.26384
Samsung Charger 25W,Accessories,5.0,worth it wind economic town body despite people play old,Flipkart,2024-02-19,-0.0351,sound,0.27404
Samsung Charger 25W,Accessories,3.0,not great when college debate wish physical,Amazon,2022-12-14,-0.1516,none,0.27064
Samsung Galaxy S23,Smartphone,4.0,excellent point debate chair discuss senior blue pull,Amazon,2022-10-12,0.5719,none,0.135
Samsung Galaxy A54,Smartphone,5.0,waste of money successful someone while machine age industry,Amazon,2023-07-05,0.25,general_issue,0.26
Samsung Galaxy A54,Smartphone,3.0,good issue battery draining fast,Flipkart,2023-09-09,0.4404,battery,0.41
Samsung Galaxy S21 FE,Smartphone,5.0,bad modern lose from sport finally dark,Flipkart,2023-07-04,-0.7351,software,0.5540400000000001
Samsung Galaxy M34,Smartphone,2.0,worth it less number front,Amazon,2024-10-06,0.228,none,0.285
Samsung Galaxy S21 FE,Smartphone,5.0,waste of money employee natural cost response all,Flipkart,2022-10-26,-0.0772,software,0.29088
Samsung Galaxy Tab S7 FE,Smartphone,4.0,not great step majority tv travel mouth front father such,Amazon,2022-05-10,-0.5096,none,0.33884
Samsung Galaxy S21 FE,Smartphone,4.0,worth it either serious report standard democratic place by arm,Flipkart,2022-12-09,0.1531,none,0.135
Samsung Galaxy A54,Smartphone,5.0,worth it window ready run design help stand deep,Amazon,2024-06-09,0.7269,none,0.06
Samsung Galaxy A54,Smartphone,1.0,good issue overheating issue,Amazon,2023-07-20,0.4404,heating,0.56
Samsung Galaxy Book 3,Smartphone,4.0,average media clearly vote stuff,Flipkart,2024-05-12,0.4019,none,0.135
Samsung Galaxy A54,Smartphone,5.0,waste of money sea green case choose could,Flipkart,2023-09-06,-0.4215,software,0.4286
Samsung Buds Live,Accessories,2.0,not great last office difference too south poor thing issue slow performance,Amazon,2024-09-18,-0.7502,performance,0.78508
Samsung Buds 2,Accessories,5.0,not great half deal event under perhaps sport,Amazon,2022-06-07,-0.5096,none,0.26384
Samsung Galaxy Z Fold5,Smartphone,1.0,delivery was delayed but the product is great,Flipkart,2024-01-10,0.7351,performance,0.56
Samsung Galaxy Book 3,Smartphone,5.0,waste of money discuss activity find great nothing serious who,Flipkart,2023-05-31,0.3658,general_issue,0.26
Samsung Galaxy A14,Smartphone,2.0,excellent machine her marriage against issue slow performance,Flipkart,2023-05-21,0.5719,performance,0.485
Samsung Galaxy Book 3,Smartphone,2.0,excellent compare cold pass issue battery draining fast,Amazon,2024-10-12,0.5719,battery,0.485
Samsung Galaxy M53,Smartphone,4.0,average whole government where main identify third arm,Amazon,2023-02-05,0.0,none,0.135
Samsung Galaxy M34,Smartphone,3.0,excellent push eye show ready issue slow performance,Amazon,2024-07-26,0.7351,performance,0.41
Samsung Galaxy A54,Smartphone,3.0,excellent decide what something lot may program bed statement,Amazon,2022-08-08,0.5719,none,0.21
Samsung Galaxy M14,Smartphone,4.0,waste of money black brother ok decade,Amazon,2022-10-05,-0.1531,general_issue,0.39624
Samsung Buds 2,Accessories,4.0,good six spring success nor star more others,Flipkart,2023-09-16,0.765,none,0.135
Samsung Galaxy S23,Smartphone,5.0,bad anyone audience ten yeah scene,Flipkart,2022-01-14,-0.3182,general_issue,0.38728
Samsung Galaxy M14,Smartphone,3.0,worth it action cold still resource break issue battery draining fast,Amazon,2024-03-21,0.2263,battery,0.41
Samsung Galaxy Book 2,Smartphone,2.0,not great back free consider during many financial,Flipkart,2023-11-12,-0.7181,none,0.5722400000000001
Samsung Buds Live,Accessories,5.0,worth it act role need forward report the structure,Amazon,2024-02-18,0.2263,none,0.06
Samsung Buds 2,Accessories,1.0,waste of money yourself left where issue job people staff,Flipkart,2023-11-06,-0.4215,general_issue,0.7286000000000001
Samsung Buds Live,Accessories,5.0,bad top some inside consider than quite,Amazon,2024-06-20,-0.4019,software,0.42076
Samsung Buds Live,Accessories,4.0,worth it seem necessary study recognize,Amazon,2023-11-17,0.2263,none,0.135
Samsung Charger 25W,Accessories,5.0,bad growth brother task,Flipkart,2024-05-31,-0.2263,general_issue,0.35052
Samsung Galaxy S23,Smartphone,4.0,worth it necessary only leg without avoid can,Flipkart,2022-10-06,0.4191,none,0.135
Samsung Buds 2,Accessories,5.0,waste of money mean finally us,Flipkart,2023-09-08,-0.4215,general_issue,0.4286
Samsung Galaxy A54,Smartphone,5.0,not great effect off stage,Flipkart,2023-10-19,-0.5096,none,0.26384
Samsung Galaxy Book 2,Smartphone,1.0,bad stuff guess black white the professional fast,Amazon,2023-02-16,-0.5423,general_issue,0.77692
Samsung Galaxy A14,Smartphone,3.0,average issue battery draining fast,Amazon,2024-09-08,0.0,battery,0.41
Samsung Galaxy M14,Smartphone,4.0,excellent,Amazon,2023-10-06,0.5719,none,0.135
Samsung Galaxy Book 2,Smartphone,3.0,worth it issue overheating issue,Flipkart,2022-12-30,0.2263,heating,0.41
Samsung Buds Live,Accessories,5.0,bad his country determine network may institution alone,Flipkart,2024-03-26,-0.6705,connectivity,0.5282
Samsung Charger 25W,Accessories,3.0,good mean game discussion manage their wall issue camera quality is poor,Amazon,2023-10-16,-0.0516,camera,0.4306399999999999
Samsung Galaxy Tab A8,Smartphone,4.0,worth it best number different better,Amazon,2023-08-20,0.8519,none,0.135
Samsung Buds 2,Accessories,4.0,good turn memory surface computer long myself fund,Flipkart,2024-10-02,0.4404,none,0.135
Samsung Buds 2,Accessories,5.0,not great manage clearly full fund,Amazon,2023-05-12,-0.6759,none,0.33036
Samsung Buds Live,Accessories,4.0,average tell commercial business discuss,Amazon,2023-10-30,0.0,none,0.135
Samsung Galaxy Book 3,Smartphone,4.0,bad show picture black wear add likely same suggest,Flipkart,2024-02-10,-0.5423,camera,0.55192
Samsung Buds 2,Accessories,1.0,waste of money single win street second season whose school issue display flickering,Amazon,2023-07-29,0.25,display,0.56
Samsung Galaxy S22,Smartphone,4.0,not great quickly pm school its white organization the speech,Amazon,2024-03-15,-0.5096,software,0.53884
Samsung Galaxy S22,Smartphone,5.0,good price ok myself pm treat measure,Flipkart,2024-01-18,0.7783,none,0.06
Samsung Galaxy S23,Smartphone,5.0,worth it bring professional exactly wrong soldier approach,Flipkart,2022-08-22,-0.296,software,0.3784
Samsung Buds Live,Accessories,3.0,average discuss area cup lose,Amazon,2023-02-14,-0.4019,software,0.5707600000000002
Samsung Galaxy A34,Smartphone,4.0,waste of money season by care statement tonight professional close,Amazon,2023-01-04,0.1027,software,0.335
Samsung Galaxy S22,Smartphone,3.0,bad might number car kind east side,Amazon,2022-02-25,0.0516,general_issue,0.41
Samsung Galaxy Tab S7 FE,Smartphone,3.0,waste of money expect spend today design include report wrong issue battery draining fast,Flipkart,2024-08-03,-0.7096,battery,0.69384
Samsung Charger 25W,Accessories,4.0,waste of money east analysis that chance may name area,Amazon,2023-03-06,-0.2023,general_issue,0.41592
Samsung Galaxy M14,Smartphone,2.0,bad opportunity central work claim sing issue slow performance,Amazon,2024-06-16,-0.1779,performance,0.55616
Samsung Buds Live,Accessories,3.0,not great issue overheating issue,Amazon,2023-08-20,-0.5096,heating,0.6138400000000002
Samsung Galaxy S22,Smartphone,3.0,waste of money issue display flickering,Amazon,2022-05-22,-0.4215,display,0.5786
Samsung Galaxy A54,Smartphone,3.0,bad team perhaps surface idea skill most indeed low,Flipkart,2024-04-17,-0.7076,software,0.6930400000000001
Samsung Galaxy A54,Smartphone,1.0,not great issue display flickering,Amazon,2024-10-19,-0.5096,display,0.7638400000000001
Samsung Buds Live,Accessories,5.0,good generation traditional group clear could,Amazon,2022-10-13,0.6705,none,0.06
Samsung Galaxy S22,Smartphone,4.0,bad effect past instead society land game music be,Flipkart,2023-09-13,-0.5423,general_issue,0.55192
Samsung Galaxy Tab S7 FE,Smartphone,3.0,excellent issue charging problem,Flipkart,2023-05-11,0.25,battery,0.41
Samsung Buds Live,Accessories,4.0,bad usually truth agree three,Amazon,2023-06-02,0.0772,general_issue,0.335
Samsung Galaxy Book 3,Smartphone,4.0,good early ready main own radio small senior risk,Flipkart,2022-11-12,0.5106,none,0.135
Samsung Galaxy S21 FE,Smartphone,5.0,excellent plan sister which son owner development,Amazon,2024-05-16,0.5719,none,0.06
Samsung Buds Live,Accessories,4.0,average throw method say officer step,Amazon,2024-02-12,0.0,none,0.135
Samsung Galaxy A34,Smartphone,3.0,good behind nature effort wall issue display flickering,Flipkart,2022-06-01,0.4404,display,0.41
Samsung Galaxy Tab S7 FE,Smartphone,3.0,excellent respond serious red receive future tell body,Flipkart,2024-07-08,0.5267,none,0.21
Samsung Buds Live,Accessories,5.0,worth it represent risk have suffer build,Amazon,2024-09-08,-0.5719,build_quality,0.48876
Samsung Galaxy Book 2,Smartphone,3.0,worth it idea fine democratic first issue battery draining fast,Flipkart,2024-03-31,0.4019,battery,0.41
Samsung Galaxy Tab S7 FE,Smartphone,2.0,worth it fear rock person understand budget issue battery draining fast,Flipkart,2024-12-30,-0.3182,battery,0.6122799999999999
Samsung Buds 2,Accessories,3.0,not great wear turn reflect heavy,Flipkart,2024-11-03,-0.5096,none,0.41384
Samsung Galaxy M34,Smartphone,4.0,waste of money next law try key very those,Amazon,2024-05-06,-0.4215,software,0.5036
Samsung Buds Live,Accessories,5.0,average take offer better control,Amazon,2022-03-17,0.4404,none,0.06
Samsung Galaxy A54,Smartphone,2.0,average talk power bar officer woman well,Flipkart,2024-01-07,0.2732,battery,0.485
Samsung Galaxy Tab S7 FE,Smartphone,4.0,good the my catch you per make attention,Amazon,2022-06-24,0.4404,none,0.135
Samsung Galaxy Tab S7 FE,Smartphone,5.0,not great night defense design,Amazon,2022-08-12,-0.5667,none,0.28668
Samsung Galaxy M34,Smartphone,2.0,bad pressure nothing party free long speech issue battery draining fast,Flipkart,2023-05-24,-0.8645,battery,0.8308
Samsung Galaxy S22,Smartphone,5.0,excellent argue turn threat hand,Flipkart,2023-12-29,0.2732,none,0.06
Samsung Crystal UHD TV,TV,3.0,featurepacked and smooth experience,Amazon,2022-12-07,0.0,none,0.21
Samsung Galaxy S22,Smartphone,1.0,excellent professor letter standard,Flipkart,2022-04-01,0.5719,none,0.36
Samsung Galaxy Z Fold5,Smartphone,4.0,excellent product very satisfied,Amazon,2024-03-29,0.7778,none,0.135
Samsung Buds 2,Accessories,4.0,excellent information top out pattern heavy seek,Flipkart,2023-11-11,0.6705,none,0.135
Samsung Buds 2,Accessories,5.0,average change remain truth former dinner huge form,Flipkart,2024-05-31,0.5574,performance,0.26
Samsung Galaxy Book 3,Smartphone,1.0,bad song some weight class necessary,Amazon,2022-08-05,-0.5423,general_issue,0.77692
Samsung Galaxy S23,Smartphone,3.0,waste of money analysis good society majority issue overheating issue,Amazon,2022-01-22,0.0258,heating,0.41
Samsung Galaxy S22,Smartphone,5.0,not great attention likely represent environmental center,Flipkart,2022-07-21,-0.5096,none,0.26384
Samsung Galaxy Book 2,Smartphone,2.0,not great stay couple enough man successful form,Amazon,2023-06-14,0.1295,none,0.285
Samsung Galaxy S22,Smartphone,3.0,bad game reach add within call follow industry,Flipkart,2023-03-31,-0.5267,general_issue,0.6206800000000001
Samsung Galaxy S22,Smartphone,2.0,excellent where point after capital include minute serve draw issue display flickering,Flipkart,2024-11-11,0.5719,display,0.485
Samsung Galaxy Book 3,Smartphone,4.0,excellent republican hold everybody best piece respond,Amazon,2024-11-28,0.836,none,0.135
Samsung Charger 25W,Accessories,5.0,bad west half little way,Flipkart,2023-03-29,-0.5423,general_issue,0.47692
Samsung Galaxy S22,Smartphone,4.0,worth it security hundred second most occur reason memory,Flipkart,2024-07-01,0.5106,software,0.335
Samsung Galaxy A54,Smartphone,3.0,not great south police unit weight risk ask case issue overheating issue,Flipkart,2024-02-06,-0.6591,heating,0.67364
Samsung Galaxy Book 2,Smartphone,5.0,waste of money carry attack trouble that,Amazon,2024-03-12,-0.8225,general_issue,0.589
Samsung Galaxy S21 FE,Smartphone,4.0,good once in wall meet indicate usually serve,Amazon,2024-08-06,0.4404,none,0.135
Samsung Buds 2,Accessories,4.0,worth it huge site what next future deep unit,Amazon,2024-10-21,0.4939,none,0.135
Samsung Galaxy Tab A8,Smartphone,1.0,average necessary rise yard say yourself face mention issue overheating issue,Amazon,2022-11-05,0.0,heating,0.56
Samsung Galaxy A34,Smartphone,3.0,good can election sure several,Flipkart,2023-12-08,0.6369,none,0.21
Samsung Galaxy Book 3,Smartphone,2.0,waste of money raise attorney sea air make real radio owner issue slow performance,Amazon,2022-02-20,-0.4215,performance,0.6536
Samsung Buds Live,Accessories,4.0,bad administration describe business might drug firm job fire,Amazon,2024-09-15,-0.7096,general_issue,0.6188400000000001
Samsung Charger 25W,Accessories,3.0,bad itself cover sit along executive evidence middle natural issue overheating issue,Amazon,2022-08-03,-0.25,heating,0.51
Samsung Galaxy Tab S7 FE,Smartphone,3.0,good end current enough issue slow performance,Amazon,2023-08-29,0.4404,performance,0.41
Samsung Washing Machine,Other,3.0,very userfriendly interface,Flipkart,2024-05-01,0.0,software,0.41
Samsung Buds Live,Accessories,1.0,worth it manage official side federal,Flipkart,2022-06-25,0.2263,none,0.36
Samsung Galaxy A34,Smartphone,3.0,average five people safe issue charging problem,Amazon,2022-08-26,0.0516,battery,0.41
Samsung Crystal UHD TV,TV,4.0,featurepacked and smooth experience,Flipkart,2022-10-18,0.0,none,0.135
Samsung Charger 25W,Accessories,4.0,average lead still product statement,Flipkart,2023-12-15,0.0,none,0.135
Samsung Galaxy S22,Smartphone,4.0,not great exactly someone by drug drive,Amazon,2023-10-01,-0.5096,none,0.33884
Samsung Galaxy Tab A8,Smartphone,5.0,waste of money trip strategy something student accept near,Flipkart,2023-12-04,-0.0516,general_issue,0.28064
Samsung Galaxy S23,Smartphone,3.0,worth it fall technology ready one thus doctor,Amazon,2024-07-21,0.5267,none,0.21
Samsung Galaxy M53,Smartphone,4.0,waste of money on minute close between,Amazon,2023-02-28,-0.4215,software,0.5036
Samsung Galaxy M34,Smartphone,4.0,worth it boy suggest stay age artist agent pass,Amazon,2024-12-03,0.2263,none,0.135
Samsung Galaxy S23,Smartphone,4.0,good congress turn lead theory remember,Amazon,2024-09-16,0.4404,none,0.135
Samsung Buds 2,Accessories,3.0,not great issue slow performance,Flipkart,2023-12-15,-0.5096,performance,0.6138400000000002
Samsung Galaxy Book 2,Smartphone,5.0,not great understand three protect most owner official,Amazon,2024-09-02,-0.1764,software,0.33056
Samsung Galaxy Tab S7 FE,Smartphone,4.0,waste of money seat opportunity interest skill amount economy increase,Flipkart,2022-07-19,0.6486,general_issue,0.335
Samsung Galaxy A34,Smartphone,5.0,excellent of prove gas,Amazon,2024-06-16,0.5719,none,0.06
Samsung Refrigerator,Other,5.0,performance is topnotch,Flipkart,2024-07-15,0.0,none,0.06
Samsung Galaxy S23,Smartphone,4.0,software updates are slow,Amazon,2023-10-16,0.0,performance,0.335
Samsung Galaxy M53,Smartphone,2.0,waste of money form energy range job beautiful either other study issue slow performance,Flipkart,2022-05-18,0.4939,performance,0.485
Samsung Soundbar,Other,5.0,very userfriendly interface,Amazon,2023-09-07,0.0,software,0.26
Samsung Galaxy Tab S7 FE,Smartphone,4.0,worth it father summer chance pressure,Amazon,2022-04-02,0.1779,none,0.135
Samsung Galaxy Tab A8,Smartphone,4.0,excellent father behind move government,Flipkart,2022-08-24,0.5719,none,0.135
Samsung Galaxy S23,Smartphone,5.0,good night wear eight determine bad foreign do,Flipkart,2022-02-16,-0.1531,general_issue,0.32124
Samsung Galaxy M53,Smartphone,4.0,excellent level personal could movement fire,Flipkart,2023-12-04,0.3182,none,0.135
Samsung Galaxy A34,Smartphone,3.0,average billion report seek mean wear,Flipkart,2022-08-12,0.0,none,0.21
Samsung Galaxy Book 3,Smartphone,4.0,bad thought movement race,Flipkart,2022-12-03,-0.5423,general_issue,0.55192
Samsung Galaxy Tab A8,Smartphone,5.0,not great crime some red lot base heavy magazine,Amazon,2023-05-15,-0.1139,none,0.10556
Samsung Galaxy Tab A8,Smartphone,3.0,good friend reflect film shoulder miss issue overheating issue,Amazon,2024-11-22,0.6705,heating,0.41
Samsung Galaxy Book 2,Smartphone,4.0,not great right brother kitchen modern,Amazon,2022-12-24,-0.5096,none,0.33884
Samsung Galaxy S23,Smartphone,3.0,worth it new push poor gas catch account issue battery draining fast,Amazon,2022-11-24,-0.296,battery,0.5284
Samsung Galaxy S21 FE,Smartphone,5.0,bad back choose big value plan whose travel very,Flipkart,2023-11-09,-0.2732,software,0.36928
Samsung Galaxy M14,Smartphone,3.0,excellent spend important director leave much indeed,Flipkart,2024-05-23,0.6486,none,0.21
Samsung Galaxy Book 2,Smartphone,2.0,good agree energy pull whatever majority build make,Amazon,2024-08-04,0.7579,build_quality,0.485
Samsung Galaxy A34,Smartphone,4.0,waste of money month lose away spend,Amazon,2023-04-20,-0.6705,software,0.6032
Samsung Galaxy Tab A8,Smartphone,5.0,not great policy knowledge too product machine customer,Amazon,2024-04-09,-0.5096,none,0.26384
Samsung Buds Live,Accessories,5.0,good value tend return think number,Flipkart,2023-01-13,0.6808,none,0.06
Samsung Galaxy M14,Smartphone,4.0,not great,Flipkart,2023-01-17,-0.5096,none,0.33884
Samsung Buds 2,Accessories,4.0,good near pay risk onto leg,Flipkart,2024-06-04,0.1027,none,0.135
Samsung Galaxy Book 3,Smartphone,3.0,good reality check meet issue display flickering,Flipkart,2024-03-21,0.4404,display,0.41
Samsung Galaxy Tab S7 FE,Smartphone,5.0,excellent follow much education everything three,Flipkart,2022-03-01,0.5719,none,0.06
Samsung Galaxy A14,Smartphone,4.0,excellent trial fund black still,Amazon,2023-02-09,0.5719,none,0.135
Samsung Buds Live,Accessories,3.0,bad issue slow performance,Amazon,2024-07-09,-0.5423,performance,0.6269200000000001
Samsung Galaxy S22,Smartphone,4.0,not great reduce project mission,Amazon,2024-05-29,-0.5096,none,0.33884
Samsung Galaxy S22,Smartphone,4.0,good account such return ok get,Flipkart,2024-03-07,0.6249,none,0.135
Samsung Galaxy Tab A8,Smartphone,5.0,average call morning shoulder least,Amazon,2022-01-10,0.0,none,0.06
Samsung Galaxy Tab S7 FE,Smartphone,5.0,waste of money look common skill take,Flipkart,2023-03-16,-0.4215,general_issue,0.4286
Samsung Galaxy Book 2,Smartphone,1.0,waste of money memory student down project region,Amazon,2023-02-26,-0.4215,general_issue,0.7286000000000001
Samsung Galaxy Tab S7 FE,Smartphone,5.0,waste of money former white sister hundred range,Amazon,2023-07-25,-0.4215,general_issue,0.4286
Samsung Galaxy M53,Smartphone,3.0,bad issue display flickering,Amazon,2022-05-09,-0.5423,display,0.6269200000000001
Samsung Buds 2,Accessories,3.0,excellent toward source treat administration issue slow performance,Amazon,2022-07-28,0.7506,performance,0.41
Samsung Galaxy A34,Smartphone,4.0,excellent such shoulder many truth hand upon,Amazon,2023-01-18,0.8481,none,0.135
Samsung Charger 25W,Accessories,3.0,good seven consumer cost forget huge issue camera quality is poor,Amazon,2024-01-20,0.0516,camera,0.41
Samsung Galaxy M14,Smartphone,5.0,excellent finish everyone necessary report land else,Flipkart,2023-10-30,0.5719,none,0.06
Samsung Galaxy S23,Smartphone,2.0,average board may fact leg issue overheating issue,Flipkart,2023-02-08,0.0,heating,0.485
Samsung Galaxy Book 2,Smartphone,3.0,not great mr world interview marriage specific,Flipkart,2024-07-26,-0.5096,none,0.41384
Samsung Galaxy Tab S7 FE,Smartphone,4.0,good tree relationship feeling take garden phone oil oil,Amazon,2022-08-22,0.5267,none,0.135
Samsung Galaxy S23,Smartphone,4.0,average game challenge western,Amazon,2023-06-22,0.0772,none,0.135
Samsung Galaxy M14,Smartphone,3.0,not great once keep day adult bag issue overheating issue,Amazon,2024-09-29,-0.5096,heating,0.6138400000000002
Samsung Buds Live,Accessories,2.0,average work way edge,Amazon,2024-12-16,0.0,none,0.285
Samsung Galaxy S22,Smartphone,4.0,waste of money on practice option collection,Flipkart,2023-10-04,-0.4215,general_issue,0.5036
Samsung Buds 2,Accessories,3.0,average heavy administration entire again or issue charging problem,Flipkart,2024-03-06,-0.4019,battery,0.5707600000000002
Samsung Galaxy Book 2,Smartphone,5.0,good food issue difference quite,Flipkart,2024-03-14,0.4404,software,0.26
Samsung Charger 25W,Accessories,4.0,average give maintain at at be able close,Flipkart,2022-08-22,0.0,software,0.335
Samsung Galaxy Tab A8,Smartphone,2.0,excellent certain few again,Flipkart,2023-12-14,0.7003,none,0.285
Samsung Galaxy S22,Smartphone,4.0,bad edge remember task at,Flipkart,2023-12-22,-0.5423,general_issue,0.55192
Samsung Galaxy Tab S7 FE,Smartphone,4.0,worth it talk hour enough peace measure,Flipkart,2024-07-26,0.6597,none,0.135
Samsung Air Conditioner,Other,2.0,featurepacked and smooth experience,Amazon,2022-12-20,0.0,none,0.285
Samsung Galaxy A14,Smartphone,4.0,not great,Amazon,2023-09-02,-0.5096,none,0.33884
Samsung Galaxy M14,Smartphone,5.0,not great modern effect forget people guess,Flipkart,2022-06-23,-0.6362,none,0.31448
Samsung Buds Live,Accessories,4.0,waste of money animal nation option not imagine able tend same,Flipkart,2022-10-02,-0.4215,general_issue,0.5036
Samsung Galaxy Tab S7 FE,Smartphone,4.0,good discover compare want here several theory,Flipkart,2023-10-04,0.4939,none,0.135
Samsung Galaxy Tab S7 FE,Smartphone,4.0,good service less grow popular line stuff dog also,Amazon,2022-08-30,0.6621,none,0.135
Samsung Galaxy A34,Smartphone,5.0,good air seven across wonder walk ago future,Flipkart,2023-05-04,0.4404,software,0.26
Samsung Charger 25W,Accessories,4.0,bad voice watch many process against scientist,Flipkart,2023-09-18,-0.5423,general_issue,0.55192
Samsung Galaxy A14,Smartphone,2.0,bad grow dinner large whether issue slow performance,Amazon,2022-08-28,-0.5423,performance,0.7019200000000001
Samsung Charger 25W,Accessories,3.0,not great allow capital news town those baby red issue charging problem,Flipkart,2023-01-10,-0.7691,battery,0.7176400000000001
Samsung Galaxy Tab A8,Smartphone,5.0,not great whatever should rise suggest,Amazon,2024-02-04,-0.5096,none,0.26384
Samsung Galaxy A34,Smartphone,5.0,bad two method different huge give,Amazon,2022-10-17,-0.296,general_issue,0.3784
Samsung Galaxy M34,Smartphone,2.0,waste of money issue slow performance,Amazon,2024-11-12,-0.4215,performance,0.6536
Samsung Galaxy M53,Smartphone,5.0,not great herself character trial,Flipkart,2024-03-06,-0.5096,none,0.26384
Samsung Galaxy Book 3,Smartphone,5.0,bad east respond leave town us economic three,Flipkart,2024-05-06,-0.5719,sound,0.48876
Samsung Buds Live,Accessories,4.0,worth it buy unit bad anything say,Amazon,2022-10-10,-0.3818,general_issue,0.48772
Samsung Galaxy M53,Smartphone,5.0,bad many dream often my avoid,Amazon,2024-02-25,-0.5719,general_issue,0.48876
Samsung Galaxy A54,Smartphone,5.0,bad couple language note store really,Flipkart,2024-05-16,-0.5423,general_issue,0.47692
Samsung Galaxy A54,Smartphone,5.0,bad year line low friend,Amazon,2023-01-16,-0.34,general_issue,0.396
Samsung Buds Live,Accessories,3.0,waste of money television direction sport ten by contain,Amazon,2024-09-23,-0.4215,general_issue,0.5786
Samsung Galaxy M34,Smartphone,5.0,excellent place here chance yard use science,Flipkart,2022-12-21,0.6908,none,0.06
Samsung Galaxy Tab A8,Smartphone,5.0,good quite arm star none,Flipkart,2022-12-08,0.4404,software,0.26
Samsung Galaxy M53,Smartphone,1.0,waste of money enough age blood doctor officer any issue display flickering,Flipkart,2024-09-29,-0.4215,display,0.7286000000000001
Samsung Galaxy A34,Smartphone,3.0,waste of money issue battery draining fast,Amazon,2023-08-15,-0.4215,battery,0.5786
Samsung Galaxy M14,Smartphone,4.0,not great ten gas main stay reflect any second trial,Amazon,2022-10-15,-0.5096,none,0.33884
Samsung Galaxy M34,Smartphone,4.0,good reduce it worry media story,Amazon,2023-01-19,0.0,none,0.135
Samsung Buds 2,Accessories,4.0,not great building or institution commercial camera benefit,Amazon,2023-10-07,-0.0757,camera,0.36528
Samsung Galaxy A54,Smartphone,3.0,waste of money type now agency,Flipkart,2024-07-12,-0.4215,general_issue,0.5786
Samsung Buds 2,Accessories,2.0,excellent girl strategy card issue camera quality is poor,Amazon,2022-04-20,0.1531,camera,0.485
Samsung Galaxy M53,Smartphone,5.0,excellent rise continue sense goal,Amazon,2024-01-06,0.5719,none,0.06
Samsung Galaxy A14,Smartphone,3.0,bad issue slow performance,Amazon,2022-01-20,-0.5423,performance,0.6269200000000001
Samsung Galaxy S22,Smartphone,4.0,bad industry impact star help break wrong,Flipkart,2024-09-19,-0.5994,general_issue,0.5747600000000002
Samsung Galaxy A14,Smartphone,3.0,worth it important while for fly break pattern,Amazon,2022-10-07,0.4019,none,0.21
Samsung Galaxy A54,Smartphone,2.0,not great production experience air agency issue display flickering,Amazon,2023-02-04,-0.5096,display,0.6888400000000001
Samsung Galaxy S22,Smartphone,1.0,average another car against beat issue camera quality is poor,Flipkart,2024-02-26,-0.4767,camera,0.75068
Samsung Washing Machine,Other,1.0,battery life could be better,Amazon,2024-11-01,0.4404,battery,0.56
Samsung Galaxy A54,Smartphone,2.0,software updates are slow,Amazon,2024-10-10,0.0,performance,0.485
Samsung Galaxy A34,Smartphone,5.0,good from each paper center world class them,Flipkart,2024-04-17,0.4404,none,0.06
Samsung Galaxy S21 FE,Smartphone,2.0,average unit word bring,Flipkart,2024-10-04,0.0,none,0.285
Samsung Galaxy S22,Smartphone,5.0,average different arm end on bring explain,Flipkart,2024-05-01,0.0,none,0.06
Samsung Galaxy M53,Smartphone,4.0,waste of money son health simple quite home improve voice,Flipkart,2024-06-28,0.0972,software,0.335
Samsung Galaxy A14,Smartphone,3.0,waste of money stand represent scientist such,Amazon,2024-09-27,-0.4215,general_issue,0.5786
Samsung Galaxy A34,Smartphone,3.0,worth it line prove coach issue slow performance,Flipkart,2022-12-09,0.2263,performance,0.41
Samsung Galaxy S22,Smartphone,5.0,bad of treatment toward,Amazon,2022-06-19,-0.5423,general_issue,0.47692
Samsung Galaxy M14,Smartphone,4.0,waste of money style gun computer,Flipkart,2022-03-05,-0.6369,general_issue,0.5897600000000001
Samsung Buds 2,Accessories,5.0,excellent long arrive various,Flipkart,2023-03-28,0.5719,none,0.06
Samsung Galaxy Tab S7 FE,Smartphone,4.0,worth it hand treatment rock establish memory stay word,Flipkart,2023-08-22,0.6249,none,0.135
Samsung Buds Live,Accessories,3.0,bad travel probably success deep police share issue charging problem,Amazon,2022-03-08,-0.0772,battery,0.44088
Samsung Galaxy Z Fold5,Smartphone,1.0,build quality feels premium,Flipkart,2023-07-17,0.0,build_quality,0.56
Samsung Galaxy M34,Smartphone,2.0,not great issue overheating issue,Flipkart,2023-04-06,-0.5096,heating,0.6888400000000001
Samsung Galaxy S23,Smartphone,4.0,average professional school rather policy area score power,Amazon,2023-08-15,0.0,battery,0.335
Samsung Galaxy Tab S7 FE,Smartphone,5.0,waste of money opportunity somebody rock yet agreement never,Flipkart,2022-12-11,0.4939,general_issue,0.26
Samsung Galaxy S23,Smartphone,4.0,worth it skill yard these more,Flipkart,2024-07-25,0.2263,none,0.135
Samsung QLED TV,TV,5.0,love the camera quality,Flipkart,2024-10-11,0.6369,camera,0.26
Samsung Galaxy Tab S7 FE,Smartphone,4.0,not great meet audience page between situation herself camera,Flipkart,2024-11-12,-0.5096,camera,0.53884
Samsung Buds Live,Accessories,4.0,waste of money yes young power price,Amazon,2022-08-20,-0.0258,battery,0.34532
Samsung Galaxy Tab A8,Smartphone,4.0,excellent style fear scientist sound sense whatever,Amazon,2022-08-22,0.128,sound,0.335
Samsung Galaxy Buds2,Smartphone,1.0,build quality feels premium,Flipkart,2023-07-03,0.0,build_quality,0.56
Samsung Galaxy M34,Smartphone,3.0,waste of money executive meeting outside direction issue charging problem,Amazon,2024-01-22,-0.6705,battery,0.6782000000000001
Samsung Charger 25W,Accessories,5.0,waste of money painting note science push fact draw,Amazon,2022-03-27,-0.4215,general_issue,0.4286
Samsung Galaxy A34,Smartphone,2.0,worth it generation cold smile issue display flickering,Flipkart,2024-06-22,0.5267,display,0.485
Samsung Charger 25W,Accessories,4.0,bad better street four smile,Amazon,2023-03-24,0.2263,general_issue,0.335
Samsung Charger 25W,Accessories,3.0,worth it issue camera quality is poor,Flipkart,2024-05-20,-0.296,camera,0.5284
Samsung Buds 2,Accessories,3.0,waste of money group movement his issue battery draining fast,Flipkart,2022-07-29,-0.4215,battery,0.5786
Samsung Galaxy Tab S7 FE,Smartphone,2.0,average citizen today possible exactly rise then sense,Amazon,2023-05-22,0.0,software,0.485
Samsung Galaxy M34,Smartphone,4.0,worth it animal pick receive strong serve often family,Flipkart,2023-09-02,0.6369,none,0.135
Samsung Galaxy A54,Smartphone,4.0,not great break concern family your share born,Flipkart,2022-03-08,-0.2718,none,0.24372
Samsung Galaxy Tab S7 FE,Smartphone,3.0,good also hard choose point issue battery draining fast,Flipkart,2024-07-10,0.3612,battery,0.41
Samsung Galaxy Tab S7 FE,Smartphone,5.0,average these likely guess or red,Flipkart,2023-06-23,0.0,none,0.06
Samsung Galaxy Buds2,Smartphone,1.0,delivery was delayed but the product is great,Amazon,2023-12-15,0.7351,performance,0.56
Samsung Buds 2,Accessories,5.0,waste of money himself stuff arm strategy,Amazon,2022-06-28,-0.4215,general_issue,0.4286
Samsung Galaxy Tab S7 FE,Smartphone,4.0,average gas ahead for,Flipkart,2024-06-18,0.0,none,0.135
Samsung Galaxy Book 2,Smartphone,4.0,worth it company box land senior computer smile nation scene,Amazon,2022-08-29,0.5267,none,0.135
Samsung Galaxy A34,Smartphone,2.0,good parent today move economy situation seat issue battery draining fast,Flipkart,2023-05-01,0.4404,battery,0.485
Samsung Galaxy Tab A8,Smartphone,5.0,average reduce natural political for human black,Flipkart,2023-03-06,0.3612,none,0.06
Samsung Galaxy Tab S7 FE,Smartphone,1.0,average field any rise improve great,Flipkart,2023-12-20,0.7906,none,0.36
Samsung Galaxy S21 FE,Smartphone,4.0,not great environment throw discuss administration my simply,Amazon,2024-05-26,-0.5096,none,0.33884
Samsung Galaxy M14,Smartphone,5.0,bad apply career environmental culture case good,Flipkart,2022-12-06,-0.1531,software,0.32124
Samsung Galaxy S21 FE,Smartphone,5.0,bad value medical spring stand price audience trial,Amazon,2022-10-13,-0.2732,general_issue,0.36928
Samsung Galaxy A34,Smartphone,4.0,not great land mrs require cell poor stage recently interest,Flipkart,2023-02-28,-0.5258,software,0.54532
Samsung Galaxy M34,Smartphone,4.0,not great fund situation consumer require could,Flipkart,2023-02-28,-0.5096,software,0.53884
Samsung Galaxy M34,Smartphone,4.0,waste of money dream much responsibility serious follow manager,Flipkart,2022-05-02,-0.2732,general_issue,0.44428
Samsung Galaxy Book 2,Smartphone,5.0,average structure realize once deep person country,Amazon,2023-12-20,0.0,none,0.06
Samsung Galaxy Tab A8,Smartphone,2.0,not great issue slow performance,Amazon,2024-12-26,-0.5096,performance,0.6888400000000001
Samsung Galaxy M34,Smartphone,5.0,not great him believe admit deal,Flipkart,2023-07-30,-0.3599,none,0.20396
Samsung Buds Live,Accessories,2.0,waste of money recognize successful interesting meeting upon from issue slow performance,Amazon,2022-12-11,0.5719,performance,0.485
Samsung Galaxy M14,Smartphone,4.0,not great help more manager common require assume,Flipkart,2023-10-25,-0.6759,software,0.6053600000000001
Samsung Galaxy M53,Smartphone,3.0,bad film agency find heart,Flipkart,2023-08-23,-0.5423,general_issue,0.6269200000000001
Samsung Galaxy A54,Smartphone,4.0,bad hair final clearly yourself,Amazon,2023-08-16,-0.2023,general_issue,0.41592
Samsung Galaxy M53,Smartphone,4.0,bad six grow organization career opportunity all,Amazon,2023-07-02,-0.1779,general_issue,0.40616
Samsung Galaxy Tab A8,Smartphone,4.0,average real should tree,Amazon,2024-11-19,0.0,none,0.135
Samsung Galaxy A54,Smartphone,4.0,bad let decide moment study,Amazon,2022-07-15,-0.5423,general_issue,0.55192
Samsung Galaxy M34,Smartphone,3.0,average month region cut blue issue camera quality is poor,Flipkart,2022-10-05,-0.6369,camera,0.66476
Samsung Galaxy Book 2,Smartphone,4.0,good paper able team point will issue,Amazon,2024-04-22,0.4404,none,0.135
Samsung Buds Live,Accessories,4.0,good bad become black modern,Amazon,2022-05-02,-0.1531,general_issue,0.39624
Samsung Galaxy M14,Smartphone,4.0,excellent message even majority investment white movement,Amazon,2023-07-22,0.5719,none,0.135
Samsung Galaxy M14,Smartphone,3.0,bad involve firm thousand strategy watch,Flipkart,2022-09-17,-0.5423,general_issue,0.6269200000000001
Samsung Galaxy M34,Smartphone,5.0,good company trade sense foot,Amazon,2022-09-29,0.4404,none,0.06
Samsung Galaxy S22,Smartphone,4.0,bad,Flipkart,2023-05-27,-0.5423,general_issue,0.55192
Samsung Galaxy S22,Smartphone,1.0,average five woman life particularly difference american add issue overheating issue,Flipkart,2022-10-27,0.0,battery,0.56
Samsung Buds 2,Accessories,3.0,average kitchen end arm,Flipkart,2023-10-22,0.0,none,0.21
Samsung Galaxy A34,Smartphone,2.0,worth it cost cup father prevent story follow offer,Flipkart,2023-05-22,0.25,software,0.485
Samsung Galaxy A34,Smartphone,5.0,worth it down mr home treatment language star claim,Flipkart,2024-03-15,0.2263,none,0.06
Samsung Galaxy M14,Smartphone,3.0,excellent most blood item off,Flipkart,2024-09-29,0.5719,software,0.41
Samsung Galaxy M14,Smartphone,3.0,excellent less skill send order say list realize,Flipkart,2022-10-19,0.5719,none,0.21
Samsung Galaxy Book 2,Smartphone,5.0,good short list support trial population,Amazon,2023-07-05,0.6808,none,0.06
Samsung Washing Machine,Other,3.0,build quality feels premium,Amazon,2024-04-28,0.0,build_quality,0.41
Samsung Galaxy A54,Smartphone,4.0,bad pay somebody state capital social,Flipkart,2024-02-08,-0.5994,general_issue,0.5747600000000002
Samsung Galaxy S21 FE,Smartphone,4.0,bad majority direction order write southern mission mouth,Amazon,2024-07-14,-0.5423,general_issue,0.55192
Samsung Galaxy A34,Smartphone,2.0,worth it share under half state only others issue overheating issue,Amazon,2022-06-04,0.4767,heating,0.485
Samsung Galaxy S22,Smartphone,5.0,waste of money be public actually sometimes front live together fact,Amazon,2022-07-10,-0.4215,general_issue,0.4286
Samsung Galaxy Book 2,Smartphone,4.0,not great,Amazon,2024-04-05,-0.5096,none,0.33884
Samsung Charger 25W,Accessories,3.0,not great top main decision same involve issue battery draining fast,Flipkart,2024-11-21,-0.5975,battery,0.649
Samsung Galaxy A34,Smartphone,3.0,good interest notice defense yes rest,Flipkart,2023-07-24,0.8442,none,0.21
Samsung Galaxy Tab A8,Smartphone,2.0,excellent dream stuff because know single issue charging problem,Flipkart,2024-01-26,0.4588,battery,0.485
Samsung Buds 2,Accessories,3.0,waste of money charge but morning note figure political remain,Amazon,2024-07-20,-0.2263,battery,0.5005200000000001
Samsung Buds 2,Accessories,5.0,bad occur player ground true after,Flipkart,2024-09-26,-0.1779,general_issue,0.33116
Samsung Galaxy S22,Smartphone,4.0,waste of money music act along yard,Flipkart,2023-11-02,-0.4215,general_issue,0.5036
Samsung Galaxy A34,Smartphone,4.0,worth it offer quite beat action quite argue detail,Flipkart,2022-01-06,-0.2006,software,0.41524
Samsung Galaxy A54,Smartphone,5.0,worth it half game for somebody common foot,Flipkart,2022-07-10,0.2263,none,0.06
Samsung Galaxy Tab S7 FE,Smartphone,1.0,not great able true list subject issue display flickering,Flipkart,2024-07-27,-0.6834,display,0.8333600000000001
Samsung Galaxy Book 2,Smartphone,4.0,bad appear standard movie ground,Amazon,2024-01-04,-0.5423,software,0.55192
Samsung Galaxy Watch6,Smartphone,2.0,battery life could be better,Flipkart,2022-05-10,0.4404,battery,0.485
Samsung Galaxy A34,Smartphone,1.0,excellent environmental threat degree we,Flipkart,2024-12-30,0.0772,none,0.36
Samsung Galaxy Tab S7 FE,Smartphone,4.0,good sort product cost best,Flipkart,2024-03-25,0.7964,software,0.335
Samsung Galaxy M53,Smartphone,4.0,not great exactly hundred moment western,Flipkart,2023-03-23,-0.5096,none,0.33884
Samsung Buds Live,Accessories,3.0,good,Flipkart,2024-05-29,0.4404,none,0.21
Samsung Galaxy S23,Smartphone,5.0,worth it nothing out ever system,Flipkart,2023-03-10,0.2263,none,0.06
Samsung Galaxy S23,Smartphone,1.0,not as expected returning it,Amazon,2024-10-10,0.0,none,0.36
Samsung Galaxy M14,Smartphone,4.0,excellent conference must available wrong life sense senior main,Amazon,2023-07-04,0.1531,battery,0.335
Samsung Air Conditioner,Other,1.0,great value for money,Amazon,2023-10-24,0.7579,none,0.36
Samsung Galaxy Book 3,Smartphone,5.0,not great visit industry party pass,Amazon,2023-08-04,-0.1516,none,0.12064
Samsung Galaxy S23,Smartphone,4.0,waste of money even memory throw the detail,Flipkart,2023-11-23,-0.4215,general_issue,0.5036
Samsung Galaxy Tab S7 FE,Smartphone,4.0,waste of money institution much government guy win anyone,Amazon,2022-09-25,0.25,general_issue,0.335
Samsung Galaxy M34,Smartphone,4.0,waste of money down skin wait through value television ever,Flipkart,2024-09-20,-0.1027,general_issue,0.37608
Samsung Galaxy Tab A8,Smartphone,4.0,worth it article cover possible smile team,Flipkart,2023-12-05,0.5267,software,0.335
Samsung Charger 25W,Accessories,4.0,excellent family happy able another business,Flipkart,2022-04-10,0.8126,software,0.335
Samsung Galaxy A34,Smartphone,4.0,average,Amazon,2022-04-05,0.0,none,0.135
Samsung Galaxy A14,Smartphone,4.0,good color bill maybe energy,Flipkart,2022-07-23,0.6124,none,0.135
Samsung Galaxy Book 3,Smartphone,4.0,waste of money wait work road key,Flipkart,2024-07-30,-0.4215,general_issue,0.5036
Samsung Galaxy Tab S7 FE,Smartphone,5.0,waste of money resource determine hospital eye present,Amazon,2022-02-03,-0.4215,software,0.4286
Samsung Galaxy S21 FE,Smartphone,4.0,bad probably others child relate democrat personal,Amazon,2022-09-12,-0.5423,general_issue,0.55192
Samsung Galaxy S23,Smartphone,3.0,not great down need establish collection goal kitchen environment not issue charging problem,Amazon,2022-11-20,-0.2584,battery,0.51336
Samsung Galaxy S22,Smartphone,1.0,worth it end hotel professional significant industry course impact,Flipkart,2024-06-22,0.4019,heating,0.56
Samsung Galaxy Book 2,Smartphone,5.0,worth it forget health yet look,Flipkart,2024-07-23,0.0,none,0.06
Samsung Galaxy Book 2,Smartphone,4.0,excellent direction fund wind argue,Flipkart,2022-01-02,0.3182,none,0.135
Samsung Galaxy S22,Smartphone,4.0,not great church sort knowledge number move final build quite,Flipkart,2024-05-26,-0.4577,build_quality,0.5180800000000001
Samsung Galaxy Tab S7 FE,Smartphone,4.0,not great yard benefit born business,Amazon,2023-02-19,-0.6979,none,0.41416
Samsung Galaxy Book 2,Smartphone,5.0,worth it interest soldier with sit air,Flipkart,2022-09-28,0.5994,none,0.06
Samsung Charger 25W,Accessories,2.0,waste of money law catch hear watch issue camera quality is poor,Amazon,2023-09-11,-0.7096,camera,0.76884
Samsung Galaxy S21 FE,Smartphone,4.0,bad make whom find world,Amazon,2022-11-22,-0.5423,general_issue,0.55192
Samsung Galaxy S23,Smartphone,3.0,good media difficult no every enough indicate actually these,Flipkart,2023-07-16,-0.2023,none,0.29092
Samsung Galaxy S22,Smartphone,3.0,waste of money weight office appear listen place rise issue slow performance,Amazon,2022-07-11,-0.4215,performance,0.5786
Samsung Galaxy S22,Smartphone,3.0,worth it marriage out recognize particularly mrs action operation,Flipkart,2024-01-09,0.2263,none,0.21
Samsung Galaxy Tab S7 FE,Smartphone,4.0,waste of money concern exist tough true,Amazon,2023-05-28,-0.128,general_issue,0.3862
Samsung Washing Machine,Other,1.0,performance is topnotch,Amazon,2022-06-18,0.0,none,0.36
Samsung Galaxy Tab S7 FE,Smartphone,5.0,average represent establish measure join special teacher technology,Amazon,2024-02-01,0.5994,none,0.06
Samsung Galaxy M53,Smartphone,2.0,excellent oil growth person get pull score tough issue camera quality is poor,Flipkart,2022-12-05,0.4019,camera,0.485
Samsung Galaxy S21 FE,Smartphone,3.0,good politics design experience project issue overheating issue,Flipkart,2022-04-17,0.4404,heating,0.41
Samsung Buds Live,Accessories,4.0,waste of money reduce design case these course,Amazon,2024-03-22,-0.4215,general_issue,0.5036
Samsung Galaxy A14,Smartphone,5.0,good later stuff approach detail professor in start,Amazon,2023-09-18,0.4404,software,0.26
Samsung Galaxy A54,Smartphone,4.0,not great expect time while office season most yet reason,Flipkart,2023-04-25,-0.5096,software,0.53884
Samsung Buds Live,Accessories,5.0,not great drug old agent old authority,Flipkart,2024-05-29,-0.4577,none,0.24308
Samsung Galaxy M34,Smartphone,4.0,waste of money personal politics far watch discussion team bill,Amazon,2022-07-06,-0.4215,general_issue,0.5036
Samsung Galaxy M53,Smartphone,3.0,not great red record her big arm rather issue charging problem,Flipkart,2022-07-14,-0.7179,battery,0.69716
Samsung Buds Live,Accessories,4.0,not great five response fall land start staff up movie,Amazon,2022-01-03,-0.5096,none,0.33884
Samsung Galaxy S22,Smartphone,4.0,amazing display quality,Amazon,2023-03-14,0.5859,display,0.335
Samsung Galaxy M34,Smartphone,4.0,waste of money produce against upon so american remember decade,Flipkart,2024-09-03,-0.4215,general_issue,0.5036
Samsung Buds Live,Accessories,2.0,waste of money issue charging problem,Amazon,2022-06-09,-0.6705,battery,0.7532000000000001
Samsung Galaxy S23,Smartphone,5.0,worth it hair five from whom prepare from care,Amazon,2022-09-29,0.6249,none,0.06
Samsung Galaxy M53,Smartphone,4.0,average morning serve collection event,Flipkart,2023-04-09,0.0,none,0.135
Samsung Galaxy Book 3,Smartphone,3.0,bad car bed explain issue charging problem,Flipkart,2024-11-29,-0.7351,battery,0.70404
Samsung Charger 25W,Accessories,1.0,worth it issue battery draining fast,Flipkart,2024-06-30,0.2263,battery,0.56
Samsung Galaxy Z Fold5,Smartphone,5.0,featurepacked and smooth experience,Amazon,2022-01-20,0.0,none,0.06
Samsung Galaxy S22,Smartphone,4.0,excellent participant space discover,Flipkart,2022-01-17,0.5719,none,0.135
Samsung Charger 25W,Accessories,2.0,worth it rate say class remain,Flipkart,2023-12-05,0.2263,none,0.285
Samsung Galaxy A54,Smartphone,5.0,bad health than thought none tell,Flipkart,2022-09-04,-0.5423,general_issue,0.47692
Samsung QLED TV,TV,5.0,great value for money,Amazon,2024-05-14,0.7579,none,0.06
Samsung Charger 25W,Accessories,1.0,worth it measure role way hour book huge,Flipkart,2022-09-28,0.4939,none,0.36
Samsung Galaxy S23,Smartphone,5.0,excellent perform box chance nearly collection party western investment,Amazon,2024-09-05,0.8126,none,0.06
Samsung Buds 2,Accessories,4.0,not great family movie run couple boy,Flipkart,2022-05-26,-0.5096,none,0.33884
Samsung Galaxy Tab S7 FE,Smartphone,5.0,average recognize finally serve note,Flipkart,2023-04-14,0.0,none,0.06
Samsung Galaxy Tab S7 FE,Smartphone,5.0,worth it most recent debate after weight table south,Flipkart,2024-02-24,0.2263,software,0.26
Samsung Galaxy Book 2,Smartphone,4.0,average city candidate cold there scientist,Flipkart,2022-07-02,0.0,none,0.135
Samsung Charger 25W,Accessories,5.0,bad born computer ready scientist population big analysis,Amazon,2022-07-29,-0.25,general_issue,0.36
Samsung Buds Live,Accessories,5.0,good way debate cut subject on line,Flipkart,2022-07-31,0.2023,none,0.06
Samsung Galaxy S21 FE,Smartphone,5.0,bad early she politics side teach here old,Amazon,2023-10-04,-0.5423,general_issue,0.47692
Samsung Galaxy M53,Smartphone,4.0,worth it sign various write police bank any case,Amazon,2024-01-23,0.2263,none,0.135
Samsung Galaxy Buds2,Smartphone,2.0,featurepacked and smooth experience,Amazon,2023-09-05,0.0,none,0.285
Samsung Charger 25W,Accessories,4.0,good why song not inside,Flipkart,2022-10-08,0.4404,none,0.135
Samsung Galaxy M14,Smartphone,4.0,worth it couple front wall beyond at seem,Flipkart,2024-02-23,0.2263,none,0.135
Samsung Galaxy Z Fold5,Smartphone,2.0,great value for money,Flipkart,2022-09-30,0.7579,none,0.285
Samsung Galaxy M53,Smartphone,1.0,excellent issue charging problem,Flipkart,2022-10-20,0.25,battery,0.56
Samsung Galaxy M34,Smartphone,5.0,average never court paper,Amazon,2022-05-21,0.0,none,0.06
Samsung Galaxy M14,Smartphone,4.0,good each color seem well while above,Amazon,2024-12-22,0.6124,none,0.135
Samsung Galaxy Watch6,Smartphone,3.0,battery life could be better,Amazon,2022-01-18,0.4404,battery,0.41
Samsung Galaxy Tab A8,Smartphone,3.0,worth it born she stage my fly raise story issue charging problem,Amazon,2022-12-03,-0.2023,battery,0.49092
Samsung Galaxy M14,Smartphone,4.0,waste of money be small plan no arm eye everyone,Amazon,2024-06-20,-0.6124,general_issue,0.57996
Samsung Galaxy S23,Smartphone,4.0,bad writer item analysis,Amazon,2023-12-21,-0.5423,general_issue,0.55192
Samsung Galaxy Tab S7 FE,Smartphone,4.0,not great she effect identify until fish together entire,Flipkart,2023-03-13,-0.5096,none,0.33884
Samsung Galaxy M53,Smartphone,5.0,waste of money per camera within then explain help race sense,Amazon,2022-11-07,-0.0258,camera,0.27032
Samsung Galaxy A14,Smartphone,1.0,bad bad this consumer edge cause issue battery draining fast,Flipkart,2024-04-23,-0.7906,battery,0.8762400000000001
Samsung Galaxy Tab S7 FE,Smartphone,4.0,worth it too nor record push people performance,Amazon,2024-06-25,0.2263,none,0.135
Samsung Buds 2,Accessories,1.0,bad add also environmental there development machine and issue battery draining fast,Flipkart,2023-03-21,-0.5423,battery,0.77692
Samsung Galaxy S22,Smartphone,3.0,not great yet level mrs when help film,Amazon,2022-06-27,-0.1516,none,0.27064
Samsung Buds 2,Accessories,5.0,waste of money billion quality effort president small,Flipkart,2022-07-25,-0.4215,general_issue,0.4286
Samsung Galaxy M14,Smartphone,5.0,waste of money order newspaper long send check material exist,Flipkart,2022-10-14,-0.4215,build_quality,0.4286
Samsung Galaxy M53,Smartphone,3.0,excellent require after commercial political everybody dark speak husband,Flipkart,2022-09-10,0.5719,software,0.41
Samsung Galaxy M53,Smartphone,1.0,waste of money table protect challenge without issue camera quality is poor,Flipkart,2024-02-26,-0.4588,camera,0.74352
Samsung Charger 25W,Accessories,5.0,bad strong focus attention section still western century,Amazon,2023-12-21,-0.0516,camera,0.28064
Samsung Galaxy Book 3,Smartphone,3.0,worth it tonight sell area door issue overheating issue,Amazon,2024-05-29,0.2263,heating,0.41
Samsung Buds Live,Accessories,2.0,bad recognize local real add,Amazon,2023-10-07,-0.5423,general_issue,0.7019200000000001
Samsung Galaxy M53,Smartphone,5.0,excellent sometimes million guess always,Flipkart,2022-10-14,0.5719,none,0.06
Samsung Galaxy Tab S7 FE,Smartphone,4.0,excellent both knowledge perhaps assume,Amazon,2023-05-23,0.5719,none,0.135
Samsung Buds Live,Accessories,5.0,not great couple in success director move,Amazon,2023-07-22,0.1043,none,0.06
Samsung Galaxy A34,Smartphone,4.0,worth it form full possible,Flipkart,2022-06-22,0.2263,software,0.335
Samsung Galaxy M34,Smartphone,4.0,not great color may game personal executive look information,Amazon,2023-05-24,-0.5096,none,0.33884
Samsung Galaxy S21 FE,Smartphone,5.0,average until eye can station owner next,Flipkart,2023-08-07,0.0,none,0.06
Samsung Buds Live,Accessories,1.0,worth it lose attention full rich fund pass issue display flickering,Flipkart,2022-02-24,0.4215,display,0.56
Samsung Galaxy S21 FE,Smartphone,4.0,average contain dinner name believe,Amazon,2023-09-10,0.0,none,0.135
Samsung Galaxy S23,Smartphone,4.0,good return here thus home push stay,Flipkart,2023-02-25,0.4404,none,0.135
Samsung Galaxy A14,Smartphone,2.0,good remain marriage customer field policy,Amazon,2024-11-26,0.4404,none,0.285
Samsung Galaxy M14,Smartphone,1.0,excellent hot about ground citizen,Flipkart,2024-11-09,0.5719,heating,0.56
Samsung Galaxy Book 3,Smartphone,4.0,waste of money heart skin piece,Flipkart,2023-01-22,-0.4215,general_issue,0.5036
Samsung Galaxy A34,Smartphone,1.0,average keep himself system painting issue camera quality is poor,Flipkart,2024-03-13,-0.4767,camera,0.75068
Samsung Galaxy A34,Smartphone,4.0,not great discussion son program decade many,Amazon,2023-08-29,-0.5096,none,0.33884
Samsung Charger 25W,Accessories,2.0,excellent personal board party unit fight,Flipkart,2022-04-22,0.5859,none,0.285
Samsung Galaxy M34,Smartphone,1.0,excellent issue battery draining fast,Amazon,2023-05-06,0.5719,battery,0.56
Samsung Galaxy Tab A8,Smartphone,4.0,average husband once exist rise return unit,Flipkart,2024-10-10,0.0,none,0.135
Samsung Galaxy M34,Smartphone,4.0,waste of money area national attorney leave will leg,Flipkart,2024-03-01,-0.4588,general_issue,0.5185200000000001
Samsung Buds 2,Accessories,4.0,average customer result tree resource tonight room,Flipkart,2022-08-19,0.0,none,0.135
Samsung Buds Live,Accessories,5.0,bad natural always class stuff,Amazon,2023-05-09,-0.25,general_issue,0.36
Samsung Crystal UHD TV,TV,4.0,very userfriendly interface,Flipkart,2024-10-20,0.0,software,0.335
Samsung Charger 25W,Accessories,4.0,not great majority people green anything site treatment,Flipkart,2022-05-26,-0.5096,none,0.33884
Samsung Buds Live,Accessories,2.0,good issue charging problem,Flipkart,2024-12-17,0.0516,battery,0.485
Samsung Galaxy A14,Smartphone,1.0,worth it condition home fall tend issue slow performance,Flipkart,2022-01-25,0.2263,performance,0.56
Samsung Galaxy A34,Smartphone,5.0,not great his happen building garden stay,Amazon,2024-01-10,-0.5096,build_quality,0.46384
Samsung Buds Live,Accessories,2.0,worth it point weight policy six great parent,Amazon,2023-10-11,0.7184,none,0.285
Samsung Buds Live,Accessories,1.0,bad speech join hour cup sea,Flipkart,2022-09-28,-0.3182,general_issue,0.6872800000000001
Samsung Charger 25W,Accessories,3.0,excellent option any hear finish however ok mrs issue camera quality is poor,Amazon,2024-03-03,0.4215,camera,0.41
Samsung Galaxy Book 2,Smartphone,4.0,waste of money garden sort light owner hand most knowledge,Flipkart,2024-05-11,0.1027,software,0.335
Samsung Galaxy Tab S7 FE,Smartphone,4.0,not great really school remember head result,Amazon,2024-01-19,-0.5096,none,0.33884
Samsung Galaxy Tab A8,Smartphone,1.0,not great relationship company time wish prevent building receive issue battery draining fast,Amazon,2022-12-20,-0.1265,battery,0.6106
Samsung Galaxy M53,Smartphone,5.0,good become meeting option federal huge friend back,Flipkart,2024-08-22,0.8126,none,0.06
Samsung Galaxy A14,Smartphone,4.0,worth it public charge return treatment try part still officer,Amazon,2022-05-30,0.2263,battery,0.335
Samsung Galaxy S22,Smartphone,4.0,waste of money force type contain listen few attack,Flipkart,2022-02-04,-0.7096,general_issue,0.6188400000000001
Samsung Charger 25W,Accessories,4.0,good eat old tonight actually push hear,Amazon,2022-05-19,0.4404,none,0.135
Samsung Galaxy S21 FE,Smartphone,5.0,waste of money technology side rest education there eight,Flipkart,2022-01-29,-0.4215,general_issue,0.4286
Samsung Galaxy M53,Smartphone,3.0,excellent address health member close away issue overheating issue,Flipkart,2023-06-21,0.5719,heating,0.41
Samsung Buds Live,Accessories,4.0,waste of money mean threat event next,Amazon,2023-03-18,-0.7351,general_issue,0.62904
Samsung Galaxy S23,Smartphone,5.0,worth it design relationship hotel behind play,Flipkart,2022-03-23,0.5106,heating,0.26
Samsung Galaxy M34,Smartphone,4.0,worth it pull crime of,Flipkart,2022-05-04,-0.3818,none,0.28772
Samsung Galaxy Book 2,Smartphone,1.0,not great issue battery draining fast,Amazon,2024-03-26,-0.5096,battery,0.7638400000000001
Samsung Galaxy M14,Smartphone,4.0,average your later often security attention gas what,Flipkart,2024-11-03,0.34,none,0.135
Samsung Galaxy S23,Smartphone,4.0,average air star middle standard,Amazon,2023-08-10,0.0,none,0.135
Samsung Galaxy A54,Smartphone,3.0,build quality feels premium,Flipkart,2024-10-23,0.0,build_quality,0.41
Samsung Galaxy A54,Smartphone,2.0,good tv purpose list whatever issue charging problem,Flipkart,2024-04-30,0.0516,battery,0.485
Samsung Galaxy Z Fold5,Smartphone,3.0,very durable and reliable,Flipkart,2024-05-17,0.0,none,0.21
Samsung Galaxy M53,Smartphone,4.0,average compare main letter somebody condition ask,Amazon,2024-04-03,0.0,none,0.135
Samsung Galaxy A54,Smartphone,5.0,heats up sometimes during heavy usage,Amazon,2022-06-18,0.0,heating,0.26
Samsung Galaxy M34,Smartphone,3.0,excellent success where space issue camera quality is poor,Amazon,2022-11-09,0.6486,camera,0.41
Samsung Buds Live,Accessories,5.0,waste of money treatment organization over which break morning many discover,Amazon,2023-07-23,-0.4215,general_issue,0.4286
Samsung Galaxy S23,Smartphone,4.0,bad individual scene look machine money boy apply,Flipkart,2022-06-21,-0.5423,software,0.55192
Samsung Galaxy Book 3,Smartphone,4.0,waste of money manage all baby across imagine necessary perform,Flipkart,2023-09-27,-0.4215,software,0.5036
Samsung Charger 25W,Accessories,4.0,not great hard war leave state change it spring,Amazon,2022-06-11,-0.0134,performance,0.34036
Samsung Galaxy Watch6,Smartphone,2.0,good for basic usage,Flipkart,2024-11-13,0.4404,none,0.285
Samsung Galaxy M34,Smartphone,4.0,worth it while nor final and pick right design,Amazon,2023-02-21,0.2263,none,0.135
Samsung Galaxy S21 FE,Smartphone,3.0,average act yes a first discussion mouth word issue display flickering,Amazon,2022-11-15,0.4019,display,0.41
Samsung Galaxy A34,Smartphone,3.0,bad well scene imagine smile fact doctor issue overheating issue,Amazon,2023-11-01,0.0258,heating,0.41
Samsung Galaxy Watch6,Smartphone,2.0,very durable and reliable,Amazon,2024-03-11,0.0,none,0.285
Samsung Galaxy M53,Smartphone,4.0,bad someone moment do step,Amazon,2022-05-16,-0.5423,general_issue,0.55192
Samsung Galaxy S21 FE,Smartphone,3.0,bad issue overheating issue,Amazon,2023-09-28,-0.5423,heating,0.6269200000000001
Samsung Crystal UHD TV,TV,5.0,great value for money,Flipkart,2024-06-14,0.7579,none,0.06
Samsung Galaxy M14,Smartphone,1.0,not great partner maintain memory thank themselves even issue charging problem,Flipkart,2023-05-04,-0.5414,battery,0.7765600000000001
Samsung Galaxy A34,Smartphone,2.0,not great issue slow performance,Flipkart,2022-04-29,-0.5096,performance,0.6888400000000001
Samsung Galaxy S22,Smartphone,4.0,not great billion service military interest option trade section,Amazon,2023-05-16,-0.0757,none,0.1652799999999999
Samsung Galaxy Tab S7 FE,Smartphone,1.0,good create focus heavy pretty,Flipkart,2022-06-26,0.802,camera,0.56
Samsung Galaxy Tab A8,Smartphone,2.0,excellent child still check it drop figure,Flipkart,2024-06-08,0.3818,none,0.285
Samsung Soundbar,Other,1.0,amazing display quality,Flipkart,2022-08-26,0.5859,display,0.56
Samsung Galaxy Book 2,Smartphone,3.0,waste of money tend move small mind research account,Amazon,2024-07-17,-0.4215,general_issue,0.5786
Samsung Galaxy A54,Smartphone,5.0,average their through few television,Amazon,2022-04-23,0.0,none,0.06
Samsung Galaxy Tab A8,Smartphone,4.0,waste of money force produce meeting benefit option here,Flipkart,2023-09-26,0.0516,general_issue,0.335
Samsung Galaxy M34,Smartphone,2.0,good use take property energy issue charging problem,Flipkart,2022-12-26,0.3182,battery,0.485
Samsung Galaxy A34,Smartphone,3.0,waste of money anyone prepare lose table debate sure,Amazon,2022-09-02,-0.4939,software,0.6075600000000001
Samsung Galaxy A34,Smartphone,4.0,worth it wide kitchen rest,Flipkart,2022-01-26,0.2263,none,0.135
Samsung Galaxy A14,Smartphone,1.0,not great toward kid baby some relate institution issue camera quality is poor,Flipkart,2022-10-09,-0.7502,camera,0.86008
Samsung Galaxy A34,Smartphone,5.0,not great including bring for force movie ahead whom,Flipkart,2022-01-24,-0.5096,none,0.26384
Samsung Galaxy A34,Smartphone,4.0,bad cut time manage power standard camera mouth,Flipkart,2022-12-02,-0.6808,battery,0.6073200000000001
Samsung Galaxy A34,Smartphone,5.0,good suggest young study wall develop would major,Amazon,2024-10-13,0.4404,none,0.06
Samsung Galaxy Tab A8,Smartphone,1.0,good month it fall trouble industry chance these,Amazon,2023-12-12,0.296,none,0.36
Samsung Buds 2,Accessories,5.0,excellent run bed best stuff himself wind,Amazon,2024-12-07,0.836,none,0.06
Samsung Galaxy Tab S7 FE,Smartphone,5.0,excellent admit something walk,Amazon,2024-11-25,0.6705,none,0.06
Samsung Galaxy S22,Smartphone,4.0,excellent thus everyone put sort whole stand fire scientist,Amazon,2023-06-15,0.3182,none,0.135
Samsung Galaxy A14,Smartphone,5.0,not great state compare help,Amazon,2022-12-08,-0.1516,none,0.12064
Samsung Galaxy M34,Smartphone,5.0,worth it write behind section,Flipkart,2024-02-01,0.2263,none,0.06
Samsung Galaxy S22,Smartphone,4.0,average research her garden agreement ground sometimes cell factor,Flipkart,2022-09-17,0.4939,none,0.135
Samsung Galaxy S23,Smartphone,5.0,worth it investment most can training,Flipkart,2023-07-05,0.2263,software,0.26
Samsung Charger 25W,Accessories,5.0,excellent trade size serve role relate,Amazon,2022-08-30,0.5719,none,0.06
Samsung Galaxy A54,Smartphone,1.0,bad else lawyer see all hope several issue battery draining fast,Amazon,2022-03-02,-0.1531,battery,0.62124
Samsung Galaxy M53,Smartphone,2.0,good administration start difficult actually wish enough thousand issue display flickering,Flipkart,2023-11-18,0.4767,display,0.485
Samsung Galaxy Tab A8,Smartphone,5.0,waste of money around within but guess possible daughter president,Flipkart,2024-05-29,-0.2263,software,0.35052
Samsung Galaxy Tab S7 FE,Smartphone,5.0,average prove pull fear bag voice,Amazon,2023-07-12,-0.4939,none,0.25756
Samsung Galaxy Tab S7 FE,Smartphone,3.0,worth it issue slow performance,Flipkart,2024-12-08,0.2263,performance,0.41
Samsung Galaxy A34,Smartphone,4.0,not great suddenly seem road social attack blood necessary,Amazon,2022-05-11,-0.7502,none,0.43508
Samsung Galaxy A14,Smartphone,1.0,waste of money until skin entire care,Amazon,2023-06-23,0.1027,general_issue,0.56
Samsung Galaxy S23,Smartphone,5.0,average daughter guy spring because cut sport yet,Flipkart,2022-06-07,-0.2732,none,0.1692799999999999
Samsung Galaxy M14,Smartphone,3.0,waste of money by during agree compare much,Amazon,2024-10-13,-0.0772,general_issue,0.44088
Samsung Galaxy S21 FE,Smartphone,5.0,average claim exist within,Flipkart,2024-07-21,0.0,none,0.06
Samsung Galaxy Tab A8,Smartphone,4.0,worth it increase point space four specific cold find every,Amazon,2024-11-12,0.4939,none,0.135
Samsung Galaxy Book 3,Smartphone,5.0,average impact lead common apply plan job,Flipkart,2024-01-08,0.0,software,0.26
Samsung Galaxy S23,Smartphone,4.0,good image young money,Flipkart,2022-04-24,0.4404,none,0.135
Samsung Galaxy Tab A8,Smartphone,5.0,average ever central account whom rate institution team,Amazon,2024-10-20,0.0,none,0.06
Samsung Galaxy M14,Smartphone,1.0,not great range pass line play go use section issue slow performance,Amazon,2022-12-08,-0.2249,performance,0.6499600000000001
Samsung Galaxy Tab S7 FE,Smartphone,3.0,not great issue display flickering,Amazon,2024-01-24,-0.5096,display,0.6138400000000002
Samsung Galaxy S22,Smartphone,4.0,very durable and reliable,Flipkart,2022-11-19,0.0,none,0.135
Samsung Galaxy A14,Smartphone,5.0,good something show role course staff sell,Amazon,2023-06-07,0.4404,none,0.06
Samsung Galaxy A54,Smartphone,3.0,waste of money issue overheating issue,Flipkart,2022-07-30,-0.4215,heating,0.5786
Samsung Galaxy M53,Smartphone,3.0,bad dinner analysis evidence mouth sing,Amazon,2022-08-25,-0.5423,general_issue,0.6269200000000001
Samsung Galaxy M34,Smartphone,4.0,worth it how professor she herself sell have product gas,Amazon,2023-04-13,0.2263,none,0.135
Samsung Charger 25W,Accessories,3.0,good issue display flickering,Flipkart,2024-11-08,0.4404,display,0.41
Samsung Galaxy M53,Smartphone,4.0,waste of money join red staff treat reach,Amazon,2022-01-06,0.296,general_issue,0.335
Samsung Galaxy M14,Smartphone,4.0,excellent check close cover worker service store off run,Flipkart,2022-04-01,0.5719,software,0.335
Samsung Galaxy S22,Smartphone,1.0,waste of money,Amazon,2022-01-26,-0.4215,general_issue,0.7286000000000001
Samsung Galaxy S23,Smartphone,5.0,software updates are slow,Amazon,2023-05-16,0.0,performance,0.26
Samsung Charger 25W,Accessories,1.0,average join hotel daughter water,Amazon,2022-04-05,0.296,heating,0.56
Samsung Galaxy Book 2,Smartphone,4.0,worth it police article start other,Amazon,2024-08-24,0.2263,none,0.135
Samsung Galaxy Book 2,Smartphone,5.0,good someone only meeting,Flipkart,2024-01-16,0.4404,none,0.06
Samsung Buds 2,Accessories,2.0,excellent at less including language issue charging problem,Amazon,2024-02-24,0.25,battery,0.485
Samsung Galaxy Tab S7 FE,Smartphone,4.0,excellent tree study job,Flipkart,2022-11-04,0.5719,none,0.135
Samsung Buds Live,Accessories,4.0,excellent may address different step room,Flipkart,2023-01-02,0.5719,none,0.135
Samsung Galaxy A34,Smartphone,5.0,waste of money air claim day east,Flipkart,2022-03-14,-0.4215,general_issue,0.4286
Samsung Galaxy S21 FE,Smartphone,3.0,good else best goal sign upon marriage lead,Flipkart,2024-05-08,0.7964,none,0.21
Samsung Galaxy Book 3,Smartphone,3.0,not great issue slow performance,Flipkart,2023-04-05,-0.5096,performance,0.6138400000000002
Samsung Galaxy Book 3,Smartphone,2.0,worth it ground where together this issue battery draining fast,Amazon,2023-10-22,0.2263,battery,0.485
Samsung Galaxy M53,Smartphone,3.0,not great issue display flickering,Amazon,2023-05-24,-0.5096,display,0.6138400000000002
Samsung Galaxy S21 FE,Smartphone,4.0,average none information performance law this article,Amazon,2024-05-02,0.0,none,0.135
Samsung Galaxy S22,Smartphone,3.0,good issue battery draining fast,Flipkart,2023-10-18,0.4404,battery,0.41
Samsung Buds 2,Accessories,4.0,not great name positive catch upon rise,Flipkart,2023-07-10,-0.7366,software,0.62964
Samsung Galaxy M53,Smartphone,5.0,average here radio american do and,Flipkart,2022-06-09,0.0,none,0.06
Samsung Galaxy A54,Smartphone,5.0,excellent amount quality my paper civil ever,Flipkart,2024-02-03,0.5719,none,0.06
Samsung Galaxy M14,Smartphone,2.0,not great fire stock investment issue battery draining fast,Amazon,2022-09-02,-0.3089,battery,0.60856
Samsung Galaxy S21 FE,Smartphone,2.0,average home admit wife majority issue camera quality is poor,Amazon,2024-10-25,-0.3182,camera,0.6122799999999999
Samsung Charger 25W,Accessories,5.0,worth it team house thousand phone our,Flipkart,2022-04-18,0.2263,none,0.06
Samsung Galaxy Tab A8,Smartphone,4.0,not great appear ahead film candidate member air,Amazon,2023-01-03,-0.5096,software,0.53884
Samsung Galaxy Z Fold5,Smartphone,4.0,amazing display quality,Amazon,2023-04-03,0.5859,display,0.335
Samsung Buds 2,Accessories,4.0,worth it address lay order what human deal majority onto,Flipkart,2024-11-22,0.2263,none,0.135
Samsung Galaxy Tab A8,Smartphone,1.0,worth it give again street many position success safe issue camera quality is poor,Flipkart,2022-04-05,0.6597,camera,0.56
Samsung Charger 25W,Accessories,3.0,excellent form fast degree issue camera quality is poor,Flipkart,2024-04-01,0.1531,camera,0.41
Samsung Galaxy M14,Smartphone,5.0,average detail thing field,Flipkart,2022-05-22,0.0,none,0.06
Samsung Galaxy M14,Smartphone,5.0,not great quality garden poor successful area,Flipkart,2024-08-10,-0.3806,general_issue,0.41224
Samsung Galaxy M14,Smartphone,2.0,bad issue battery draining fast,Flipkart,2023-08-02,-0.5423,battery,0.7019200000000001
Samsung Galaxy A34,Smartphone,4.0,waste of money rate talk prevent prevent more more property within,Amazon,2023-09-29,-0.3818,general_issue,0.48772
Samsung Charger 25W,Accessories,4.0,good commercial skin woman reduce kitchen attack,Flipkart,2023-11-02,-0.0516,none,0.15564
Samsung Galaxy M34,Smartphone,4.0,bad activity those form,Amazon,2022-06-26,-0.5423,software,0.55192
Samsung Galaxy A54,Smartphone,2.0,good hot serve several some executive activity issue battery draining fast,Flipkart,2024-07-24,0.4404,battery,0.485
Samsung Buds 2,Accessories,5.0,excellent,Flipkart,2022-01-17,0.5719,none,0.06
Samsung Buds Live,Accessories,4.0,good trial all suffer guess official even,Amazon,2024-01-26,-0.1531,none,0.19624
Samsung Buds Live,Accessories,2.0,excellent gun trial race author it,Amazon,2023-02-15,0.3182,none,0.285
Samsung Galaxy S23,Smartphone,5.0,bad country city federal become tough number avoid only,Amazon,2023-08-21,-0.7096,general_issue,0.5438400000000001
Samsung Galaxy Tab S7 FE,Smartphone,4.0,not great lawyer picture economy his make idea use,Flipkart,2023-09-15,-0.5096,camera,0.53884
Samsung Galaxy Tab S7 FE,Smartphone,4.0,excellent i cause early,Amazon,2023-05-12,0.5719,none,0.135
Samsung Galaxy A54,Smartphone,2.0,good factor experience wife big positive born movement issue overheating issue,Flipkart,2024-08-08,0.7579,heating,0.485
Samsung Galaxy M53,Smartphone,4.0,worth it woman week even north what character cultural,Amazon,2024-01-25,0.2263,none,0.135
Samsung Galaxy A34,Smartphone,1.0,worth it number operation see congress five,Flipkart,2024-10-07,0.296,none,0.36
Samsung Galaxy A14,Smartphone,1.0,not great yard project consider development,Amazon,2023-02-05,-0.5096,none,0.5638400000000001
Samsung Galaxy A14,Smartphone,4.0,average like either future individual,Flipkart,2023-05-18,0.3612,none,0.135
Samsung Galaxy Tab S7 FE,Smartphone,3.0,not great chair name realize fight indeed always there answer,Flipkart,2022-11-05,-0.709,none,0.4936
Samsung Galaxy A14,Smartphone,4.0,excellent painting behavior her very available,Amazon,2022-01-14,0.5719,none,0.135
Samsung Buds 2,Accessories,3.0,not great tough operation worry leg fact issue charging problem,Amazon,2024-04-19,-0.8188,battery,0.7375200000000002
Samsung Galaxy M34,Smartphone,2.0,good issue charging problem,Amazon,2022-02-18,0.0516,battery,0.485
Samsung Charger 25W,Accessories,5.0,waste of money he country world movie,Amazon,2023-04-23,-0.4215,general_issue,0.4286
Samsung Galaxy A14,Smartphone,1.0,not great issue slow performance,Flipkart,2023-12-11,-0.5096,performance,0.7638400000000001
Samsung Galaxy S23,Smartphone,4.0,worth it positive employee lead across decade when design,Amazon,2022-01-20,0.6705,software,0.335
Samsung Buds Live,Accessories,1.0,excellent sure could free structure top attorney,Amazon,2023-11-18,0.8779,none,0.36
Samsung Galaxy Tab S7 FE,Smartphone,4.0,not great suggest hospital dog expert,Amazon,2022-01-03,-0.5096,software,0.53884
Samsung Galaxy M34,Smartphone,5.0,good blood data organization fall check out time,Amazon,2024-02-10,0.4404,none,0.06
Samsung Galaxy Book 3,Smartphone,5.0,waste of money game think later question while majority leave,Flipkart,2023-09-22,-0.4588,general_issue,0.44352
Samsung Soundbar,Other,3.0,highly recommend to others,Flipkart,2022-08-01,0.4201,none,0.21
Samsung Galaxy S21 FE,Smartphone,5.0,good spring to other sport,Amazon,2023-02-25,0.4404,none,0.06
Samsung Galaxy M53,Smartphone,4.0,excellent game better risk five,Amazon,2024-12-21,0.6705,none,0.135
Samsung Galaxy S22,Smartphone,3.0,worth it carry though dream among attack born a,Flipkart,2023-05-03,-0.0516,none,0.2306399999999999
Samsung Galaxy M53,Smartphone,4.0,average activity personal mouth that them small,Flipkart,2024-05-09,0.0,none,0.135
Samsung Galaxy A34,Smartphone,4.0,not great front million add population point over protect,Amazon,2024-10-04,-0.1764,none,0.20556
Samsung Refrigerator,Other,4.0,heats up sometimes during heavy usage,Flipkart,2022-05-03,0.0,heating,0.335
Samsung Charger 25W,Accessories,4.0,excellent provide same window feeling,Flipkart,2022-10-19,0.6369,none,0.135
Samsung Buds Live,Accessories,5.0,excellent response society whether hit,Amazon,2023-07-28,0.5719,none,0.06
Samsung Crystal UHD TV,TV,4.0,speaker quality is amazing,Amazon,2022-07-10,0.5859,sound,0.335
Samsung Galaxy M34,Smartphone,3.0,waste of money class republican out true issue overheating issue,Flipkart,2022-03-31,0.0,heating,0.41
Samsung Buds 2,Accessories,4.0,waste of money number choice painting,Flipkart,2023-04-20,-0.3612,general_issue,0.47948
Samsung Galaxy M14,Smartphone,3.0,worth it pm media may one race office issue camera quality is poor,Flipkart,2024-11-30,-0.296,camera,0.5284
Samsung Charger 25W,Accessories,5.0,bad open determine building ready,Amazon,2024-04-25,-0.25,build_quality,0.36
Samsung Galaxy M53,Smartphone,3.0,good huge participant tree perform election inside issue battery draining fast,Amazon,2024-02-02,0.6369,battery,0.41
Samsung Buds Live,Accessories,3.0,waste of money issue charging problem,Flipkart,2024-07-27,-0.6705,battery,0.6782000000000001
Samsung Galaxy Tab A8,Smartphone,4.0,average draw service show protect now author stock,Amazon,2022-06-23,0.3818,none,0.135
Samsung Buds Live,Accessories,3.0,not great issue overheating issue,Flipkart,2022-07-15,-0.5096,heating,0.6138400000000002
Samsung Galaxy M14,Smartphone,1.0,average attention run check space visit,Amazon,2024-11-01,0.0,none,0.36
Samsung Galaxy S22,Smartphone,5.0,excellent sometimes government strong culture wait,Amazon,2022-10-01,0.7906,none,0.06
Samsung Galaxy M53,Smartphone,1.0,good those evening amount heart threat son range issue battery draining fast,Flipkart,2024-03-18,-0.128,battery,0.6112
Samsung Galaxy S23,Smartphone,5.0,not great another stand water spring cut method,Flipkart,2022-06-03,-0.6591,none,0.32364
Samsung Galaxy A54,Smartphone,5.0,worth it include local assume account year we,Flipkart,2022-05-08,0.2263,none,0.06
Samsung Galaxy M53,Smartphone,4.0,not great easy family energy human than no,Amazon,2024-06-09,-0.7003,none,0.41512
Samsung Buds Live,Accessories,4.0,waste of money eye turn tough agreement well anyone goal,Amazon,2022-09-25,0.25,general_issue,0.335
Samsung Buds Live,Accessories,5.0,worth it relate might help environment job country,Amazon,2023-04-30,0.5574,none,0.06
Samsung Galaxy S22,Smartphone,4.0,bad fall line policy certainly manager another man across,Flipkart,2023-08-21,-0.2732,software,0.44428
Samsung Galaxy Book 2,Smartphone,5.0,worth it well candidate source would picture possible financial,Flipkart,2023-06-19,0.4588,camera,0.26
Samsung Galaxy Tab A8,Smartphone,2.0,not great easy decade head red foreign early,Flipkart,2023-10-08,-0.6908,none,0.56132
Samsung Charger 25W,Accessories,4.0,good or work relate anyone,Amazon,2024-03-15,0.4404,none,0.135
Samsung Buds Live,Accessories,3.0,average yes hit time idea season sense rest,Amazon,2023-10-31,0.4019,none,0.21
Samsung Buds 2,Accessories,3.0,excellent issue camera quality is poor,Flipkart,2023-10-14,0.1531,camera,0.41
Samsung Galaxy Book 2,Smartphone,5.0,waste of money far cover with early buy more,Amazon,2024-07-16,-0.4215,general_issue,0.4286
Samsung Galaxy Tab S7 FE,Smartphone,4.0,worth it about road spring less,Amazon,2023-07-11,0.2263,none,0.135
Samsung Galaxy A34,Smartphone,1.0,good low such chance keep can character issue display flickering,Flipkart,2023-04-24,0.4215,display,0.56
Samsung Galaxy M34,Smartphone,5.0,excellent later city eye democrat,Flipkart,2022-06-02,0.5719,none,0.06
Samsung Galaxy A14,Smartphone,3.0,good during believe return truth very up,Flipkart,2023-02-20,0.6369,none,0.21
Samsung Galaxy Tab A8,Smartphone,3.0,not great cell condition several gun industry strategy follow,Amazon,2022-10-06,-0.6902,none,0.48608
Samsung Galaxy A14,Smartphone,2.0,waste of money south road find up approach news floor radio issue overheating issue,Amazon,2022-08-12,-0.4215,heating,0.6536
Samsung Galaxy M14,Smartphone,5.0,average right any building tell daughter home,Amazon,2022-11-15,0.0,build_quality,0.26
Samsung Galaxy A54,Smartphone,2.0,good issue overheating issue,Amazon,2022-08-05,0.4404,heating,0.485
Samsung Galaxy S23,Smartphone,4.0,worth it fact director hold herself sound far box very,Amazon,2022-12-03,0.2263,sound,0.335
Samsung Galaxy Tab A8,Smartphone,5.0,waste of money father necessary only,Amazon,2024-07-09,-0.4215,general_issue,0.4286
Samsung Galaxy Tab A8,Smartphone,5.0,bad letter build moment democratic investment key small past,Amazon,2024-08-12,-0.5423,build_quality,0.47692
Samsung Buds Live,Accessories,5.0,not great two worker type meeting garden positive,Amazon,2023-10-06,0.0788,software,0.26
Samsung Galaxy S23,Smartphone,4.0,average until new position walk hotel everything,Flipkart,2024-04-12,0.0,heating,0.335
Samsung Charger 25W,Accessories,4.0,waste of money condition public statement term point people executive,Amazon,2022-09-05,-0.4215,general_issue,0.5036
Samsung Galaxy Book 3,Smartphone,4.0,not great paper story stage third loss attack small,Amazon,2024-01-04,-0.8269,software,0.6657600000000001
Samsung Galaxy S22,Smartphone,1.0,worth it production attorney back school much since,Amazon,2023-03-02,0.2263,none,0.36
Samsung Buds 2,Accessories,1.0,excellent issue battery draining fast,Flipkart,2024-07-14,0.5719,battery,0.56
Samsung Galaxy A34,Smartphone,5.0,good street reach above develop of put always time,Flipkart,2023-09-24,0.4588,none,0.06
Samsung Galaxy A14,Smartphone,5.0,bad take enjoy move late near rate,Amazon,2024-08-06,-0.0772,general_issue,0.29088
Samsung Charger 25W,Accessories,3.0,worth it behavior above positive condition issue display flickering,Flipkart,2023-06-27,0.6705,display,0.41
Samsung Galaxy S23,Smartphone,4.0,worth it former ask six explain,Amazon,2022-09-03,0.2263,none,0.135
Samsung Galaxy A14,Smartphone,2.0,average executive teacher campaign opportunity something suddenly,Flipkart,2022-07-05,0.4215,none,0.285
Samsung Galaxy Tab A8,Smartphone,3.0,waste of money meet something strategy source issue slow performance,Amazon,2022-11-19,-0.4215,performance,0.5786
Samsung Galaxy S22,Smartphone,1.0,featurepacked and smooth experience,Flipkart,2023-09-16,0.0,none,0.36
Samsung Galaxy Tab A8,Smartphone,3.0,bad record coach word partner concern system power,Flipkart,2022-03-24,-0.5423,battery,0.6269200000000001
Samsung Galaxy A34,Smartphone,4.0,average seek long him involve reality,Amazon,2023-03-17,0.0,none,0.135
Samsung Galaxy Tab A8,Smartphone,4.0,not great magazine contain reach public political thank father impact,Amazon,2023-11-03,-0.1764,none,0.20556
Samsung Buds 2,Accessories,5.0,average education military leader risk wonder go early,Amazon,2022-10-31,-0.2732,none,0.1692799999999999
Samsung Galaxy S22,Smartphone,3.0,not great foot important character issue charging problem,Amazon,2022-07-06,-0.764,battery,0.7156
Samsung Galaxy Book 3,Smartphone,5.0,waste of money fall cost per peace gas spring,Amazon,2023-05-24,0.1779,software,0.26
Samsung Galaxy Book 2,Smartphone,4.0,average site finally management know cold same,Amazon,2023-12-30,0.0,none,0.135
Samsung Galaxy M14,Smartphone,3.0,average news say like clearly rule job leave issue display flickering,Flipkart,2024-03-22,0.6124,display,0.41
Samsung Galaxy S21 FE,Smartphone,5.0,average everybody window happy carry draw grow,Amazon,2024-11-17,0.5719,software,0.26
Samsung Buds Live,Accessories,3.0,bad travel probably success deep police share issue charging problem,Amazon,2022-04-11,-0.0772,battery,0.44088
Samsung Galaxy M34,Smartphone,4.0,waste of money recently point score challenge very sign human,Flipkart,2023-09-05,-0.3612,general_issue,0.47948
Samsung Galaxy S23,Smartphone,5.0,excellent,Amazon,2023-06-17,0.5719,none,0.06
Samsung Charger 25W,Accessories,2.0,good issue camera quality is poor,Flipkart,2022-12-23,-0.0516,camera,0.50564
Samsung Charger 25W,Accessories,5.0,average whole half purpose money indeed defense,Amazon,2022-03-05,0.128,software,0.26
Samsung Galaxy M34,Smartphone,4.0,average nature sometimes side skin less,Flipkart,2024-04-08,0.0,none,0.135
Samsung Galaxy S23,Smartphone,5.0,bad quality since oil language our color opportunity everyone,Amazon,2024-07-15,-0.1779,general_issue,0.33116
Samsung Galaxy S22,Smartphone,5.0,average situation former teach most together,Flipkart,2023-05-27,0.0,software,0.26
Samsung Buds Live,Accessories,4.0,bad accept town fund enough senior,Flipkart,2022-07-13,-0.2263,general_issue,0.42552
Samsung Charger 25W,Accessories,4.0,excellent detail happen reveal market tough radio,Flipkart,2024-08-04,0.4939,software,0.335
Samsung Buds 2,Accessories,3.0,good recently quite degree day woman issue overheating issue,Flipkart,2022-07-28,0.4404,heating,0.41
Samsung Galaxy M14,Smartphone,4.0,bad trouble mr real nice really,Flipkart,2022-10-14,-0.5267,general_issue,0.5456799999999999
Samsung Charger 25W,Accessories,4.0,bad standard under represent better media heavy,Amazon,2022-09-06,-0.1531,general_issue,0.39624
Samsung Galaxy Book 3,Smartphone,4.0,waste of money far suddenly style sell surface decide rich,Amazon,2022-01-25,0.2023,general_issue,0.335
Samsung Galaxy S22,Smartphone,3.0,not great involve strong discussion,Amazon,2022-05-07,-0.7181,none,0.4972399999999999
Samsung Galaxy Book 2,Smartphone,4.0,not great recognize report outside data despite certainly,Amazon,2023-04-01,-0.652,none,0.3958
Samsung Galaxy Book 2,Smartphone,4.0,waste of money line thought writer not field smile score,Flipkart,2022-09-25,-0.6007,general_issue,0.57528
Samsung Galaxy Tab S7 FE,Smartphone,5.0,excellent lawyer sport discuss either allow toward,Flipkart,2023-02-10,0.6808,none,0.06
Samsung Galaxy M53,Smartphone,2.0,average author win through game spend budget personal,Amazon,2024-03-31,0.5859,none,0.285
Samsung Galaxy S22,Smartphone,3.0,bad let help through no up former so player issue slow performance,Amazon,2024-02-02,-0.4588,performance,0.59352
Samsung Buds Live,Accessories,2.0,average state sometimes prepare deep environment teach issue charging problem,Flipkart,2022-06-22,-0.4019,battery,0.6457600000000001
Samsung Galaxy Book 3,Smartphone,5.0,excellent drug mr west almost,Flipkart,2023-06-15,0.5719,software,0.26
Samsung Buds 2,Accessories,5.0,excellent may create thus employee foreign eye,Flipkart,2022-06-03,0.7003,none,0.06
Samsung Galaxy M53,Smartphone,2.0,waste of money issue charging problem,Flipkart,2022-02-14,-0.6705,battery,0.7532000000000001
Samsung Buds Live,Accessories,2.0,good similar often concern,Amazon,2022-05-13,0.4404,none,0.285
Samsung Galaxy Tab A8,Smartphone,5.0,bad laugh read full red doctor,Amazon,2023-02-09,0.0258,general_issue,0.26
Samsung Galaxy Tab S7 FE,Smartphone,5.0,not great only who expect consider just,Flipkart,2024-06-27,-0.5096,none,0.26384
Samsung Galaxy Book 2,Smartphone,5.0,excellent administration notice really always off live these,Flipkart,2022-09-21,0.5719,none,0.06
Samsung Galaxy M14,Smartphone,4.0,not great future early send father,Amazon,2022-07-08,-0.5096,none,0.33884
Samsung Galaxy S22,Smartphone,5.0,average fast wide carry morning significant,Flipkart,2023-11-11,0.2023,none,0.06
Samsung Buds 2,Accessories,4.0,not great once alone later party religious,Flipkart,2022-09-08,0.0377,none,0.135
Samsung Galaxy S22,Smartphone,4.0,bad office father must,Amazon,2022-03-29,-0.5423,general_issue,0.55192
Samsung Galaxy S23,Smartphone,4.0,featurepacked and smooth experience,Flipkart,2024-08-02,0.0,none,0.135
Samsung Galaxy A34,Smartphone,4.0,not great important friend lead thousand guess,Amazon,2022-04-14,-0.7589,none,0.43856
Samsung Galaxy M14,Smartphone,5.0,worth it game design reality himself,Flipkart,2022-12-11,0.2263,none,0.06
Samsung Buds 2,Accessories,5.0,bad whatever and everyone,Amazon,2024-06-06,-0.5423,general_issue,0.47692
Samsung Galaxy S21 FE,Smartphone,4.0,worth it safe test open source religious eat,Amazon,2024-03-19,0.5859,none,0.135
Samsung Galaxy Tab A8,Smartphone,4.0,average memory ability hospital character,Flipkart,2024-10-13,0.3182,software,0.335
Samsung Buds 2,Accessories,2.0,average suggest wish year fight fill analysis,Flipkart,2022-03-02,0.0258,none,0.285
Samsung Galaxy M53,Smartphone,3.0,average late this worry,Flipkart,2024-02-23,-0.5228,none,0.41912
Samsung Buds 2,Accessories,3.0,excellent plant consider person garden hold agency issue battery draining fast,Flipkart,2024-05-23,0.5719,battery,0.41
Samsung Galaxy A54,Smartphone,4.0,excellent since especially especially she after,Amazon,2022-12-20,0.5719,none,0.135
Samsung Galaxy Book 3,Smartphone,3.0,bad everyone mission police police issue camera quality is poor,Amazon,2023-12-26,-0.765,camera,0.7160000000000002
Samsung Buds Live,Accessories,3.0,good computer peace american number body prove answer issue charging problem,Flipkart,2023-03-16,0.6124,battery,0.41
Samsung Galaxy S23,Smartphone,3.0,not great would simply laugh central toward,Flipkart,2023-01-19,0.0788,none,0.21
Samsung Galaxy A54,Smartphone,4.0,average simple protect possible house camera,Amazon,2023-07-18,0.3818,camera,0.335
Samsung Galaxy A34,Smartphone,4.0,waste of money beyond make why into good good,Amazon,2023-07-28,0.4588,general_issue,0.335
Samsung Galaxy M14,Smartphone,3.0,waste of money people whether east degree issue overheating issue,Amazon,2024-07-02,-0.4215,heating,0.5786
Samsung Soundbar,Other,5.0,software updates are slow,Flipkart,2022-11-01,0.0,performance,0.26
Samsung Galaxy Tab S7 FE,Smartphone,4.0,average,Amazon,2022-03-12,0.0,none,0.135
Samsung Galaxy Tab S7 FE,Smartphone,5.0,excellent,Amazon,2023-05-19,0.5719,none,0.06
Samsung Galaxy M34,Smartphone,4.0,good range walk investment later rich southern type,Flipkart,2023-08-28,0.7579,none,0.135
Samsung Galaxy A54,Smartphone,3.0,not great institution fight their begin all issue display flickering,Flipkart,2024-10-18,-0.2755,display,0.5202
Samsung Crystal UHD TV,TV,3.0,software updates are slow,Flipkart,2024-04-23,0.0,performance,0.41
Samsung Galaxy M53,Smartphone,3.0,bad no condition walk issue camera quality is poor,Amazon,2024-09-08,-0.8316,camera,0.7426400000000002
Samsung Galaxy S21 FE,Smartphone,3.0,worth it various feel reach care him send issue charging problem,Amazon,2022-05-05,0.3612,battery,0.41
Samsung Buds 2,Accessories,3.0,excellent fall opportunity war product hundred issue charging problem,Amazon,2022-06-29,-0.0258,battery,0.4203199999999999
Samsung Galaxy Tab A8,Smartphone,3.0,excellent writer day back issue overheating issue,Amazon,2023-07-27,0.5719,heating,0.41
Samsung Galaxy Tab A8,Smartphone,1.0,good month it fall trouble industry chance these,Amazon,2024-02-24,0.296,none,0.36
Samsung Buds 2,Accessories,5.0,not great culture beyond simply both more as capital,Flipkart,2022-10-09,-0.5096,none,0.26384
Samsung Galaxy M53,Smartphone,3.0,not great their human position stand baby quality,Amazon,2024-05-08,-0.5096,software,0.6138400000000002
Samsung Galaxy M14,Smartphone,3.0,not great put available almost support,Amazon,2023-02-13,-0.2232,software,0.49928
Samsung Galaxy M53,Smartphone,5.0,excellent fish couple give which day democrat,Flipkart,2024-12-12,0.5719,none,0.06
Samsung Galaxy Book 3,Smartphone,3.0,excellent question trip purpose issue slow performance,Amazon,2023-05-26,0.5719,performance,0.41
Samsung Galaxy Buds2,Smartphone,3.0,highly recommend to others,Amazon,2022-02-09,0.4201,none,0.21
Samsung Galaxy A34,Smartphone,5.0,worth it former fire economy market present space challenge let,Flipkart,2024-02-23,-0.0516,none,0.08064
Samsung Galaxy A54,Smartphone,4.0,not great new speech camera similar,Flipkart,2024-01-06,-0.5096,camera,0.53884
Samsung Galaxy S21 FE,Smartphone,5.0,average for identify prepare fire,Amazon,2024-09-09,-0.34,none,0.196
Samsung Galaxy M53,Smartphone,1.0,average owner low building last issue camera quality is poor,Flipkart,2024-09-19,-0.6369,camera,0.8147600000000002
Samsung Galaxy S22,Smartphone,1.0,bad away well standard main heart trouble,Flipkart,2023-12-06,-0.6249,general_issue,0.80996
Samsung Galaxy A54,Smartphone,4.0,worth it return bank best write,Amazon,2024-10-25,0.7269,none,0.135
Samsung Charger 25W,Accessories,2.0,not great purpose account cell only cultural center network,Amazon,2023-10-21,-0.5096,connectivity,0.6888400000000001
Samsung Galaxy Tab S7 FE,Smartphone,4.0,waste of money too reduce condition,Flipkart,2024-03-06,-0.4215,general_issue,0.5036
Samsung Galaxy Z Fold5,Smartphone,2.0,software updates are slow,Flipkart,2023-07-08,0.0,performance,0.485
Samsung Galaxy Tab A8,Smartphone,2.0,waste of money own themselves among,Amazon,2023-01-04,-0.4215,general_issue,0.6536
Samsung Charger 25W,Accessories,2.0,excellent gun mrs like international director mind child action,Flipkart,2022-02-23,0.5859,none,0.285
Samsung Buds 2,Accessories,5.0,bad itself oil mrs walk successful,Flipkart,2023-10-16,0.0772,general_issue,0.26
Samsung Galaxy Tab A8,Smartphone,4.0,bad business quality business draw control majority,Amazon,2023-03-25,-0.5423,general_issue,0.55192
Samsung Galaxy S21 FE,Smartphone,2.0,good report billion season design responsibility each stay issue camera quality is poor,Flipkart,2022-03-02,-0.0516,camera,0.50564
Samsung Galaxy M53,Smartphone,4.0,excellent result now condition cup white economy,Amazon,2023-07-30,0.5719,none,0.135
Samsung Charger 25W,Accessories,4.0,worth it,Flipkart,2022-04-30,0.2263,none,0.135
Samsung Charger 25W,Accessories,5.0,bad human field you put author whom,Amazon,2024-08-24,-0.5423,general_issue,0.47692
Samsung Galaxy A34,Smartphone,4.0,bad sign fly congress effort environment herself,Flipkart,2024-12-20,-0.5423,general_issue,0.55192
Samsung Galaxy A34,Smartphone,3.0,worth it great nice industry from grow issue overheating issue,Flipkart,2024-01-03,0.8316,heating,0.41
Samsung Galaxy A54,Smartphone,4.0,not great agreement dog loss forward,Flipkart,2023-04-22,-0.8032,software,0.65628
Samsung Galaxy A34,Smartphone,4.0,excellent husband memory evidence american herself remember,Amazon,2022-11-23,0.5719,none,0.135
Samsung Buds Live,Accessories,5.0,bad task present her throughout,Flipkart,2022-07-25,-0.5423,general_issue,0.47692
Samsung Galaxy A54,Smartphone,3.0,excellent station all industry measure bad issue display flickering,Amazon,2023-05-23,0.0516,display,0.41
Samsung Galaxy A14,Smartphone,1.0,average where each enjoy receive pm issue camera quality is poor,Amazon,2023-05-09,0.0258,camera,0.56
Samsung Galaxy Tab S7 FE,Smartphone,2.0,good term station partner service hospital,Amazon,2023-06-30,0.4404,software,0.485
Samsung Buds Live,Accessories,5.0,excellent item push growth blue central effect,Flipkart,2024-12-28,0.743,none,0.06
Samsung Galaxy A34,Smartphone,2.0,average just high agree special issue camera quality is poor,Flipkart,2022-04-25,0.2732,camera,0.485
Samsung Galaxy Tab S7 FE,Smartphone,4.0,worth it young program cut machine stay once and,Amazon,2023-03-26,-0.0516,none,0.15564
Samsung Galaxy Tab S7 FE,Smartphone,4.0,worth it matter life task point daughter bed,Amazon,2024-03-06,0.25,battery,0.335
Samsung Galaxy S23,Smartphone,4.0,good positive television sell ten protect right quite,Amazon,2023-12-28,0.8442,software,0.335
Samsung Charger 25W,Accessories,4.0,good resource color forward,Amazon,2022-12-22,0.4404,none,0.135
Samsung Galaxy A14,Smartphone,2.0,bad line it sometimes four president administration among,Flipkart,2022-12-27,-0.5423,general_issue,0.7019200000000001
Samsung Galaxy M53,Smartphone,4.0,worth it lose outside game discuss follow quite,Flipkart,2023-04-30,-0.2023,software,0.41592
Samsung Galaxy Book 3,Smartphone,4.0,good behavior quickly moment soldier,Flipkart,2023-10-14,0.4404,software,0.335
Samsung Galaxy S23,Smartphone,5.0,excellent lead military produce actually,Flipkart,2024-01-05,0.5719,none,0.06
Samsung Charger 25W,Accessories,2.0,not great point sister water couple improve in today issue charging problem,Flipkart,2022-02-27,-0.4756,battery,0.6752400000000001
Samsung Galaxy M53,Smartphone,5.0,average stand with white across method,Amazon,2023-12-22,0.0,software,0.26
Samsung Galaxy S23,Smartphone,5.0,waste of money city himself large walk challenge business,Flipkart,2022-10-19,-0.3612,general_issue,0.40448
Samsung Charger 25W,Accessories,4.0,worth it voice tonight fire enough,Flipkart,2023-01-21,-0.128,none,0.1862
Samsung Charger 25W,Accessories,4.0,excellent affect approach customer others population final notice,Flipkart,2024-10-05,0.5719,software,0.335
Samsung Galaxy M53,Smartphone,4.0,not great morning soon huge the,Flipkart,2023-09-25,-0.2486,none,0.2344399999999999
Samsung Buds 2,Accessories,3.0,bad without short woman bill else know issue battery draining fast,Amazon,2022-12-26,-0.5423,battery,0.6269200000000001
Samsung Galaxy A54,Smartphone,4.0,great value for money,Flipkart,2024-10-01,0.7579,none,0.135
Samsung Galaxy M53,Smartphone,4.0,worth it religious cup how them be degree,Amazon,2022-03-19,0.2263,none,0.135
Samsung Buds Live,Accessories,5.0,bad box produce four born avoid many,Flipkart,2022-07-04,-0.6908,general_issue,0.53632
Samsung Galaxy A14,Smartphone,3.0,average family general item three tonight,Flipkart,2022-04-26,0.0,none,0.21
Samsung Galaxy M14,Smartphone,2.0,excellent discuss series room mind recently benefit issue overheating issue,Amazon,2023-04-22,0.7717,heating,0.485
Samsung Buds Live,Accessories,3.0,excellent lot though practice six adult face according use issue slow performance,Amazon,2023-03-25,0.5719,performance,0.41
Samsung Galaxy Book 2,Smartphone,4.0,worth it break official similar difficult,Amazon,2022-02-10,-0.1531,none,0.19624
Samsung Charger 25W,Accessories,5.0,not great much page bank summer billion property,Amazon,2024-12-14,-0.5096,none,0.26384
Samsung Galaxy S21 FE,Smartphone,5.0,not great child along speak guess apply really,Flipkart,2024-09-05,-0.5096,software,0.46384
Samsung Galaxy Book 2,Smartphone,5.0,waste of money finish court development career,Amazon,2022-01-02,-0.4215,general_issue,0.4286
Samsung Galaxy M53,Smartphone,5.0,average indeed crime my up,Flipkart,2023-11-11,-0.5423,none,0.27692
Samsung Galaxy A14,Smartphone,5.0,good ground act fast speech fish hold,Amazon,2023-02-17,0.4404,none,0.06
Samsung Galaxy S22,Smartphone,3.0,good environmental another cup laugh bed issue charging problem,Flipkart,2022-09-25,0.5859,battery,0.41
Samsung Buds Live,Accessories,4.0,excellent be rest course republican worry safe cost,Flipkart,2023-11-29,0.5719,software,0.335
Samsung Galaxy M34,Smartphone,3.0,average president generation moment learn start avoid,Flipkart,2022-12-30,-0.296,none,0.3283999999999999
Samsung Galaxy M34,Smartphone,4.0,worth it board decide far weight,Amazon,2023-10-25,0.2263,none,0.135
Samsung Galaxy Tab S7 FE,Smartphone,2.0,average space minute front which piece issue camera quality is poor,Flipkart,2022-05-02,-0.4767,camera,0.6756800000000001
Samsung Charger 25W,Accessories,5.0,not great realize southern defense artist practice reality,Amazon,2022-02-14,-0.4203,none,0.22812
Samsung Galaxy Tab A8,Smartphone,2.0,average issue camera quality is poor,Flipkart,2022-10-30,-0.4767,camera,0.6756800000000001
Samsung Galaxy S22,Smartphone,2.0,waste of money us with political skill himself,Amazon,2022-10-18,-0.4215,general_issue,0.6536
Samsung Galaxy S21 FE,Smartphone,3.0,waste of money address arrive race respond in,Flipkart,2022-08-16,-0.4215,general_issue,0.5786
Samsung Galaxy Tab A8,Smartphone,4.0,good store process write,Amazon,2024-12-13,0.4404,none,0.135
Samsung Galaxy S22,Smartphone,4.0,worth it appear through people now dream trade present,Amazon,2024-01-18,0.4404,software,0.335
Samsung Galaxy M34,Smartphone,4.0,bad often impact tree positive few light whole news,Amazon,2022-05-29,0.0258,software,0.335
Samsung Galaxy Tab A8,Smartphone,5.0,average black responsibility cause rather,Amazon,2024-02-05,0.0,none,0.06
Samsung Galaxy S23,Smartphone,5.0,average letter nice dark more,Amazon,2024-03-21,0.4215,none,0.06
Samsung Galaxy M34,Smartphone,4.0,average wind nice direction,Flipkart,2022-07-26,0.4215,none,0.135
Samsung Galaxy M53,Smartphone,5.0,excellent glass sound husband,Flipkart,2023-11-21,0.5719,sound,0.26
Samsung Washing Machine,Other,1.0,highly recommend to others,Flipkart,2023-09-11,0.4201,none,0.36
Samsung Galaxy S22,Smartphone,4.0,good approach myself actually feeling strong more ask property,Flipkart,2023-10-23,0.7717,software,0.335
Samsung Buds 2,Accessories,5.0,excellent especially human top environment study,Amazon,2022-10-07,0.6983,none,0.06
Samsung Galaxy S23,Smartphone,2.0,average fall garden right view commercial issue display flickering,Flipkart,2022-11-19,0.0,display,0.485
Samsung Buds 2,Accessories,4.0,excellent role cold moment possible him adult picture,Flipkart,2024-06-13,0.5719,camera,0.335
Samsung Galaxy A14,Smartphone,3.0,waste of money issue overheating issue,Flipkart,2024-09-24,-0.4215,heating,0.5786
Samsung Galaxy Book 3,Smartphone,4.0,excellent head since positive pick,Flipkart,2023-10-12,0.8074,software,0.335
Samsung Buds Live,Accessories,3.0,good determine a democrat and,Amazon,2022-12-23,0.4404,none,0.21
Samsung Buds Live,Accessories,2.0,waste of money issue display flickering,Amazon,2024-01-01,-0.4215,display,0.6536
Samsung Buds Live,Accessories,5.0,not great always sort environmental major staff,Flipkart,2023-04-03,-0.5096,none,0.26384
Samsung Galaxy Book 3,Smartphone,1.0,not great black experience water policy thank issue display flickering,Flipkart,2022-12-26,-0.2008,display,0.64032
Samsung Galaxy S22,Smartphone,4.0,bad loss best quality show i,Amazon,2024-02-14,-0.1531,software,0.39624
Samsung Galaxy A34,Smartphone,2.0,bad available score ask difference sell,Flipkart,2023-09-21,-0.5423,general_issue,0.7019200000000001
Samsung Charger 25W,Accessories,3.0,excellent issue display flickering,Flipkart,2023-08-27,0.5719,display,0.41
Samsung Buds Live,Accessories,4.0,good true remember continue bit summer site write,Flipkart,2022-09-18,0.6908,none,0.135
Samsung Charger 25W,Accessories,3.0,bad community program actually result,Flipkart,2022-12-30,-0.5423,general_issue,0.6269200000000001
Samsung Galaxy Book 2,Smartphone,4.0,not great hundred staff sound political lot culture himself,Flipkart,2022-01-04,-0.5096,sound,0.53884
Samsung Galaxy Book 3,Smartphone,5.0,worth it seek forward simple however lawyer must,Amazon,2024-03-12,0.2263,none,0.06
Samsung Galaxy S23,Smartphone,1.0,good issue overheating issue,Flipkart,2022-03-08,0.4404,heating,0.56
Samsung Buds 2,Accessories,4.0,excellent family body address fine law,Amazon,2023-01-08,0.6705,none,0.135
Samsung Galaxy Tab S7 FE,Smartphone,4.0,not great current even congress still,Amazon,2023-10-14,-0.5096,none,0.33884
Samsung Galaxy A54,Smartphone,4.0,not great should difficult nice business somebody and identify,Flipkart,2023-03-29,0.1571,none,0.135
Samsung Galaxy Tab S7 FE,Smartphone,1.0,average issue overheating issue,Flipkart,2022-08-02,0.0,heating,0.56
Samsung Galaxy S22,Smartphone,1.0,speaker quality is amazing,Flipkart,2024-10-13,0.5859,sound,0.56
Samsung Buds 2,Accessories,1.0,average issue slow performance,Amazon,2022-10-16,0.0,performance,0.56
Samsung Galaxy Tab S7 FE,Smartphone,5.0,excellent enjoy beautiful per spring couple piece,Amazon,2023-11-10,0.8957,none,0.06
Samsung Galaxy Tab S7 FE,Smartphone,5.0,worth it party would though economy,Flipkart,2022-06-09,0.5574,none,0.06
Samsung Refrigerator,Other,5.0,software updates are slow,Amazon,2023-05-03,0.0,performance,0.26
Samsung Buds Live,Accessories,5.0,average dream traditional institution call address,Amazon,2023-12-12,0.25,none,0.06
Samsung Buds 2,Accessories,2.0,bad during feeling security kitchen issue charging problem,Amazon,2023-10-17,-0.5106,battery,0.6892400000000001
Samsung Galaxy S22,Smartphone,4.0,bad happy before goal set sort,Amazon,2022-12-10,0.0516,software,0.335
Samsung Galaxy Tab S7 FE,Smartphone,4.0,excellent blood admit arrive class,Flipkart,2022-07-01,0.6705,none,0.135
Samsung Galaxy A54,Smartphone,4.0,bad interview outside itself account everyone foreign social recognize,Flipkart,2023-11-19,-0.5423,general_issue,0.55192
Samsung Galaxy Book 2,Smartphone,4.0,good call decision fall trip argue sure,Amazon,2024-07-03,0.4215,none,0.135
Samsung Galaxy S21 FE,Smartphone,2.0,not great skin range rule between bag network,Amazon,2022-01-24,-0.5096,connectivity,0.6888400000000001
Samsung Buds Live,Accessories,1.0,average interesting offer yes family issue slow performance,Amazon,2023-06-28,0.6597,performance,0.56
Samsung Galaxy S22,Smartphone,3.0,bad drug that game process give nature issue camera quality is poor,Flipkart,2023-03-06,-0.765,camera,0.7160000000000002
Samsung Galaxy A54,Smartphone,5.0,worth it question full ever cut wall,Amazon,2023-05-27,-0.0516,none,0.08064
Samsung Galaxy Tab S7 FE,Smartphone,5.0,not great at provide establish economic positive mr,Flipkart,2022-05-19,0.0788,sound,0.26
Samsung Galaxy Tab A8,Smartphone,4.0,excellent watch difficult require kid,Flipkart,2023-12-19,0.296,software,0.335
Samsung Galaxy Tab S7 FE,Smartphone,1.0,waste of money time during piece foreign issue overheating issue,Flipkart,2023-06-10,-0.4215,heating,0.7286000000000001
Samsung Galaxy M34,Smartphone,5.0,not great meeting subject development,Amazon,2022-08-10,-0.5096,none,0.26384
Samsung Galaxy M34,Smartphone,3.0,waste of money theory agent concern us challenge be,Flipkart,2022-01-03,-0.3612,general_issue,0.5544800000000001
Samsung Buds Live,Accessories,3.0,worth it other force finally sign son low third,Amazon,2022-04-09,-0.0516,none,0.2306399999999999
Samsung Galaxy S23,Smartphone,2.0,worth it issue charging problem,Flipkart,2024-03-01,-0.2023,battery,0.56592
Samsung Charger 25W,Accessories,4.0,excellent increase economic first life rich tell,Flipkart,2024-06-16,0.8625,battery,0.335
Samsung Galaxy Book 3,Smartphone,5.0,excellent could strong police never rather congress magazine,Amazon,2024-05-09,0.7906,none,0.06
Samsung Galaxy Tab A8,Smartphone,3.0,average mission write however to issue slow performance,Amazon,2022-12-07,0.0,performance,0.41
Samsung Air Conditioner,Other,1.0,nice product but a bit overpriced,Flipkart,2024-04-27,0.2263,none,0.36
Samsung Galaxy S22,Smartphone,5.0,battery life could be better,Amazon,2024-10-06,0.4404,battery,0.26
Samsung Galaxy Tab A8,Smartphone,4.0,good democrat southern power management personal clearly store,Amazon,2024-02-15,0.6808,battery,0.335
Samsung Galaxy A34,Smartphone,5.0,worth it idea fast possible choose entire mother of,Flipkart,2023-12-21,0.2263,software,0.26
Samsung Galaxy A14,Smartphone,1.0,excellent issue battery draining fast,Flipkart,2024-02-08,0.5719,battery,0.56
Samsung Charger 25W,Accessories,3.0,worth it development west time sport model example concern,Amazon,2022-07-27,0.2263,none,0.21
Samsung Galaxy A54,Smartphone,4.0,worth it police find coach ahead over,Amazon,2024-09-08,0.2263,none,0.135
Samsung Galaxy Book 3,Smartphone,4.0,worth it too eight within total perform,Amazon,2023-04-07,0.2263,none,0.135
Samsung Galaxy Book 3,Smartphone,1.0,good job somebody production because cover treat sell issue charging problem,Amazon,2022-11-30,0.4404,battery,0.56
Samsung Charger 25W,Accessories,4.0,good table some that explain,Amazon,2024-07-13,0.4404,none,0.135
Samsung Galaxy M34,Smartphone,4.0,bad although nice southern decade parent firm,Amazon,2022-05-31,-0.1779,general_issue,0.40616
Samsung Charger 25W,Accessories,4.0,worth it star around per leader huge between ground give,Flipkart,2022-03-10,0.4939,none,0.135
Samsung Galaxy A54,Smartphone,3.0,excellent lot turn whom benefit,Flipkart,2023-08-27,0.7717,none,0.21
Samsung Galaxy M34,Smartphone,5.0,good assume nature for nearly air,Flipkart,2022-02-11,0.4404,none,0.06
Samsung Galaxy A34,Smartphone,3.0,waste of money method list form type,Flipkart,2023-10-15,-0.4215,general_issue,0.5786
Samsung Buds 2,Accessories,3.0,not great opportunity what mind win seat attorney issue slow performance,Flipkart,2023-06-19,-0.2086,performance,0.49344
Samsung Buds 2,Accessories,4.0,good decide shake loss appear song unit watch help,Amazon,2022-08-03,0.3818,software,0.335
Samsung Buds Live,Accessories,1.0,good eye price hot visit job issue issue battery draining fast,Amazon,2022-06-01,0.4404,battery,0.56
Samsung Buds Live,Accessories,5.0,waste of money site plan board compare alone to,Amazon,2023-12-02,-0.5859,general_issue,0.49436
Samsung Buds Live,Accessories,1.0,excellent goal evidence executive between simple,Flipkart,2022-12-15,0.5719,none,0.36
Samsung Galaxy S21 FE,Smartphone,2.0,not great condition baby sure go argue,Amazon,2024-02-08,-0.5258,none,0.49532
Samsung Galaxy A54,Smartphone,1.0,good allow cell experience town cover yard down issue camera quality is poor,Flipkart,2022-11-26,0.1779,camera,0.56
Samsung Galaxy A54,Smartphone,4.0,waste of money one dinner consumer miss,Flipkart,2022-06-03,-0.5267,general_issue,0.5456799999999999
Samsung Galaxy M34,Smartphone,2.0,excellent condition question toward none sign since,Amazon,2022-07-10,0.5719,none,0.285
Samsung Galaxy M34,Smartphone,5.0,average eye rule writer space people decide phone,Flipkart,2023-11-24,0.0,none,0.06
Samsung Galaxy S21 FE,Smartphone,3.0,not great soon letter end by born make,Amazon,2024-09-15,-0.5096,none,0.41384
Samsung Galaxy M14,Smartphone,4.0,average and hour successful,Flipkart,2022-03-05,0.5859,none,0.135
Samsung Galaxy A54,Smartphone,4.0,waste of money build create article order form high,Flipkart,2024-06-02,-0.1779,build_quality,0.40616
Samsung Buds Live,Accessories,5.0,waste of money record hair chair course position event fear,Amazon,2022-12-04,-0.7184,software,0.5473600000000001
Samsung Galaxy M34,Smartphone,4.0,bad morning heavy easy stand short need,Flipkart,2024-06-08,-0.1531,general_issue,0.39624
Samsung Galaxy Tab S7 FE,Smartphone,2.0,not great above into kid physical traditional probably great,Flipkart,2022-11-18,-0.7641,none,0.59064
Samsung Galaxy Tab A8,Smartphone,1.0,waste of money effort difference image half beat economy reduce issue camera quality is poor,Flipkart,2022-04-20,-0.7096,camera,0.8438400000000001
Samsung Buds Live,Accessories,4.0,good side use skin both similar woman blue,Flipkart,2022-07-27,0.4404,none,0.135
Samsung Galaxy S23,Smartphone,5.0,good federal guy though,Amazon,2023-11-10,0.4404,none,0.06
Samsung Galaxy M34,Smartphone,4.0,excellent more offer beautiful five indicate find,Amazon,2023-02-25,0.835,none,0.135
Samsung Buds 2,Accessories,4.0,bad result minute support part,Flipkart,2023-01-25,-0.2023,general_issue,0.41592
Samsung Galaxy A34,Smartphone,2.0,excellent entire who fact me shoulder out education issue camera quality is poor,Flipkart,2024-04-18,0.1531,camera,0.485
Samsung Galaxy A34,Smartphone,1.0,waste of money very ten share rich skill,Amazon,2023-06-28,0.5487,general_issue,0.56
Samsung Galaxy M53,Smartphone,1.0,bad purpose officer them throw account see allow issue battery draining fast,Flipkart,2023-07-31,-0.3818,battery,0.71272
Samsung Galaxy A34,Smartphone,1.0,bad attack at me other billion so boy issue battery draining fast,Flipkart,2023-09-02,-0.765,battery,0.8660000000000001
Samsung Galaxy S22,Smartphone,3.0,not great institution hundred fish network area issue camera quality is poor,Flipkart,2023-05-02,-0.7502,camera,0.71008
Samsung Galaxy A14,Smartphone,3.0,not great accept option light song,Amazon,2022-07-16,-0.6681,none,0.47724
Samsung Galaxy M53,Smartphone,1.0,average security nation really close nor about issue battery draining fast,Amazon,2022-04-12,0.34,battery,0.56
Samsung Galaxy Watch6,Smartphone,5.0,software updates are slow,Amazon,2024-03-15,0.0,performance,0.26
Samsung Buds 2,Accessories,2.0,waste of money design standard sign,Flipkart,2024-10-02,-0.4215,general_issue,0.6536
Samsung Galaxy S21 FE,Smartphone,4.0,good market management little sea its,Flipkart,2022-11-11,0.4404,none,0.135
Samsung Buds Live,Accessories,1.0,waste of money feel across main loss community if,Amazon,2022-04-22,-0.6249,software,0.80996
Samsung Galaxy Book 3,Smartphone,2.0,excellent better civil together kitchen ahead treatment your option issue overheating issue,Flipkart,2024-01-09,0.765,heating,0.485
Samsung Buds Live,Accessories,1.0,bad go represent student modern,Flipkart,2022-01-08,-0.5423,general_issue,0.77692
Samsung Galaxy Watch6,Smartphone,5.0,not as expected returning it,Flipkart,2024-05-25,0.0,none,0.06
Samsung Galaxy M34,Smartphone,5.0,good central world sure miss will little discussion base,Flipkart,2022-06-29,0.5574,none,0.06
Samsung Buds 2,Accessories,3.0,not great above concern go issue charging problem,Amazon,2023-08-27,-0.7179,battery,0.69716
Samsung Galaxy Tab S7 FE,Smartphone,3.0,good less course order second issue camera quality is poor,Flipkart,2024-09-10,-0.0516,camera,0.4306399999999999
Samsung Galaxy Book 3,Smartphone,4.0,not great answer point become music by hot green,Amazon,2023-02-13,-0.5096,heating,0.53884
Samsung Galaxy M34,Smartphone,3.0,excellent enjoy win behind both,Amazon,2022-07-18,0.8934,none,0.21
Samsung Galaxy M14,Smartphone,5.0,average condition for each run rule,Amazon,2022-02-22,0.0,none,0.06
Samsung Galaxy A54,Smartphone,5.0,bad experience later trial onto include enjoy recognize,Amazon,2023-02-28,-0.0772,general_issue,0.29088
Samsung Buds Live,Accessories,4.0,bad view listen individual vote painting tree,Flipkart,2022-12-16,-0.5423,general_issue,0.55192
Samsung Refrigerator,Other,2.0,highly recommend to others,Amazon,2023-08-21,0.4201,none,0.285
Samsung Galaxy M34,Smartphone,4.0,good begin direction hard direction usually anything let protect,Amazon,2022-06-17,0.6249,none,0.135
Samsung Buds Live,Accessories,3.0,worth it heart wish two it during class issue display flickering,Amazon,2024-08-27,0.5574,display,0.41
Samsung Buds 2,Accessories,4.0,not great board issue agreement prove record poor,Amazon,2022-08-25,-0.4929,general_issue,0.53216
Samsung Buds Live,Accessories,3.0,waste of money rich training weight defense decide issue charging problem,Flipkart,2023-09-24,-0.1027,battery,0.45108
Samsung Galaxy S22,Smartphone,4.0,not great i sound able lead third save,Flipkart,2024-03-25,-0.0243,sound,0.3447199999999999
Samsung Galaxy M34,Smartphone,1.0,good recent bag herself still issue battery draining fast,Flipkart,2024-08-22,0.4404,battery,0.56
Samsung Washing Machine,Other,3.0,speaker quality is amazing,Amazon,2024-09-28,0.5859,sound,0.41
Samsung Galaxy Tab S7 FE,Smartphone,2.0,average world whom name plant game mean visit,Flipkart,2023-06-27,0.0,none,0.285
Samsung Galaxy Tab A8,Smartphone,3.0,worth it issue camera quality is poor,Amazon,2022-07-06,-0.296,camera,0.5284
Samsung Galaxy A54,Smartphone,4.0,worth it budget go big identify special,Amazon,2024-03-04,0.5574,none,0.135
Samsung Galaxy S23,Smartphone,5.0,waste of money cup above personal owner floor,Flipkart,2023-01-14,-0.4215,general_issue,0.4286
Samsung Galaxy M14,Smartphone,4.0,good economy data social picture property quality,Flipkart,2024-01-30,0.4404,camera,0.335
Samsung Galaxy Tab S7 FE,Smartphone,1.0,worth it suffer democrat worker need focus none issue camera quality is poor,Flipkart,2024-02-21,-0.6908,camera,0.83632
Samsung Galaxy A34,Smartphone,3.0,good issue camera quality is poor,Flipkart,2024-01-27,-0.0516,camera,0.4306399999999999
Samsung Galaxy M14,Smartphone,1.0,waste of money prevent finish bag girl issue slow performance,Flipkart,2023-01-18,-0.4019,performance,0.7207600000000001
Samsung Galaxy A34,Smartphone,5.0,bad call entire enjoy level its,Flipkart,2024-07-01,-0.0772,general_issue,0.29088
Samsung Galaxy S22,Smartphone,2.0,excellent stuff assume offer reality,Flipkart,2022-04-02,0.5719,none,0.285
Samsung Galaxy A34,Smartphone,3.0,worth it than fast knowledge that hard significant woman call issue battery draining fast,Amazon,2023-06-24,0.3182,battery,0.41
Samsung Galaxy A14,Smartphone,3.0,average rock gun picture piece them,Flipkart,2024-06-19,-0.34,camera,0.546
Samsung Buds 2,Accessories,3.0,good stay market fear worker common learn increase would,Amazon,2024-08-10,0.25,none,0.21
Samsung Charger 25W,Accessories,5.0,excellent event possible site,Amazon,2023-06-24,0.5719,software,0.26
Samsung Galaxy S21 FE,Smartphone,2.0,waste of money issue display flickering,Flipkart,2023-04-09,-0.4215,display,0.6536
Samsung Galaxy Book 3,Smartphone,4.0,not great role top nature money,Amazon,2023-07-05,-0.5975,none,0.374
Samsung Galaxy A34,Smartphone,4.0,not great mind provide college let,Flipkart,2022-05-07,-0.5096,none,0.33884
Samsung Galaxy S21 FE,Smartphone,3.0,waste of money issue slow performance,Amazon,2022-11-06,-0.4215,performance,0.5786
Samsung Galaxy A14,Smartphone,5.0,not great government whose structure also myself heavy,Flipkart,2022-07-18,-0.5096,software,0.46384
Samsung Galaxy S21 FE,Smartphone,5.0,good establish around high deal,Flipkart,2022-06-25,0.4404,none,0.06
Samsung Galaxy M53,Smartphone,4.0,worth it thought ability half near price,Flipkart,2023-12-06,0.4939,none,0.135
Samsung Galaxy A34,Smartphone,4.0,excellent soldier develop ready station leader,Amazon,2024-04-27,0.7351,none,0.135
Samsung Galaxy Tab A8,Smartphone,2.0,bad above tax head capital issue display flickering,Flipkart,2023-04-11,-0.5423,display,0.7019200000000001
Samsung Galaxy A34,Smartphone,1.0,bad issue charging problem,Amazon,2022-05-05,-0.7351,battery,0.8540400000000001
Samsung Galaxy Tab S7 FE,Smartphone,5.0,worth it program cover these report example leave impact early,Flipkart,2024-03-03,0.1779,none,0.06
Samsung Galaxy S21 FE,Smartphone,4.0,waste of money develop cup fine once thing us,Amazon,2024-12-06,-0.25,general_issue,0.435
Samsung Galaxy A34,Smartphone,2.0,waste of money late goal simple development box,Flipkart,2024-05-07,-0.4215,general_issue,0.6536
Samsung Galaxy Tab A8,Smartphone,3.0,excellent unit else nearly mouth between issue charging problem,Flipkart,2025-01-01,0.25,battery,0.41
Samsung Galaxy S21 FE,Smartphone,5.0,good yeah hotel event work,Amazon,2024-08-30,0.6249,heating,0.26
Samsung Galaxy A54,Smartphone,4.0,average white over government often,Amazon,2023-04-28,0.0,none,0.135
Samsung Galaxy Tab A8,Smartphone,1.0,worth it fill music too not accept issue slow performance,Flipkart,2024-09-02,-0.0731,performance,0.58924
Samsung Galaxy Tab A8,Smartphone,1.0,bad issue charging problem,Flipkart,2023-09-05,-0.7351,battery,0.8540400000000001
Samsung Galaxy S21 FE,Smartphone,3.0,bad who risk tree suffer low usually small issue display flickering,Flipkart,2022-06-11,-0.8807,display,0.7622800000000001
Samsung Galaxy M34,Smartphone,4.0,not great each computer oil build,Flipkart,2024-03-19,-0.5096,build_quality,0.53884
Samsung QLED TV,TV,3.0,build quality feels premium,Amazon,2022-03-13,0.0,build_quality,0.41
Samsung Galaxy M14,Smartphone,3.0,bad responsibility all hour amount throw image world issue slow performance,Flipkart,2024-10-25,-0.5423,performance,0.6269200000000001
Samsung Buds Live,Accessories,2.0,bad street hair behavior think imagine century peace hair,Flipkart,2024-11-24,0.0,general_issue,0.485
Samsung Galaxy A34,Smartphone,3.0,excellent within drug effort develop analysis woman word,Flipkart,2022-10-29,0.5719,none,0.21
Samsung Buds Live,Accessories,2.0,worth it learn agree table talk quite,Flipkart,2022-09-04,0.5267,software,0.485
Samsung Galaxy S22,Smartphone,5.0,excellent response imagine shake give opportunity blue,Amazon,2024-07-08,0.7003,none,0.06
Samsung Galaxy A14,Smartphone,5.0,worth it market simply because raise fact,Flipkart,2022-12-21,0.2263,none,0.06
Samsung Galaxy Book 2,Smartphone,4.0,good show order look price,Amazon,2022-12-09,0.4404,none,0.135
Samsung Galaxy M14,Smartphone,5.0,worth it increase cover realize six drive country fear,Amazon,2023-03-10,0.0,none,0.06
Samsung Galaxy S22,Smartphone,1.0,excellent coach service man fear cup brother issue battery draining fast,Flipkart,2023-01-30,0.128,battery,0.56
Samsung Galaxy M53,Smartphone,2.0,good beat leave economy because issue battery draining fast,Flipkart,2022-09-16,0.4019,battery,0.485
Samsung Galaxy Tab A8,Smartphone,4.0,excellent i between senior beautiful morning land voice through,Flipkart,2022-03-29,0.8225,none,0.135
Samsung Galaxy Tab A8,Smartphone,4.0,worth it stuff another kind must total,Amazon,2024-05-17,0.6486,none,0.135
Samsung Galaxy Tab S7 FE,Smartphone,4.0,not great win politics perhaps study whatever charge,Amazon,2022-06-10,-0.7481,battery,0.6342400000000001
Samsung Galaxy Tab S7 FE,Smartphone,3.0,waste of money prove we into none know to soldier prepare issue camera quality is poor,Amazon,2024-06-10,-0.7096,camera,0.69384
Samsung Galaxy S21 FE,Smartphone,4.0,not great may least former more,Flipkart,2023-02-18,-0.5096,none,0.33884
Samsung Galaxy Book 2,Smartphone,1.0,good ground bed ground risk successful course,Amazon,2022-10-30,0.6808,none,0.36
Samsung Galaxy Book 3,Smartphone,4.0,good would wall beat option,Flipkart,2023-06-13,0.4404,none,0.135
Samsung Buds Live,Accessories,4.0,not great through deep many minute support ago personal,Flipkart,2023-10-17,-0.1516,none,0.19564
Samsung Galaxy A54,Smartphone,3.0,worth it family recently perhaps number positive mr meet yard issue slow performance,Amazon,2022-05-18,0.7003,performance,0.41
Samsung Galaxy M14,Smartphone,5.0,not great beautiful get three attack financial yard,Flipkart,2022-06-28,-0.8604,none,0.40416
Samsung Galaxy Tab S7 FE,Smartphone,4.0,excellent official movement ask attorney believe both,Amazon,2024-03-05,0.5719,none,0.135
Samsung Galaxy S21 FE,Smartphone,5.0,excellent final describe then,Amazon,2024-03-24,0.5719,none,0.06
Samsung Galaxy S21 FE,Smartphone,1.0,excellent ok chair suffer some design when great,Amazon,2023-10-30,0.7579,none,0.36
Samsung Galaxy S22,Smartphone,4.0,bad ability store next,Amazon,2023-07-20,-0.296,general_issue,0.4534
Samsung Galaxy Book 3,Smartphone,5.0,average family you help someone,Flipkart,2024-11-30,0.4019,none,0.06
Samsung Buds Live,Accessories,3.0,bad source necessary participant total participant follow buy but issue slow performance,Amazon,2024-07-27,-0.3071,performance,0.53284
Samsung Charger 25W,Accessories,1.0,good,Amazon,2022-01-26,0.4404,none,0.36
Samsung Galaxy S22,Smartphone,4.0,waste of money community maintain beautiful eat,Flipkart,2024-12-06,0.2732,general_issue,0.335
Samsung Galaxy A54,Smartphone,4.0,waste of money star young eat inside cell light performance,Amazon,2024-05-09,-0.4215,general_issue,0.5036
Samsung Galaxy Tab A8,Smartphone,4.0,worth it free lawyer adult require before,Amazon,2022-08-19,0.6369,software,0.335
Samsung Galaxy Tab A8,Smartphone,5.0,not great city investment off green,Flipkart,2024-04-28,-0.5096,none,0.26384
Samsung Galaxy Book 2,Smartphone,5.0,excellent knowledge would community include,Flipkart,2022-11-03,0.5719,none,0.06
Samsung Galaxy Book 3,Smartphone,2.0,good discover recognize quickly son issue charging problem,Amazon,2022-10-31,0.0516,battery,0.485
Samsung Galaxy Tab S7 FE,Smartphone,4.0,waste of money discover cause against explain religious,Flipkart,2022-07-25,-0.4215,general_issue,0.5036
Samsung Galaxy A54,Smartphone,4.0,not great writer behavior tough such choose meeting sit,Flipkart,2022-08-05,-0.5851,software,0.56904
Samsung Galaxy A14,Smartphone,2.0,not great affect public them none different issue camera quality is poor,Amazon,2022-07-26,-0.7502,camera,0.78508
Samsung Galaxy A34,Smartphone,4.0,good must after fine,Flipkart,2023-08-09,0.5719,none,0.135
Samsung Refrigerator,Other,3.0,very durable and reliable,Flipkart,2025-01-01,0.0,none,0.21
Samsung Galaxy Tab A8,Smartphone,4.0,bad already point action rest along quite president,Amazon,2023-12-06,-0.5423,software,0.55192
Samsung Galaxy S23,Smartphone,2.0,worth it land number say set girl issue overheating issue,Amazon,2024-04-21,0.296,heating,0.485
Samsung Galaxy Book 3,Smartphone,4.0,not great care form individual group little maintain these,Amazon,2023-06-25,-0.7115,none,0.4196
Samsung Galaxy S23,Smartphone,4.0,not great stock machine personal accept his,Amazon,2024-02-24,-0.1764,none,0.20556
Samsung Galaxy S22,Smartphone,4.0,bad government thing hard wife,Amazon,2024-09-21,-0.5994,general_issue,0.5747600000000002
Samsung Charger 25W,Accessories,4.0,average forward join health,Amazon,2024-08-26,0.296,none,0.135
Samsung Galaxy Book 2,Smartphone,3.0,waste of money group plan significant for brother which,Amazon,2022-03-18,-0.25,general_issue,0.51
Samsung Galaxy Watch6,Smartphone,5.0,performance is topnotch,Flipkart,2022-12-19,0.0,none,0.06
Samsung Galaxy A54,Smartphone,3.0,not great her often good deep hair doctor issue display flickering,Flipkart,2023-07-19,-0.1012,display,0.45048
Samsung Galaxy Tab S7 FE,Smartphone,2.0,bad buy adult parent win consider pass expect discussion,Flipkart,2024-04-05,0.0772,general_issue,0.485
Samsung Galaxy Tab A8,Smartphone,5.0,waste of money let air appear call,Amazon,2022-10-22,-0.4215,software,0.4286
Samsung Galaxy A34,Smartphone,4.0,not great half pressure tv street line go,Amazon,2024-04-02,-0.3412,none,0.27148
Samsung Buds 2,Accessories,2.0,excellent anyone single again break wife structure call issue camera quality is poor,Amazon,2022-03-21,0.1531,camera,0.485
Samsung Galaxy A54,Smartphone,5.0,not great into professional get figure focus also,Amazon,2024-03-21,-0.5096,camera,0.46384
Samsung Galaxy A34,Smartphone,4.0,bad daughter figure rate expert,Flipkart,2023-11-10,-0.5423,general_issue,0.55192
Samsung Galaxy Tab S7 FE,Smartphone,5.0,excellent machine nothing on five yard strategy discover,Amazon,2023-05-02,0.5719,none,0.06
Samsung Galaxy A14,Smartphone,1.0,excellent family key hard make sometimes,Amazon,2022-04-11,0.5106,none,0.36
Samsung Galaxy Book 3,Smartphone,1.0,not great key here realize above issue overheating issue,Flipkart,2024-08-31,-0.5096,heating,0.7638400000000001
Samsung Galaxy A34,Smartphone,1.0,good tree several pretty recent building character already recently,Flipkart,2023-07-05,0.7269,build_quality,0.56
Samsung Buds Live,Accessories,2.0,good him range reduce minute,Amazon,2024-02-02,0.4404,none,0.285
Samsung Galaxy M53,Smartphone,4.0,not great weight serious study mind protect home,Flipkart,2022-02-11,-0.121,none,0.1834
Samsung Galaxy Tab A8,Smartphone,3.0,waste of money decide system movie write two east,Flipkart,2023-11-23,-0.4215,general_issue,0.5786
Samsung Galaxy Book 2,Smartphone,2.0,good build visit sure machine beautiful issue charging problem,Flipkart,2023-09-13,0.7506,battery,0.485
Samsung Galaxy A34,Smartphone,3.0,good a eat sometimes president everyone carry particular crime,Amazon,2023-09-29,-0.1531,none,0.27124
Samsung Galaxy Book 2,Smartphone,4.0,bad let wall professor produce tv level,Amazon,2023-07-29,-0.5423,general_issue,0.55192
Samsung Galaxy S22,Smartphone,5.0,waste of money head season almost many good daughter,Flipkart,2024-10-03,-0.046,software,0.2784
Samsung Buds Live,Accessories,4.0,good single board it development trial,Amazon,2022-07-21,0.4404,none,0.135
Samsung Galaxy A34,Smartphone,3.0,waste of money image accept because apply admit drive issue display flickering,Amazon,2023-04-12,0.1531,display,0.41
Samsung Charger 25W,Accessories,4.0,not great film above line,Flipkart,2022-10-03,-0.5096,none,0.33884
Samsung Galaxy M34,Smartphone,2.0,waste of money film once camera east deep population power issue slow performance,Flipkart,2023-09-08,-0.4215,battery,0.6536
Samsung Galaxy Book 2,Smartphone,4.0,worth it data development southern adult dark decision share,Amazon,2024-06-26,0.4767,none,0.135
Samsung Galaxy Book 2,Smartphone,5.0,not great threat song leader realize hear management national,Amazon,2023-10-20,-0.1326,none,0.11304
Samsung Galaxy S21 FE,Smartphone,3.0,average phone bed clear cost economy sense issue slow performance,Amazon,2023-07-06,0.3818,performance,0.41
Samsung Galaxy Tab S7 FE,Smartphone,3.0,average issue camera quality is poor,Amazon,2024-05-03,-0.4767,camera,0.6006800000000001
Samsung Galaxy Tab S7 FE,Smartphone,4.0,bad they mind present,Amazon,2022-07-02,-0.5423,general_issue,0.55192
Samsung Galaxy M34,Smartphone,4.0,worth it similar baby receive,Flipkart,2023-01-20,0.2263,none,0.135
Samsung Galaxy A34,Smartphone,1.0,good those how easy imagine laugh friend issue overheating issue,Amazon,2024-06-23,0.9118,heating,0.56
Samsung Galaxy Tab A8,Smartphone,3.0,not great above white same billion born over town season,Flipkart,2023-03-09,-0.5096,none,0.41384
Samsung Galaxy M53,Smartphone,5.0,not great blood dinner detail identify,Amazon,2024-04-13,-0.5096,none,0.26384
Samsung Galaxy Book 3,Smartphone,4.0,good rock high reveal director bank fund,Flipkart,2024-09-19,0.4404,none,0.135
Samsung Charger 25W,Accessories,1.0,good relate with statement force author far who issue display flickering,Flipkart,2024-11-23,0.4404,display,0.56
Samsung Galaxy M34,Smartphone,4.0,worth it officer either make happen safe,Flipkart,2024-02-05,0.5859,software,0.335
Samsung Galaxy A34,Smartphone,5.0,bad young cover strong,Amazon,2022-04-26,-0.0516,general_issue,0.28064
Samsung Galaxy S21 FE,Smartphone,4.0,not great call simply age be walk student series,Amazon,2024-11-21,-0.5096,none,0.33884
Samsung Galaxy Book 2,Smartphone,5.0,worth it six produce meet class live wonder media picture,Amazon,2022-11-22,0.2263,camera,0.26
Samsung Galaxy A54,Smartphone,4.0,very durable and reliable,Flipkart,2022-05-15,0.0,none,0.135
Samsung Galaxy S23,Smartphone,3.0,excellent understand large production positive,Amazon,2023-09-30,0.8074,software,0.41
Samsung Galaxy S22,Smartphone,4.0,average probably financial name source year,Flipkart,2024-11-03,0.0,none,0.135
Samsung Galaxy Tab A8,Smartphone,3.0,bad week religious source close interest culture near issue display flickering,Amazon,2024-04-06,-0.128,display,0.4612
Samsung Galaxy Tab A8,Smartphone,2.0,waste of money four table attorney,Flipkart,2022-10-05,-0.4215,general_issue,0.6536
Samsung Galaxy M34,Smartphone,4.0,not great choice day help alone leave seven,Amazon,2024-12-09,-0.4203,none,0.30312
Samsung Galaxy M14,Smartphone,3.0,bad participant western language quality open,Flipkart,2022-03-01,-0.5423,general_issue,0.6269200000000001
Samsung Galaxy A34,Smartphone,4.0,waste of money require follow quality ago light it write,Amazon,2022-12-22,-0.4215,software,0.5036
Samsung Galaxy A34,Smartphone,2.0,bad politics first discover issue overheating issue,Flipkart,2023-01-30,-0.5423,heating,0.7019200000000001
Samsung Galaxy Tab A8,Smartphone,2.0,good through return themselves avoid economy may necessary issue slow performance,Flipkart,2023-02-16,0.1779,performance,0.485
Samsung Galaxy M53,Smartphone,3.0,excellent good this have yet compare accept,Flipkart,2022-04-29,0.8481,none,0.21
Samsung Charger 25W,Accessories,4.0,not great side writer player always deal,Flipkart,2023-05-26,-0.5096,none,0.33884
Samsung Galaxy A34,Smartphone,2.0,bad action everyone gas standard within truth avoid issue display flickering,Flipkart,2022-03-09,-0.5267,display,0.6956800000000001
Samsung Charger 25W,Accessories,4.0,excellent maybe represent skin protect billion box,Flipkart,2024-07-23,0.743,none,0.135
Samsung Galaxy A34,Smartphone,4.0,bad where person enough development these,Amazon,2022-04-14,-0.5423,general_issue,0.55192
Samsung Galaxy S22,Smartphone,4.0,good training chair great pick improve rise,Amazon,2024-01-09,0.872,none,0.135
Samsung Buds 2,Accessories,3.0,bad already activity others note high issue overheating issue,Amazon,2023-02-12,-0.5423,heating,0.6269200000000001
Samsung Galaxy S23,Smartphone,4.0,worth it trip century perhaps truth them reality political,Amazon,2023-07-16,0.4939,none,0.135
Samsung Galaxy A34,Smartphone,4.0,bad hot see war parent too check probably,Flipkart,2024-01-25,-0.8126,heating,0.66004
Samsung Galaxy S23,Smartphone,3.0,not great issue display flickering,Amazon,2024-08-08,-0.5096,display,0.6138400000000002
Samsung Galaxy Book 3,Smartphone,1.0,worth it few tax authority low sound take visit issue display flickering,Flipkart,2024-10-31,0.0258,display,0.56
Samsung Galaxy S22,Smartphone,4.0,not great concern contain whom argue staff,Amazon,2024-03-23,-0.6902,none,0.41108
Samsung Galaxy Tab A8,Smartphone,4.0,not great coach assume while blue activity election,Amazon,2022-09-11,-0.5096,none,0.33884
Samsung Galaxy A34,Smartphone,3.0,average not ask order beat,Amazon,2022-03-04,0.0,none,0.21
Samsung Buds 2,Accessories,2.0,bad myself party practice issue camera quality is poor,Flipkart,2023-05-11,-0.5994,camera,0.7247600000000001
Samsung Washing Machine,Other,4.0,very durable and reliable,Amazon,2024-02-02,0.0,none,0.135
Samsung Buds Live,Accessories,2.0,bad my onto second between,Amazon,2024-09-28,-0.5423,general_issue,0.7019200000000001
Samsung Galaxy M14,Smartphone,4.0,not great present generation now scientist,Flipkart,2024-07-02,-0.5096,none,0.33884
Samsung Galaxy Tab A8,Smartphone,2.0,good kitchen where nice ten while trouble issue charging problem,Amazon,2022-12-30,0.0772,battery,0.485
Samsung Galaxy M34,Smartphone,5.0,worth it stage program enough ahead open teacher act east,Amazon,2024-08-29,0.2263,none,0.06
Samsung Buds Live,Accessories,4.0,worth it government always tell already at take plan talk,Flipkart,2023-12-18,0.2263,none,0.135
Samsung Galaxy M14,Smartphone,5.0,not great line create education investment now executive along war,Amazon,2023-12-07,-0.8405,none,0.3962
Samsung Galaxy A14,Smartphone,2.0,not great require husband century available really two issue city issue overheating issue,Flipkart,2022-12-01,-0.5096,heating,0.6888400000000001
Samsung Buds 2,Accessories,5.0,good beautiful make often thought not happy experience money,Flipkart,2023-06-14,0.5862,software,0.26
Samsung Galaxy S21 FE,Smartphone,4.0,not great off trade money improve buy strong artist,Amazon,2022-07-05,0.4416,none,0.135
Samsung Galaxy M34,Smartphone,5.0,bad mr allow project something old new,Amazon,2023-08-07,-0.3818,general_issue,0.41272
Samsung Galaxy S22,Smartphone,4.0,good for basic usage,Amazon,2022-02-26,0.4404,none,0.135
Samsung Buds 2,Accessories,4.0,average support already exactly talk,Flipkart,2024-03-02,0.4019,none,0.135
Samsung Galaxy Tab A8,Smartphone,3.0,excellent model life ability hit,Amazon,2022-04-12,0.7184,battery,0.41
Samsung Galaxy M14,Smartphone,5.0,good along fight some study beautiful town,Flipkart,2022-11-30,0.6369,none,0.06
Samsung Galaxy S23,Smartphone,4.0,bad lose media enter,Amazon,2023-03-15,-0.7351,software,0.62904
Samsung Galaxy S23,Smartphone,4.0,average cause interesting course decision activity minute,Flipkart,2023-03-30,0.4019,none,0.135
Samsung Galaxy M34,Smartphone,2.0,not great future west success bed hotel nice issue camera quality is poor,Flipkart,2023-04-07,0.0274,heating,0.485
Samsung Galaxy S23,Smartphone,4.0,excellent table sort together hit project wind official,Amazon,2023-02-28,0.5719,none,0.135
Samsung Galaxy M53,Smartphone,2.0,waste of money form energy range job beautiful either other study issue slow performance,Flipkart,2023-07-06,0.4939,performance,0.485
Samsung Galaxy S23,Smartphone,5.0,average often affect of know culture chance history nature,Flipkart,2024-04-18,0.25,none,0.06
Samsung Galaxy M14,Smartphone,4.0,excellent put improve what begin bad music,Flipkart,2024-11-17,0.4767,general_issue,0.335
Samsung Galaxy A54,Smartphone,4.0,excellent,Amazon,2022-02-11,0.5719,none,0.135
Samsung Buds 2,Accessories,4.0,not great military explain apply former loss,Amazon,2022-01-19,-0.6802,software,0.6070800000000001
Samsung Galaxy Book 2,Smartphone,5.0,worth it general remain tend statement role least hear,Flipkart,2024-08-28,0.2263,none,0.06
Samsung Galaxy Book 3,Smartphone,5.0,average level stay wall language into citizen suddenly,Flipkart,2022-09-28,0.0,none,0.06
Samsung Galaxy Book 2,Smartphone,3.0,not great issue slow performance,Flipkart,2022-12-21,-0.5096,performance,0.6138400000000002
Samsung Galaxy A54,Smartphone,4.0,waste of money mission attorney election box,Flipkart,2022-01-18,-0.4215,general_issue,0.5036
Samsung Galaxy A34,Smartphone,5.0,waste of money any contain sing floor,Amazon,2023-04-04,-0.4215,general_issue,0.4286
Samsung Galaxy Book 2,Smartphone,3.0,excellent issue battery draining fast,Flipkart,2023-06-01,0.5719,battery,0.41
Samsung Buds 2,Accessories,4.0,waste of money body walk reflect every evidence church official,Amazon,2023-09-18,-0.4215,general_issue,0.5036
Samsung Galaxy S22,Smartphone,3.0,excellent say trip court yard,Amazon,2023-07-18,0.5719,none,0.21
Samsung Galaxy A34,Smartphone,4.0,average team day plan case heavy performance apply,Flipkart,2024-05-17,0.0,software,0.335
Samsung Galaxy A54,Smartphone,4.0,excellent trial rise protect everyone,Flipkart,2024-02-11,0.743,none,0.135
Samsung Washing Machine,Other,1.0,nice product but a bit overpriced,Amazon,2023-12-16,0.2263,none,0.36
Samsung Buds Live,Accessories,4.0,good information science successful system,Flipkart,2024-07-29,0.7717,none,0.135
Samsung Galaxy Tab S7 FE,Smartphone,4.0,bad why democrat law contain identify,Flipkart,2023-06-01,-0.5423,general_issue,0.55192
Samsung Charger 25W,Accessories,4.0,waste of money break generation tell become boy,Amazon,2023-03-23,-0.4215,general_issue,0.5036
Samsung Galaxy A14,Smartphone,4.0,average music decision senior,Flipkart,2024-08-13,0.0,none,0.135
Samsung Galaxy S23,Smartphone,5.0,excellent drive hour meeting them section send city,Flipkart,2023-09-11,0.5719,none,0.06
Samsung Galaxy S21 FE,Smartphone,4.0,good include simply rest,Flipkart,2024-12-02,0.4404,none,0.135
Samsung Galaxy M53,Smartphone,1.0,average man remember find not,Flipkart,2024-03-24,0.0,none,0.36
Samsung Galaxy A54,Smartphone,4.0,average many successful too,Flipkart,2022-07-29,0.5859,none,0.135
Samsung Galaxy Tab A8,Smartphone,4.0,waste of money kid live enter improve,Amazon,2022-01-16,0.0258,general_issue,0.335
Samsung Galaxy M34,Smartphone,3.0,not great issue camera quality is poor,Amazon,2024-11-13,-0.7502,camera,0.71008
Samsung Galaxy A14,Smartphone,4.0,excellent adult beat real ten economy choice relate,Amazon,2024-02-06,0.5719,none,0.135
Samsung Galaxy M14,Smartphone,4.0,average feeling family indicate analysis air,Flipkart,2023-08-02,0.128,none,0.135
Samsung Charger 25W,Accessories,4.0,worth it nothing everyone too despite side heart,Flipkart,2023-09-04,0.2263,none,0.135
Samsung Galaxy Book 3,Smartphone,4.0,bad school pick difficult alone money theory one,Amazon,2022-08-10,-0.7906,general_issue,0.65124
Samsung Galaxy M14,Smartphone,4.0,excellent exist truth pattern challenge,Flipkart,2024-09-13,0.743,none,0.135
Samsung Galaxy A54,Smartphone,2.0,waste of money street foreign student prove bar worry candidate another issue charging problem,Flipkart,2022-05-11,-0.8126,battery,0.8100400000000001
Samsung Galaxy Book 3,Smartphone,1.0,average issue overheating issue,Flipkart,2023-11-20,0.0,heating,0.56
Samsung Galaxy S22,Smartphone,4.0,worth it guy senior event shoulder high,Amazon,2023-07-21,0.2263,none,0.135
Samsung Buds Live,Accessories,4.0,excellent remain majority around process time letter if reveal,Flipkart,2023-10-28,0.5719,none,0.135
Samsung Galaxy A54,Smartphone,4.0,bad everyone must imagine challenge present quickly give,Flipkart,2023-07-22,-0.4939,software,0.53256
Samsung Galaxy M14,Smartphone,5.0,average theory thank language smile middle,Amazon,2023-06-19,0.6124,none,0.06
Samsung Galaxy A34,Smartphone,3.0,not great small share show stuff central memory,Amazon,2023-09-04,-0.6348,none,0.46392
Samsung Galaxy M34,Smartphone,2.0,waste of money expect wall consumer tonight surface issue overheating issue,Amazon,2023-01-21,-0.4215,heating,0.6536
Samsung Galaxy M14,Smartphone,5.0,average cause attack interest organization,Flipkart,2022-11-04,-0.0258,none,0.07032
Samsung Galaxy S23,Smartphone,4.0,worth it carry tell deal republican animal us fund,Flipkart,2024-11-25,0.2263,none,0.135
Samsung Galaxy S23,Smartphone,4.0,good kind standard move back,Flipkart,2023-05-08,0.743,none,0.135
Samsung Galaxy A54,Smartphone,5.0,average rock black positive quite despite less,Flipkart,2022-04-27,0.5574,software,0.26
Samsung Galaxy M53,Smartphone,5.0,worth it word little phone act soldier science hard,Flipkart,2024-04-07,0.128,none,0.06
Samsung Galaxy M14,Smartphone,1.0,good must speech small fight dream out four,Flipkart,2023-10-17,0.3182,none,0.36
Samsung Galaxy M34,Smartphone,5.0,not great major camera property decision former then,Amazon,2022-10-14,-0.5096,camera,0.46384
Samsung Galaxy Tab S7 FE,Smartphone,4.0,good usually water enter move,Flipkart,2022-02-22,0.4404,none,0.135
Samsung Refrigerator,Other,5.0,featurepacked and smooth experience,Amazon,2024-10-15,0.0,none,0.06
Samsung Galaxy Book 3,Smartphone,3.0,good exist win perhaps thought run window amount issue camera quality is poor,Amazon,2023-08-29,0.5574,camera,0.41
Samsung Galaxy Tab S7 FE,Smartphone,3.0,bad man world subject rise,Flipkart,2023-06-16,-0.5423,general_issue,0.6269200000000001
Samsung Galaxy M14,Smartphone,4.0,bad art quite student role,Flipkart,2024-05-07,-0.5423,software,0.55192
Samsung Galaxy Tab S7 FE,Smartphone,5.0,bad accept nothing force region card,Flipkart,2024-04-08,-0.2263,general_issue,0.35052
Samsung Galaxy A54,Smartphone,4.0,waste of money professor floor see,Amazon,2024-03-06,-0.4215,general_issue,0.5036
Samsung Charger 25W,Accessories,2.0,excellent painting society contain edge anything choice member issue slow performance,Amazon,2022-03-14,0.5719,performance,0.485
Samsung Galaxy Book 2,Smartphone,5.0,average no both statement traditional improve on,Amazon,2023-01-24,0.1779,none,0.06
Samsung Galaxy Book 3,Smartphone,4.0,not great international me our knowledge nothing east,Amazon,2023-12-04,-0.5096,none,0.33884
Samsung Charger 25W,Accessories,5.0,average individual test impact when wait,Flipkart,2023-04-01,0.0,none,0.06
Samsung Galaxy Book 3,Smartphone,5.0,not great sell computer store sign economic deep,Flipkart,2024-12-30,-0.5096,sound,0.46384
Samsung Galaxy A14,Smartphone,5.0,average house may list structure miss institution,Flipkart,2024-09-01,-0.1531,none,0.12124
Samsung Charger 25W,Accessories,3.0,good product sit enter easy religious all,Amazon,2024-01-05,0.7003,none,0.21
Samsung Galaxy S22,Smartphone,2.0,not great issue display flickering,Flipkart,2024-11-04,-0.5096,display,0.6888400000000001
Samsung Galaxy Tab S7 FE,Smartphone,1.0,waste of money economic blue example budget issue slow performance,Amazon,2023-09-07,-0.4215,performance,0.7286000000000001
Samsung Galaxy Tab S7 FE,Smartphone,2.0,bad issue slow performance,Flipkart,2022-12-15,-0.5423,performance,0.7019200000000001
Samsung Galaxy M34,Smartphone,3.0,worth it issue slow performance,Amazon,2023-01-06,0.2263,performance,0.41
Samsung Buds 2,Accessories,4.0,average sing you power half father garden,Flipkart,2023-08-25,0.0,battery,0.335
Samsung Galaxy S22,Smartphone,4.0,average local seven blood them former follow civil focus,Amazon,2022-07-19,0.0,camera,0.335
Samsung Charger 25W,Accessories,5.0,waste of money friend expect learn race him majority,Amazon,2024-08-22,0.1027,general_issue,0.26
Samsung Galaxy A34,Smartphone,5.0,waste of money fish ability see culture growth especially itself,Amazon,2022-09-20,0.2732,general_issue,0.26
Samsung Crystal UHD TV,TV,5.0,delivery was delayed but the product is great,Amazon,2023-06-14,0.7351,performance,0.26
Samsung Galaxy Book 2,Smartphone,1.0,waste of money memory student down project region,Amazon,2023-01-10,-0.4215,general_issue,0.7286000000000001
Samsung Galaxy A34,Smartphone,3.0,excellent own people choice create,Flipkart,2023-11-19,0.7003,none,0.21
Samsung Galaxy M34,Smartphone,4.0,good on training buy contain field story amount,Flipkart,2022-07-02,0.4404,none,0.135
Samsung Galaxy M14,Smartphone,5.0,bad week but in artist huge wide friend,Amazon,2023-04-01,0.7184,general_issue,0.26
Samsung Buds 2,Accessories,4.0,average enter surface he film,Amazon,2023-12-29,0.0,none,0.135
Samsung Galaxy S21 FE,Smartphone,3.0,waste of money discover born simply design american research and issue overheating issue,Amazon,2023-04-03,-0.4215,heating,0.5786
Samsung Galaxy S23,Smartphone,3.0,average building probably consumer city those really congress three,Amazon,2023-09-21,0.0,build_quality,0.41
Samsung Galaxy S21 FE,Smartphone,5.0,not great south up account require history,Flipkart,2024-05-11,-0.5096,software,0.46384
Samsung Galaxy M34,Smartphone,4.0,good true property step appear series,Amazon,2023-11-10,0.6908,software,0.335
Samsung Galaxy A14,Smartphone,1.0,average carry for mind stuff look represent issue,Amazon,2024-02-01,0.0,none,0.36
Samsung Galaxy Tab S7 FE,Smartphone,5.0,not great contain great never happy country sell,Amazon,2023-06-18,-0.862,software,0.6048
Samsung Galaxy Tab S7 FE,Smartphone,3.0,good us very morning focus seat analysis maybe lawyer issue display flickering,Flipkart,2023-08-26,0.4404,display,0.41
Samsung Galaxy S21 FE,Smartphone,4.0,excellent set a environment local happy lot,Amazon,2024-08-07,0.8126,software,0.335
Samsung Galaxy A54,Smartphone,2.0,disappointed with the customer service,Flipkart,2022-08-30,-0.4767,software,0.6756800000000001
Samsung Galaxy S23,Smartphone,3.0,bad moment five measure yeah issue overheating issue,Amazon,2024-08-21,-0.3182,heating,0.53728
Samsung Galaxy M14,Smartphone,3.0,not great effort war financial threat as national economic always issue camera quality is poor,Amazon,2022-04-20,-0.7682,camera,0.7172800000000001
Samsung Galaxy Book 3,Smartphone,4.0,bad firm themselves necessary,Flipkart,2022-05-26,-0.5423,general_issue,0.55192
Samsung Galaxy A54,Smartphone,4.0,good better close quality black anything someone have,Flipkart,2024-08-25,0.7003,software,0.335
Samsung Charger 25W,Accessories,2.0,bad arrive culture hundred indeed gas last matter,Flipkart,2023-02-03,-0.5267,general_issue,0.6956800000000001
Samsung Galaxy S23,Smartphone,4.0,worth it area trial science land political report everyone economic,Amazon,2024-10-21,0.2263,sound,0.335
Samsung Galaxy M14,Smartphone,4.0,waste of money drive manage soldier night themselves,Amazon,2022-09-03,-0.4215,general_issue,0.5036
Samsung Buds 2,Accessories,4.0,waste of money talk big personal type subject,Amazon,2024-02-21,-0.4215,general_issue,0.5036
Samsung Galaxy M14,Smartphone,4.0,excellent level system majority have pretty walk,Amazon,2024-12-21,0.7845,none,0.135
Samsung Buds 2,Accessories,2.0,average quickly teach company not size so year true issue slow performance,Flipkart,2023-09-04,0.4728,performance,0.485
Samsung Galaxy M34,Smartphone,5.0,bad read specific evening perform past hot control,Amazon,2024-04-26,-0.5423,heating,0.47692
Samsung Galaxy A14,Smartphone,4.0,average statement significant down idea your,Flipkart,2022-04-21,0.2023,none,0.135
Samsung Buds 2,Accessories,3.0,average top site author indicate letter past model tend issue display flickering,Amazon,2022-11-05,0.2023,display,0.41
Samsung Galaxy S23,Smartphone,4.0,average concern collection apply decision full,Amazon,2022-10-09,0.0,software,0.335
Samsung Galaxy Tab S7 FE,Smartphone,5.0,worth it accept word most dark project,Flipkart,2023-02-15,0.5423,software,0.26
Samsung Galaxy M14,Smartphone,3.0,bad air its think,Amazon,2023-12-03,-0.5423,general_issue,0.6269200000000001
Samsung Galaxy M34,Smartphone,4.0,worth it be reduce culture show recently prepare management,Amazon,2024-04-18,0.2263,none,0.135
Samsung Galaxy Book 2,Smartphone,2.0,excellent quickly finally continue third benefit investment personal know issue slow performance,Flipkart,2024-07-26,0.7717,performance,0.485
Samsung Charger 25W,Accessories,2.0,not great television traditional despite property fly program maybe issue slow performance,Amazon,2022-10-21,-0.5096,performance,0.6888400000000001
Samsung Galaxy Tab A8,Smartphone,4.0,average morning candidate will simple involve not,Amazon,2023-10-10,0.0,none,0.135
Samsung Galaxy S23,Smartphone,4.0,not great ten bed author certainly stock,Flipkart,2023-01-05,-0.2249,none,0.22496
Samsung Galaxy A14,Smartphone,2.0,waste of money manager draw situation process issue charging problem,Flipkart,2022-06-15,-0.6705,battery,0.7532000000000001
Samsung Galaxy A34,Smartphone,4.0,good change personal race capital,Flipkart,2024-09-25,0.4404,performance,0.335
Samsung Buds 2,Accessories,1.0,average seven much lot yet issue charging problem,Flipkart,2023-11-13,-0.4019,battery,0.7207600000000001
Samsung Buds 2,Accessories,5.0,not great page trade can at authority travel safe begin,Flipkart,2022-12-29,-0.0243,none,0.06972
Samsung Galaxy M34,Smartphone,4.0,good challenge performance read author piece give letter represent,Amazon,2023-10-04,0.4939,none,0.135
Samsung Charger 25W,Accessories,3.0,excellent message ago us yes your security issue overheating issue,Amazon,2022-04-29,0.8316,heating,0.41
Samsung Galaxy Book 2,Smartphone,4.0,good nature yes summer tell play resource policy stop,Amazon,2022-01-10,0.7003,none,0.135
Samsung Galaxy Tab A8,Smartphone,3.0,worth it reflect teach half issue camera quality is poor,Amazon,2024-07-14,-0.296,camera,0.5284
Samsung Galaxy M14,Smartphone,4.0,waste of money go agency current industry despite,Flipkart,2023-07-15,-0.4215,general_issue,0.5036
Samsung Galaxy S23,Smartphone,4.0,bad pressure not face with agreement responsibility food,Amazon,2023-03-05,-0.8089,general_issue,0.65856
Samsung Galaxy M53,Smartphone,3.0,bad discuss city each rather challenge movie place,Flipkart,2022-12-12,-0.4939,general_issue,0.6075600000000001
Samsung Galaxy A14,Smartphone,5.0,bad woman cut claim late operation outside begin shoulder,Amazon,2022-11-21,-0.6808,general_issue,0.53232
Samsung Galaxy Tab A8,Smartphone,5.0,worth it go send store why style sell positive admit,Flipkart,2024-09-29,0.743,software,0.26
Samsung Galaxy M14,Smartphone,2.0,waste of money public usually program rich culture tend method issue overheating issue,Flipkart,2022-06-30,0.2023,heating,0.485
Samsung Galaxy A34,Smartphone,4.0,waste of money generation technology know federal camera spend style everything,Flipkart,2022-09-23,-0.4215,camera,0.5036
Samsung Galaxy S22,Smartphone,4.0,excellent society one difficult hand almost them else,Amazon,2024-06-07,0.6597,software,0.335
Samsung Charger 25W,Accessories,3.0,bad help stay bit dog baby,Flipkart,2024-05-29,-0.2023,general_issue,0.49092
Samsung Galaxy Tab A8,Smartphone,4.0,average black bring memory american know or body,Amazon,2024-04-06,0.0,none,0.135
Samsung Galaxy A54,Smartphone,5.0,good environment yes other kid they become future wrong,Flipkart,2024-05-28,0.3612,none,0.06
Samsung Galaxy Book 2,Smartphone,5.0,not great value part foreign ready reflect,Flipkart,2024-09-04,-0.4272,none,0.23088
Samsung Galaxy A34,Smartphone,5.0,bad remember pay whether face possible full door,Amazon,2024-02-25,-0.5994,software,0.49976
Samsung Galaxy M53,Smartphone,3.0,average eat glass treat relate focus issue camera quality is poor,Flipkart,2022-01-10,-0.1027,camera,0.45108
Samsung Galaxy A14,Smartphone,5.0,average usually whatever traditional policy,Amazon,2022-03-19,0.0,none,0.06
Samsung Galaxy Book 2,Smartphone,3.0,bad bar trade along happen soldier not campaign,Amazon,2024-12-29,-0.5423,software,0.6269200000000001
Samsung Galaxy Book 2,Smartphone,4.0,not great their than people catch expert plan,Flipkart,2023-02-13,-0.5096,none,0.33884
Samsung Galaxy Tab A8,Smartphone,5.0,not great include statement nation own crime,Amazon,2024-02-04,-0.7779,none,0.37116
Samsung Galaxy M14,Smartphone,4.0,waste of money tend should center shoulder ready,Amazon,2022-01-29,-0.0772,general_issue,0.36588
Samsung Galaxy A54,Smartphone,2.0,amazing display quality,Flipkart,2023-10-22,0.5859,display,0.485
Samsung Air Conditioner,Other,5.0,speaker quality is amazing,Amazon,2024-12-23,0.5859,sound,0.26
Samsung Galaxy A34,Smartphone,5.0,worth it system total outside edge lose main,Amazon,2023-01-26,-0.2023,software,0.34092
Samsung Buds Live,Accessories,4.0,average property such score majority agree,Flipkart,2022-02-06,0.3612,none,0.135
Samsung Galaxy S23,Smartphone,4.0,excellent according dream bank leg various society democrat,Amazon,2022-01-09,0.6908,none,0.135
Samsung Galaxy Book 2,Smartphone,4.0,bad direction help someone hospital,Flipkart,2023-05-25,-0.2023,software,0.41592
Samsung Buds Live,Accessories,4.0,average often point process stuff issue,Amazon,2023-04-09,0.0,none,0.135
Samsung Galaxy S22,Smartphone,5.0,not great sign drop police bank among hard,Amazon,2023-12-07,-0.4367,none,0.23468
Samsung Galaxy S21 FE,Smartphone,3.0,bad six allow amount quite artist show,Amazon,2023-10-02,-0.3818,software,0.5627200000000001
Samsung Crystal UHD TV,TV,2.0,love the camera quality,Flipkart,2022-09-22,0.6369,camera,0.485
Samsung Washing Machine,Other,2.0,featurepacked and smooth experience,Amazon,2022-07-30,0.0,none,0.285
Samsung Buds Live,Accessories,3.0,worth it especially think trip no issue overheating issue,Flipkart,2024-02-25,-0.144,heating,0.4676
Samsung Buds Live,Accessories,3.0,good best health near those director size nor issue battery draining fast,Amazon,2024-10-27,0.7964,battery,0.41
Samsung Galaxy A54,Smartphone,4.0,excellent few explain citizen,Amazon,2023-09-19,0.5719,none,0.135
Samsung Galaxy Tab S7 FE,Smartphone,5.0,bad television throw kid scene,Flipkart,2022-12-09,-0.5423,general_issue,0.47692
Samsung Buds 2,Accessories,5.0,excellent source away mrs,Amazon,2022-05-14,0.5719,none,0.06
Samsung Galaxy S21 FE,Smartphone,5.0,good other laugh raise operation feeling we,Amazon,2022-04-04,0.7906,none,0.06
Samsung Galaxy M53,Smartphone,4.0,average to just system science wonder wonder,Amazon,2023-09-03,0.0,none,0.135
Samsung Galaxy S23,Smartphone,5.0,worth it yourself tonight tv thus our,Amazon,2023-08-19,0.2263,none,0.06
Samsung Galaxy Tab S7 FE,Smartphone,3.0,waste of money issue camera quality is poor,Amazon,2024-07-22,-0.7096,camera,0.69384
Samsung Galaxy M53,Smartphone,4.0,average picture cause black turn,Flipkart,2024-12-01,0.0,camera,0.335
Samsung Galaxy Book 2,Smartphone,4.0,not great home remain garden education office,Amazon,2024-12-09,-0.5096,none,0.33884
Samsung Galaxy S23,Smartphone,3.0,excellent issue camera quality is poor,Flipkart,2023-11-23,0.1531,camera,0.41
Samsung Galaxy Book 2,Smartphone,3.0,worth it information memory war morning subject guess card,Flipkart,2024-06-07,-0.4588,none,0.39352
Samsung Galaxy M34,Smartphone,3.0,waste of money television institution bar make issue charging problem,Amazon,2022-10-02,-0.6705,battery,0.6782000000000001
Samsung Galaxy Book 3,Smartphone,4.0,good decide finish exist,Flipkart,2023-12-03,0.4404,none,0.135
Samsung Galaxy M34,Smartphone,3.0,good probably compare direction include office only,Amazon,2024-09-30,0.4404,none,0.21
Samsung Buds 2,Accessories,3.0,bad why guess agree issue battery draining fast,Amazon,2024-01-06,-0.25,battery,0.51
Samsung Galaxy S21 FE,Smartphone,2.0,worth it effect remember person and may,Flipkart,2023-01-21,0.2263,none,0.285
Samsung Buds Live,Accessories,5.0,excellent poor nature agency century,Amazon,2022-12-04,0.1531,general_issue,0.26
Samsung Buds 2,Accessories,5.0,worth it family key positive product,Amazon,2024-04-06,0.6705,software,0.26
Samsung Charger 25W,Accessories,2.0,good wife although full per sport woman shoulder,Amazon,2022-02-09,0.4404,none,0.285
Samsung Buds 2,Accessories,2.0,not great issue camera quality is poor,Flipkart,2023-04-13,-0.7502,camera,0.78508
Samsung Refrigerator,Other,4.0,not worth the price,Flipkart,2023-04-05,-0.1695,none,0.2028
Samsung Galaxy S21 FE,Smartphone,1.0,good morning note training agency sea use act issue battery draining fast,Flipkart,2022-09-26,0.4404,battery,0.56
Samsung Galaxy A54,Smartphone,4.0,excellent thank meet itself break,Flipkart,2023-03-09,0.7351,none,0.135
Samsung Galaxy S22,Smartphone,4.0,worth it give charge compare,Flipkart,2022-02-14,0.2263,battery,0.335
Samsung Galaxy S23,Smartphone,3.0,excellent focus for current process rather once issue charging problem,Amazon,2024-10-30,0.25,battery,0.41
Samsung Galaxy S21 FE,Smartphone,4.0,not great write product whether fact everyone affect modern,Amazon,2022-12-13,-0.5096,none,0.33884
Samsung Galaxy S23,Smartphone,5.0,worth it theory answer apply manager child,Flipkart,2022-09-10,0.2263,software,0.26
Samsung Galaxy A54,Smartphone,1.0,excellent ask on great cell issue display flickering,Flipkart,2024-01-21,0.8316,display,0.56
Samsung Galaxy Tab S7 FE,Smartphone,2.0,good drive around hospital sure degree national subject article issue camera quality is poor,Flipkart,2022-03-18,0.2732,camera,0.485
Samsung Galaxy A34,Smartphone,5.0,average west chance picture pm great,Flipkart,2024-02-08,0.7269,camera,0.26
Samsung Galaxy S21 FE,Smartphone,3.0,good population answer most series prevent issue battery draining fast,Amazon,2023-06-08,0.507,battery,0.41
Samsung Galaxy M34,Smartphone,5.0,not great audience whose continue act among necessary wife,Flipkart,2024-12-31,-0.5096,software,0.46384
Samsung Buds 2,Accessories,5.0,good experience deep yes possible,Amazon,2022-04-10,0.6808,software,0.26
Samsung Galaxy Tab A8,Smartphone,4.0,average what west technology chance common difference raise,Amazon,2022-04-09,0.25,none,0.135
Samsung Galaxy A54,Smartphone,4.0,very durable and reliable,Amazon,2022-08-10,0.0,none,0.135
Samsung Buds 2,Accessories,3.0,excellent your whole scene number,Flipkart,2022-02-10,0.6124,none,0.21
Samsung Galaxy S22,Smartphone,4.0,not great guess there particularly yeah painting guy really,Amazon,2022-04-09,-0.2025,none,0.216
Samsung QLED TV,TV,1.0,not worth the price,Amazon,2022-08-26,-0.1695,none,0.4278
Samsung Galaxy Tab A8,Smartphone,4.0,worth it could know machine school,Flipkart,2024-05-03,0.2263,none,0.135
Samsung Galaxy S23,Smartphone,5.0,worth it protect claim strong artist,Amazon,2024-06-28,0.7783,none,0.06
Samsung Galaxy Tab S7 FE,Smartphone,5.0,waste of money perhaps happen central feel enough market pay,Flipkart,2024-02-18,-0.4939,software,0.45756
Samsung Galaxy Tab S7 FE,Smartphone,3.0,waste of money ago bill growth place hope,Flipkart,2022-09-11,0.4019,general_issue,0.41
Samsung Galaxy M53,Smartphone,3.0,not great successful next section issue display flickering,Amazon,2023-06-02,-0.7481,display,0.7092400000000001
Samsung Galaxy A14,Smartphone,1.0,bad character democrat already appear successful help modern risk,Amazon,2024-08-29,0.2263,software,0.56
Samsung Galaxy Tab A8,Smartphone,3.0,average method authority road apply inside you sea issue display flickering,Amazon,2022-11-10,0.0772,display,0.41
Samsung Galaxy S21 FE,Smartphone,5.0,waste of money president coach each owner,Amazon,2023-02-25,-0.4215,general_issue,0.4286
Samsung Galaxy S22,Smartphone,3.0,nice product but a bit overpriced,Flipkart,2022-01-20,0.2263,none,0.21
Samsung Galaxy Book 3,Smartphone,3.0,worth it myself return everyone form mean law both,Flipkart,2023-09-09,0.2263,none,0.21
Samsung Galaxy S22,Smartphone,1.0,worth it issue camera quality is poor,Amazon,2024-05-11,-0.296,camera,0.6784000000000001
Samsung Galaxy S22,Smartphone,4.0,average save result member final message,Amazon,2022-07-26,0.4939,none,0.135
Samsung Galaxy A14,Smartphone,4.0,waste of money pull other action letter leg,Amazon,2024-12-01,-0.4215,general_issue,0.5036
Samsung Galaxy Book 3,Smartphone,3.0,not great they second very another space,Flipkart,2023-07-07,-0.5096,none,0.41384
Samsung Buds 2,Accessories,4.0,worth it drop by others business step cut spring,Flipkart,2022-10-08,-0.3182,none,0.26228
Samsung Buds Live,Accessories,3.0,not great important lose truth,Flipkart,2024-05-07,-0.0844,software,0.44376
Samsung Galaxy M53,Smartphone,5.0,good indicate policy material,Flipkart,2022-08-03,0.4404,build_quality,0.26
Samsung Galaxy Tab S7 FE,Smartphone,4.0,not great camera culture put song reveal able minute main,Flipkart,2024-11-13,-0.5096,camera,0.53884
Samsung Galaxy A14,Smartphone,4.0,good education leader represent unit,Amazon,2022-08-30,0.4404,none,0.135
Samsung Galaxy Book 2,Smartphone,3.0,good senior term seem glass issue charging problem,Flipkart,2023-08-02,0.0516,battery,0.41
Samsung Galaxy A54,Smartphone,2.0,waste of money write indeed nor artist,Amazon,2022-08-22,-0.4215,general_issue,0.6536
Samsung Galaxy M34,Smartphone,4.0,average under change assume argue or there,Amazon,2022-08-06,-0.34,performance,0.471
Samsung Galaxy S21 FE,Smartphone,4.0,waste of money hard road which,Flipkart,2024-10-16,-0.4939,general_issue,0.53256
Samsung Galaxy Tab A8,Smartphone,4.0,excellent test point really task goal better marriage matter,Amazon,2023-02-11,0.7884,none,0.135
Samsung Buds Live,Accessories,4.0,waste of money effort you involve,Amazon,2023-02-14,-0.4215,general_issue,0.5036
Samsung Charger 25W,Accessories,3.0,worth it course animal order brother part campaign spend,Flipkart,2023-06-23,0.2263,none,0.21
Samsung Galaxy M34,Smartphone,5.0,not great into respond congress per fine huge,Flipkart,2024-12-07,-0.05,none,0.08
Samsung Charger 25W,Accessories,4.0,excellent enough require physical behavior congress possible effect,Amazon,2023-02-18,0.5719,software,0.335
Samsung Galaxy S21 FE,Smartphone,4.0,average stage senior simply,Amazon,2024-01-04,0.0,none,0.135
Samsung Galaxy A34,Smartphone,4.0,excellent discover take get large,Flipkart,2024-04-19,0.5719,none,0.135
Samsung Galaxy Tab A8,Smartphone,2.0,good include meeting there positive not opportunity piece shake,Amazon,2023-08-28,0.6894,software,0.485
Samsung Galaxy M53,Smartphone,5.0,average best black create bag open store,Flipkart,2022-11-25,0.743,none,0.06
Samsung Charger 25W,Accessories,5.0,not great debate memory quality office economy traditional parent,Flipkart,2022-03-22,-0.5096,none,0.26384
Samsung Galaxy Book 2,Smartphone,5.0,worth it measure like head score sense draw,Flipkart,2024-10-13,0.5267,none,0.06
Samsung Galaxy A34,Smartphone,5.0,good possible like grow discuss half,Flipkart,2023-03-02,0.6597,software,0.26
Samsung Buds 2,Accessories,5.0,excellent almost industry court another although their enter,Amazon,2024-09-11,0.5719,software,0.26
Samsung Galaxy Tab A8,Smartphone,1.0,worth it support act east attack issue slow performance,Flipkart,2023-11-09,0.128,performance,0.56
Samsung Galaxy M34,Smartphone,5.0,not great south wind term along care risk price up,Amazon,2023-04-26,-0.2946,none,0.17784
Samsung Buds Live,Accessories,2.0,good similar often concern,Amazon,2022-01-06,0.4404,none,0.285
Samsung Galaxy A14,Smartphone,4.0,not great show system their base follow whatever west,Flipkart,2022-01-27,-0.5096,none,0.33884
Samsung Galaxy A14,Smartphone,4.0,average lead pressure mention interest young,Amazon,2022-07-02,0.2023,none,0.135
Samsung Galaxy M34,Smartphone,4.0,excellent foreign authority section item realize charge crime,Amazon,2022-08-15,0.128,battery,0.335
Samsung Galaxy M14,Smartphone,3.0,good issue battery draining fast,Amazon,2024-10-08,0.4404,battery,0.41
Samsung Galaxy S23,Smartphone,4.0,good man health half,Flipkart,2022-11-02,0.4404,none,0.135
Samsung Galaxy Tab A8,Smartphone,5.0,waste of money material public american organization soon instead necessary modern,Amazon,2022-07-04,-0.4215,build_quality,0.4286
Samsung Galaxy Book 2,Smartphone,5.0,good prepare forward six wind area only voice,Amazon,2024-11-13,0.4404,none,0.06
Samsung Galaxy A34,Smartphone,5.0,bad sit medical degree sure,Amazon,2022-06-03,-0.296,general_issue,0.3784
Samsung Galaxy Tab S7 FE,Smartphone,4.0,average home value laugh light candidate,Flipkart,2022-07-27,0.7184,none,0.135
Samsung Galaxy M53,Smartphone,4.0,excellent space factor degree thought upon,Flipkart,2023-06-09,0.5719,none,0.135
Samsung Galaxy M53,Smartphone,4.0,waste of money network represent article,Amazon,2023-04-19,-0.4215,connectivity,0.5036
Samsung Galaxy Book 2,Smartphone,1.0,not great each for sense any from single person check,Flipkart,2024-07-24,-0.5096,none,0.5638400000000001
Samsung Galaxy A34,Smartphone,2.0,good prevent pressure behavior might,Flipkart,2023-08-30,0.2023,none,0.285
Samsung Charger 25W,Accessories,2.0,not great issue camera quality is poor,Flipkart,2023-06-25,-0.7502,camera,0.78508
Samsung Galaxy M14,Smartphone,5.0,good republican drive wide real range ago,Amazon,2024-08-08,0.4404,none,0.06
Samsung Air Conditioner,Other,2.0,good for basic usage,Amazon,2022-04-13,0.4404,none,0.285
Samsung Galaxy M34,Smartphone,3.0,good mr hand leave future skin machine ahead issue slow performance,Amazon,2022-07-24,0.7096,performance,0.41
Samsung Galaxy Tab A8,Smartphone,4.0,waste of money their pm person likely eye accept represent side,Amazon,2022-12-24,-0.0516,general_issue,0.35564
Samsung Galaxy Watch6,Smartphone,5.0,excellent product very satisfied,Amazon,2022-03-22,0.7778,none,0.06
Samsung Buds Live,Accessories,4.0,bad condition modern beautiful fine,Flipkart,2023-08-19,0.296,general_issue,0.335
Samsung Galaxy M53,Smartphone,4.0,average lay sport defense poor note,Flipkart,2024-01-08,-0.3818,general_issue,0.48772
Samsung Galaxy Tab A8,Smartphone,4.0,excellent cost tree chance sure above month,Amazon,2023-10-03,0.7906,software,0.335
Samsung Washing Machine,Other,1.0,not as expected returning it,Amazon,2024-05-22,0.0,none,0.36
Samsung Charger 25W,Accessories,5.0,waste of money compare support career,Flipkart,2022-08-26,-0.0258,general_issue,0.27032
Samsung Galaxy S22,Smartphone,5.0,worth it might quite quite floor on way,Amazon,2022-07-14,0.2263,software,0.26
Samsung Galaxy M34,Smartphone,4.0,excellent white go success no sure their democratic account,Flipkart,2022-04-04,0.8176,none,0.135
Samsung Galaxy S23,Smartphone,5.0,good republican name season author our,Flipkart,2022-01-20,0.4404,none,0.06
Samsung Galaxy A14,Smartphone,5.0,worth it tree which result trade real network,Flipkart,2022-10-11,0.2263,connectivity,0.26
Samsung Buds 2,Accessories,2.0,not great information finally smile particularly issue overheating issue,Flipkart,2022-12-16,-0.2008,heating,0.56532
Samsung Galaxy S23,Smartphone,3.0,excellent measure itself let radio onto unit issue battery draining fast,Flipkart,2023-11-05,0.5719,battery,0.41
Samsung Galaxy A14,Smartphone,3.0,excellent street effect music southern bank weight issue charging problem,Amazon,2024-01-03,0.25,battery,0.41
Samsung Galaxy M53,Smartphone,4.0,good anyone art field apply national serve week,Amazon,2024-06-15,0.4404,software,0.335
Samsung Galaxy A34,Smartphone,2.0,average fill take exactly line blood under value issue display flickering,Flipkart,2023-07-04,0.34,display,0.485
Samsung Galaxy S23,Smartphone,3.0,worth it almost front high issue display flickering,Flipkart,2022-07-10,0.2263,display,0.41
Samsung Galaxy Book 2,Smartphone,4.0,waste of money kid suddenly role tax point account policy order,Flipkart,2024-02-03,-0.4215,general_issue,0.5036
Samsung Galaxy Book 3,Smartphone,4.0,good end the author unit finally surface message,Amazon,2023-12-03,0.4404,none,0.135
Samsung Buds Live,Accessories,2.0,worth it however enough evening,Flipkart,2023-01-10,0.2263,none,0.285
Samsung Galaxy S22,Smartphone,5.0,good shake and quality perhaps national difficult democrat,Amazon,2022-08-22,-0.0772,none,0.09088
Samsung Charger 25W,Accessories,2.0,not great everything finish central federal benefit,Amazon,2024-03-31,-0.0757,none,0.3152799999999999
Samsung Galaxy A14,Smartphone,5.0,good among may military likely lawyer decide soldier,Flipkart,2024-03-30,0.4404,none,0.06
Samsung Galaxy M53,Smartphone,4.0,good air without seven,Amazon,2024-07-23,0.4404,none,0.135
Samsung Galaxy Book 2,Smartphone,3.0,bad use billion debate somebody issue overheating issue,Flipkart,2023-07-11,-0.5423,heating,0.6269200000000001
Samsung Galaxy S23,Smartphone,4.0,excellent especially hard party good raise,Amazon,2024-02-29,0.8461,none,0.135
Samsung Galaxy S21 FE,Smartphone,4.0,good woman beautiful food age front treatment,Flipkart,2024-09-06,0.7783,none,0.135
Samsung Galaxy A34,Smartphone,4.0,worth it marriage his marriage perhaps investment,Flipkart,2024-05-13,0.2263,none,0.135
Samsung Galaxy S23,Smartphone,3.0,waste of money mention general enough rate heavy issue slow performance,Flipkart,2022-12-08,-0.4215,performance,0.5786
Samsung Galaxy M34,Smartphone,4.0,good interesting him image law he civil traditional,Flipkart,2022-08-20,0.6808,none,0.135
Samsung Charger 25W,Accessories,5.0,bad business visit local,Amazon,2022-09-29,-0.5423,general_issue,0.47692
Samsung Galaxy S22,Smartphone,1.0,not worth the price,Flipkart,2022-05-01,-0.1695,none,0.4278
Samsung Galaxy Tab A8,Smartphone,5.0,excellent quite hair share drive whatever,Flipkart,2022-11-23,0.7334,software,0.26
Samsung Galaxy S21 FE,Smartphone,4.0,excellent medical fish suddenly edge them hope score than,Amazon,2022-08-01,0.765,none,0.135
Samsung Galaxy A14,Smartphone,4.0,worth it while person begin little southern,Flipkart,2024-05-02,0.2263,none,0.135
Samsung Galaxy S22,Smartphone,4.0,average each more moment education tough as surface,Amazon,2024-09-15,-0.1935,none,0.2124
Samsung Galaxy M14,Smartphone,2.0,bad issue display flickering,Amazon,2024-06-16,-0.5423,display,0.7019200000000001
Samsung Galaxy S22,Smartphone,5.0,bad subject medical officer reality strong can,Amazon,2023-01-07,-0.0516,general_issue,0.28064
Samsung Galaxy S23,Smartphone,3.0,heats up sometimes during heavy usage,Amazon,2024-02-17,0.0,heating,0.41
Samsung Galaxy Book 3,Smartphone,3.0,bad six agency wife open business,Amazon,2024-01-05,-0.5423,general_issue,0.6269200000000001
Samsung Galaxy A54,Smartphone,4.0,waste of money boy on rise different future piece keep,Amazon,2022-03-01,-0.4215,general_issue,0.5036
Samsung Galaxy M34,Smartphone,2.0,not great newspaper power you,Flipkart,2022-09-25,-0.5096,battery,0.6888400000000001
Samsung Galaxy S23,Smartphone,3.0,bad provide no field on some ago bad issue overheating issue,Amazon,2024-09-16,-0.8481,heating,0.7492400000000001
Samsung Galaxy A54,Smartphone,3.0,good man hit general provide end civil sure issue camera quality is poor,Amazon,2024-09-26,0.2732,camera,0.41
Samsung Buds 2,Accessories,3.0,worth it himself most also expert white lead specific issue slow performance,Amazon,2022-08-20,0.2263,performance,0.41
Samsung Galaxy Tab S7 FE,Smartphone,4.0,waste of money by local industry owner bill artist,Flipkart,2024-04-22,-0.4215,general_issue,0.5036
Samsung Galaxy Tab A8,Smartphone,4.0,average low show audience character he increase sign four,Flipkart,2024-06-21,0.0516,none,0.135
Samsung Galaxy A54,Smartphone,5.0,good become common everyone arm later,Amazon,2022-04-05,0.4404,none,0.06
Samsung Galaxy Tab S7 FE,Smartphone,3.0,good newspaper story natural cost already face health,Amazon,2022-05-10,0.6597,software,0.41
Samsung Galaxy Book 2,Smartphone,5.0,average field special think increase production speak tough kind,Flipkart,2023-06-20,0.7845,none,0.06
Samsung Galaxy S21 FE,Smartphone,4.0,average appear south tough organization,Flipkart,2023-10-06,-0.128,software,0.3862
Samsung Galaxy M34,Smartphone,4.0,waste of money education stand quickly out statement military past,Amazon,2022-01-26,-0.4215,software,0.5036
Samsung Galaxy Tab S7 FE,Smartphone,2.0,good point popular data building issue display flickering,Flipkart,2024-12-10,0.6908,display,0.485
Samsung Galaxy A34,Smartphone,5.0,good near production mean responsibility sister government stage,Amazon,2023-04-04,0.4404,none,0.06
Samsung Galaxy M34,Smartphone,5.0,not great figure feeling responsibility chair art speak move,Flipkart,2023-11-24,-0.5667,none,0.28668
Samsung Galaxy M34,Smartphone,4.0,excellent eight according people floor eye,Amazon,2024-11-29,0.5719,none,0.135
Samsung Galaxy M34,Smartphone,4.0,waste of money article heart style throughout war,Flipkart,2024-12-07,-0.7717,general_issue,0.64368
Samsung Buds Live,Accessories,2.0,bad number as give until year dinner,Flipkart,2022-07-15,-0.4939,general_issue,0.6825600000000001
Samsung Charger 25W,Accessories,4.0,excellent medical class become away,Amazon,2024-06-05,0.5719,none,0.135
Samsung Galaxy Book 3,Smartphone,4.0,not great main wife cultural professor film,Amazon,2023-05-25,-0.5096,none,0.33884
Samsung Charger 25W,Accessories,5.0,bad,Amazon,2024-09-13,-0.5423,general_issue,0.47692
Samsung Galaxy S23,Smartphone,5.0,good church subject fine material,Flipkart,2023-12-10,0.5719,build_quality,0.26
Samsung Galaxy Tab S7 FE,Smartphone,2.0,waste of money not huge cut first lay issue battery draining fast,Amazon,2024-02-28,-0.4493,battery,0.66472
Samsung Buds 2,Accessories,2.0,bad decade catch development owner,Amazon,2022-11-01,-0.5423,general_issue,0.7019200000000001
Samsung Galaxy A54,Smartphone,4.0,waste of money body such care dog ready,Amazon,2022-04-22,0.4404,general_issue,0.335
Samsung Galaxy M53,Smartphone,4.0,bad discussion growth against stay treat less,Flipkart,2022-01-24,0.2023,general_issue,0.335
Samsung Charger 25W,Accessories,4.0,worth it line small might administration sport trial suggest,Amazon,2022-11-18,0.2263,none,0.135
Samsung Galaxy Tab A8,Smartphone,5.0,excellent free seven level close,Amazon,2024-11-01,0.7906,software,0.26
Samsung Galaxy Tab A8,Smartphone,2.0,good improve scene just eat ground onto her,Amazon,2024-08-19,0.7003,none,0.285
Samsung Galaxy Tab S7 FE,Smartphone,5.0,average vote movie community ok south think store,Amazon,2024-10-12,0.296,none,0.06
Samsung Galaxy Tab A8,Smartphone,1.0,bad value enough lawyer increase without issue overheating issue,Flipkart,2022-12-05,0.0516,heating,0.56
Samsung Galaxy Tab A8,Smartphone,3.0,not great fill defense bill able four behind issue camera quality is poor,Flipkart,2022-06-03,-0.7759,camera,0.7203600000000001
Samsung Buds 2,Accessories,3.0,worth it may lawyer thousand spend manager although treat issue slow performance,Flipkart,2024-10-03,0.5574,performance,0.41
Samsung Galaxy Tab A8,Smartphone,5.0,average fast would house,Flipkart,2023-10-19,0.0,none,0.06
Samsung Buds 2,Accessories,5.0,waste of money live discussion camera understand,Flipkart,2023-05-09,-0.4215,camera,0.4286
Samsung Charger 25W,Accessories,3.0,excellent during yes money build,Amazon,2023-11-09,0.7506,build_quality,0.41
Samsung Galaxy Book 2,Smartphone,2.0,good issue slow performance,Flipkart,2023-07-24,0.4404,performance,0.485
Samsung Galaxy Tab S7 FE,Smartphone,5.0,not great avoid crime writer,Flipkart,2022-04-14,0.1139,none,0.06
Samsung Buds Live,Accessories,3.0,worth it issue display flickering,Flipkart,2024-11-04,0.2263,display,0.41
Samsung Buds 2,Accessories,5.0,good program guess statement member,Amazon,2023-04-02,0.4404,none,0.06
Samsung Galaxy Tab A8,Smartphone,4.0,not great fast close capital indicate something,Amazon,2024-02-15,-0.5096,software,0.53884
Samsung Buds 2,Accessories,4.0,worth it born realize what find,Amazon,2024-04-05,0.2263,none,0.135
Samsung Galaxy M34,Smartphone,4.0,average outside people pay section model office necessary call,Flipkart,2023-04-27,-0.1027,none,0.17608
Samsung Buds Live,Accessories,5.0,good trip fly stay race thus low,Flipkart,2022-06-11,0.2023,none,0.06
Samsung Buds Live,Accessories,5.0,waste of money ten process chance from democratic,Flipkart,2024-07-29,-0.2023,general_issue,0.34092
Samsung Galaxy Tab A8,Smartphone,4.0,not great travel late summer sing beat,Flipkart,2024-06-28,-0.5096,none,0.33884
Samsung Galaxy Book 3,Smartphone,5.0,average politics mission issue century through top,Amazon,2024-07-06,0.2023,none,0.06
Samsung Galaxy Tab A8,Smartphone,5.0,not great fill question morning later,Amazon,2022-06-30,-0.5096,none,0.26384
Samsung Galaxy S22,Smartphone,5.0,bad top close popular business prevent collection much,Flipkart,2024-10-17,0.0516,software,0.26
Samsung Galaxy A54,Smartphone,4.0,average side maybe eat whatever,Flipkart,2024-07-04,0.0,none,0.135
Samsung Buds Live,Accessories,2.0,bad address option hand most their blood majority,Amazon,2023-10-10,-0.0772,software,0.51588
Samsung Galaxy Tab A8,Smartphone,5.0,average find land edge learn apply national culture dog,Flipkart,2022-09-01,0.0,software,0.26
Samsung Galaxy S23,Smartphone,3.0,good issue display flickering,Flipkart,2024-10-15,0.4404,display,0.41
Samsung Galaxy A34,Smartphone,4.0,excellent there mother late,Amazon,2022-02-06,0.5719,none,0.135
Samsung Buds 2,Accessories,1.0,good talk degree possible participant,Amazon,2022-07-30,0.4404,software,0.56
Samsung Galaxy M34,Smartphone,1.0,waste of money son reason side energy thus box issue overheating issue,Flipkart,2024-04-06,-0.1779,heating,0.6311599999999999
Samsung Galaxy A54,Smartphone,5.0,good become common everyone arm later,Amazon,2024-04-24,0.4404,none,0.06
Samsung Galaxy A34,Smartphone,5.0,good wife happen best wait leader,Amazon,2022-03-15,0.7964,software,0.26
Samsung Galaxy A14,Smartphone,1.0,not great issue slow performance,Flipkart,2022-01-01,-0.5096,performance,0.7638400000000001
Samsung Galaxy S21 FE,Smartphone,4.0,good range read join so toward section oil,Flipkart,2022-07-06,0.6249,none,0.135
Samsung Galaxy A54,Smartphone,5.0,excellent actually figure act energy its total need hospital,Flipkart,2023-09-16,0.7003,software,0.26
Samsung Charger 25W,Accessories,3.0,good product science beat field industry hotel,Flipkart,2024-11-07,0.4404,heating,0.41
Samsung Galaxy A14,Smartphone,2.0,worth it because degree number fill for,Amazon,2023-02-28,0.296,none,0.285
Samsung Charger 25W,Accessories,4.0,average this stay four however page,Amazon,2024-07-23,0.0,none,0.135
Samsung Galaxy M53,Smartphone,5.0,waste of money letter start green,Flipkart,2023-11-30,-0.4215,general_issue,0.4286
Samsung Buds Live,Accessories,5.0,waste of money total central ability my democratic add hope,Amazon,2024-01-15,0.34,general_issue,0.26
Samsung Charger 25W,Accessories,4.0,excellent he particularly television break thousand than take,Flipkart,2022-04-22,0.5719,none,0.135
Samsung Galaxy M34,Smartphone,4.0,waste of money loss wall garden good follow second,Amazon,2023-04-02,-0.296,software,0.4534
Samsung Galaxy S21 FE,Smartphone,3.0,not great leave quite simply see than issue charging problem,Flipkart,2024-07-19,-0.7046,battery,0.69184
Samsung Buds 2,Accessories,3.0,worth it performance single discussion line well news,Flipkart,2023-11-11,0.4588,none,0.21
Samsung Galaxy M53,Smartphone,5.0,average little trouble share fear bill its agreement week,Flipkart,2024-08-26,-0.0571,none,0.08284
Samsung Galaxy S23,Smartphone,4.0,waste of money,Amazon,2024-01-15,-0.4215,general_issue,0.5036
Samsung Galaxy Book 3,Smartphone,4.0,not great performance spring consumer attention less,Flipkart,2024-07-15,-0.5096,none,0.33884
Samsung Galaxy M34,Smartphone,3.0,worth it issue slow performance,Amazon,2022-08-22,0.2263,performance,0.41
Samsung Galaxy Book 3,Smartphone,4.0,average boy size money actually you value,Amazon,2022-07-19,0.34,none,0.135
Samsung Galaxy Tab A8,Smartphone,1.0,excellent skill within although general health occur quickly issue battery draining fast,Amazon,2023-03-31,0.5719,battery,0.56
Samsung Galaxy A54,Smartphone,4.0,not great me shake standard,Amazon,2022-01-05,-0.4168,none,0.30172
Samsung Galaxy M53,Smartphone,3.0,good feeling house usually issue camera quality is poor,Amazon,2023-12-01,0.0772,camera,0.41
Samsung Galaxy Tab A8,Smartphone,5.0,average anyone analysis sea add successful,Amazon,2023-12-29,0.5859,none,0.06
Samsung Galaxy M14,Smartphone,4.0,average thank cost account media rich challenge like keep,Amazon,2023-08-21,0.836,software,0.335
Samsung Galaxy M14,Smartphone,3.0,average article participant if drive base reduce issue camera quality is poor,Amazon,2024-12-05,-0.4767,camera,0.6006800000000001
Samsung Galaxy S22,Smartphone,5.0,good thought against student sometimes,Amazon,2024-02-05,0.4404,none,0.06
Samsung Galaxy Tab A8,Smartphone,5.0,not great table onto outside perform interesting,Flipkart,2022-08-06,-0.1516,none,0.12064
Samsung Galaxy Tab A8,Smartphone,4.0,not great million catch police speech evidence under,Amazon,2022-04-04,-0.5096,none,0.33884
Samsung Galaxy A34,Smartphone,2.0,not great issue display flickering,Amazon,2022-12-03,-0.5096,display,0.6888400000000001
Samsung Galaxy S21 FE,Smartphone,3.0,not great deal nothing power world,Flipkart,2024-10-05,-0.5096,battery,0.6138400000000002
Samsung Galaxy M53,Smartphone,4.0,waste of money or energy various final capital expert friend,Amazon,2022-10-15,0.3612,general_issue,0.335
Samsung Galaxy M34,Smartphone,3.0,excellent enjoy win behind both,Amazon,2024-04-18,0.8934,none,0.21
Samsung Galaxy Book 2,Smartphone,3.0,waste of money child begin last practice bank top,Flipkart,2022-08-08,-0.25,general_issue,0.51
Samsung Galaxy S21 FE,Smartphone,4.0,excellent contain likely century charge tax,Amazon,2023-06-05,0.5719,battery,0.335
Samsung Charger 25W,Accessories,5.0,bad particular country executive scene face ten,Amazon,2023-02-06,-0.5423,general_issue,0.47692
Samsung Galaxy M53,Smartphone,1.0,average issue battery draining fast,Amazon,2023-01-20,0.0,battery,0.56
Samsung Galaxy S21 FE,Smartphone,5.0,excellent guy first interest toward letter truth,Flipkart,2022-09-05,0.8402,none,0.06
Samsung Galaxy Tab A8,Smartphone,4.0,worth it week large budget as degree,Amazon,2024-03-15,0.2263,none,0.135
Samsung Galaxy Book 3,Smartphone,1.0,average artist teach identify issue slow performance,Flipkart,2023-03-18,0.0,performance,0.56
Samsung Galaxy M53,Smartphone,5.0,good case back mother once property might,Amazon,2024-07-25,0.4404,none,0.06
Samsung Galaxy A14,Smartphone,4.0,average mr upon result party authority film west,Flipkart,2023-01-26,0.4588,none,0.135
Samsung Galaxy S22,Smartphone,2.0,average what career grow race part suddenly place,Amazon,2023-11-24,0.0,none,0.285
Samsung Galaxy S23,Smartphone,3.0,worth it turn network class trip issue display flickering,Flipkart,2022-08-09,0.2263,display,0.41
Samsung Galaxy M14,Smartphone,4.0,good in so various black,Amazon,2024-04-28,0.4404,none,0.135
Samsung Galaxy Tab A8,Smartphone,4.0,worth it carry hand theory do really,Amazon,2022-04-06,0.6249,none,0.135
Samsung Galaxy M14,Smartphone,2.0,waste of money news summer off effort upon issue charging problem,Flipkart,2022-09-10,-0.6705,battery,0.7532000000000001
Samsung Galaxy A14,Smartphone,4.0,good pull nature top note see participant,Amazon,2024-07-11,0.5719,none,0.135
Samsung Galaxy A54,Smartphone,4.0,excellent indeed but shake anyone,Flipkart,2024-07-25,0.0772,none,0.135
Samsung Galaxy S22,Smartphone,4.0,not great level production any scientist clear hit,Flipkart,2024-10-29,-0.1764,none,0.20556
Samsung Charger 25W,Accessories,1.0,worth it cover stop stand may recently represent identify get issue overheating issue,Amazon,2022-10-03,-0.0772,heating,0.5908800000000001
Samsung Galaxy Tab S7 FE,Smartphone,5.0,not great point assume positive,Flipkart,2024-10-18,0.0788,software,0.26
Samsung Charger 25W,Accessories,4.0,bad yes once prepare hand,Flipkart,2022-01-09,0.34,general_issue,0.335
Samsung Galaxy M53,Smartphone,5.0,good republican appear sometimes you,Amazon,2024-12-22,0.4404,software,0.26
Samsung Galaxy M34,Smartphone,4.0,average recognize director all investment,Amazon,2022-04-10,0.0,none,0.135
Samsung Galaxy Tab A8,Smartphone,4.0,good ask something to society arm practice,Flipkart,2024-06-05,0.4404,none,0.135
Samsung Galaxy M53,Smartphone,3.0,worth it lead theory part thing argue probably floor,Amazon,2024-09-16,-0.128,none,0.2612
Samsung Buds Live,Accessories,3.0,waste of money develop year scientist small issue slow performance,Amazon,2024-11-07,-0.4215,performance,0.5786
Samsung Galaxy M14,Smartphone,1.0,bad i trial claim capital run up issue slow performance,Flipkart,2022-12-29,-0.5423,performance,0.77692
Samsung Galaxy S22,Smartphone,5.0,waste of money its thing of young check,Flipkart,2022-12-22,-0.4215,general_issue,0.4286
Samsung Galaxy Buds2,Smartphone,4.0,great value for money,Flipkart,2022-09-20,0.7579,none,0.135
Samsung Washing Machine,Other,2.0,great value for money,Flipkart,2022-08-01,0.7579,none,0.285
Samsung Buds Live,Accessories,3.0,bad goal page address collection who happy fund increase,Amazon,2024-03-04,0.3612,software,0.41
Samsung Galaxy M53,Smartphone,4.0,average score lead final certain right,Amazon,2023-10-22,0.2732,none,0.135
Samsung Buds Live,Accessories,5.0,bad adult leave kind condition hear,Flipkart,2024-10-29,-0.0772,general_issue,0.29088
Samsung Buds 2,Accessories,2.0,worth it nor behind good meeting,Amazon,2024-02-27,-0.1295,none,0.3368
Samsung Buds Live,Accessories,5.0,good name people approach walk still find identify,Flipkart,2024-05-07,0.4404,software,0.26
Samsung Galaxy Tab A8,Smartphone,1.0,worth it sort small through middle cut century issue slow performance,Flipkart,2023-05-24,-0.0516,performance,0.58064
Samsung Galaxy S22,Smartphone,1.0,very userfriendly interface,Amazon,2023-07-15,0.0,software,0.56
Samsung Galaxy M53,Smartphone,2.0,waste of money floor focus see expect forward affect issue slow performance,Amazon,2024-03-25,-0.4215,performance,0.6536
Samsung Galaxy M53,Smartphone,4.0,worth it maintain many white pattern,Amazon,2023-12-04,0.2263,none,0.135
Samsung Crystal UHD TV,TV,1.0,very durable and reliable,Flipkart,2023-08-26,0.0,none,0.36
Samsung Buds Live,Accessories,5.0,not great who black item anything myself thank white,Flipkart,2024-07-16,-0.2008,none,0.14032
Samsung Charger 25W,Accessories,4.0,excellent from minute away manage late run,Flipkart,2022-10-01,0.5719,none,0.135
Samsung Galaxy A14,Smartphone,5.0,average agreement civil turn measure speak trip heavy happen,Flipkart,2022-10-10,0.4939,software,0.26
Samsung Galaxy A14,Smartphone,2.0,not great start light work way share soldier issue slow performance,Amazon,2024-04-25,-0.2718,performance,0.59372
Samsung Galaxy Tab A8,Smartphone,3.0,waste of money issue display flickering,Flipkart,2024-11-15,-0.4215,display,0.5786
Samsung Buds Live,Accessories,2.0,average gas public system security,Flipkart,2023-09-05,0.34,none,0.285
Samsung Galaxy S22,Smartphone,3.0,not great station son off issue slow performance,Flipkart,2023-10-05,-0.5096,performance,0.6138400000000002
Samsung Galaxy M34,Smartphone,4.0,excellent action anything high question short kid,Flipkart,2023-03-22,0.5719,none,0.135
Samsung Galaxy Book 2,Smartphone,5.0,worth it group sell glass evening stay attorney,Flipkart,2023-02-16,0.2263,none,0.06
Samsung Galaxy Tab S7 FE,Smartphone,3.0,average will carry page spend economic leg,Amazon,2023-03-06,0.0,sound,0.41
Samsung Galaxy Book 3,Smartphone,4.0,waste of money purpose his minute form care,Flipkart,2023-08-19,0.1027,software,0.335
Samsung Galaxy A54,Smartphone,5.0,not great leave door major nearly either different guess,Flipkart,2023-12-09,-0.4847,none,0.25388
Samsung Galaxy Book 3,Smartphone,3.0,excellent hope relate itself behavior,Amazon,2022-09-29,0.765,none,0.21
Samsung Galaxy S21 FE,Smartphone,1.0,worth it store expert sing issue battery draining fast,Amazon,2022-12-31,0.2263,battery,0.56
Samsung Galaxy Tab A8,Smartphone,5.0,good send indeed culture trouble,Amazon,2024-10-28,0.0516,none,0.06
Samsung Galaxy Book 2,Smartphone,3.0,waste of money inside avoid partner possible per investment issue overheating issue,Amazon,2023-10-23,-0.6124,heating,0.65496
Samsung Galaxy S22,Smartphone,4.0,not great news skill central author,Amazon,2022-08-25,-0.5096,none,0.33884
Samsung Galaxy M34,Smartphone,3.0,bad economic customer station success stock line issue battery draining fast,Amazon,2023-12-23,0.0516,battery,0.41
Samsung Galaxy Book 2,Smartphone,4.0,good loss entire east street,Flipkart,2024-09-10,0.1531,software,0.335
Samsung Buds 2,Accessories,3.0,waste of money raise area national address surface easy,Flipkart,2024-05-04,0.0258,general_issue,0.41
Samsung Buds 2,Accessories,5.0,bad always shake get case hope new oil,Flipkart,2024-12-29,-0.3182,general_issue,0.38728
Samsung Galaxy Book 2,Smartphone,4.0,excellent learn protect almost own teacher wear,Flipkart,2023-08-09,0.743,software,0.335
Samsung Buds Live,Accessories,4.0,bad single seat head memory doctor,Amazon,2024-05-15,-0.5423,general_issue,0.55192
Samsung Galaxy M53,Smartphone,3.0,worth it subject walk since say material cost reflect issue battery draining fast,Flipkart,2022-01-27,0.2263,battery,0.41
Samsung Galaxy A34,Smartphone,4.0,excellent economy south industry thousand involve,Amazon,2024-12-06,0.5719,none,0.135
Samsung Galaxy M14,Smartphone,4.0,worth it center hot term imagine capital note suffer,Flipkart,2022-08-07,-0.3818,heating,0.48772
Samsung Galaxy M53,Smartphone,3.0,worth it black network adult practice create mean issue slow performance,Amazon,2022-02-21,0.4588,performance,0.41
Samsung Galaxy Book 3,Smartphone,5.0,waste of money whole writer put light,Amazon,2024-02-20,-0.4215,general_issue,0.4286
Samsung Galaxy Tab A8,Smartphone,2.0,good popular high every beautiful threat issue display flickering,Flipkart,2022-10-25,0.7351,display,0.485
Samsung Galaxy S22,Smartphone,3.0,bad at lay subject professor history fire,Flipkart,2022-04-19,-0.7096,general_issue,0.69384
Samsung Galaxy Tab A8,Smartphone,4.0,good majority remember newspaper else put,Amazon,2022-04-26,0.4404,none,0.135
Samsung Galaxy A14,Smartphone,4.0,bad i the hundred,Flipkart,2023-02-14,-0.5423,general_issue,0.55192
Samsung Galaxy M34,Smartphone,4.0,waste of money huge building still from,Flipkart,2023-07-01,-0.128,build_quality,0.3862
Samsung Galaxy A34,Smartphone,5.0,average fund box whom relationship music,Flipkart,2022-11-26,0.0,none,0.06
Samsung Charger 25W,Accessories,3.0,worth it issue overheating issue,Flipkart,2023-08-10,0.2263,heating,0.41
Samsung Buds Live,Accessories,4.0,not great rise force place,Amazon,2023-05-29,-0.5096,none,0.33884
Samsung Galaxy A34,Smartphone,1.0,waste of money give call every truth issue charging problem,Flipkart,2022-10-27,-0.4939,battery,0.75756
Samsung Buds 2,Accessories,4.0,worth it approach develop security whom weight our result,Amazon,2022-05-08,0.5106,software,0.335
Samsung Refrigerator,Other,2.0,nice product but a bit overpriced,Amazon,2023-08-28,0.2263,none,0.285
Samsung Charger 25W,Accessories,5.0,waste of money he country world movie,Amazon,2023-02-22,-0.4215,general_issue,0.4286
Samsung Buds Live,Accessories,3.0,worth it order let understand throughout black,Flipkart,2022-03-08,0.2263,none,0.21
Samsung Galaxy M53,Smartphone,3.0,good yourself full new billion heavy rate,Flipkart,2024-01-05,0.4404,none,0.21
Samsung Galaxy Book 2,Smartphone,3.0,worth it practice quickly anyone attack role stop,Flipkart,2024-07-15,-0.5267,software,0.6206800000000001
Samsung Galaxy Tab S7 FE,Smartphone,5.0,average sit again develop husband project,Amazon,2022-07-29,0.0,none,0.06
Samsung Galaxy M34,Smartphone,4.0,average affect stage law everybody focus soon,Amazon,2023-04-05,0.0,camera,0.335
Samsung Galaxy Book 2,Smartphone,2.0,waste of money such alone sure still teacher issue charging problem,Amazon,2024-03-07,-0.6369,battery,0.73976
Samsung Galaxy M34,Smartphone,4.0,not great hear develop wear add debate natural,Amazon,2023-05-02,-0.2008,none,0.21532
Samsung Galaxy M53,Smartphone,2.0,worth it issue overheating issue,Amazon,2024-11-12,0.2263,heating,0.485
Samsung Buds Live,Accessories,4.0,bad rule miss soldier,Flipkart,2023-08-13,-0.6249,general_issue,0.5849600000000001
Samsung Galaxy M14,Smartphone,3.0,worth it issue display flickering,Flipkart,2022-04-07,0.2263,display,0.41
Samsung Galaxy Tab S7 FE,Smartphone,4.0,good expect available lot cell tv,Amazon,2024-02-21,0.4404,none,0.135
Samsung Galaxy S23,Smartphone,5.0,waste of money pass action side,Amazon,2024-03-04,-0.4215,general_issue,0.4286
Samsung Buds 2,Accessories,2.0,good big rate range issue camera quality is poor,Flipkart,2024-05-03,-0.0516,camera,0.50564
Samsung Galaxy A54,Smartphone,4.0,worth it trip sometimes significant trade season affect speak card,Amazon,2023-10-03,0.4019,none,0.135
Samsung Galaxy M34,Smartphone,4.0,bad ability spend piece keep rather,Amazon,2022-04-21,-0.296,general_issue,0.4534
Samsung Galaxy Tab S7 FE,Smartphone,4.0,bad turn keep state executive,Amazon,2022-01-27,-0.5423,general_issue,0.55192
Samsung Galaxy A14,Smartphone,3.0,good issue display flickering,Flipkart,2023-05-30,0.4404,display,0.41
Samsung Galaxy S21 FE,Smartphone,5.0,bad listen listen possible value think personal answer,Flipkart,2023-02-20,-0.2732,software,0.36928
Samsung Buds Live,Accessories,5.0,bad whom claim summer evidence thousand baby,Amazon,2024-06-26,-0.5423,general_issue,0.47692
Samsung Galaxy Tab S7 FE,Smartphone,1.0,excellent catch scientist seek anything city food receive small issue charging problem,Flipkart,2023-04-07,0.25,battery,0.56
Samsung Galaxy S22,Smartphone,5.0,average rise science low guy book admit,Flipkart,2024-01-24,-0.0772,none,0.09088
Samsung Galaxy Tab A8,Smartphone,3.0,good law often number challenge issue camera quality is poor,Flipkart,2023-02-07,0.1027,camera,0.41
Samsung Galaxy M14,Smartphone,3.0,bad full exist land best staff provide,Amazon,2023-02-01,0.1779,general_issue,0.41
Samsung Galaxy M14,Smartphone,3.0,not great democratic expert apply protect pick office enter lot,Amazon,2023-08-26,-0.1764,software,0.48056
Samsung Buds 2,Accessories,3.0,worth it at i thank once culture head movement,Flipkart,2024-07-08,0.5267,none,0.21
Samsung Galaxy A54,Smartphone,5.0,worth it shake stage indeed focus whatever,Amazon,2022-12-30,0.0516,camera,0.26
Samsung Galaxy Watch6,Smartphone,3.0,heats up sometimes during heavy usage,Flipkart,2022-06-02,0.0,heating,0.41
Samsung Galaxy Book 3,Smartphone,3.0,good heart our have issue display flickering,Amazon,2023-01-18,0.4404,display,0.41
Samsung Galaxy M14,Smartphone,4.0,waste of money themselves once central interesting image executive,Amazon,2022-12-22,-0.0258,general_issue,0.34532
Samsung Galaxy A14,Smartphone,2.0,waste of money white begin its back hair growth late good,Amazon,2024-11-18,0.4019,general_issue,0.485
Samsung Galaxy A14,Smartphone,4.0,good focus son generation although,Amazon,2022-09-02,0.4404,camera,0.335
Samsung Galaxy A54,Smartphone,4.0,not great your attack interesting,Flipkart,2024-02-12,0.2406,none,0.135
Samsung Galaxy S21 FE,Smartphone,4.0,average center woman half defense,Amazon,2022-03-25,0.128,none,0.135
Samsung Galaxy M14,Smartphone,3.0,excellent response out car rather appear,Amazon,2024-05-27,0.5719,software,0.41
Samsung Galaxy A54,Smartphone,4.0,waste of money letter college if born husband would perhaps,Flipkart,2023-07-26,-0.4215,general_issue,0.5036
Samsung Galaxy A54,Smartphone,4.0,average help side just common each establish various,Flipkart,2023-06-26,0.4019,none,0.135
Samsung Galaxy A14,Smartphone,3.0,worth it sound business to able across,Amazon,2022-09-24,0.2263,sound,0.41
Samsung Galaxy A54,Smartphone,3.0,worth it wait fish husband more rather quality interview will issue camera quality is poor,Amazon,2022-11-26,-0.296,camera,0.5284
Samsung Galaxy S22,Smartphone,4.0,worth it common year clear blood,Amazon,2023-06-07,0.5423,none,0.135
Samsung Galaxy S23,Smartphone,4.0,excellent democratic interesting response wide mention strategy space,Amazon,2022-01-12,0.7506,none,0.135
Samsung Galaxy Book 2,Smartphone,1.0,good community final sound summer bit issue display flickering,Amazon,2023-11-08,0.4404,display,0.56
Samsung Galaxy Tab S7 FE,Smartphone,5.0,average where yes executive upon,Flipkart,2024-08-13,0.4019,none,0.06
Samsung Charger 25W,Accessories,4.0,good never growth city under,Amazon,2022-11-14,0.1818,none,0.135
Samsung Galaxy Tab S7 FE,Smartphone,5.0,not great contain great never happy country sell,Amazon,2022-03-23,-0.862,software,0.6048
Samsung Crystal UHD TV,TV,2.0,disappointed with the customer service,Amazon,2022-11-11,-0.4767,software,0.6756800000000001
Samsung Galaxy A34,Smartphone,4.0,bad among everybody seat increase,Amazon,2023-10-23,-0.296,general_issue,0.4534
Samsung Galaxy M14,Smartphone,5.0,bad themselves visit car others perform,Flipkart,2022-04-15,-0.5423,general_issue,0.47692
Samsung Galaxy A54,Smartphone,3.0,bad form place commercial issue overheating issue,Flipkart,2023-09-09,-0.5423,heating,0.6269200000000001
Samsung Galaxy M34,Smartphone,4.0,bad off better reduce keep,Flipkart,2024-10-01,-0.1531,general_issue,0.39624
Samsung Buds 2,Accessories,3.0,bad forget drug place administration listen,Amazon,2024-01-04,-0.6597,general_issue,0.67388
Samsung Galaxy Tab A8,Smartphone,4.0,worth it generation consider grow treat,Flipkart,2022-05-30,0.5574,none,0.135
Samsung Galaxy Book 3,Smartphone,3.0,worth it store fight example not center seven issue overheating issue,Amazon,2023-10-13,-0.1779,heating,0.48116
Samsung Galaxy M34,Smartphone,3.0,bad moment whole we music science issue slow performance,Flipkart,2024-12-12,-0.5423,performance,0.6269200000000001
Samsung Galaxy Book 3,Smartphone,3.0,not great forward move before,Flipkart,2023-03-27,-0.5096,none,0.41384
Samsung Galaxy S21 FE,Smartphone,3.0,not great issue slow performance,Amazon,2023-01-12,-0.5096,performance,0.6138400000000002
Samsung Buds 2,Accessories,4.0,excellent affect head order admit maybe bag,Amazon,2024-12-02,0.6705,none,0.135
Samsung Galaxy S22,Smartphone,5.0,excellent current red speak reality lead,Amazon,2022-05-20,0.5719,none,0.06
Samsung Galaxy S22,Smartphone,2.0,highly recommend to others,Amazon,2024-10-31,0.4201,none,0.285
Samsung Buds 2,Accessories,5.0,worth it keep three benefit,Amazon,2022-11-23,0.5994,none,0.06
Samsung Galaxy A54,Smartphone,4.0,not great collection seem maintain,Amazon,2024-05-01,-0.5096,none,0.33884
Samsung Galaxy Book 2,Smartphone,1.0,good nature whom anything prove issue charging problem,Amazon,2024-04-06,0.0516,battery,0.56
Samsung Galaxy S23,Smartphone,1.0,average list remember magazine activity successful,Flipkart,2022-07-08,0.5859,none,0.36
Samsung Charger 25W,Accessories,1.0,good do dog let truth outside blue general and,Flipkart,2023-12-17,0.6369,none,0.36
Samsung Galaxy Tab S7 FE,Smartphone,5.0,average anyone else this,Flipkart,2023-03-30,0.0,none,0.06
Samsung Crystal UHD TV,TV,4.0,heats up sometimes during heavy usage,Amazon,2023-03-13,0.0,heating,0.335
Samsung Galaxy S23,Smartphone,5.0,worth it your since black employee year mission game,Flipkart,2023-11-11,0.2263,none,0.06
Samsung Buds 2,Accessories,1.0,average issue overheating issue,Amazon,2023-11-10,0.0,heating,0.56
Samsung Buds 2,Accessories,3.0,bad box dog information always,Amazon,2024-01-09,-0.5423,general_issue,0.6269200000000001
Samsung Galaxy A14,Smartphone,4.0,good paper model watch them central medical,Amazon,2023-08-25,0.4404,none,0.135
Samsung Galaxy S21 FE,Smartphone,4.0,good follow economic nice share,Flipkart,2023-03-24,0.7845,sound,0.335
Samsung Galaxy S22,Smartphone,4.0,waste of money child pretty me,Amazon,2024-12-22,0.1027,general_issue,0.335
Samsung Galaxy Watch6,Smartphone,3.0,featurepacked and smooth experience,Amazon,2024-08-30,0.0,none,0.21
Samsung Buds 2,Accessories,4.0,good computer set policy explain why sell reveal,Amazon,2022-01-19,0.4404,none,0.135
Samsung QLED TV,TV,1.0,delivery was delayed but the product is great,Flipkart,2022-08-23,0.7351,performance,0.56
Samsung Buds Live,Accessories,1.0,worth it rise guy herself only remember science book matter issue slow performance,Flipkart,2023-12-10,0.25,performance,0.56
Samsung Galaxy S21 FE,Smartphone,4.0,waste of money any while fact follow citizen executive,Amazon,2024-07-01,-0.4215,general_issue,0.5036
Samsung Galaxy S23,Smartphone,4.0,good bill key small record instead detail,Amazon,2023-05-08,0.4404,none,0.135
Samsung Galaxy S23,Smartphone,4.0,average detail seat son specific modern last pretty,Flipkart,2023-05-15,0.4939,none,0.135
Samsung Charger 25W,Accessories,4.0,average market answer environment necessary green life,Flipkart,2022-03-23,0.0,battery,0.335
Samsung Buds 2,Accessories,2.0,waste of money laugh military certain foot,Amazon,2023-10-20,0.4404,general_issue,0.485
Samsung Galaxy Tab A8,Smartphone,4.0,bad upon theory effort they wear,Flipkart,2024-02-21,-0.5423,general_issue,0.55192
Samsung Galaxy A34,Smartphone,4.0,worth it avoid husband sure thousand,Amazon,2022-08-21,0.25,none,0.135
Samsung Buds 2,Accessories,3.0,average order place pass door vote long look issue battery draining fast,Flipkart,2024-03-01,0.0,battery,0.41
Samsung Galaxy S23,Smartphone,5.0,not great specific green speech area,Amazon,2023-06-10,-0.5096,none,0.26384
Samsung Galaxy Book 3,Smartphone,3.0,worth it either represent game education garden social issue slow performance,Flipkart,2023-08-03,0.2263,performance,0.41
Samsung Galaxy M34,Smartphone,2.0,waste of money issue overheating issue,Flipkart,2022-02-20,-0.4215,heating,0.6536
Samsung Galaxy S21 FE,Smartphone,3.0,good issue slow performance,Flipkart,2024-11-24,0.4404,performance,0.41
Samsung Galaxy A14,Smartphone,4.0,bad various another attack event stuff operation young,Flipkart,2024-02-07,-0.765,general_issue,0.641
Samsung Buds 2,Accessories,4.0,excellent least purpose spring would exactly wonder,Flipkart,2024-11-19,0.5719,software,0.335
Samsung Buds Live,Accessories,5.0,good officer state forward public concern development plan,Flipkart,2024-11-07,0.4404,none,0.06
Samsung Charger 25W,Accessories,5.0,good compare until test store must exactly without,Flipkart,2024-07-01,0.4404,none,0.06
Samsung Galaxy A54,Smartphone,3.0,excellent of level investment need garden himself issue slow performance,Amazon,2024-09-23,0.5719,performance,0.41
Samsung Galaxy Tab A8,Smartphone,5.0,bad,Flipkart,2022-03-31,-0.5423,general_issue,0.47692
Samsung Galaxy S23,Smartphone,4.0,not great thus ten grow simple turn,Amazon,2023-08-31,-0.5096,none,0.33884
Samsung Galaxy Book 3,Smartphone,4.0,not great doctor religious shake consumer become two walk personal,Flipkart,2023-01-30,-0.6116,none,0.37964
Samsung Galaxy S22,Smartphone,3.0,good for basic usage,Amazon,2023-10-19,0.4404,none,0.21
Samsung Galaxy Tab S7 FE,Smartphone,5.0,average interest foot condition,Amazon,2024-11-18,0.4588,none,0.06
Samsung Galaxy M53,Smartphone,2.0,good issue charging problem,Flipkart,2022-06-18,0.0516,battery,0.485
Samsung Galaxy S23,Smartphone,5.0,waste of money every international budget middle charge big,Amazon,2022-07-16,-0.4215,battery,0.4286
Samsung Buds 2,Accessories,4.0,average nice forget different star,Amazon,2022-12-09,0.2263,none,0.135
Samsung Galaxy A14,Smartphone,5.0,average,Flipkart,2024-12-28,0.0,none,0.06
Samsung Galaxy M14,Smartphone,5.0,bad blue that i interview wonder,Amazon,2022-01-16,-0.5423,general_issue,0.47692
Samsung Charger 25W,Accessories,4.0,not great age top plant,Amazon,2022-05-15,-0.5975,none,0.374
Samsung Galaxy A34,Smartphone,4.0,waste of money campaign consumer great national whole,Amazon,2023-03-08,0.3182,general_issue,0.335
Samsung Charger 25W,Accessories,1.0,good sense free interesting,Amazon,2023-03-13,0.836,none,0.36
Samsung Galaxy M14,Smartphone,2.0,average media inside sometimes reveal baby position already issue slow performance,Flipkart,2024-05-18,0.0,performance,0.485
Samsung Galaxy M14,Smartphone,3.0,excellent pull nor what history nature local issue charging problem,Flipkart,2022-08-01,0.25,battery,0.41
Samsung Buds Live,Accessories,1.0,bad kind decade tell girl product yard issue camera quality is poor,Amazon,2023-02-26,-0.4939,camera,0.75756
Samsung Buds 2,Accessories,5.0,excellent purpose style by level,Amazon,2024-06-10,0.5719,software,0.26
Samsung Buds Live,Accessories,4.0,worth it executive because part because then,Amazon,2022-05-28,0.2263,none,0.135
Samsung Galaxy A14,Smartphone,2.0,bad issue battery draining fast,Amazon,2022-11-11,-0.5423,battery,0.7019200000000001
Samsung Buds 2,Accessories,5.0,worth it test carry who above second reflect scientist,Flipkart,2022-02-18,0.2263,none,0.06
Samsung Galaxy S21 FE,Smartphone,3.0,excellent issue camera quality is poor,Flipkart,2024-07-29,0.1531,camera,0.41
Samsung Galaxy A54,Smartphone,4.0,worth it he free style model mean participant letter,Amazon,2023-11-11,0.6369,none,0.135
Samsung Buds Live,Accessories,5.0,waste of money too per benefit fund,Flipkart,2022-03-19,0.0516,general_issue,0.26
Samsung Galaxy S23,Smartphone,3.0,waste of money issue display flickering,Amazon,2022-06-29,-0.4215,display,0.5786
Samsung Galaxy S23,Smartphone,4.0,bad give live camera clear grow travel,Flipkart,2022-05-31,-0.2263,camera,0.42552
Samsung Buds 2,Accessories,3.0,bad public significant pick human issue display flickering,Amazon,2022-04-22,-0.4019,display,0.5707600000000002
Samsung Galaxy M34,Smartphone,3.0,average technology voice tough democrat remember issue overheating issue,Flipkart,2022-12-31,-0.128,heating,0.4612
Samsung Galaxy A54,Smartphone,4.0,excellent task education color son,Amazon,2023-05-31,0.5719,none,0.135
Samsung Galaxy Book 2,Smartphone,3.0,worth it goal choose certainly land sort small just issue slow performance,Flipkart,2022-05-25,0.5106,performance,0.41
Samsung Galaxy M34,Smartphone,5.0,not great look machine support keep,Flipkart,2023-04-12,-0.1516,none,0.12064
Samsung Galaxy S23,Smartphone,5.0,not great ten this rise long water,Flipkart,2023-06-14,-0.5096,none,0.26384
Samsung Galaxy M14,Smartphone,4.0,excellent myself performance mouth throw enjoy choose every,Amazon,2024-04-14,0.7845,software,0.335
Samsung Galaxy M34,Smartphone,3.0,waste of money remember pattern commercial mouth leg,Flipkart,2024-03-05,-0.4215,general_issue,0.5786
Samsung Galaxy Tab S7 FE,Smartphone,5.0,bad others contain both,Amazon,2024-07-12,-0.5423,general_issue,0.47692
Samsung Galaxy M34,Smartphone,4.0,excellent despite pass international agree whether,Flipkart,2024-04-08,0.3798,none,0.135
Samsung Galaxy M34,Smartphone,4.0,average seven dog president scientist who yet usually,Flipkart,2024-06-05,0.0,none,0.135
Samsung Galaxy A34,Smartphone,4.0,excellent shoulder by stand seven movie baby hour,Amazon,2023-10-10,0.5719,none,0.135
Samsung Buds Live,Accessories,3.0,average environment wait much yourself cost sister issue battery draining fast,Amazon,2022-02-04,0.0,battery,0.41
Samsung Galaxy Book 2,Smartphone,3.0,not great issue overheating issue,Amazon,2024-03-08,-0.5096,heating,0.6138400000000002
Samsung Galaxy A14,Smartphone,5.0,bad future example deal show,Amazon,2022-08-31,-0.5423,general_issue,0.47692
Samsung Galaxy A34,Smartphone,3.0,good blue dinner consider her society model,Amazon,2024-12-31,0.4404,none,0.21
Samsung Galaxy Book 2,Smartphone,1.0,not great whose accept your book house issue display flickering,Amazon,2022-01-13,-0.6681,display,0.82724
Samsung Galaxy M53,Smartphone,5.0,good make article window vote,Flipkart,2022-05-10,0.4404,none,0.06
Samsung Galaxy Tab A8,Smartphone,1.0,worth it number week wait life administration interesting especially,Amazon,2022-04-04,0.5994,battery,0.56
Samsung Galaxy A34,Smartphone,2.0,worth it away conference upon cover trip red,Amazon,2022-05-29,0.2263,none,0.285
Samsung Galaxy Tab A8,Smartphone,2.0,bad issue battery draining fast,Amazon,2024-01-03,-0.5423,battery,0.7019200000000001
Samsung Galaxy Tab S7 FE,Smartphone,4.0,bad born staff anyone onto information federal mother,Amazon,2024-10-26,-0.5423,general_issue,0.55192
Samsung Galaxy Tab A8,Smartphone,4.0,excellent upon onto coach market case let join,Amazon,2022-08-06,0.7096,none,0.135
Samsung Galaxy Tab A8,Smartphone,4.0,not great upon grow admit understand wide it religious,Amazon,2023-08-17,-0.3599,none,0.27896
Samsung Buds Live,Accessories,2.0,not great difficult cover hot,Flipkart,2023-09-10,-0.2924,heating,0.60196
Samsung Galaxy M34,Smartphone,3.0,not great yourself campaign race raise project program population issue display flickering,Flipkart,2022-06-27,-0.5096,display,0.6138400000000002
Samsung Galaxy A14,Smartphone,5.0,waste of money stage lawyer some difficult college century road,Flipkart,2023-07-31,-0.6486,general_issue,0.51944
Samsung Galaxy A14,Smartphone,4.0,excellent serve natural site design inside college,Amazon,2024-06-15,0.7351,none,0.135
Samsung Galaxy S21 FE,Smartphone,2.0,bad situation most business behavior issue display flickering,Amazon,2024-02-21,-0.5423,display,0.7019200000000001
Samsung Galaxy A54,Smartphone,1.0,excellent live early degree far,Flipkart,2024-03-20,0.5719,none,0.36
Samsung Galaxy A14,Smartphone,3.0,average issue slow performance,Flipkart,2022-03-05,0.0,performance,0.41
Samsung Galaxy Tab S7 FE,Smartphone,4.0,bad recognize wrong term these four great,Flipkart,2024-08-28,-0.3612,general_issue,0.47948
Samsung Galaxy Tab A8,Smartphone,1.0,good girl increase government help college that issue battery draining fast,Amazon,2022-11-17,0.7845,battery,0.56
Samsung Galaxy Book 3,Smartphone,2.0,good nation have task employee issue camera quality is poor,Amazon,2024-12-28,-0.0516,camera,0.50564
Samsung Galaxy M14,Smartphone,2.0,waste of money something large rate collection issue battery draining fast,Flipkart,2023-03-27,-0.4215,battery,0.6536
Samsung Galaxy S23,Smartphone,5.0,waste of money later candidate heavy success same heart,Amazon,2022-10-07,0.2263,general_issue,0.26
Samsung Galaxy M34,Smartphone,3.0,bad issue slow performance,Flipkart,2024-03-11,-0.5423,performance,0.6269200000000001
Samsung Galaxy M53,Smartphone,4.0,excellent fast either may return grow at,Amazon,2023-08-28,0.5719,none,0.135
Samsung Galaxy Book 2,Smartphone,3.0,worth it various begin quality,Flipkart,2022-10-23,0.2263,none,0.21
Samsung Galaxy A14,Smartphone,5.0,bad value network moment as establish,Amazon,2023-09-03,-0.2732,connectivity,0.36928
Samsung Galaxy A54,Smartphone,2.0,worth it action issue parent young red professional field issue battery draining fast,Flipkart,2024-02-04,0.2263,battery,0.485
Samsung Galaxy A14,Smartphone,3.0,excellent whom begin ability claim us,Flipkart,2022-01-23,0.7184,none,0.21
Samsung Galaxy A54,Smartphone,3.0,waste of money health tree back left person family,Amazon,2022-10-17,-0.4215,general_issue,0.5786
Samsung Galaxy S22,Smartphone,4.0,excellent return challenge they,Flipkart,2022-09-10,0.6124,none,0.135
Samsung Galaxy M14,Smartphone,1.0,average born fire out step send happy decade,Flipkart,2022-03-27,0.3182,software,0.56
Samsung Soundbar,Other,4.0,build quality feels premium,Amazon,2022-01-11,0.0,build_quality,0.335
Samsung Charger 25W,Accessories,2.0,waste of money mean personal onto bit specific effort then,Flipkart,2024-03-18,-0.4215,general_issue,0.6536
Samsung Galaxy S22,Smartphone,3.0,not great dog say director artist stop least issue battery draining fast,Flipkart,2022-06-24,-0.6698,battery,0.6779200000000001
Samsung Galaxy S21 FE,Smartphone,5.0,worth it try sea project win,Amazon,2023-09-17,0.6908,none,0.06
Samsung Galaxy S21 FE,Smartphone,5.0,excellent head meet guess choose structure final,Amazon,2023-03-07,0.5719,software,0.26
Samsung Galaxy Tab S7 FE,Smartphone,4.0,excellent guy thousand in back at leg crime,Amazon,2023-12-06,0.0516,none,0.135
Samsung Galaxy Book 2,Smartphone,2.0,worth it minute both someone morning same tough majority,Amazon,2023-03-10,0.1027,none,0.285
Samsung Galaxy M34,Smartphone,1.0,bad issue charging problem,Flipkart,2024-04-25,-0.7351,battery,0.8540400000000001
Samsung Galaxy A34,Smartphone,4.0,average exactly of must maybe camera bed,Amazon,2024-11-15,0.0,camera,0.335
Samsung Galaxy S22,Smartphone,4.0,waste of money build born allow security through,Amazon,2022-10-19,0.128,build_quality,0.335
Samsung Galaxy Watch6,Smartphone,5.0,highly recommend to others,Flipkart,2022-11-26,0.4201,none,0.06
Samsung Galaxy M34,Smartphone,2.0,bad discover act social similar choose at threat,Amazon,2023-01-12,-0.7845,software,0.7988
Samsung Galaxy Tab A8,Smartphone,3.0,waste of money decide system movie write two east,Flipkart,2023-03-29,-0.4215,general_issue,0.5786
Samsung Galaxy A14,Smartphone,4.0,bad among about soon cost,Amazon,2023-06-02,-0.5423,software,0.55192
Samsung Galaxy Tab S7 FE,Smartphone,4.0,worth it attorney environment spring thank attack,Amazon,2023-02-02,0.0772,none,0.135
Samsung Galaxy S21 FE,Smartphone,3.0,excellent investment theory indicate away crime hit body,Amazon,2022-08-23,0.0516,none,0.21
Samsung Galaxy S22,Smartphone,2.0,average with reflect respond no thus crime issue slow performance,Flipkart,2023-01-07,-0.6908,performance,0.76132
Samsung Galaxy A54,Smartphone,3.0,bad become phone concern city blue collection,Amazon,2022-04-22,-0.5423,general_issue,0.6269200000000001
Samsung Buds 2,Accessories,3.0,not great reality weight realize as pull bill what,Flipkart,2024-08-02,-0.5096,none,0.41384
Samsung Galaxy S21 FE,Smartphone,4.0,average fish this yourself,Flipkart,2022-05-30,0.0,none,0.135
Samsung Buds Live,Accessories,3.0,average hold section available seek agreement personal whatever issue overheating issue,Amazon,2023-08-19,0.4939,heating,0.41
Samsung Galaxy S23,Smartphone,5.0,waste of money support lead must type,Flipkart,2022-05-18,-0.0258,general_issue,0.27032
Samsung Charger 25W,Accessories,4.0,average it remember party weight public security,Amazon,2023-05-29,0.6249,none,0.135
Samsung Galaxy Tab A8,Smartphone,2.0,waste of money issue battery draining fast,Amazon,2022-07-21,-0.4215,battery,0.6536
Samsung Galaxy S21 FE,Smartphone,4.0,average contain dinner name believe,Amazon,2023-02-09,0.0,none,0.135
Samsung Refrigerator,Other,3.0,great value for money,Amazon,2024-09-24,0.7579,none,0.21
Samsung Galaxy Tab S7 FE,Smartphone,4.0,worth it prepare talk along clearly during ready,Flipkart,2023-11-09,0.7269,none,0.135
Samsung Buds 2,Accessories,2.0,waste of money begin look stop quickly side product issue camera quality is poor,Amazon,2024-01-02,-0.7964,camera,0.80356
Samsung Galaxy S22,Smartphone,5.0,excellent section one finish tough,Amazon,2022-09-20,0.4939,none,0.06
Samsung Galaxy A34,Smartphone,4.0,not great question real later experience whatever change,Flipkart,2023-04-26,-0.5096,performance,0.53884
Samsung Galaxy A14,Smartphone,5.0,average edge believe seat set into,Amazon,2022-07-24,0.0,none,0.06
Samsung Galaxy Tab A8,Smartphone,3.0,excellent care performance scene word message land issue battery draining fast,Flipkart,2023-08-07,0.7845,battery,0.41
Samsung Galaxy Tab A8,Smartphone,2.0,worth it this recent politics him statement,Amazon,2022-05-23,0.2263,none,0.285
Samsung Galaxy A34,Smartphone,3.0,waste of money author this back my issue slow performance,Amazon,2023-02-01,-0.4215,performance,0.5786
Samsung Galaxy Book 2,Smartphone,1.0,good fly right others direction skill issue slow performance,Flipkart,2023-10-13,0.4404,performance,0.56
Samsung Galaxy M34,Smartphone,1.0,excellent dinner around sense often small box final single,Amazon,2024-09-22,0.5719,none,0.36
Samsung Galaxy A34,Smartphone,3.0,good possible whose trial issue slow performance,Flipkart,2024-07-11,0.4404,performance,0.41
Samsung Galaxy A54,Smartphone,5.0,average deal available sure,Flipkart,2023-11-04,0.3182,none,0.06
Samsung Galaxy S22,Smartphone,4.0,average set capital serious loss nothing hear,Flipkart,2023-09-19,-0.3818,software,0.48772
Samsung Galaxy M53,Smartphone,3.0,worth it movie industry indicate nature the reason,Amazon,2022-11-09,0.2263,none,0.21
Samsung Galaxy Tab S7 FE,Smartphone,2.0,average page pretty black institution,Flipkart,2024-01-17,0.4939,none,0.285
Samsung Galaxy A34,Smartphone,5.0,good college size have bring until full responsibility,Amazon,2023-10-10,0.4404,none,0.06
Samsung Galaxy Tab A8,Smartphone,1.0,good issue charging problem,Amazon,2024-05-27,0.0516,battery,0.56
Samsung Galaxy S22,Smartphone,5.0,worth it perhaps subject bag computer television,Amazon,2022-12-12,0.2263,none,0.06
Samsung Buds Live,Accessories,2.0,bad never decision certain room issue slow performance,Amazon,2022-01-10,-0.6501,performance,0.7450399999999999
Samsung Galaxy S22,Smartphone,4.0,good beautiful physical whether democrat trouble,Amazon,2023-10-04,0.6249,none,0.135
Samsung Galaxy Book 3,Smartphone,5.0,worth it goal leave thought method against shoulder,Amazon,2023-05-20,0.1779,none,0.06
Samsung Galaxy A54,Smartphone,2.0,average cause tonight country gun fact current develop issue overheating issue,Flipkart,2023-03-30,-0.34,heating,0.621
Samsung Galaxy S21 FE,Smartphone,4.0,bad include production everything half well night,Amazon,2024-06-12,-0.34,general_issue,0.471
Samsung Galaxy M53,Smartphone,3.0,good issue slow performance,Flipkart,2023-07-21,0.4404,performance,0.41
Samsung Galaxy M53,Smartphone,4.0,average institution capital democratic cup knowledge relationship per strong,Amazon,2024-01-07,0.5106,none,0.135
Samsung Galaxy Tab A8,Smartphone,1.0,excellent base task here adult stand finish fire issue battery draining fast,Amazon,2022-10-03,0.3182,battery,0.56
Samsung Galaxy M53,Smartphone,2.0,excellent may meeting staff four picture early,Flipkart,2023-11-11,0.5719,camera,0.485
Samsung Galaxy M53,Smartphone,4.0,excellent ahead add organization line leave,Amazon,2024-09-09,0.5423,none,0.135
Samsung Galaxy Book 2,Smartphone,4.0,excellent entire lot collection child international,Flipkart,2024-08-05,0.5719,none,0.135
Samsung Galaxy M14,Smartphone,3.0,waste of money issue battery draining fast,Amazon,2024-07-01,-0.4215,battery,0.5786
Samsung Galaxy M53,Smartphone,4.0,good bar for mission instead,Amazon,2024-01-05,0.4404,none,0.135
Samsung Buds 2,Accessories,4.0,not great benefit eat necessary its ask real speech,Amazon,2023-09-18,-0.6979,none,0.41416
Samsung Galaxy S23,Smartphone,5.0,waste of money north south continue century,Flipkart,2024-09-24,-0.4215,general_issue,0.4286
Samsung Buds 2,Accessories,5.0,bad wrong over land allow social,Flipkart,2022-08-11,-0.6908,general_issue,0.53632
Samsung Galaxy M14,Smartphone,5.0,excellent teach off daughter how artist,Flipkart,2022-12-26,0.5719,none,0.06
Samsung Galaxy S22,Smartphone,4.0,excellent seek million trip every appear,Amazon,2022-06-17,0.5719,software,0.335
Samsung Galaxy M34,Smartphone,4.0,worth it total example place others reach each speak receive,Amazon,2023-07-29,0.25,none,0.135
Samsung Charger 25W,Accessories,3.0,waste of money issue overheating issue,Amazon,2022-10-14,-0.4215,heating,0.5786
Samsung Galaxy Book 2,Smartphone,3.0,worth it both pass wish nothing phone beat laugh issue overheating issue,Flipkart,2023-02-07,0.1719,heating,0.41
Samsung Buds 2,Accessories,2.0,good issue display flickering,Amazon,2023-06-24,0.4404,display,0.485
Samsung Galaxy S22,Smartphone,1.0,average heavy happen professor authority level,Flipkart,2022-06-06,0.0772,software,0.56
Samsung Galaxy Book 2,Smartphone,4.0,good film up artist,Flipkart,2022-06-04,0.4404,none,0.135
Samsung Galaxy S22,Smartphone,3.0,excellent campaign later nor develop management,Amazon,2022-02-08,0.5719,none,0.21
Samsung Galaxy Book 2,Smartphone,5.0,average thousand tonight citizen century smile every,Flipkart,2024-11-04,0.3612,none,0.06
Samsung Galaxy S22,Smartphone,2.0,bad our window only figure,Flipkart,2022-03-05,-0.5423,general_issue,0.7019200000000001
Samsung Galaxy S21 FE,Smartphone,4.0,not great field stock stuff commercial official too,Amazon,2024-04-09,-0.5096,none,0.33884
Samsung Galaxy A54,Smartphone,3.0,waste of money stop short around different measure politics issue display flickering,Flipkart,2023-03-12,-0.6124,display,0.65496
Samsung Galaxy Book 2,Smartphone,4.0,good person use unit glass soldier,Flipkart,2022-03-17,0.4404,none,0.135
Samsung Galaxy M34,Smartphone,5.0,bad sister view month interview body avoid,Amazon,2023-06-18,-0.6908,general_issue,0.53632
Samsung Galaxy Tab A8,Smartphone,5.0,not great seek call task rather house,Amazon,2024-08-24,-0.5096,none,0.26384
Samsung Galaxy S21 FE,Smartphone,4.0,excellent finally firm low simply film always,Amazon,2022-11-01,0.3818,none,0.135
Samsung Galaxy S22,Smartphone,5.0,average voice wait father factor song those prepare entire,Amazon,2024-01-20,0.0,software,0.26
Samsung Galaxy A54,Smartphone,4.0,not great example view hear end special wonder a,Amazon,2024-03-14,-0.1516,none,0.19564
Samsung Galaxy M14,Smartphone,3.0,waste of money away before performance nor issue charging problem,Flipkart,2023-04-03,-0.1386,battery,0.46544
Samsung Buds Live,Accessories,4.0,not great entire everyone prevent,Flipkart,2023-08-19,-0.4929,none,0.33216
Samsung Galaxy Book 3,Smartphone,3.0,not great task four he weight blood husband issue overheating issue,Flipkart,2022-10-02,-0.5096,heating,0.6138400000000002
Samsung Galaxy A54,Smartphone,3.0,average man without marriage analysis past nor hair issue battery draining fast,Flipkart,2024-08-09,0.0,battery,0.41
Samsung Galaxy Book 3,Smartphone,4.0,good itself force decide sit hundred administration,Flipkart,2024-10-23,0.4404,none,0.135
Samsung Galaxy A34,Smartphone,4.0,worth it answer recently manage run,Flipkart,2024-11-11,0.2263,none,0.135
Samsung Buds Live,Accessories,5.0,waste of money expert much without enough parent much,Flipkart,2022-07-05,-0.4215,general_issue,0.4286
Samsung Galaxy S22,Smartphone,3.0,excellent college record bring move issue battery draining fast,Flipkart,2024-03-23,0.5719,battery,0.41
Samsung Galaxy M14,Smartphone,4.0,not great establish amount hard before,Amazon,2024-01-16,-0.571,none,0.3634
Samsung Charger 25W,Accessories,4.0,worth it animal check theory detail,Amazon,2024-10-25,0.2263,none,0.135
Samsung Galaxy S22,Smartphone,4.0,good happy or never push adult sign,Flipkart,2022-01-22,0.765,software,0.335
Samsung Galaxy A14,Smartphone,3.0,bad money left management certainly identify issue battery draining fast,Flipkart,2023-05-05,-0.2732,battery,0.51928
Samsung Buds Live,Accessories,4.0,waste of money see trip treatment travel watch,Amazon,2022-12-06,-0.4215,general_issue,0.5036
Samsung Galaxy S22,Smartphone,5.0,bad walk thing those family,Amazon,2024-11-18,-0.5423,software,0.47692
Samsung Galaxy Book 2,Smartphone,4.0,excellent nation reason role according home forward,Flipkart,2022-10-15,0.5719,none,0.135
Samsung Galaxy Tab A8,Smartphone,4.0,not great on change author need let may,Flipkart,2024-07-02,-0.5096,performance,0.53884
Samsung Galaxy M34,Smartphone,4.0,average collection year agreement realize strategy trial build,Flipkart,2022-11-23,0.4939,build_quality,0.335
Samsung QLED TV,TV,2.0,not as expected returning it,Amazon,2023-01-02,0.0,none,0.285
Samsung Galaxy S22,Smartphone,1.0,waste of money early across stuff page house program share issue overheating issue,Flipkart,2022-10-27,-0.1531,heating,0.62124
Samsung Air Conditioner,Other,5.0,highly recommend to others,Amazon,2024-09-17,0.4201,none,0.06
Samsung Buds 2,Accessories,2.0,waste of money arm girl option also her task change issue overheating issue,Flipkart,2024-01-05,-0.4215,heating,0.6536
Samsung Galaxy A54,Smartphone,1.0,good enough have room film,Flipkart,2022-03-24,0.4404,none,0.36
Samsung Buds 2,Accessories,3.0,bad usually thing single language international leader sport,Amazon,2023-03-25,-0.5423,general_issue,0.6269200000000001
Samsung Galaxy M14,Smartphone,1.0,not great she religious treatment feeling,Amazon,2024-09-25,-0.4203,none,0.5281199999999999
Samsung Galaxy S21 FE,Smartphone,5.0,average over into too alone value father real,Amazon,2023-04-20,0.1027,none,0.06
Samsung Galaxy Tab S7 FE,Smartphone,4.0,waste of money wait instead decide couple stop all finish,Flipkart,2022-05-09,-0.6124,general_issue,0.57996
Samsung Galaxy A54,Smartphone,5.0,waste of money value significant able,Flipkart,2023-06-26,0.1027,general_issue,0.26
Samsung Galaxy Tab A8,Smartphone,4.0,good prepare still high size,Flipkart,2024-01-27,0.4404,none,0.135
Samsung Galaxy S23,Smartphone,2.0,not great along energy sort argue special theory decide hope issue display flickering,Amazon,2023-04-25,-0.2283,display,0.5763199999999999
Samsung Galaxy A34,Smartphone,4.0,good must after fine,Flipkart,2022-03-29,0.5719,none,0.135
Samsung Galaxy Tab A8,Smartphone,2.0,waste of money issue slow performance,Flipkart,2023-02-28,-0.4215,performance,0.6536
Samsung Galaxy Tab S7 FE,Smartphone,4.0,bad writer administration particularly central city thousand reveal,Flipkart,2024-11-26,-0.5423,general_issue,0.55192
Samsung Galaxy Tab A8,Smartphone,5.0,bad cell almost where subject high pick,Amazon,2024-01-10,-0.5423,software,0.47692
Samsung Galaxy Tab A8,Smartphone,1.0,bad use upon teacher sea yourself husband,Amazon,2024-03-05,-0.5423,general_issue,0.77692
Samsung Galaxy Tab S7 FE,Smartphone,3.0,average last hope several issue overheating issue,Flipkart,2024-08-19,0.4404,heating,0.41
Samsung Galaxy A34,Smartphone,4.0,average seven from operation movement best stand,Amazon,2024-07-20,0.6369,none,0.135
Samsung Buds Live,Accessories,5.0,good stuff behavior realize note,Flipkart,2022-04-06,0.4404,none,0.06
Samsung Galaxy Tab S7 FE,Smartphone,3.0,waste of money network standard significant tend enough do third,Flipkart,2022-03-23,-0.25,connectivity,0.51
Samsung Galaxy A54,Smartphone,4.0,excellent decision likely authority hold main example consider,Amazon,2023-10-26,0.6124,none,0.135
Samsung Galaxy A54,Smartphone,5.0,excellent defense production big security,Flipkart,2022-07-31,0.765,none,0.06
Samsung Galaxy Book 3,Smartphone,3.0,not great issue display flickering,Flipkart,2024-12-03,-0.5096,display,0.6138400000000002
Samsung Galaxy M53,Smartphone,3.0,excellent strong investment lose give fall consider space issue display flickering,Flipkart,2023-07-15,0.6486,display,0.41
Samsung Galaxy Tab S7 FE,Smartphone,4.0,good degree economic want father,Flipkart,2023-06-24,0.4939,sound,0.335
Samsung Galaxy M34,Smartphone,4.0,good worry with fall my fly hundred,Flipkart,2022-12-23,0.0,none,0.135
Samsung Galaxy S23,Smartphone,4.0,average forget build important prepare move plan stop again,Flipkart,2024-02-11,-0.3182,build_quality,0.46228
Samsung Galaxy A54,Smartphone,3.0,good sea weight effect factor eye,Amazon,2024-02-15,0.4404,none,0.21
Samsung Galaxy Tab S7 FE,Smartphone,5.0,waste of money road agree let,Amazon,2024-01-19,-0.0772,general_issue,0.29088
Samsung Galaxy M14,Smartphone,4.0,excellent what what eat participant question still,Amazon,2022-06-09,0.5719,none,0.135
Samsung Galaxy S23,Smartphone,4.0,not great today environment church,Flipkart,2024-11-24,-0.5096,none,0.33884
Samsung Galaxy M34,Smartphone,4.0,bad world feel foot give,Amazon,2023-05-31,-0.5423,general_issue,0.55192
Samsung Buds 2,Accessories,4.0,worth it show develop reveal,Flipkart,2024-02-10,0.2263,none,0.135
Samsung Galaxy S22,Smartphone,5.0,excellent memory chance rise term about statement catch,Amazon,2023-04-02,0.6908,none,0.06
Samsung Buds Live,Accessories,3.0,waste of money standard campaign couple try star production scene,Amazon,2024-11-23,-0.4215,general_issue,0.5786
Samsung Galaxy M14,Smartphone,2.0,bad base buy ground drug once interview positive issue battery draining fast,Flipkart,2024-04-11,0.0258,battery,0.485
Samsung Galaxy Book 2,Smartphone,4.0,excellent left approach executive collection,Flipkart,2023-12-24,0.5719,software,0.335
Samsung Galaxy S22,Smartphone,2.0,good business center effort later,Amazon,2023-12-08,0.4404,none,0.285
Samsung Buds 2,Accessories,4.0,excellent involve meeting test official amount,Flipkart,2024-09-24,0.5719,none,0.135
Samsung Galaxy Tab A8,Smartphone,4.0,good father cell from according soldier,Amazon,2024-09-14,0.4404,none,0.135
Samsung Buds 2,Accessories,4.0,worth it another available hair,Amazon,2022-01-14,0.2263,none,0.135
Samsung Charger 25W,Accessories,3.0,average up soon sea school speak score imagine,Amazon,2024-10-24,0.0,none,0.21
Samsung Galaxy Tab A8,Smartphone,4.0,waste of money parent dark agent born common,Flipkart,2022-10-12,-0.4215,general_issue,0.5036
Samsung Charger 25W,Accessories,4.0,excellent adult south recognize,Amazon,2024-06-19,0.5719,none,0.135
Samsung Galaxy A14,Smartphone,4.0,bad should boy despite represent really section,Flipkart,2022-12-06,-0.5423,general_issue,0.55192
Samsung Galaxy Tab A8,Smartphone,1.0,good contain security week try per personal issue battery draining fast,Flipkart,2023-04-17,0.6486,battery,0.56
Samsung Galaxy Tab S7 FE,Smartphone,2.0,good wall ahead north time issue charging problem,Amazon,2022-06-07,0.0516,battery,0.485
Samsung Galaxy A34,Smartphone,5.0,not great including bring for force movie ahead whom,Flipkart,2024-11-19,-0.5096,none,0.26384
Samsung Galaxy Tab S7 FE,Smartphone,1.0,bad kid either law,Flipkart,2023-07-30,-0.5423,general_issue,0.77692
Samsung Galaxy M14,Smartphone,4.0,average police state computer country red sea if,Amazon,2023-03-10,0.0,none,0.135
Samsung Galaxy A54,Smartphone,2.0,good issue battery draining fast,Flipkart,2022-11-04,0.4404,battery,0.485
Samsung Buds Live,Accessories,2.0,waste of money once coach she better live soldier,Amazon,2023-01-18,0.0258,general_issue,0.485
Samsung Buds 2,Accessories,5.0,bad fast food talk event nice tonight prove medical,Amazon,2022-11-19,-0.1779,general_issue,0.33116
Samsung Galaxy Tab A8,Smartphone,1.0,excellent administration turn movement recently may boy type,Flipkart,2024-01-12,0.5719,none,0.36
Samsung Galaxy A14,Smartphone,4.0,good able person consumer game few drive think,Amazon,2022-08-31,0.4404,none,0.135
Samsung Charger 25W,Accessories,4.0,good option discover across citizen,Flipkart,2023-04-17,0.4404,software,0.335
Samsung Galaxy Tab S7 FE,Smartphone,5.0,bad trouble environment other imagine treatment,Flipkart,2024-04-29,-0.7351,general_issue,0.5540400000000001
Samsung Crystal UHD TV,TV,1.0,great value for money,Flipkart,2023-11-08,0.7579,none,0.36
Samsung Buds Live,Accessories,4.0,bad some page appear southern mouth,Amazon,2022-08-21,-0.5423,software,0.55192
Samsung Buds 2,Accessories,5.0,excellent over year remain center down,Amazon,2024-09-13,0.5719,none,0.06
Samsung Galaxy S22,Smartphone,5.0,worth it decade town determine let consider,Flipkart,2024-09-07,0.2263,none,0.06
Samsung Washing Machine,Other,2.0,not worth the price,Amazon,2024-09-08,-0.1695,none,0.3528
Samsung Galaxy A14,Smartphone,3.0,good sort top office issue charging problem,Amazon,2023-03-08,0.25,battery,0.41
Samsung Galaxy Tab S7 FE,Smartphone,4.0,worth it issue develop seek require protect window threat,Flipkart,2022-11-27,0.0258,software,0.335
Samsung Buds Live,Accessories,3.0,excellent mention else message next black decade professor eye,Flipkart,2024-04-21,0.5719,none,0.21
Samsung Galaxy S22,Smartphone,4.0,not great black base second conference open,Flipkart,2022-02-15,-0.5096,none,0.33884
Samsung Galaxy A34,Smartphone,2.0,bad part create wind big miss here easy wait,Amazon,2023-05-15,-0.0258,general_issue,0.49532
Samsung Galaxy A34,Smartphone,4.0,waste of money interview product movie against move wish suggest,Amazon,2022-03-30,-0.0258,general_issue,0.34532
Samsung Galaxy M14,Smartphone,4.0,worth it fight new avoid fund myself author key,Flipkart,2022-09-19,-0.4404,none,0.31116
Samsung Buds 2,Accessories,5.0,waste of money world ability like book,Flipkart,2022-11-26,0.25,general_issue,0.26
Samsung Galaxy S22,Smartphone,4.0,worth it family week international rate kitchen,Amazon,2022-10-03,0.2263,none,0.135
Samsung Galaxy S22,Smartphone,3.0,bad issue display flickering,Flipkart,2024-11-15,-0.5423,display,0.6269200000000001
Samsung Galaxy Tab S7 FE,Smartphone,3.0,excellent issue display flickering,Amazon,2022-03-22,0.5719,display,0.41
Samsung Galaxy Tab S7 FE,Smartphone,1.0,good outside end style yes feeling process give issue battery draining fast,Flipkart,2022-10-28,0.7269,battery,0.56
Samsung Charger 25W,Accessories,4.0,bad where technology republican,Flipkart,2022-04-25,-0.5423,general_issue,0.55192
Samsung Galaxy S22,Smartphone,4.0,good that mind admit opportunity popular yeah also consumer,Amazon,2022-12-07,0.8885,none,0.135
Samsung Galaxy S23,Smartphone,4.0,average buy thought second,Amazon,2023-06-13,0.0,none,0.135
Samsung Galaxy S22,Smartphone,3.0,not great back ability four next bed area quality church issue overheating issue,Flipkart,2023-01-04,-0.6435,heating,0.6674
Samsung Galaxy M14,Smartphone,5.0,excellent tree hand game add clearly yet so,Amazon,2024-11-24,0.8625,none,0.06
Samsung Galaxy S22,Smartphone,4.0,good of after door or team scene,Flipkart,2024-04-10,0.4404,none,0.135
Samsung Galaxy S22,Smartphone,3.0,excellent discussion up nothing gas throughout tend office issue battery draining fast,Flipkart,2022-02-08,0.5719,battery,0.41
Samsung Galaxy M53,Smartphone,5.0,waste of money minute quite process option subject capital century,Amazon,2023-08-04,-0.4215,software,0.4286
Samsung Galaxy Tab S7 FE,Smartphone,5.0,average left boy certain guy law,Flipkart,2022-06-25,0.2732,none,0.06
Samsung Galaxy Book 3,Smartphone,4.0,not great mind three pass debate kind market,Amazon,2023-03-20,0.0274,none,0.135
Samsung Buds Live,Accessories,5.0,average outside door husband staff,Flipkart,2024-07-08,0.0,none,0.06
Samsung Galaxy M14,Smartphone,4.0,not great but factor size spring enjoy reduce house,Amazon,2024-08-23,0.4859,none,0.135
Samsung Galaxy Watch6,Smartphone,1.0,excellent product very satisfied,Amazon,2024-09-13,0.7778,none,0.36
Samsung Galaxy S22,Smartphone,4.0,worth it significant teach must manage husband country,Flipkart,2022-12-16,0.4019,none,0.135
Samsung Galaxy M34,Smartphone,3.0,waste of money opportunity minute save million protect issue camera quality is poor,Amazon,2023-03-26,0.4019,camera,0.41
Samsung Galaxy M14,Smartphone,4.0,bad school discover sense free gas,Flipkart,2024-04-21,-0.0516,general_issue,0.35564
Samsung Galaxy A34,Smartphone,3.0,bad well scene imagine smile fact doctor issue overheating issue,Amazon,2022-10-20,0.0258,heating,0.41
Samsung Galaxy S23,Smartphone,5.0,bad professor nature painting recent several voice language,Amazon,2023-01-08,-0.5423,general_issue,0.47692
Samsung Galaxy Tab A8,Smartphone,5.0,excellent last much focus pattern,Flipkart,2024-11-12,0.5719,camera,0.26
Samsung Galaxy M53,Smartphone,3.0,average measure nearly hundred step state,Amazon,2023-06-26,0.0,none,0.21
Samsung Galaxy Tab A8,Smartphone,2.0,excellent data red high ever into follow issue battery draining fast,Flipkart,2022-12-10,0.5719,battery,0.485
Samsung Galaxy A34,Smartphone,4.0,waste of money condition which doctor body,Flipkart,2023-12-03,-0.4215,general_issue,0.5036
Samsung Buds Live,Accessories,5.0,bad opportunity difficult number indeed land debate play our,Amazon,2024-07-17,-0.128,general_issue,0.3112
Samsung Galaxy Book 3,Smartphone,3.0,worth it issue battery draining fast,Flipkart,2022-05-21,0.2263,battery,0.41
Samsung Galaxy M53,Smartphone,4.0,worth it ever beyond agency back in fine,Flipkart,2023-04-16,0.4019,none,0.135
Samsung Galaxy M34,Smartphone,2.0,average issue camera quality is poor,Flipkart,2024-02-14,-0.4767,camera,0.6756800000000001
Samsung Galaxy Tab A8,Smartphone,4.0,excellent around method door someone interest those,Amazon,2024-02-29,0.7717,software,0.335
Samsung Crystal UHD TV,TV,1.0,delivery was delayed but the product is great,Flipkart,2022-09-28,0.7351,performance,0.56
Samsung Galaxy A54,Smartphone,5.0,very userfriendly interface,Amazon,2022-08-11,0.0,software,0.26
Samsung Galaxy M34,Smartphone,4.0,waste of money someone kid these stage chair,Amazon,2022-02-03,-0.4215,general_issue,0.5036
Samsung Buds 2,Accessories,4.0,bad price or new guess add time drug word,Flipkart,2023-02-19,-0.5423,general_issue,0.55192
Samsung Galaxy S22,Smartphone,2.0,worth it gun away summer voice gun issue battery draining fast,Amazon,2024-12-06,-0.4404,battery,0.66116
Samsung Galaxy Tab S7 FE,Smartphone,1.0,excellent issue display flickering,Flipkart,2024-10-29,0.5719,display,0.56
Samsung Galaxy M14,Smartphone,4.0,waste of money attorney program than between place security,Flipkart,2024-05-09,-0.1027,general_issue,0.37608
Samsung Galaxy M34,Smartphone,5.0,good peace ask now cell institution,Amazon,2022-11-03,0.7506,none,0.06
Samsung Galaxy S23,Smartphone,4.0,good employee there public however,Flipkart,2022-07-17,0.4404,none,0.135
Samsung Galaxy A34,Smartphone,5.0,excellent consider interview while send body thank,Flipkart,2022-12-30,0.7351,none,0.06
Samsung Galaxy A14,Smartphone,1.0,bad pressure such why thus learn mr thank issue battery draining fast,Flipkart,2024-09-01,-0.4939,battery,0.75756
Samsung Charger 25W,Accessories,2.0,waste of money yes social main hand mouth issue charging problem,Amazon,2022-03-21,0.1027,battery,0.485
Samsung Buds 2,Accessories,5.0,waste of money myself out may think,Flipkart,2024-12-24,-0.4215,general_issue,0.4286
Samsung Galaxy S21 FE,Smartphone,3.0,good teacher act bank certainly party enter knowledge,Flipkart,2024-10-27,0.7906,none,0.21
Samsung Galaxy M53,Smartphone,5.0,worth it remember need language radio type,Flipkart,2022-08-29,0.2263,none,0.06
Samsung Galaxy S21 FE,Smartphone,4.0,excellent rich spring material structure sport edge receive full,Amazon,2022-07-10,0.8074,build_quality,0.335
Samsung Galaxy Tab A8,Smartphone,5.0,not great gas quality student trip exist enough culture,Flipkart,2024-09-14,-0.5096,none,0.26384
Samsung Charger 25W,Accessories,3.0,excellent energy east mission six,Amazon,2022-09-24,0.7003,none,0.21
Samsung Galaxy A14,Smartphone,1.0,good prove physical yes poor,Amazon,2022-01-03,0.3612,general_issue,0.56
Samsung Galaxy Tab S7 FE,Smartphone,1.0,worth it customer future our too think issue overheating issue,Flipkart,2024-06-02,0.2263,heating,0.56
Samsung Galaxy Tab A8,Smartphone,4.0,not great respond specific enter most,Flipkart,2024-12-05,-0.5096,software,0.53884
Samsung Galaxy M34,Smartphone,1.0,bad certainly conference culture meeting growth ball phone issue battery draining fast,Amazon,2024-05-11,0.128,battery,0.56
Samsung Galaxy Book 3,Smartphone,1.0,worth it issue display flickering,Flipkart,2024-01-29,0.2263,display,0.56
Samsung Galaxy S21 FE,Smartphone,5.0,waste of money station heavy hotel hard,Flipkart,2022-03-30,-0.4939,heating,0.45756
Samsung Charger 25W,Accessories,3.0,not great issue display flickering,Amazon,2024-12-21,-0.5096,display,0.6138400000000002
Samsung Galaxy Tab S7 FE,Smartphone,1.0,worth it almost simply affect issue slow performance,Amazon,2024-05-28,0.2263,performance,0.56
Samsung Galaxy A14,Smartphone,4.0,bad table friend director attention threat,Flipkart,2023-04-15,-0.5719,general_issue,0.56376
Samsung Galaxy A14,Smartphone,4.0,good kid choose health if,Flipkart,2024-09-14,0.4404,software,0.335
Samsung Galaxy S22,Smartphone,3.0,worth it city us i history yourself amount several issue overheating issue,Amazon,2024-02-20,0.2263,heating,0.41
Samsung Galaxy Z Fold5,Smartphone,4.0,speaker quality is amazing,Flipkart,2023-12-19,0.5859,sound,0.335
Samsung Galaxy Tab S7 FE,Smartphone,4.0,waste of money ability especially total today,Amazon,2022-07-20,-0.128,general_issue,0.3862
Samsung Galaxy A54,Smartphone,3.0,average box might condition office edge,Flipkart,2024-05-21,0.0,none,0.21
Samsung Galaxy Tab A8,Smartphone,4.0,good suddenly long talk list,Flipkart,2022-10-02,0.4404,none,0.135
Samsung Galaxy Book 3,Smartphone,4.0,bad analysis perform upon accept about,Flipkart,2023-06-06,-0.2263,general_issue,0.42552
Samsung Galaxy Book 3,Smartphone,4.0,waste of money activity natural family happen early,Amazon,2024-09-04,-0.0772,software,0.36588
Samsung Buds Live,Accessories,1.0,excellent anyone chance off state issue battery draining fast,Flipkart,2023-04-22,0.6908,battery,0.56
Samsung Galaxy S22,Smartphone,4.0,waste of money foot agent note late social try consumer,Flipkart,2022-06-21,-0.4215,general_issue,0.5036
Samsung Galaxy S22,Smartphone,4.0,bad success about safe treatment party as according these,Flipkart,2023-08-04,0.7003,general_issue,0.335
Samsung Galaxy Tab A8,Smartphone,5.0,excellent standard factor practice kitchen note discover generation,Amazon,2024-04-16,0.5719,none,0.06
Samsung Galaxy A54,Smartphone,3.0,bad issue camera quality is poor,Flipkart,2023-06-12,-0.765,camera,0.7160000000000002
Samsung Buds 2,Accessories,3.0,average authority throughout begin feeling full issue overheating issue,Flipkart,2023-01-23,0.2023,heating,0.41
Samsung Galaxy M53,Smartphone,1.0,average sometimes class six their issue display flickering,Amazon,2022-01-12,0.0,display,0.56
Samsung Galaxy A54,Smartphone,3.0,waste of money her old government mouth drug,Amazon,2022-01-15,-0.4215,general_issue,0.5786
Samsung Galaxy S23,Smartphone,2.0,average fast stock you performance issue battery draining fast,Amazon,2024-12-06,0.0,battery,0.485
Samsung Galaxy Tab A8,Smartphone,1.0,good issue camera quality is poor,Flipkart,2022-08-30,-0.0516,camera,0.58064
Samsung Galaxy M53,Smartphone,4.0,worth it along language will word road enough,Amazon,2024-11-30,0.2263,none,0.135
Samsung Galaxy M14,Smartphone,4.0,average sense much writer whole half education,Amazon,2022-01-15,0.0,none,0.135
Samsung Galaxy M53,Smartphone,4.0,good defense rest parent in must,Flipkart,2024-02-08,0.5267,none,0.135
Samsung Galaxy A34,Smartphone,3.0,average left community buy call able indicate various,Flipkart,2023-02-25,0.0,none,0.21
Samsung Galaxy Book 3,Smartphone,3.0,average far goal myself office commercial issue camera quality is poor,Flipkart,2023-10-09,-0.4767,camera,0.6006800000000001
Samsung Buds Live,Accessories,4.0,average factor myself difficult,Flipkart,2024-04-17,-0.3612,none,0.27948
Samsung Buds 2,Accessories,5.0,worth it school next paper,Amazon,2024-01-12,0.2263,none,0.06
Samsung Galaxy M53,Smartphone,5.0,bad against girl increase page election difference ten,Flipkart,2022-08-07,-0.296,general_issue,0.3784
Samsung Charger 25W,Accessories,4.0,average television fly structure feel difficult government,Amazon,2022-11-13,-0.3612,none,0.27948
Samsung Galaxy S23,Smartphone,5.0,waste of money find my simply wait recently benefit,Flipkart,2024-05-22,0.0516,general_issue,0.26
Samsung Galaxy A54,Smartphone,2.0,battery life could be better,Amazon,2023-06-04,0.4404,battery,0.485
Samsung Buds Live,Accessories,1.0,bad issue slow performance,Amazon,2023-06-20,-0.5423,performance,0.77692
Samsung Galaxy Tab S7 FE,Smartphone,2.0,bad debate talk guess especially enjoy on issue slow performance,Flipkart,2024-05-17,-0.0018,performance,0.48572
Samsung Galaxy M34,Smartphone,5.0,good less heart lose try tax,Flipkart,2024-01-19,0.1226,software,0.26
Samsung Galaxy A14,Smartphone,5.0,average price choose notice rate well,Flipkart,2023-07-19,0.2732,software,0.26
Samsung Galaxy Watch6,Smartphone,3.0,delivery was delayed but the product is great,Flipkart,2024-03-24,0.7351,performance,0.41
Samsung Galaxy S21 FE,Smartphone,4.0,bad great staff particular best book field for,Flipkart,2023-02-22,0.7003,general_issue,0.335
Samsung Galaxy A54,Smartphone,4.0,excellent performance whole data eye oil get watch,Flipkart,2024-04-26,0.5719,none,0.135
Samsung Galaxy S23,Smartphone,3.0,good heavy main them five visit leave issue overheating issue,Amazon,2024-09-15,0.4019,heating,0.41
Samsung Galaxy A34,Smartphone,4.0,not great then along agreement choice practice usually keep,Amazon,2023-01-02,-0.0243,none,0.14472
Samsung Buds 2,Accessories,2.0,not great issue display flickering,Amazon,2024-01-29,-0.5096,display,0.6888400000000001
Samsung Buds 2,Accessories,3.0,bad production heavy even store have into issue slow performance,Flipkart,2024-09-17,-0.5423,performance,0.6269200000000001
Samsung Buds 2,Accessories,4.0,bad picture follow behind goal,Amazon,2023-06-04,-0.5423,camera,0.55192
Samsung Galaxy S21 FE,Smartphone,2.0,not great mention life realize admit issue camera quality is poor,Flipkart,2023-09-21,-0.6802,battery,0.75708
Samsung Buds Live,Accessories,4.0,average ten then position main several,Amazon,2023-12-07,0.0,software,0.335
Samsung Galaxy A34,Smartphone,4.0,not great someone scene interview teach he draw already,Amazon,2024-03-26,-0.5096,none,0.33884
Samsung Buds 2,Accessories,2.0,excellent control later our society tonight summer no issue display flickering,Flipkart,2022-10-10,0.3612,display,0.485
Samsung Galaxy A34,Smartphone,3.0,worth it different scene baby no sign world,Flipkart,2022-09-01,-0.0772,none,0.2408799999999999
Samsung Charger 25W,Accessories,4.0,waste of money democrat fast marriage near rather,Amazon,2023-04-16,-0.4215,general_issue,0.5036
Samsung Galaxy A34,Smartphone,4.0,average laugh test tax chair player despite,Flipkart,2024-07-03,0.5574,none,0.135
Samsung Galaxy Book 2,Smartphone,5.0,waste of money consumer sport a after,Amazon,2022-11-28,-0.4215,general_issue,0.4286
Samsung Galaxy A54,Smartphone,4.0,average describe writer news see population offer,Flipkart,2022-07-25,0.0,none,0.135
Samsung Galaxy Book 2,Smartphone,1.0,average military short beautiful artist join little mrs star,Flipkart,2023-03-16,0.7269,none,0.36
Samsung Galaxy M14,Smartphone,2.0,good imagine tend indeed draw there probably issue overheating issue,Amazon,2024-11-07,0.4404,heating,0.485
Samsung Galaxy Tab A8,Smartphone,4.0,not great collection finally society hope mission wait,Amazon,2024-03-31,-0.1012,none,0.17548
Samsung Buds 2,Accessories,4.0,good decade ball mention all character,Flipkart,2023-11-25,0.4404,none,0.135
Samsung Galaxy Book 3,Smartphone,4.0,good so far pay fall thank positive nice,Amazon,2022-04-17,0.8785,software,0.335
Samsung Galaxy Buds2,Smartphone,3.0,excellent product very satisfied,Amazon,2022-11-26,0.7778,none,0.21
Samsung Galaxy S21 FE,Smartphone,4.0,worth it page between fast successful against address stay attention,Flipkart,2024-03-07,0.6908,none,0.135
Samsung Galaxy Tab A8,Smartphone,4.0,not great recently oil work special prove they,Amazon,2022-01-11,-0.1516,none,0.19564
Samsung Galaxy A14,Smartphone,5.0,average its member political pay road respond,Amazon,2022-07-06,-0.1027,none,0.10108
Samsung Refrigerator,Other,5.0,speaker quality is amazing,Flipkart,2022-10-25,0.5859,sound,0.26
Samsung Galaxy A34,Smartphone,4.0,not great during between red party,Amazon,2024-08-23,-0.1516,none,0.19564
Samsung Galaxy Book 2,Smartphone,4.0,excellent degree reflect tree always congress own public,Amazon,2024-06-10,0.5719,none,0.135
Samsung Galaxy Book 3,Smartphone,5.0,excellent person traditional picture,Flipkart,2022-06-30,0.5719,camera,0.26
Samsung Galaxy M53,Smartphone,4.0,not great pattern with state probably society early,Flipkart,2022-05-12,-0.5096,none,0.33884
Samsung Buds Live,Accessories,3.0,not great miss general form court issue display flickering,Flipkart,2023-06-23,-0.431,display,0.5824
Samsung Galaxy Tab S7 FE,Smartphone,5.0,good find drive data we pay,Amazon,2023-03-31,0.3612,none,0.06
Samsung Galaxy A54,Smartphone,5.0,bad computer able traditional within usually change however,Amazon,2024-01-30,-0.5423,performance,0.47692
Samsung Charger 25W,Accessories,5.0,good drop east beautiful story of,Flipkart,2022-06-13,0.6908,none,0.06
Samsung Charger 25W,Accessories,3.0,bad near live dinner issue charging problem,Flipkart,2022-03-19,-0.7351,battery,0.70404
Samsung Galaxy M14,Smartphone,4.0,bad rest continue strong list offer,Amazon,2024-02-27,-0.0516,general_issue,0.35564
Samsung Galaxy M14,Smartphone,3.0,good under nor fall adult catch myself management,Flipkart,2024-03-31,0.4404,none,0.21
Samsung Buds Live,Accessories,5.0,bad rise hair rule story seven tv,Amazon,2024-12-03,-0.5423,general_issue,0.47692
Samsung Galaxy Book 2,Smartphone,3.0,not great baby affect card tonight issue overheating issue,Flipkart,2023-08-10,-0.5096,heating,0.6138400000000002
Samsung Galaxy Tab A8,Smartphone,3.0,bad science five purpose continue business mean sound issue display flickering,Flipkart,2022-04-28,-0.5423,display,0.6269200000000001
Samsung Galaxy Tab S7 FE,Smartphone,3.0,average page mind main customer low away,Flipkart,2022-12-25,-0.2732,none,0.31928
Samsung Galaxy S23,Smartphone,3.0,not great officer entire beyond teacher,Amazon,2024-10-09,-0.5096,none,0.41384
Samsung Buds 2,Accessories,4.0,good marriage week feel change college do book,Flipkart,2024-06-18,0.4404,performance,0.335
Samsung Galaxy Tab S7 FE,Smartphone,5.0,worth it responsibility job activity away piece nice hit,Amazon,2022-01-22,0.5719,none,0.06
Samsung Galaxy M14,Smartphone,4.0,bad technology social edge summer visit some,Flipkart,2023-02-18,-0.5423,general_issue,0.55192
Samsung Charger 25W,Accessories,4.0,waste of money shake choice skin size,Flipkart,2024-11-27,-0.5423,general_issue,0.55192
Samsung Galaxy A14,Smartphone,5.0,average institution born exist government design some seat,Flipkart,2023-08-09,0.0,none,0.06
Samsung Charger 25W,Accessories,3.0,waste of money chance girl glass exactly visit develop,Flipkart,2023-02-03,-0.2023,general_issue,0.49092
Samsung Galaxy A14,Smartphone,1.0,waste of money care save resource according whom single term,Amazon,2022-03-10,0.5574,general_issue,0.56
Samsung Buds 2,Accessories,4.0,bad another help model task wide,Amazon,2024-11-11,-0.2023,general_issue,0.41592
Samsung Galaxy Tab S7 FE,Smartphone,5.0,not great offer hold become especially high plan want,Amazon,2024-11-22,-0.4079,none,0.22316
Samsung Galaxy A54,Smartphone,3.0,waste of money rise water weight age issue display flickering,Amazon,2023-04-20,-0.4215,display,0.5786
Samsung Galaxy A14,Smartphone,5.0,bad indeed story prepare face page let,Amazon,2022-12-14,-0.5423,general_issue,0.47692
Samsung Galaxy A54,Smartphone,4.0,not as expected returning it,Flipkart,2022-03-15,0.0,none,0.135
Samsung Galaxy S21 FE,Smartphone,5.0,excellent popular force can edge black either,Flipkart,2024-01-07,0.7579,none,0.06
Samsung Buds Live,Accessories,4.0,average politics easy the approach,Amazon,2023-05-05,0.4404,software,0.335
Samsung Buds 2,Accessories,4.0,worth it bar meet finish total baby physical set,Amazon,2022-01-01,0.2263,none,0.135
Samsung Galaxy Tab S7 FE,Smartphone,3.0,worth it sport possible low night more simply goal issue charging problem,Amazon,2022-11-19,-0.4404,battery,0.58616
Samsung Galaxy A14,Smartphone,3.0,not great hope health wind check defense tend approach issue camera quality is poor,Flipkart,2022-06-27,-0.8074,camera,0.7329600000000001
Samsung Galaxy M14,Smartphone,5.0,average discover water shoulder education begin have campaign particularly,Flipkart,2023-07-20,0.0,none,0.06
Samsung Galaxy A34,Smartphone,5.0,good level push sport behavior,Amazon,2024-03-29,0.4404,none,0.06
Samsung Galaxy Book 2,Smartphone,1.0,average gun fine important hope stay when issue slow performance,Flipkart,2023-12-25,0.4767,performance,0.56
Samsung Galaxy Tab A8,Smartphone,4.0,not great art class list,Flipkart,2024-03-20,-0.5096,none,0.33884
Samsung Charger 25W,Accessories,4.0,good recognize character want organization,Flipkart,2024-04-10,0.4939,none,0.135
Samsung Galaxy Tab A8,Smartphone,5.0,not great always end tax least certain guess million,Flipkart,2023-02-15,-0.6259,none,0.31036
Samsung Galaxy Tab A8,Smartphone,4.0,bad management event majority first deep everything,Amazon,2024-11-26,-0.5423,general_issue,0.55192
Samsung Galaxy A14,Smartphone,5.0,not great ability middle ball end manager capital indeed,Amazon,2022-02-01,-0.6435,none,0.3174
Samsung Charger 25W,Accessories,1.0,not great field however newspaper rest figure,Amazon,2022-05-21,-0.5096,none,0.5638400000000001
Samsung Galaxy Tab A8,Smartphone,5.0,waste of money blood professor line hand office cut,Flipkart,2022-07-04,-0.1779,general_issue,0.33116
Samsung Galaxy Tab S7 FE,Smartphone,5.0,bad season remember help perform generation,Amazon,2023-08-06,-0.2023,general_issue,0.34092
Samsung Galaxy S21 FE,Smartphone,4.0,average hour their career when,Flipkart,2023-12-14,0.0,none,0.135
Samsung Buds Live,Accessories,2.0,not great issue slow performance,Amazon,2023-12-13,-0.5096,performance,0.6888400000000001
Samsung Galaxy S21 FE,Smartphone,4.0,worth it let become actually expert tend somebody,Flipkart,2023-07-21,0.2263,none,0.135
Samsung Galaxy Book 2,Smartphone,3.0,bad land listen table agent study issue display flickering,Flipkart,2023-04-09,-0.5423,display,0.6269200000000001
Samsung Galaxy M14,Smartphone,2.0,worth it born himself vote lead onto issue charging problem,Flipkart,2023-02-03,-0.2023,battery,0.56592
Samsung Galaxy M53,Smartphone,4.0,bad guess fish season our,Flipkart,2024-07-20,-0.5423,general_issue,0.55192
Samsung Galaxy A14,Smartphone,1.0,worth it relationship store pull research trouble cover like issue battery draining fast,Flipkart,2024-04-07,0.1779,battery,0.56
Samsung Galaxy S22,Smartphone,2.0,average way baby continue evening network all develop star issue display flickering,Flipkart,2022-01-10,0.0,display,0.485
Samsung Galaxy A14,Smartphone,5.0,bad difficult to minute forget walk,Flipkart,2023-06-19,-0.7845,general_issue,0.5738000000000001
Samsung Galaxy S21 FE,Smartphone,4.0,average operation store occur someone despite forward address serve,Flipkart,2022-12-25,0.0,none,0.135
Samsung Galaxy A14,Smartphone,5.0,excellent investment senior draw lead,Flipkart,2024-04-13,0.5719,none,0.06
Samsung Galaxy A54,Smartphone,1.0,waste of money apply summer republican throw,Flipkart,2024-11-02,-0.4215,software,0.7286000000000001
Samsung Galaxy M34,Smartphone,5.0,good produce summer we improve region,Amazon,2022-08-07,0.7003,none,0.06
Samsung Galaxy Tab S7 FE,Smartphone,5.0,worth it of wall people learn best,Flipkart,2022-05-29,0.7269,none,0.06
Samsung Buds Live,Accessories,3.0,good choice everyone itself yet,Flipkart,2024-10-27,0.4404,none,0.21
Samsung Galaxy S22,Smartphone,2.0,average spend relationship hard create,Flipkart,2023-08-26,0.1779,none,0.285
Samsung Galaxy Book 3,Smartphone,4.0,excellent offer little staff,Amazon,2023-11-28,0.5719,none,0.135
Samsung Galaxy A14,Smartphone,2.0,worth it age account mouth ever million health issue slow performance,Amazon,2022-08-28,0.2263,performance,0.485
Samsung Galaxy Book 3,Smartphone,4.0,average run then heavy,Flipkart,2024-11-17,0.0,none,0.135
Samsung Buds Live,Accessories,4.0,average believe decision hold ago nor tree ground stop,Amazon,2023-06-12,0.2235,none,0.135
Samsung Galaxy M53,Smartphone,4.0,excellent population born energy during change push,Amazon,2023-05-28,0.7003,performance,0.335
Samsung Buds Live,Accessories,3.0,not great issue battery draining fast,Amazon,2024-06-25,-0.5096,battery,0.6138400000000002
Samsung Galaxy S23,Smartphone,5.0,worth it to outside behind suffer,Flipkart,2024-02-12,-0.3818,none,0.21272
Samsung Galaxy A34,Smartphone,4.0,average rather stock production series gun reflect onto police,Amazon,2024-09-17,-0.34,none,0.271
Samsung Galaxy M53,Smartphone,4.0,average growth where in certainly add nor indeed,Amazon,2023-05-14,0.6124,none,0.135
Samsung Galaxy A14,Smartphone,3.0,waste of money second say white,Flipkart,2023-11-27,-0.4215,general_issue,0.5786
Samsung Galaxy Book 3,Smartphone,5.0,bad office various between everybody smile cut,Amazon,2024-07-28,-0.4767,general_issue,0.45068
Samsung Galaxy A14,Smartphone,5.0,excellent little industry show win,Flipkart,2024-08-01,0.804,none,0.06
Samsung Galaxy S23,Smartphone,3.0,not great decision glass positive practice start,Flipkart,2022-02-26,0.0788,software,0.41
Samsung Galaxy Tab S7 FE,Smartphone,1.0,excellent final hair old general issue battery draining fast,Flipkart,2024-09-14,0.5719,battery,0.56
Samsung Charger 25W,Accessories,4.0,excellent together skill during,Amazon,2022-08-27,0.5719,none,0.135
Samsung Galaxy Tab S7 FE,Smartphone,4.0,average can during offer public party treatment,Flipkart,2023-06-13,0.4019,none,0.135
Samsung Galaxy A54,Smartphone,3.0,worth it situation yes skin become have,Flipkart,2022-05-19,0.5574,none,0.21
Samsung Galaxy Tab A8,Smartphone,4.0,not great front spring win office behind blood,Amazon,2024-02-23,0.1295,none,0.135
Samsung Galaxy A14,Smartphone,4.0,bad account remember know memory hotel same information cause,Flipkart,2023-03-28,-0.5423,heating,0.55192
Samsung Galaxy Book 3,Smartphone,3.0,excellent traditional firm accept run management bring ready issue battery draining fast,Amazon,2023-04-16,0.8316,battery,0.41
Samsung Galaxy Book 2,Smartphone,5.0,good nearly body million participant peace well writer,Flipkart,2023-10-09,0.8176,none,0.06
Samsung Galaxy Tab A8,Smartphone,5.0,waste of money create campaign understand job,Flipkart,2024-04-24,-0.1779,general_issue,0.33116
Samsung Galaxy M14,Smartphone,3.0,not great these indeed wind system raise again issue display flickering,Flipkart,2023-12-25,-0.5096,display,0.6138400000000002
Samsung Galaxy S21 FE,Smartphone,4.0,good image hear wife political talk two,Amazon,2024-11-23,0.4404,none,0.135
Samsung Galaxy M53,Smartphone,1.0,waste of money decide child method security painting step after,Flipkart,2022-01-20,-0.1027,general_issue,0.6010800000000001
Samsung Buds 2,Accessories,5.0,worth it focus bank pattern become,Flipkart,2023-06-24,0.2263,camera,0.26
Samsung Charger 25W,Accessories,3.0,average trial hit appear wait best issue charging problem,Amazon,2023-05-24,0.3612,battery,0.41
Samsung Charger 25W,Accessories,4.0,average sound address simple increase site main physical,Flipkart,2023-08-12,0.3182,sound,0.335
Samsung QLED TV,TV,2.0,nice product but a bit overpriced,Flipkart,2022-07-10,0.2263,none,0.285
Samsung Galaxy A54,Smartphone,3.0,waste of money form daughter apply personal customer beyond decision issue battery draining fast,Flipkart,2024-03-28,-0.4215,battery,0.5786
Samsung Galaxy S21 FE,Smartphone,4.0,good lawyer full animal,Flipkart,2023-12-02,0.4404,none,0.135
Samsung Galaxy Tab A8,Smartphone,4.0,excellent tax others six little voice else return,Amazon,2022-06-05,0.5719,none,0.135
Samsung Charger 25W,Accessories,4.0,bad again guess good day fund read from,Flipkart,2023-01-01,-0.1531,general_issue,0.39624
Samsung Galaxy S21 FE,Smartphone,2.0,bad issue display flickering,Amazon,2024-09-02,-0.5423,display,0.7019200000000001
Samsung Galaxy M53,Smartphone,4.0,worth it staff last again,Amazon,2023-10-05,0.2263,none,0.135
Samsung Galaxy Book 3,Smartphone,5.0,good leader agency good deep represent help,Flipkart,2023-12-26,0.8176,none,0.06
Samsung Galaxy A54,Smartphone,4.0,good republican religious drop available road business,Amazon,2023-03-24,0.2023,none,0.135
Samsung Galaxy Watch6,Smartphone,5.0,very userfriendly interface,Flipkart,2023-07-06,0.0,software,0.26
Samsung Galaxy S21 FE,Smartphone,4.0,excellent message hot wrong hotel,Flipkart,2023-01-10,0.1531,heating,0.335
Samsung Galaxy Tab S7 FE,Smartphone,3.0,worth it finally good approach likely issue charging problem,Flipkart,2023-01-25,0.2732,battery,0.41
Samsung Charger 25W,Accessories,4.0,good beautiful quickly want role put,Flipkart,2024-10-18,0.7964,software,0.335
Samsung Galaxy M14,Smartphone,5.0,not great people which medical small,Amazon,2023-02-13,-0.5096,none,0.26384
Samsung Galaxy S22,Smartphone,4.0,not great likely ago during catch,Flipkart,2023-04-26,-0.5096,none,0.33884
Samsung Galaxy M14,Smartphone,1.0,average glass business just certainly second wind shake issue camera quality is poor,Amazon,2023-05-11,-0.34,camera,0.696
Samsung Charger 25W,Accessories,4.0,good door threat memory over very rest,Amazon,2023-06-28,-0.128,none,0.1862
Samsung Galaxy M14,Smartphone,3.0,waste of money service phone power,Amazon,2023-02-28,-0.4215,battery,0.5786
Samsung Buds Live,Accessories,2.0,bad company discover cost issue camera quality is poor,Amazon,2023-04-15,-0.765,camera,0.7910000000000001
Samsung Galaxy S23,Smartphone,5.0,not great describe industry many work,Amazon,2023-02-20,-0.5096,none,0.26384
Samsung Charger 25W,Accessories,4.0,average best energy true bad democrat continue lot,Amazon,2023-05-27,0.6808,general_issue,0.335
Samsung Buds Live,Accessories,1.0,excellent where customer example report member get issue slow performance,Flipkart,2023-12-31,0.5719,performance,0.56
Samsung Galaxy Tab A8,Smartphone,4.0,average sell include lead threat bill,Flipkart,2022-11-16,-0.5267,none,0.34568
Samsung Galaxy Tab A8,Smartphone,4.0,waste of money force produce meeting benefit option here,Flipkart,2022-08-07,0.0516,general_issue,0.335
Samsung Galaxy S23,Smartphone,1.0,not great determine draw stand whether successful performance trouble issue charging problem,Amazon,2022-09-03,-0.5986,battery,0.7994400000000002
Samsung Galaxy Tab S7 FE,Smartphone,5.0,average true one cultural mention nothing line oil,Flipkart,2022-06-10,0.4215,none,0.06
Samsung Galaxy Book 2,Smartphone,4.0,worth it media gas why quality,Amazon,2024-10-05,0.2263,none,0.135
Samsung Buds 2,Accessories,2.0,bad evening production movement risk issue overheating issue,Flipkart,2022-01-14,-0.6808,heating,0.75732
Samsung Galaxy M34,Smartphone,4.0,excellent evening food perhaps successful baby and building face,Amazon,2022-03-28,0.8176,build_quality,0.335
Samsung Galaxy Book 2,Smartphone,3.0,good age out community,Flipkart,2024-09-14,0.4404,none,0.21
Samsung Galaxy Book 3,Smartphone,4.0,worth it smile new section along concern everybody argue,Flipkart,2024-01-31,0.25,none,0.135
Samsung Buds 2,Accessories,4.0,waste of money protect while issue point art,Flipkart,2023-10-08,-0.0516,general_issue,0.35564
Samsung Galaxy S22,Smartphone,4.0,average arm dream far reach each any front,Amazon,2024-10-05,0.2732,none,0.135
Samsung QLED TV,TV,5.0,heats up sometimes during heavy usage,Flipkart,2023-07-17,0.0,heating,0.26
Samsung Galaxy S22,Smartphone,4.0,not great fall hot middle above i share with degree,Flipkart,2024-10-02,-0.2718,heating,0.44372
Samsung Galaxy Book 3,Smartphone,3.0,good yet blood lot do song issue overheating issue,Amazon,2023-01-10,0.4404,heating,0.41
Samsung Charger 25W,Accessories,1.0,bad this investment huge line everyone capital day,Amazon,2024-11-12,-0.296,general_issue,0.6784000000000001
Samsung Buds Live,Accessories,4.0,bad quality we technology common stay represent course,Flipkart,2023-07-28,-0.5423,general_issue,0.55192
Samsung Galaxy Book 3,Smartphone,2.0,worth it rise see official issue charging problem,Flipkart,2024-03-25,-0.2023,battery,0.56592
Samsung Charger 25W,Accessories,3.0,good issue overheating issue,Amazon,2023-03-31,0.4404,heating,0.41
Samsung Galaxy S21 FE,Smartphone,4.0,good drug around establish,Amazon,2022-09-20,0.4404,none,0.135
Samsung Galaxy A14,Smartphone,4.0,good recent accept key each popular,Amazon,2022-04-21,0.8074,none,0.135
Samsung Crystal UHD TV,TV,5.0,good for basic usage,Flipkart,2024-12-12,0.4404,none,0.06
Samsung Galaxy A34,Smartphone,4.0,good box brother though campaign dog clearly,Amazon,2024-05-16,0.6808,none,0.135
Samsung Crystal UHD TV,TV,5.0,highly recommend to others,Flipkart,2024-09-06,0.4201,none,0.06
Samsung Galaxy Tab A8,Smartphone,5.0,good woman wear anything note well poor describe school,Amazon,2022-03-08,0.2263,general_issue,0.26
Samsung Galaxy Tab S7 FE,Smartphone,5.0,not great research available north ready step spring couple,Flipkart,2024-10-26,-0.2008,none,0.14032
Samsung Galaxy Watch6,Smartphone,3.0,build quality feels premium,Amazon,2023-12-13,0.0,build_quality,0.41
Samsung Buds 2,Accessories,4.0,good happen to per break full culture participant source,Flipkart,2024-03-17,0.4404,software,0.335
Samsung Galaxy Book 3,Smartphone,5.0,excellent drug mr west almost,Flipkart,2022-12-24,0.5719,software,0.26
Samsung Galaxy S21 FE,Smartphone,3.0,average issue display flickering,Amazon,2024-07-25,0.0,display,0.41
Samsung Galaxy S23,Smartphone,4.0,average force he miss race where wall,Amazon,2022-09-04,-0.1531,none,0.19624
Samsung Galaxy S21 FE,Smartphone,3.0,excellent wish key everybody unit rule security,Flipkart,2024-11-27,0.8316,none,0.21
Samsung Buds 2,Accessories,4.0,bad often well within,Amazon,2024-07-31,-0.34,general_issue,0.471
Samsung Air Conditioner,Other,3.0,love the camera quality,Flipkart,2023-10-09,0.6369,camera,0.41
Samsung Galaxy A34,Smartphone,3.0,not great heart enjoy customer exist issue slow performance,Flipkart,2022-01-18,-0.7115,performance,0.6946000000000001
Samsung Galaxy M14,Smartphone,4.0,excellent treatment enjoy mission field under because,Amazon,2022-01-25,0.7845,none,0.135
Samsung Galaxy Tab A8,Smartphone,2.0,good join order or east issue charging problem,Flipkart,2023-03-08,0.34,battery,0.485
Samsung Galaxy A54,Smartphone,4.0,good between back side environment stage environment,Amazon,2024-02-17,0.4404,none,0.135
Samsung Galaxy A54,Smartphone,5.0,bad eat property any nation ask reduce,Flipkart,2022-07-26,-0.5423,general_issue,0.47692
Samsung Galaxy S23,Smartphone,4.0,excellent world hospital big least many,Flipkart,2023-10-29,0.5719,software,0.335
Samsung Galaxy S23,Smartphone,2.0,excellent magazine out better which the who north physical,Flipkart,2024-01-11,0.765,none,0.285
Samsung Galaxy Tab S7 FE,Smartphone,5.0,not great at provide establish economic positive mr,Flipkart,2023-06-16,0.0788,sound,0.26
Samsung Galaxy A14,Smartphone,5.0,bad politics student hospital without election,Amazon,2023-01-19,-0.5423,software,0.47692
Samsung Buds Live,Accessories,1.0,not great issue charging problem,Amazon,2023-06-23,-0.7179,battery,0.8471600000000001
Samsung Galaxy A54,Smartphone,5.0,good through best peace camera morning quite book,Amazon,2023-05-01,0.891,camera,0.26
Samsung Air Conditioner,Other,5.0,software updates are slow,Amazon,2023-07-06,0.0,performance,0.26
Samsung Galaxy S21 FE,Smartphone,5.0,bad in politics guy catch member health democrat,Amazon,2024-08-23,-0.5423,general_issue,0.47692
Samsung Galaxy A34,Smartphone,5.0,worth it civil back bank make important evidence,Amazon,2023-12-04,0.4019,none,0.06
Samsung Galaxy A54,Smartphone,3.0,bad one course own no tax race including issue display flickering,Flipkart,2024-01-20,-0.6908,display,0.68632
Samsung Galaxy S21 FE,Smartphone,4.0,worth it do small actually behind well world,Amazon,2023-01-12,0.4588,none,0.135
Samsung Galaxy A54,Smartphone,3.0,good inside knowledge center real,Flipkart,2024-10-18,0.4404,none,0.21
Samsung Galaxy M34,Smartphone,5.0,average seek too require send may it win,Flipkart,2024-05-18,0.5859,software,0.26
Samsung Buds 2,Accessories,5.0,waste of money mrs pretty form every nation sound head song,Flipkart,2023-03-08,0.1027,sound,0.26
Samsung Buds Live,Accessories,5.0,worth it instead everyone leader sometimes drop box,Flipkart,2024-05-08,-0.0516,none,0.08064
Samsung Galaxy A54,Smartphone,4.0,bad method vote lead,Flipkart,2024-02-02,-0.5423,general_issue,0.55192
Samsung Galaxy A34,Smartphone,5.0,bad write interview gun anyone create among participant,Amazon,2024-01-18,-0.5859,general_issue,0.49436
Samsung Galaxy M53,Smartphone,3.0,average issue camera quality is poor,Amazon,2024-03-31,-0.4767,camera,0.6006800000000001
Samsung Galaxy M53,Smartphone,5.0,good expect tv themselves,Amazon,2023-07-27,0.4404,none,0.06
Samsung Galaxy Tab S7 FE,Smartphone,4.0,worth it marriage recently office offer,Flipkart,2024-07-12,0.2263,none,0.135
Samsung Galaxy Book 3,Smartphone,4.0,average weight change operation community one,Flipkart,2023-01-04,0.0,performance,0.335
Samsung Buds 2,Accessories,5.0,waste of money light town growth find else big,Flipkart,2022-09-26,-0.0516,general_issue,0.28064
Samsung Charger 25W,Accessories,5.0,waste of money back little than government think some,Amazon,2023-04-14,-0.4215,general_issue,0.4286
Samsung Buds Live,Accessories,5.0,average third choose perhaps,Flipkart,2022-07-24,0.0,software,0.26
Samsung Galaxy A54,Smartphone,3.0,not great issue camera quality is poor,Flipkart,2023-07-07,-0.7502,camera,0.71008
Samsung Buds 2,Accessories,4.0,average real finish lot drug,Flipkart,2023-04-28,0.0,none,0.135
Samsung Galaxy Tab A8,Smartphone,5.0,bad herself there have,Flipkart,2024-06-04,-0.5423,general_issue,0.47692
Samsung Galaxy S23,Smartphone,4.0,good woman doctor hospital blue,Amazon,2024-02-20,0.4404,software,0.335
Samsung Galaxy S21 FE,Smartphone,5.0,average model exactly thought air,Amazon,2023-02-06,0.0,none,0.06
Samsung Galaxy M14,Smartphone,3.0,waste of money money wish physical go billion,Amazon,2022-10-26,-0.0258,general_issue,0.4203199999999999
Samsung Galaxy A34,Smartphone,1.0,average people price tree program year stay,Amazon,2022-11-03,0.0,none,0.36
Samsung Galaxy M14,Smartphone,4.0,average million seat represent company about city guy,Amazon,2024-08-26,0.0,none,0.135
Samsung Galaxy A14,Smartphone,2.0,worth it source focus set turn,Flipkart,2022-01-20,0.2263,camera,0.485
Samsung Galaxy Book 3,Smartphone,5.0,bad,Flipkart,2022-12-28,-0.5423,general_issue,0.47692
Samsung Galaxy M14,Smartphone,5.0,bad collection house half,Flipkart,2024-05-13,-0.5423,general_issue,0.47692
Samsung Buds 2,Accessories,4.0,average her born painting clearly without,Flipkart,2024-10-20,0.4019,none,0.135
Samsung Washing Machine,Other,1.0,good for basic usage,Flipkart,2022-10-03,0.4404,none,0.36
Samsung Galaxy S21 FE,Smartphone,4.0,good head especially though according oil may,Amazon,2024-11-24,0.4404,none,0.135
Samsung Buds Live,Accessories,3.0,bad spring civil cell his small two issue battery draining fast,Flipkart,2024-12-29,-0.5423,battery,0.6269200000000001
Samsung Galaxy Tab A8,Smartphone,1.0,average network decision later girl animal run,Flipkart,2023-10-09,0.0,connectivity,0.56
Samsung Air Conditioner,Other,1.0,software updates are slow,Flipkart,2024-09-23,0.0,performance,0.56
Samsung Galaxy Book 3,Smartphone,3.0,worth it report might seem man fact than so,Amazon,2023-09-07,0.2263,none,0.21
Samsung Galaxy S23,Smartphone,5.0,waste of money employee happy assume keep peace,Amazon,2023-05-29,0.6597,software,0.26
Samsung Buds 2,Accessories,1.0,waste of money authority against medical alone system little pattern issue slow performance,Flipkart,2022-04-08,-0.5423,performance,0.77692
Samsung Galaxy Book 3,Smartphone,4.0,bad reason dark produce only bag energy wonder particularly,Amazon,2024-03-26,-0.34,general_issue,0.471
Samsung Galaxy Book 2,Smartphone,5.0,average wonder information clearly wear town,Flipkart,2022-07-22,0.4019,none,0.06
Samsung Buds Live,Accessories,4.0,not great choose us care someone peace increase authority local,Flipkart,2022-12-01,0.7189,software,0.335
Samsung Galaxy M53,Smartphone,1.0,bad ago official sound something magazine stage issue camera quality is poor,Flipkart,2022-05-03,-0.765,camera,0.8660000000000001
Samsung Galaxy S22,Smartphone,4.0,excellent couple likely future,Flipkart,2023-03-18,0.5719,none,0.135
Samsung Buds Live,Accessories,1.0,not great almost left already,Amazon,2023-06-05,-0.5096,software,0.7638400000000001
Samsung Galaxy Tab S7 FE,Smartphone,3.0,average tax recognize side particular issue charging problem,Amazon,2024-09-02,-0.4019,battery,0.5707600000000002
Samsung Galaxy Tab S7 FE,Smartphone,4.0,waste of money effort born recently prevent despite,Amazon,2022-07-17,-0.4019,general_issue,0.49576
Samsung Galaxy M34,Smartphone,5.0,average guess market billion table give,Flipkart,2024-07-10,0.0,none,0.06
Samsung Galaxy S21 FE,Smartphone,4.0,waste of money country mean little check let school this gas,Amazon,2023-11-17,-0.4215,general_issue,0.5036
Samsung Galaxy Tab S7 FE,Smartphone,5.0,worth it attention ahead discover full risk,Flipkart,2023-06-17,-0.0516,none,0.08064
Samsung Galaxy Tab S7 FE,Smartphone,5.0,not great magazine though player nice,Amazon,2024-01-10,-0.1265,none,0.1106
Samsung Galaxy S21 FE,Smartphone,4.0,bad middle morning respond player record,Flipkart,2024-01-08,-0.5423,general_issue,0.55192
Samsung Buds 2,Accessories,3.0,not great that white eat particularly mother issue display flickering,Amazon,2023-06-12,-0.5096,display,0.6138400000000002
Samsung Galaxy S22,Smartphone,5.0,excellent conference morning face model suggest,Flipkart,2023-12-06,0.5719,none,0.06
Samsung Galaxy M14,Smartphone,5.0,average sell though later,Amazon,2022-02-10,0.0,none,0.06
Samsung Galaxy M53,Smartphone,4.0,average easy exactly style,Amazon,2024-04-23,0.4404,none,0.135
Samsung Buds 2,Accessories,5.0,not great smile new main,Amazon,2022-09-06,-0.6602,none,0.32408
Samsung Galaxy S21 FE,Smartphone,3.0,not great piece agree bit marriage feeling company,Flipkart,2023-12-21,-0.5999,none,0.4499599999999999
Samsung Buds Live,Accessories,5.0,bad left hour hear project foot owner,Amazon,2023-02-12,-0.5423,general_issue,0.47692
Samsung Galaxy M14,Smartphone,4.0,bad science trouble low into that,Flipkart,2022-12-24,-0.8074,general_issue,0.6579600000000001
Samsung Galaxy A14,Smartphone,4.0,not great add myself politics deal century player,Amazon,2023-08-06,-0.5096,none,0.33884
Samsung Galaxy A34,Smartphone,1.0,bad finally stuff radio spring issue display flickering,Amazon,2023-12-29,-0.5423,display,0.77692
Samsung Galaxy M14,Smartphone,4.0,worth it green describe body instead site,Amazon,2023-10-28,0.2263,none,0.135
Samsung Galaxy Book 3,Smartphone,2.0,good water somebody control particularly scene form effort issue overheating issue,Amazon,2024-11-11,0.4404,heating,0.485
Samsung Galaxy Tab A8,Smartphone,2.0,average prevent occur bill issue slow performance,Amazon,2024-09-25,0.0258,performance,0.485
Samsung QLED TV,TV,2.0,amazing display quality,Flipkart,2024-07-04,0.5859,display,0.485
Samsung Galaxy Tab A8,Smartphone,3.0,good issue camera quality is poor,Amazon,2022-06-10,-0.0516,camera,0.4306399999999999
Samsung Buds Live,Accessories,3.0,average study matter if professor,Amazon,2024-02-20,0.0258,none,0.21
Samsung Buds 2,Accessories,2.0,worth it issue charging problem,Flipkart,2023-08-10,-0.2023,battery,0.56592
Samsung Galaxy A14,Smartphone,4.0,not great conference drive body,Amazon,2024-08-07,-0.5096,none,0.33884
Samsung Charger 25W,Accessories,2.0,not great age charge world apply be within close,Amazon,2022-10-24,-0.5096,battery,0.6888400000000001
Samsung Galaxy S21 FE,Smartphone,5.0,not great sit conference them two new future lawyer perhaps,Flipkart,2022-12-10,-0.5096,none,0.26384
Samsung Galaxy Tab S7 FE,Smartphone,3.0,good issue overheating issue,Flipkart,2023-11-22,0.4404,heating,0.41
Samsung Buds 2,Accessories,5.0,bad fly bit i involve without,Flipkart,2024-05-13,-0.5423,general_issue,0.47692
Samsung Buds Live,Accessories,4.0,average civil along think care story,Amazon,2024-04-08,0.4939,none,0.135
Samsung Galaxy Book 3,Smartphone,5.0,excellent far allow person chair thousand,Flipkart,2022-05-27,0.6808,none,0.06
Samsung Galaxy S21 FE,Smartphone,4.0,excellent knowledge myself direction large realize,Amazon,2022-06-12,0.5719,none,0.135
Samsung Galaxy M14,Smartphone,4.0,average ability option condition,Flipkart,2022-11-28,0.3182,none,0.135
Samsung Galaxy S23,Smartphone,1.0,good major she action sea,Amazon,2023-12-05,0.4404,none,0.36
Samsung Galaxy A54,Smartphone,3.0,worth it issue camera quality is poor,Amazon,2023-04-13,-0.296,camera,0.5284
Samsung Galaxy S21 FE,Smartphone,3.0,waste of money bag effect apply worker range environment actually,Flipkart,2023-10-05,-0.4215,software,0.5786
Samsung Galaxy S21 FE,Smartphone,3.0,average see sister with there total issue display flickering,Amazon,2023-10-11,0.0,display,0.41
Samsung Galaxy Tab A8,Smartphone,4.0,waste of money heavy quality another,Amazon,2023-08-20,-0.4215,general_issue,0.5036
Samsung Galaxy Book 3,Smartphone,2.0,average issue overheating issue,Amazon,2023-07-02,0.0,heating,0.485
Samsung Galaxy M53,Smartphone,4.0,excellent ever at great cup chair measure major,Amazon,2024-03-20,0.8316,none,0.135
Samsung Buds 2,Accessories,5.0,worth it network six eat avoid,Flipkart,2023-07-10,-0.0772,connectivity,0.29088
Samsung Buds 2,Accessories,5.0,average expect concern conference can,Flipkart,2024-06-30,0.0,none,0.06
Samsung Galaxy A14,Smartphone,2.0,not great issue battery draining fast,Amazon,2024-01-14,-0.5096,battery,0.6888400000000001
Samsung Buds 2,Accessories,4.0,excellent attention behavior cost character drive clearly,Amazon,2024-12-02,0.7506,software,0.335
Samsung Galaxy S23,Smartphone,4.0,average relate talk stock note why,Amazon,2024-07-11,0.0,none,0.135
Samsung Galaxy S23,Smartphone,4.0,waste of money may pm onto not character form,Flipkart,2024-04-27,-0.4215,general_issue,0.5036
Samsung Galaxy M53,Smartphone,4.0,bad guess fish season our,Flipkart,2022-12-09,-0.5423,general_issue,0.55192
Samsung Galaxy A54,Smartphone,4.0,bad ground level career within,Amazon,2023-01-12,-0.5423,general_issue,0.55192
Samsung Galaxy Book 3,Smartphone,4.0,good discussion cost road human,Amazon,2022-02-17,0.4404,software,0.335
Samsung Galaxy Book 3,Smartphone,2.0,waste of money state term lot future trip my,Flipkart,2022-09-14,-0.4215,general_issue,0.6536
Samsung Galaxy A34,Smartphone,4.0,bad possible democrat establish bad camera,Flipkart,2023-04-26,-0.7906,camera,0.65124
Samsung Galaxy M53,Smartphone,5.0,average hair sort former yard key type option,Amazon,2023-05-31,0.0,none,0.06
Samsung Washing Machine,Other,4.0,excellent product very satisfied,Amazon,2022-06-13,0.7778,none,0.135
Samsung QLED TV,TV,2.0,very durable and reliable,Amazon,2023-03-08,0.0,none,0.285
Samsung Galaxy M34,Smartphone,3.0,average issue slow performance,Amazon,2022-12-08,0.0,performance,0.41
Samsung Galaxy S23,Smartphone,5.0,waste of money require country young capital bring sense sound,Amazon,2024-03-24,-0.4215,sound,0.4286
Samsung Charger 25W,Accessories,3.0,good major can alone might issue camera quality is poor,Amazon,2022-07-30,-0.296,camera,0.5284
Samsung Galaxy M53,Smartphone,4.0,waste of money standard maybe its you security read baby,Amazon,2022-07-15,-0.1027,general_issue,0.37608
Samsung Galaxy S21 FE,Smartphone,4.0,bad paper space man,Amazon,2022-05-11,-0.5423,general_issue,0.55192
Samsung Galaxy M53,Smartphone,3.0,waste of money administration group else second find word,Flipkart,2024-08-27,-0.4215,general_issue,0.5786
Samsung Galaxy A54,Smartphone,4.0,not great clearly share prevent radio carry,Flipkart,2022-04-21,-0.7461,none,0.43344
Samsung Galaxy A54,Smartphone,4.0,waste of money ball fish participant his computer late,Amazon,2022-02-23,-0.4215,general_issue,0.5036
Samsung Buds Live,Accessories,1.0,excellent manage recently moment easy possible among small issue battery draining fast,Flipkart,2024-03-24,0.765,battery,0.56
Samsung Galaxy A14,Smartphone,5.0,waste of money individual computer quickly when policy purpose paper,Amazon,2024-12-09,-0.4215,software,0.4286
Samsung Galaxy A34,Smartphone,5.0,bad available car upon poor indicate partner tree,Flipkart,2022-06-20,-0.765,general_issue,0.5660000000000001
Samsung Galaxy S23,Smartphone,5.0,excellent ground relate bill subject rich,Flipkart,2022-08-01,0.8074,none,0.06
Samsung Galaxy S22,Smartphone,5.0,excellent issue minute suffer sister television bit through natural,Flipkart,2023-06-22,0.4019,none,0.06
Samsung Galaxy Book 3,Smartphone,4.0,average either life owner require analysis,Flipkart,2022-11-15,0.0,battery,0.335
Samsung Galaxy M34,Smartphone,3.0,not great strong something finally various,Flipkart,2022-06-22,-0.7181,none,0.4972399999999999
Samsung Galaxy M34,Smartphone,4.0,good avoid situation be else republican hair,Amazon,2024-03-09,0.1779,none,0.135
Samsung Buds 2,Accessories,3.0,waste of money head pay money if expect call or score,Flipkart,2023-09-26,-0.4939,general_issue,0.6075600000000001
Samsung Galaxy A14,Smartphone,5.0,bad establish sit interest west force himself,Flipkart,2023-04-15,-0.128,general_issue,0.3112
Samsung Refrigerator,Other,1.0,delivery was delayed but the product is great,Flipkart,2023-05-22,0.7351,performance,0.56
Samsung Galaxy Tab S7 FE,Smartphone,4.0,good career wide national ground,Amazon,2023-08-05,0.4404,none,0.135
Samsung Buds Live,Accessories,2.0,not great act daughter first church common test daughter issue display flickering,Flipkart,2024-06-26,-0.5096,display,0.6888400000000001
Samsung Galaxy S23,Smartphone,5.0,waste of money employee happy assume keep peace,Amazon,2022-09-16,0.6597,software,0.26
Samsung Buds Live,Accessories,5.0,worth it specific good young speech cup black rise,Amazon,2022-09-26,0.5859,none,0.06
Samsung Galaxy Tab S7 FE,Smartphone,4.0,worth it successful forget everyone result,Flipkart,2024-12-14,0.5859,none,0.135
Samsung Galaxy Book 3,Smartphone,5.0,good toward per he might operation practice behind,Amazon,2022-12-16,0.4404,none,0.06
Samsung Galaxy Book 2,Smartphone,4.0,excellent sure generation great agency campaign,Flipkart,2022-02-28,0.8779,none,0.135
Samsung Galaxy Tab A8,Smartphone,5.0,average here outside argue behavior,Amazon,2022-03-13,-0.34,none,0.196
Samsung Galaxy Book 3,Smartphone,5.0,average fly wait investment realize person,Amazon,2024-01-01,0.0,none,0.06
Samsung Galaxy M14,Smartphone,4.0,average practice right discussion approach,Flipkart,2023-10-29,0.0,software,0.335
Samsung Galaxy S21 FE,Smartphone,4.0,average mother card cover house,Flipkart,2024-09-02,0.0,none,0.135
Samsung Galaxy Book 2,Smartphone,4.0,not great move become sort very,Amazon,2024-08-14,-0.5096,none,0.33884
Samsung Galaxy S22,Smartphone,4.0,not great special ground write court improve before,Amazon,2023-07-12,-0.3923,none,0.29192
Samsung Galaxy Book 3,Smartphone,2.0,average rise must kind once issue camera quality is poor,Amazon,2024-06-30,0.0772,camera,0.485
Samsung Galaxy M53,Smartphone,1.0,average eight only well exist item sea without issue battery draining fast,Flipkart,2022-10-04,0.2732,battery,0.56
Samsung Charger 25W,Accessories,3.0,excellent husband trade weight sing,Flipkart,2022-12-29,0.5719,none,0.21
Samsung Galaxy M34,Smartphone,2.0,worth it trouble feeling however college final mr medical issue display flickering,Flipkart,2024-07-24,-0.0772,display,0.51588
Samsung Galaxy M53,Smartphone,5.0,good treatment always whatever movie,Flipkart,2024-06-09,0.4404,none,0.06
Samsung Galaxy Buds2,Smartphone,1.0,delivery was delayed but the product is great,Amazon,2024-12-08,0.7351,performance,0.56
Samsung Galaxy S21 FE,Smartphone,4.0,good red beat want treat religious carry month,Amazon,2024-12-29,0.7096,none,0.135
Samsung QLED TV,TV,2.0,delivery was delayed but the product is great,Amazon,2023-09-27,0.7351,performance,0.485
Samsung Charger 25W,Accessories,5.0,worth it top well push lot,Flipkart,2023-12-13,0.5859,none,0.06
Samsung Galaxy Tab A8,Smartphone,2.0,excellent someone there dream almost garden too issue slow performance,Amazon,2024-09-13,0.6908,performance,0.485
Samsung Galaxy A14,Smartphone,4.0,waste of money section level well,Flipkart,2023-04-11,-0.1779,general_issue,0.40616
Samsung Galaxy Tab A8,Smartphone,5.0,excellent social economy direction then owner,Amazon,2022-07-03,0.5719,none,0.06
Samsung Galaxy Tab A8,Smartphone,4.0,average ability board section film head,Amazon,2024-06-23,0.3182,none,0.135
Samsung Galaxy M53,Smartphone,2.0,worth it choose late break animal foot four serious up,Flipkart,2023-09-23,0.1531,software,0.485
Samsung Galaxy A54,Smartphone,2.0,worth it tough today fill lot issue battery draining fast,Amazon,2024-01-20,0.1027,battery,0.485
Samsung Galaxy Book 2,Smartphone,3.0,good live world computer notice up state onto issue battery draining fast,Amazon,2024-04-24,0.4404,battery,0.41
Samsung Charger 25W,Accessories,3.0,not great few leg throw early own issue slow performance,Amazon,2023-06-17,-0.5096,performance,0.6138400000000002
Samsung Galaxy Book 3,Smartphone,3.0,not great issue camera quality is poor,Amazon,2022-11-15,-0.7502,camera,0.71008
Samsung Galaxy S22,Smartphone,1.0,average issue battery draining fast,Flipkart,2023-09-14,0.0,battery,0.56
Samsung Buds Live,Accessories,2.0,worth it if field benefit,Flipkart,2022-01-22,0.5994,none,0.285
Samsung Galaxy Book 2,Smartphone,3.0,excellent interesting tree walk positive mind keep,Flipkart,2022-01-01,0.875,software,0.41
Samsung Galaxy S21 FE,Smartphone,4.0,excellent set a environment local happy lot,Amazon,2024-12-07,0.8126,software,0.335
Samsung Galaxy Book 3,Smartphone,5.0,good,Amazon,2022-10-07,0.4404,none,0.06
Samsung Galaxy Tab S7 FE,Smartphone,4.0,waste of money identify think laugh sort,Amazon,2023-12-06,0.2023,general_issue,0.335
Samsung Charger 25W,Accessories,2.0,worth it hand turn by future research color possible few issue camera quality is poor,Amazon,2023-08-11,0.25,camera,0.485
Samsung Charger 25W,Accessories,3.0,not great ability term there idea light these issue camera quality is poor,Amazon,2024-08-18,-0.8103,camera,0.7341200000000001
Samsung Galaxy Book 2,Smartphone,5.0,not great vote about another cost entire into anything,Amazon,2024-12-31,-0.5096,software,0.46384
Samsung Galaxy S22,Smartphone,4.0,average but road billion write bad central nearly just,Amazon,2022-01-18,-0.6956,general_issue,0.61324
Samsung Galaxy M34,Smartphone,4.0,excellent here unit treat after set,Flipkart,2024-10-04,0.7506,none,0.135
Samsung Galaxy M14,Smartphone,4.0,not great energy better people available partner side chance,Flipkart,2024-09-04,-0.672,none,0.4038
Samsung Galaxy A34,Smartphone,1.0,bad single seem quickly game there believe,Flipkart,2023-09-06,-0.5423,software,0.77692
Samsung Buds 2,Accessories,4.0,average close news front course,Amazon,2022-01-19,0.0,software,0.335
Samsung Buds 2,Accessories,5.0,waste of money yes meeting among dream five leader onto left,Amazon,2024-05-31,0.2263,general_issue,0.26
Samsung Galaxy Tab A8,Smartphone,3.0,good issue slow performance,Amazon,2023-08-23,0.4404,performance,0.41
Samsung Buds Live,Accessories,3.0,waste of money prevent along short expert cost store follow issue slow performance,Flipkart,2023-04-19,-0.4019,performance,0.5707600000000002
Samsung Galaxy Tab A8,Smartphone,2.0,good peace fire fish company less act well issue overheating issue,Amazon,2022-01-15,0.7024,heating,0.485
Samsung Buds Live,Accessories,4.0,worth it them gas read thousand drive tonight human,Amazon,2024-02-05,0.2263,none,0.135
Samsung Galaxy A54,Smartphone,3.0,waste of money issue slow performance,Flipkart,2023-01-22,-0.4215,performance,0.5786
Samsung Galaxy S22,Smartphone,1.0,average shake add role animal might fear might,Amazon,2024-04-23,-0.5994,none,0.5997600000000001
Samsung Galaxy Book 2,Smartphone,4.0,excellent tough state early price difference,Flipkart,2024-06-14,0.4939,none,0.135
Samsung Galaxy Tab A8,Smartphone,1.0,worth it how however into wonder stop training with vote issue charging problem,Amazon,2024-03-19,-0.4588,battery,0.74352
Samsung Galaxy S23,Smartphone,5.0,not great doctor others between shake including matter remain,Amazon,2023-05-27,-0.5986,none,0.29944
Samsung Galaxy S21 FE,Smartphone,4.0,average sometimes order left activity,Amazon,2022-12-01,0.0,none,0.135
Samsung Galaxy Tab S7 FE,Smartphone,4.0,worth it former receive able human find list sit art,Flipkart,2024-03-09,0.2263,none,0.135
Samsung Galaxy Tab A8,Smartphone,4.0,waste of money say example not likely four,Amazon,2024-02-14,-0.4215,general_issue,0.5036
Samsung Charger 25W,Accessories,4.0,waste of money live material military,Amazon,2023-03-28,-0.4215,build_quality,0.5036
Samsung Galaxy Tab S7 FE,Smartphone,4.0,excellent my see analysis rock,Flipkart,2023-06-23,0.5719,none,0.135
Samsung Galaxy S22,Smartphone,4.0,excellent growth set laugh care information example or,Flipkart,2022-06-12,0.9201,none,0.135
Samsung Galaxy Tab A8,Smartphone,4.0,worth it huge area write poor compare,Amazon,2024-05-14,0.0258,general_issue,0.335
Samsung Buds Live,Accessories,4.0,worth it call generation listen thousand chance civil level blue,Amazon,2023-05-06,0.4404,none,0.135
Samsung Galaxy A34,Smartphone,1.0,waste of money issue battery draining fast,Flipkart,2024-11-24,-0.4215,battery,0.7286000000000001
Samsung Galaxy S22,Smartphone,3.0,average issue camera quality is poor,Amazon,2023-07-11,-0.4767,camera,0.6006800000000001
Samsung Galaxy Book 2,Smartphone,1.0,bad issue battery draining fast,Flipkart,2023-08-07,-0.5423,battery,0.77692
Samsung Galaxy Tab S7 FE,Smartphone,4.0,bad model there physical edge,Amazon,2024-12-25,-0.5423,general_issue,0.55192
Samsung Galaxy A54,Smartphone,5.0,good rule west whether hit citizen animal establish,Amazon,2023-07-05,0.4404,none,0.06
Samsung Galaxy S23,Smartphone,4.0,average news me case ten cover member modern,Flipkart,2024-04-25,0.0,none,0.135
Samsung Galaxy Tab S7 FE,Smartphone,1.0,bad hair day site name issue battery draining fast,Flipkart,2023-01-21,-0.5423,battery,0.77692
Samsung Galaxy Tab S7 FE,Smartphone,1.0,bad challenge ok direction himself dream yet either,Amazon,2022-05-21,-0.0,general_issue,0.56
Samsung Galaxy Tab A8,Smartphone,5.0,good her effort interest law rest worker,Flipkart,2023-01-09,0.7096,none,0.06
Samsung Galaxy S22,Smartphone,2.0,waste of money well next pm appear speak yeah among,Amazon,2022-10-07,0.128,software,0.485
Samsung Galaxy Book 3,Smartphone,4.0,worth it just might task remain,Amazon,2023-08-17,0.2263,none,0.135
Samsung Galaxy Book 3,Smartphone,3.0,average magazine reflect accept knowledge provide first you,Amazon,2022-08-15,0.3818,none,0.21
Samsung Galaxy S21 FE,Smartphone,1.0,excellent special your hope animal cup small,Flipkart,2024-07-21,0.8519,none,0.36
Samsung Buds Live,Accessories,1.0,good she manage the attorney other mission,Amazon,2024-07-16,0.4404,none,0.36
Samsung Galaxy M34,Smartphone,4.0,waste of money form month own own can now baby,Flipkart,2023-07-12,-0.4215,general_issue,0.5036
Samsung Galaxy M34,Smartphone,4.0,average race certain computer chair necessary adult,Flipkart,2024-10-04,0.2732,none,0.135
Samsung Charger 25W,Accessories,3.0,not great issue slow performance,Amazon,2023-01-20,-0.5096,performance,0.6138400000000002
Samsung Galaxy M14,Smartphone,3.0,excellent pull toward care go issue battery draining fast,Amazon,2023-10-19,0.7845,battery,0.41
Samsung Galaxy A34,Smartphone,3.0,good leave join four three develop produce kind wife issue battery draining fast,Flipkart,2022-02-09,0.8074,battery,0.41
Samsung Galaxy A54,Smartphone,4.0,waste of money every use information mr occur night,Flipkart,2022-11-08,-0.4215,general_issue,0.5036
Samsung Buds Live,Accessories,2.0,bad street hair behavior think imagine century peace hair,Flipkart,2022-04-12,0.0,general_issue,0.485
Samsung Galaxy S23,Smartphone,3.0,excellent issue battery draining fast,Flipkart,2024-12-31,0.5719,battery,0.41
Samsung Charger 25W,Accessories,2.0,waste of money series less future black ok evening but,Amazon,2022-02-15,-0.1108,general_issue,0.52932
Samsung Galaxy M53,Smartphone,4.0,excellent though north interest war say,Flipkart,2023-01-16,0.4215,none,0.135
Samsung Galaxy Tab S7 FE,Smartphone,4.0,good majority list his six picture,Flipkart,2022-07-29,0.4404,camera,0.335
Samsung Galaxy M53,Smartphone,3.0,good human one above difficult where kitchen,Amazon,2023-08-01,0.1027,none,0.21
Samsung Galaxy S23,Smartphone,3.0,good day agency hundred collection tell establish check compare issue overheating issue,Amazon,2023-07-06,0.4404,heating,0.41
Samsung Buds Live,Accessories,4.0,worth it get much recently accept,Amazon,2022-09-14,0.5423,none,0.135
Samsung Galaxy S21 FE,Smartphone,4.0,not great certainly after deal certainly truth,Amazon,2024-06-16,-0.6207,none,0.38328
Samsung Galaxy M53,Smartphone,4.0,worth it vote either police different represent picture technology specific,Flipkart,2022-01-17,0.2263,camera,0.335
Samsung Galaxy A14,Smartphone,4.0,average music decision senior,Flipkart,2023-04-22,0.0,none,0.135
Samsung Galaxy S21 FE,Smartphone,5.0,waste of money try find return miss future,Amazon,2022-07-04,-0.5267,general_issue,0.47068
Samsung Galaxy Tab S7 FE,Smartphone,2.0,waste of money material morning front apply hundred member memory issue camera quality is poor,Amazon,2022-11-05,-0.7096,camera,0.76884
Samsung Galaxy Tab A8,Smartphone,4.0,good eye leg skill reduce,Flipkart,2022-01-31,0.4404,none,0.135
Samsung Charger 25W,Accessories,5.0,worth it it arrive ball this nothing,Flipkart,2024-10-07,0.2263,none,0.06
Samsung Galaxy S21 FE,Smartphone,3.0,excellent break color future unit central,Amazon,2023-03-21,0.5719,none,0.21
Samsung Buds Live,Accessories,3.0,excellent cell often once mind reveal billion pay issue overheating issue,Amazon,2023-12-02,0.5106,heating,0.41
Samsung Charger 25W,Accessories,4.0,waste of money role brother law security political question word,Flipkart,2024-05-10,-0.1027,general_issue,0.37608
Samsung Galaxy M34,Smartphone,4.0,average effect us decision goal high while too,Flipkart,2023-10-01,0.0,none,0.135
Samsung Galaxy Book 3,Smartphone,4.0,average sure ago its head food gas,Amazon,2024-10-17,0.3182,none,0.135
Samsung Charger 25W,Accessories,4.0,excellent you huge law state tonight myself drug,Flipkart,2024-01-31,0.7184,none,0.135
Samsung Galaxy Tab S7 FE,Smartphone,3.0,not great three yet around heart huge employee issue display flickering,Flipkart,2024-08-07,-0.2486,display,0.50944
Samsung Charger 25W,Accessories,4.0,good growth citizen low less newspaper strong mean,Flipkart,2022-03-06,0.7522,none,0.135
Samsung Charger 25W,Accessories,4.0,average discuss recognize often difference method relate,Amazon,2023-11-08,0.0,none,0.135
Samsung Charger 25W,Accessories,4.0,not great shoulder positive thousand memory,Flipkart,2022-06-14,-0.7366,software,0.62964
Samsung Galaxy S21 FE,Smartphone,5.0,excellent learn myself car expect how,Amazon,2022-10-27,0.5719,none,0.06
Samsung Galaxy M34,Smartphone,2.0,average so after laugh issue battery draining fast,Flipkart,2022-04-25,0.5965,battery,0.485
Samsung Buds Live,Accessories,5.0,waste of money inside attention enough someone if choose another pull,Amazon,2023-06-30,-0.4215,software,0.4286
Samsung Galaxy S22,Smartphone,3.0,not great foot important character issue charging problem,Amazon,2024-03-14,-0.764,battery,0.7156
Samsung Charger 25W,Accessories,3.0,excellent speak candidate dinner interest,Flipkart,2022-05-27,0.7717,none,0.21
Samsung Galaxy S21 FE,Smartphone,4.0,waste of money reveal base system military,Flipkart,2024-08-20,-0.4215,general_issue,0.5036
Samsung Galaxy A54,Smartphone,2.0,not great federal trial five them traditional have hand issue charging problem,Flipkart,2023-01-07,-0.4203,battery,0.6531200000000001
Samsung Galaxy M14,Smartphone,4.0,not great report sense attorney,Flipkart,2023-01-29,-0.5096,none,0.33884
Samsung Galaxy S22,Smartphone,2.0,waste of money issue overheating issue,Flipkart,2023-05-28,-0.4215,heating,0.6536
Samsung Galaxy Book 3,Smartphone,4.0,not great address story peace others,Amazon,2024-02-21,0.0531,none,0.135
Samsung Soundbar,Other,3.0,speaker quality is amazing,Flipkart,2022-01-26,0.5859,sound,0.41
Samsung Buds 2,Accessories,4.0,not great own main choose reveal heart also market,Flipkart,2022-09-07,-0.5096,software,0.53884
Samsung Galaxy A34,Smartphone,4.0,not great low once car gas establish our,Flipkart,2023-05-25,-0.357,none,0.2778
Samsung Buds Live,Accessories,3.0,average technology last science director candidate issue slow performance,Flipkart,2024-02-28,0.0,performance,0.41
Samsung Galaxy S23,Smartphone,5.0,waste of money so professor him simply pattern interest local,Flipkart,2024-06-26,0.0516,general_issue,0.26
Samsung Galaxy Tab A8,Smartphone,4.0,waste of money recently media camera her,Flipkart,2023-05-22,-0.4215,camera,0.5036
Samsung Buds 2,Accessories,5.0,not great remember growth build heavy town,Flipkart,2022-03-10,-0.6681,build_quality,0.52724
Samsung Galaxy M34,Smartphone,3.0,bad than west face performance fall enjoy notice,Amazon,2023-02-12,-0.0772,general_issue,0.44088
Samsung Galaxy A34,Smartphone,1.0,average same add analysis television right,Amazon,2024-08-01,0.0,none,0.36
Samsung Galaxy M53,Smartphone,3.0,waste of money apply note not congress physical south debate,Amazon,2022-07-12,-0.4215,software,0.5786
Samsung Galaxy Book 3,Smartphone,4.0,waste of money hospital lay charge lot,Flipkart,2024-12-03,-0.4215,battery,0.5036
Samsung Galaxy S23,Smartphone,1.0,average stay great director senior issue overheating issue,Flipkart,2023-03-03,0.6249,heating,0.56
Samsung Galaxy M14,Smartphone,3.0,worth it necessary window sell carry,Flipkart,2024-08-26,0.2263,none,0.21
Samsung Galaxy Tab S7 FE,Smartphone,4.0,excellent candidate campaign similar politics major team,Amazon,2024-03-07,0.5719,none,0.135
Samsung Galaxy M34,Smartphone,2.0,bad issue display flickering,Flipkart,2023-10-02,-0.5423,display,0.7019200000000001
Samsung Galaxy Book 2,Smartphone,5.0,average authority per hair have run stage popular,Amazon,2023-10-24,0.4767,none,0.06
Samsung Charger 25W,Accessories,3.0,excellent player your citizen card six box issue display flickering,Amazon,2022-11-21,0.5719,display,0.41
Samsung Galaxy A14,Smartphone,4.0,not great conference young like sort,Flipkart,2022-03-28,-0.2008,none,0.21532
Samsung Buds Live,Accessories,4.0,worth it black stuff send a exactly brother campaign,Amazon,2024-12-02,0.2263,none,0.135
Samsung Galaxy S21 FE,Smartphone,4.0,average fly how leader child black model,Flipkart,2022-09-08,0.0,none,0.135
Samsung Galaxy Tab A8,Smartphone,1.0,not great serve development hundred commercial meeting,Amazon,2023-06-03,-0.5096,none,0.5638400000000001
Samsung Galaxy A54,Smartphone,5.0,excellent she become gas individual tough,Amazon,2024-09-12,0.4939,none,0.06
Samsung Galaxy S23,Smartphone,5.0,delivery was delayed but the product is great,Amazon,2023-09-04,0.7351,performance,0.26
Samsung Galaxy M34,Smartphone,4.0,average tend ball only office prevent,Amazon,2023-02-11,0.0258,none,0.135
Samsung Galaxy Book 2,Smartphone,4.0,good hope herself personal same bar artist,Amazon,2024-01-09,0.7003,none,0.135
Samsung Buds Live,Accessories,2.0,excellent issue camera quality is poor,Flipkart,2022-04-17,0.1531,camera,0.485
Samsung Galaxy Tab A8,Smartphone,4.0,not great because arm maintain whose arrive lead population,Flipkart,2023-03-23,-0.5096,software,0.53884
Samsung Buds 2,Accessories,5.0,worth it discussion page board then positive like mission,Amazon,2022-08-20,0.7906,software,0.26
Samsung Galaxy M34,Smartphone,4.0,average from world toward building personal certain contain,Amazon,2023-04-29,0.2732,build_quality,0.335
Samsung Galaxy S21 FE,Smartphone,5.0,bad free trip military there safe similar while,Flipkart,2024-06-08,0.4019,general_issue,0.26
Samsung Galaxy S21 FE,Smartphone,1.0,bad out include in rise type defense issue camera quality is poor,Amazon,2023-10-27,-0.7269,camera,0.85076
Samsung Galaxy M34,Smartphone,4.0,excellent international lawyer glass road sit,Flipkart,2022-01-31,0.5719,none,0.135
Samsung Galaxy Book 2,Smartphone,5.0,not great report again lay consumer degree trouble,Amazon,2022-12-09,-0.7179,none,0.34716
Samsung Galaxy M14,Smartphone,4.0,good north first former chair carry military,Amazon,2023-07-20,0.4404,none,0.135
Samsung Galaxy A34,Smartphone,5.0,bad similar open society form whether there population,Flipkart,2022-09-03,-0.5423,general_issue,0.47692
Samsung Galaxy A54,Smartphone,4.0,not great huge nature study ever bed collection citizen certain,Amazon,2024-03-21,-0.4864,none,0.32956
Samsung Charger 25W,Accessories,2.0,good statement story clearly as knowledge,Amazon,2023-05-13,0.6808,none,0.285
Samsung Galaxy Buds2,Smartphone,4.0,very durable and reliable,Amazon,2022-01-19,0.0,none,0.135
Samsung Galaxy A34,Smartphone,3.0,excellent poor win score kid visit director cell,Amazon,2022-03-28,0.6597,general_issue,0.41
Samsung Galaxy A54,Smartphone,4.0,average represent story clearly well final smile film,Flipkart,2024-08-31,0.743,none,0.135
Samsung Galaxy Book 3,Smartphone,4.0,excellent toward wish outside decide live,Flipkart,2022-11-14,0.7506,none,0.135
Samsung Charger 25W,Accessories,4.0,waste of money if exist none history,Flipkart,2024-01-31,-0.4215,general_issue,0.5036
Samsung Galaxy A54,Smartphone,3.0,waste of money size difference memory congress,Amazon,2022-07-03,-0.4215,general_issue,0.5786
Samsung Galaxy S23,Smartphone,3.0,bad practice four mr why issue display flickering,Flipkart,2023-05-25,-0.5423,display,0.6269200000000001
Samsung Galaxy Book 3,Smartphone,2.0,good also political including issue charging problem,Flipkart,2022-11-19,0.0516,battery,0.485
Samsung Galaxy Tab S7 FE,Smartphone,3.0,good remember question large stop none your until,Amazon,2024-10-20,0.1779,none,0.21
Samsung Galaxy S22,Smartphone,4.0,not great action find garden site particularly,Flipkart,2022-07-07,-0.5096,none,0.33884
Samsung Buds Live,Accessories,4.0,waste of money artist government buy,Flipkart,2023-11-25,-0.4215,general_issue,0.5036
Samsung Galaxy S22,Smartphone,4.0,waste of money nation open institution single produce,Amazon,2022-05-03,-0.4215,general_issue,0.5036
Samsung Galaxy Tab S7 FE,Smartphone,4.0,average tonight official fish imagine,Amazon,2022-05-03,0.0,none,0.135
Samsung Galaxy Tab A8,Smartphone,3.0,waste of money thought election seem choice,Flipkart,2023-12-30,-0.4215,general_issue,0.5786
Samsung Galaxy Book 3,Smartphone,5.0,excellent difficult left sometimes prepare also evidence buy,Amazon,2022-11-12,0.296,none,0.06
Samsung Galaxy Tab A8,Smartphone,5.0,bad letter heavy conference no guy result me,Flipkart,2022-08-08,-0.6908,general_issue,0.53632
Samsung Galaxy Tab A8,Smartphone,2.0,excellent so budget relate enjoy none gas,Flipkart,2022-09-15,0.8,none,0.285
Samsung Galaxy S21 FE,Smartphone,4.0,good environmental true western from forget,Amazon,2024-09-26,0.5859,none,0.135
Samsung Galaxy Tab S7 FE,Smartphone,4.0,waste of money upon recent reduce decision pretty,Amazon,2023-04-22,0.1027,general_issue,0.335
Samsung Buds Live,Accessories,5.0,worth it rise eight establish money report tv land,Amazon,2023-10-11,0.2263,none,0.06
Samsung Galaxy M53,Smartphone,5.0,waste of money contain the push head bit upon media,Flipkart,2023-12-13,-0.4215,general_issue,0.4286
Samsung Galaxy S22,Smartphone,3.0,worth it issue battery draining fast,Flipkart,2024-06-17,0.2263,battery,0.41
Samsung Buds Live,Accessories,4.0,bad nature middle family behind,Flipkart,2023-01-31,-0.5423,general_issue,0.55192
Samsung Galaxy Tab S7 FE,Smartphone,3.0,worth it finally good approach likely issue charging problem,Flipkart,2022-02-13,0.2732,battery,0.41
Samsung Galaxy S21 FE,Smartphone,4.0,average bank nearly kind,Amazon,2024-02-13,0.5267,none,0.135
Samsung Buds 2,Accessories,4.0,not great foreign reach value,Flipkart,2024-01-04,-0.2425,none,0.2319999999999999
Samsung Galaxy S22,Smartphone,4.0,average save result member final message,Amazon,2022-10-03,0.4939,none,0.135
Samsung Galaxy Tab S7 FE,Smartphone,4.0,bad man clearly health spend,Flipkart,2023-05-29,-0.2023,general_issue,0.41592
Samsung Charger 25W,Accessories,2.0,good message window until if city,Amazon,2022-03-22,0.4404,none,0.285
Samsung Galaxy A14,Smartphone,2.0,worth it piece race effort stay lay focus ok,Flipkart,2024-09-20,0.4767,camera,0.485
Samsung Galaxy Tab A8,Smartphone,2.0,bad lay budget action western cup,Flipkart,2024-06-15,-0.5423,general_issue,0.7019200000000001
Samsung Galaxy S21 FE,Smartphone,4.0,worth it fire opportunity claim city box,Amazon,2023-08-27,0.3182,none,0.135
Samsung Galaxy S21 FE,Smartphone,5.0,worth it story father media central despite,Amazon,2024-09-30,0.2263,none,0.06
Samsung Galaxy A14,Smartphone,1.0,bad worry language animal window but,Flipkart,2023-01-24,-0.4939,general_issue,0.75756
Samsung Galaxy Tab A8,Smartphone,5.0,excellent figure beautiful generation vote fall evening,Flipkart,2023-01-18,0.8225,none,0.06
Samsung Galaxy S21 FE,Smartphone,3.0,average under civil any system wear stuff issue camera quality is poor,Amazon,2023-12-14,-0.4767,camera,0.6006800000000001
Samsung Galaxy S22,Smartphone,2.0,not great exactly quality near bit sense,Flipkart,2023-10-25,-0.5096,none,0.48884
Samsung Galaxy S22,Smartphone,5.0,average network so not cover indeed happy old,Amazon,2024-08-17,-0.4585,connectivity,0.4434
Samsung Galaxy M14,Smartphone,5.0,waste of money start condition control it affect moment,Amazon,2023-07-18,-0.4215,general_issue,0.4286
Samsung Galaxy Tab S7 FE,Smartphone,4.0,not great interview alone use,Flipkart,2022-11-25,-0.3724,none,0.28396
Samsung Galaxy Book 2,Smartphone,3.0,average forget nature technology keep floor deep on issue slow performance,Amazon,2022-05-22,-0.2263,performance,0.5005200000000001
Samsung Galaxy S22,Smartphone,4.0,not as expected returning it,Amazon,2024-12-23,0.0,none,0.135
Samsung Buds 2,Accessories,2.0,excellent news exist record half space issue charging problem,Flipkart,2022-11-14,0.25,battery,0.485
Samsung Galaxy A34,Smartphone,5.0,worth it game customer lawyer our class here,Amazon,2024-07-09,0.2263,none,0.06
Samsung Galaxy M34,Smartphone,4.0,excellent series word sister up,Flipkart,2023-08-29,0.5719,none,0.135
Samsung Buds 2,Accessories,3.0,not great white manager center current issue battery draining fast,Flipkart,2023-06-24,-0.5096,battery,0.6138400000000002
Samsung Galaxy S23,Smartphone,3.0,good campaign second area news deal care second today issue camera quality is poor,Flipkart,2024-01-22,0.4588,camera,0.41
Samsung Galaxy S23,Smartphone,5.0,average reveal visit good around democratic school note,Amazon,2024-07-18,0.4404,none,0.06
Samsung Buds 2,Accessories,4.0,average simple level statement court,Amazon,2022-01-02,0.0,none,0.135
Samsung Galaxy S21 FE,Smartphone,3.0,waste of money voice include skill happy issue battery draining fast,Amazon,2024-11-02,0.2263,battery,0.41
Samsung Galaxy M14,Smartphone,5.0,waste of money change among trouble machine somebody moment situation,Amazon,2024-02-16,-0.6705,performance,0.5282
Samsung Galaxy S23,Smartphone,3.0,good together detail already moment change,Amazon,2023-01-15,0.4404,performance,0.41
Samsung Galaxy Tab A8,Smartphone,5.0,excellent throw against seat fall next green simple,Flipkart,2022-02-08,0.5719,none,0.06
Samsung Galaxy S22,Smartphone,3.0,average finish continue agency smile,Flipkart,2024-01-16,0.3612,none,0.21
Samsung Galaxy Book 3,Smartphone,3.0,average take author her according fact issue slow performance,Flipkart,2023-05-05,0.0,performance,0.41
Samsung Buds Live,Accessories,1.0,excellent true practice wide issue overheating issue,Amazon,2023-10-19,0.7579,heating,0.56
Samsung Charger 25W,Accessories,1.0,worth it movement hand woman try politics exactly inside true,Flipkart,2022-05-10,0.7845,none,0.36
Samsung Galaxy S21 FE,Smartphone,5.0,worth it shake edge arm father,Flipkart,2024-03-04,0.0516,none,0.06
Samsung Galaxy A54,Smartphone,5.0,highly recommend to others,Amazon,2023-01-24,0.4201,none,0.06
Samsung Galaxy A34,Smartphone,4.0,excellent mean price leg kind once similar language,Flipkart,2024-12-09,0.7964,none,0.135
Samsung Galaxy Book 2,Smartphone,5.0,worth it part who voice should network expert must,Flipkart,2024-10-15,0.2263,connectivity,0.26
Samsung Buds Live,Accessories,4.0,average reason tonight space television page reach choice full,Amazon,2022-11-12,0.0258,none,0.135
Samsung Galaxy M14,Smartphone,3.0,not great realize how determine before him human issue slow performance,Amazon,2023-08-03,-0.5096,performance,0.6138400000000002
Samsung Buds Live,Accessories,4.0,good check effect trade occur,Flipkart,2023-10-23,0.4404,none,0.135
Samsung Galaxy S22,Smartphone,4.0,bad successful executive safe teacher reach wear,Flipkart,2024-04-19,0.5106,general_issue,0.335
Samsung Galaxy Tab S7 FE,Smartphone,5.0,excellent worry pick effort she education feeling fly,Amazon,2023-10-22,0.3182,none,0.06
Samsung Buds 2,Accessories,2.0,not great very small likely among issue display flickering,Flipkart,2022-08-15,-0.5096,display,0.6888400000000001
Samsung Galaxy S23,Smartphone,2.0,bad develop apply region beautiful may building,Amazon,2022-07-17,0.1027,build_quality,0.485
Samsung Galaxy S21 FE,Smartphone,4.0,average through eye big seem policy well,Amazon,2024-12-07,0.2732,none,0.135
Samsung Galaxy Tab A8,Smartphone,4.0,bad show door garden someone,Flipkart,2022-05-17,-0.5423,general_issue,0.55192
Samsung Galaxy A54,Smartphone,4.0,bad drive without certainly their,Amazon,2022-03-31,-0.6742,general_issue,0.6046800000000001
Samsung Galaxy S23,Smartphone,4.0,not great step last nation ok,Flipkart,2022-09-23,-0.2718,none,0.24372
Samsung Galaxy S22,Smartphone,3.0,excellent sister my prepare defense adult ten knowledge issue slow performance,Flipkart,2023-01-01,0.6369,performance,0.41
Samsung Galaxy M53,Smartphone,5.0,excellent benefit election name let over best,Amazon,2022-03-06,0.8979,none,0.06
Samsung Buds Live,Accessories,5.0,bad life guy while fast door avoid teacher,Amazon,2023-02-18,-0.6908,battery,0.53632
Samsung Charger 25W,Accessories,4.0,not great site seem official standard,Flipkart,2022-08-08,-0.5096,none,0.33884
Samsung Galaxy M53,Smartphone,4.0,bad beautiful far size possible full wish east,Amazon,2024-09-21,0.4767,software,0.335
Samsung Galaxy Tab S7 FE,Smartphone,3.0,average establish whole buy story,Amazon,2023-01-28,0.0,none,0.21
Samsung Galaxy M53,Smartphone,4.0,good magazine bad measure agree hold expect before idea,Flipkart,2022-07-22,0.2263,general_issue,0.335
Samsung Galaxy Buds2,Smartphone,4.0,performance is topnotch,Flipkart,2022-03-07,0.0,none,0.135
Samsung Galaxy M53,Smartphone,4.0,average push candidate house poor,Flipkart,2024-03-06,-0.4767,general_issue,0.52568
Samsung Buds 2,Accessories,4.0,bad agency wide main five last new,Amazon,2024-09-30,-0.5423,general_issue,0.55192
Samsung Galaxy S23,Smartphone,4.0,bad relate behavior poor attack rather fill,Flipkart,2024-12-12,-0.8658,general_issue,0.6813200000000001
Samsung Galaxy M34,Smartphone,5.0,good left herself mr administration even,Flipkart,2023-06-09,0.4404,none,0.06
Samsung Galaxy M14,Smartphone,3.0,good though expert stop economic participant most specific issue display flickering,Amazon,2022-04-11,0.1779,display,0.41
Samsung Galaxy S21 FE,Smartphone,4.0,good someone happy nothing soldier fire night catch,Flipkart,2024-01-21,0.8242,software,0.335
Samsung Galaxy A34,Smartphone,5.0,bad similar choose miss quality people change eight position,Amazon,2023-03-29,-0.6249,performance,0.50996
Samsung Galaxy S21 FE,Smartphone,2.0,good house themselves eye recent produce issue battery draining fast,Flipkart,2022-05-26,0.4404,battery,0.485
Samsung Galaxy S21 FE,Smartphone,3.0,good risk note scene few fish girl lay issue display flickering,Amazon,2022-01-27,0.2023,display,0.41
Samsung Galaxy S22,Smartphone,4.0,worth it something on knowledge try,Flipkart,2023-03-04,0.2263,none,0.135
Samsung Galaxy A34,Smartphone,3.0,bad issue display flickering,Flipkart,2024-10-03,-0.5423,display,0.6269200000000001
Samsung Galaxy M53,Smartphone,3.0,average eat glass treat relate focus issue camera quality is poor,Flipkart,2022-06-13,-0.1027,camera,0.45108
Samsung Galaxy S22,Smartphone,3.0,good entire situation sense issue display flickering,Flipkart,2024-08-16,0.4404,display,0.41
Samsung Charger 25W,Accessories,4.0,good think gun onto accept seat,Flipkart,2022-05-05,0.4767,none,0.135
Samsung Galaxy M53,Smartphone,5.0,not great physical him just race father,Amazon,2024-01-10,-0.5096,none,0.26384
Samsung Galaxy M53,Smartphone,5.0,worth it detail language interview north big business,Flipkart,2024-05-01,0.2263,none,0.06
Samsung Galaxy A34,Smartphone,5.0,good take wife international choice,Flipkart,2024-01-26,0.4404,none,0.06
Samsung Galaxy A34,Smartphone,4.0,not great you sport point scientist drive,Amazon,2022-04-30,-0.5096,none,0.33884
Samsung Galaxy A54,Smartphone,3.0,worth it security part official issue overheating issue,Flipkart,2023-06-29,0.5106,heating,0.41
Samsung Galaxy Book 3,Smartphone,3.0,excellent owner sense charge thought song live issue overheating issue,Amazon,2024-12-19,0.5719,battery,0.41
Samsung Galaxy Tab A8,Smartphone,3.0,not great out despite another fill game present imagine issue charging problem,Flipkart,2022-03-25,-0.7179,battery,0.69716
Samsung Buds Live,Accessories,1.0,not great campaign star school light appear ten film service,Flipkart,2022-05-25,-0.5096,software,0.7638400000000001
Samsung Galaxy A34,Smartphone,4.0,worth it story put throughout local,Amazon,2023-09-15,0.2263,none,0.135
Samsung Galaxy Tab S7 FE,Smartphone,4.0,bad shake move south television,Amazon,2022-06-09,-0.6369,general_issue,0.5897600000000001
Samsung Galaxy Book 3,Smartphone,4.0,worth it girl kid collection professional single try,Flipkart,2023-03-19,0.2263,none,0.135
Samsung Galaxy S21 FE,Smartphone,4.0,bad manage exist power soldier purpose establish republican,Amazon,2024-11-29,-0.5423,battery,0.55192
Samsung Galaxy S23,Smartphone,3.0,worth it issue battery draining fast,Amazon,2022-07-18,0.2263,battery,0.41
Samsung Galaxy S23,Smartphone,4.0,waste of money leader process key whose lay,Amazon,2022-07-27,-0.4215,software,0.5036
Samsung Buds 2,Accessories,4.0,bad plan simple actually her movement bar,Amazon,2023-04-19,-0.5423,general_issue,0.55192
Samsung Galaxy M34,Smartphone,3.0,waste of money issue charging problem,Flipkart,2024-12-24,-0.6705,battery,0.6782000000000001
Samsung Galaxy A14,Smartphone,3.0,waste of money network defense someone president test line issue charging problem,Amazon,2024-02-29,-0.6124,battery,0.65496
Samsung Galaxy M53,Smartphone,3.0,excellent issue camera quality is poor,Amazon,2023-01-24,0.1531,camera,0.41
Samsung Galaxy M53,Smartphone,5.0,excellent film like important executive exactly service discuss,Flipkart,2023-01-31,0.7906,none,0.06
Samsung Galaxy Book 3,Smartphone,1.0,excellent whole old impact increase than organization over movement issue overheating issue,Amazon,2024-12-13,0.7184,heating,0.56
Samsung Galaxy S23,Smartphone,4.0,waste of money field among protect treat organization close smile,Amazon,2023-05-25,0.6124,software,0.335
Samsung Galaxy Tab A8,Smartphone,4.0,average will western stop might,Flipkart,2023-01-02,-0.296,none,0.2534
Samsung Galaxy A34,Smartphone,4.0,worth it second partner many through year,Amazon,2024-04-30,0.2263,none,0.135
Samsung Galaxy S21 FE,Smartphone,1.0,not great concern environment century color best learn cup issue charging problem,Amazon,2022-08-05,-0.2008,battery,0.64032
Samsung Galaxy A14,Smartphone,4.0,excellent including everything affect six friend with these or,Flipkart,2024-01-04,0.7845,none,0.135
Samsung Buds Live,Accessories,4.0,bad southern character vote our,Amazon,2024-07-28,-0.5423,general_issue,0.55192
Samsung Galaxy A54,Smartphone,5.0,waste of money season ask thank model class,Amazon,2024-05-24,-0.0772,general_issue,0.29088
Samsung Galaxy S21 FE,Smartphone,3.0,not great according quality life ground father door able issue overheating issue,Flipkart,2022-08-02,-0.5096,battery,0.6138400000000002
Samsung Charger 25W,Accessories,4.0,worth it air its move at course pass,Amazon,2022-12-08,0.2263,none,0.135
Samsung Buds Live,Accessories,2.0,good follow may debate worker bed among,Flipkart,2023-01-05,0.4404,none,0.285
Samsung Galaxy Tab A8,Smartphone,1.0,not great bad yourself present issue camera quality is poor,Amazon,2024-04-02,-0.549,camera,0.7796000000000001
Samsung Galaxy A14,Smartphone,5.0,worth it can skill walk work grow challenge special,Flipkart,2024-10-30,0.5994,none,0.06
Samsung Galaxy S21 FE,Smartphone,5.0,good available their bad tell,Flipkart,2023-11-23,-0.1531,general_issue,0.32124
Samsung Galaxy A54,Smartphone,1.0,bad worker brother adult smile name short easy risk issue camera quality is poor,Amazon,2022-11-20,-0.5106,camera,0.76424
Samsung Galaxy A14,Smartphone,5.0,average gun newspaper door easy drop happen,Flipkart,2024-12-29,-0.1531,software,0.32124
Samsung Galaxy S21 FE,Smartphone,4.0,bad system upon what study debate indeed,Amazon,2024-06-26,-0.5423,general_issue,0.55192
Samsung Buds 2,Accessories,4.0,average development place dream future,Amazon,2023-12-23,0.25,none,0.135
Samsung Galaxy A34,Smartphone,4.0,worth it similar tv western,Flipkart,2023-10-08,0.2263,none,0.135
Samsung Galaxy S21 FE,Smartphone,4.0,bad western road group nothing nice sell animal,Amazon,2023-10-27,-0.7033,general_issue,0.61632
Samsung Galaxy M14,Smartphone,4.0,excellent water ground cup authority full,Flipkart,2024-02-01,0.6124,none,0.135
Samsung Buds Live,Accessories,5.0,bad eat tv certain,Flipkart,2024-04-24,-0.34,general_issue,0.396
Samsung Buds Live,Accessories,4.0,excellent within relationship medical staff none keep conference practice,Flipkart,2024-05-31,0.5719,none,0.135
Samsung Galaxy M14,Smartphone,3.0,not great really different political what computer later family,Flipkart,2023-10-25,-0.5096,none,0.41384
Samsung Galaxy S23,Smartphone,5.0,not great woman child anyone computer machine,Flipkart,2023-05-08,-0.5096,none,0.26384
Samsung Galaxy Book 2,Smartphone,5.0,good small party seven early far drop run thus,Amazon,2023-03-15,0.5423,none,0.06
Samsung Buds 2,Accessories,5.0,worth it wonder oil several consider turn he,Flipkart,2024-02-08,0.2263,none,0.06
Samsung Galaxy S23,Smartphone,4.0,not great federal financial wish population,Flipkart,2023-06-05,-0.1516,none,0.19564
Samsung Galaxy M14,Smartphone,1.0,not great debate people pretty still factor trouble,Amazon,2024-01-08,-0.4203,none,0.5281199999999999
Samsung Galaxy A54,Smartphone,1.0,love the camera quality,Flipkart,2024-07-15,0.6369,camera,0.56
Samsung Buds 2,Accessories,3.0,worth it situation there guy tonight market difficult travel issue battery draining fast,Amazon,2024-07-05,-0.1531,battery,0.47124
Samsung Galaxy Book 2,Smartphone,4.0,worth it smile check so white outside mention animal,Amazon,2024-03-24,0.5267,none,0.135
Samsung Galaxy M53,Smartphone,4.0,good create always congress part,Amazon,2022-01-01,0.6124,none,0.135
Samsung Galaxy Tab S7 FE,Smartphone,4.0,good represent store that buy eye,Flipkart,2022-03-12,0.4404,none,0.135
Samsung Galaxy Tab S7 FE,Smartphone,3.0,worth it impact stuff room company food,Flipkart,2023-08-06,0.2263,none,0.21
Samsung Galaxy Tab A8,Smartphone,3.0,not great practice no especially issue camera quality is poor,Amazon,2022-02-03,-0.6711,camera,0.6784400000000002
Samsung Galaxy S22,Smartphone,4.0,disappointed with the customer service,Flipkart,2024-11-26,-0.4767,software,0.52568
Samsung Galaxy A34,Smartphone,2.0,waste of money plant structure still skin modern event again note,Flipkart,2022-10-04,-0.4215,general_issue,0.6536
Samsung Galaxy S23,Smartphone,4.0,waste of money board enjoy laugh suddenly collection resource very certainly,Flipkart,2023-09-11,0.7713,general_issue,0.335
Samsung Buds 2,Accessories,5.0,good remember player affect professor economic sell training,Flipkart,2022-01-14,0.4404,sound,0.26
Samsung Galaxy S21 FE,Smartphone,3.0,not great identify front international certain area issue slow performance,Flipkart,2023-09-08,-0.2946,performance,0.52784
Samsung Galaxy M14,Smartphone,3.0,good could meet each teach require leg thousand,Flipkart,2023-03-31,0.4404,software,0.41
Samsung Galaxy S23,Smartphone,4.0,good consider bank current five than what watch,Flipkart,2023-03-16,0.4404,none,0.135
Samsung Buds Live,Accessories,5.0,bad real or poor operation buy,Flipkart,2023-10-07,-0.765,general_issue,0.5660000000000001
Samsung Galaxy Tab S7 FE,Smartphone,5.0,waste of money out peace control serve student coach,Amazon,2022-02-14,0.1779,general_issue,0.26
Samsung Galaxy Book 3,Smartphone,4.0,bad fish would especially deep lose,Amazon,2023-07-20,-0.7564,software,0.6375600000000001
Samsung Galaxy S22,Smartphone,4.0,not great ball vote outside but create,Flipkart,2024-11-13,0.1288,none,0.135
Samsung Galaxy Book 2,Smartphone,3.0,bad issue battery draining fast,Amazon,2022-11-13,-0.5423,battery,0.6269200000000001
Samsung Galaxy M34,Smartphone,5.0,good situation perhaps relate,Amazon,2022-07-13,0.4404,none,0.06
Samsung Galaxy A54,Smartphone,4.0,worth it must quality seven up,Flipkart,2022-03-19,0.2263,none,0.135
Samsung Galaxy S22,Smartphone,4.0,good stand religious reduce nothing war feeling,Flipkart,2024-07-31,0.6884,none,0.135
Samsung Galaxy Book 2,Smartphone,4.0,worth it once it read,Amazon,2023-12-30,0.2263,none,0.135
Samsung Galaxy S22,Smartphone,5.0,excellent we wife term population cause,Flipkart,2022-11-16,0.5719,none,0.06
Samsung Galaxy M14,Smartphone,5.0,excellent nearly far film process control lose recent treatment,Amazon,2022-10-11,0.25,software,0.26
Samsung Galaxy M34,Smartphone,3.0,good economic main happy nature surface indicate issue overheating issue,Amazon,2023-06-27,0.765,heating,0.41
Samsung Galaxy S22,Smartphone,5.0,excellent there exactly enjoy marriage large later show,Flipkart,2024-01-22,0.7845,none,0.06
Samsung Galaxy M14,Smartphone,4.0,excellent finish police simple feeling,Flipkart,2023-05-27,0.6369,none,0.135
Samsung Buds Live,Accessories,3.0,excellent probably environment party seven school business remember,Flipkart,2023-04-23,0.7506,none,0.21
Samsung Galaxy Book 3,Smartphone,5.0,excellent speech you himself director i change quite,Flipkart,2023-06-09,0.5719,performance,0.26
Samsung Galaxy M14,Smartphone,1.0,not great measure fine base list event worry manage serious issue charging problem,Flipkart,2023-09-08,-0.8685,battery,0.9074
Samsung Buds Live,Accessories,5.0,worth it trial walk main water region take,Amazon,2022-07-08,0.2263,none,0.06
Samsung Buds 2,Accessories,1.0,good issue slow performance,Flipkart,2024-03-29,0.4404,performance,0.56
Samsung Galaxy S22,Smartphone,4.0,worth it voice republican charge election network six,Amazon,2023-03-22,0.2263,battery,0.335
Samsung Refrigerator,Other,3.0,highly recommend to others,Amazon,2022-06-08,0.4201,none,0.21
Samsung Galaxy A54,Smartphone,3.0,not great issue battery draining fast,Flipkart,2023-10-27,-0.5096,battery,0.6138400000000002
Samsung Galaxy A34,Smartphone,4.0,bad military several million success carry somebody,Amazon,2024-09-15,0.0516,general_issue,0.335
Samsung Galaxy M34,Smartphone,5.0,worth it because figure game various war sound politics,Flipkart,2022-12-21,-0.4588,sound,0.44352
Samsung Galaxy A34,Smartphone,1.0,average likely democratic year institution read fast condition republican issue display flickering,Amazon,2024-09-26,0.0,display,0.56
Samsung Galaxy S22,Smartphone,1.0,excellent product very satisfied,Amazon,2022-07-15,0.7778,none,0.36
Samsung Galaxy S22,Smartphone,1.0,bad tv there stuff commercial laugh issue display flickering,Flipkart,2023-09-08,0.0258,display,0.56
Samsung Galaxy Tab S7 FE,Smartphone,3.0,good yet still capital only issue camera quality is poor,Amazon,2022-03-18,-0.0516,camera,0.4306399999999999
Samsung Galaxy Tab S7 FE,Smartphone,4.0,worth it loss occur list pick,Flipkart,2024-02-21,-0.1027,software,0.37608
Samsung Charger 25W,Accessories,3.0,excellent police none daughter project,Amazon,2022-06-10,0.5719,none,0.21
Samsung Galaxy A54,Smartphone,4.0,excellent yes mission indicate design why,Flipkart,2022-04-25,0.7506,none,0.135
Samsung Galaxy Book 2,Smartphone,4.0,average go action study perhaps,Amazon,2023-11-16,0.0,none,0.135
Samsung Galaxy M53,Smartphone,3.0,waste of money day however people way way standard friend issue overheating issue,Flipkart,2023-12-14,0.1027,heating,0.41
Samsung Galaxy Tab A8,Smartphone,2.0,average issue display flickering,Amazon,2024-06-08,0.0,display,0.485
Samsung Galaxy S22,Smartphone,4.0,not great hard their him himself popular quite,Amazon,2024-05-03,-0.0511,software,0.35544
Samsung Galaxy Tab A8,Smartphone,1.0,bad weight son of country mean size at issue slow performance,Flipkart,2022-09-04,-0.5423,performance,0.77692
Samsung Galaxy A54,Smartphone,3.0,waste of money front sometimes pattern cup without off feeling network issue camera quality is poor,Flipkart,2023-04-10,-0.7407,camera,0.70628
Samsung Galaxy M34,Smartphone,2.0,bad popular ability recently as issue overheating issue,Flipkart,2022-01-24,0.1531,heating,0.485
Samsung Galaxy Book 2,Smartphone,1.0,not great issue battery draining fast,Flipkart,2024-02-23,-0.5096,battery,0.7638400000000001
Samsung Galaxy Tab S7 FE,Smartphone,5.0,bad option like film boy continue establish return,Flipkart,2022-04-21,-0.25,general_issue,0.36
Samsung Galaxy M53,Smartphone,4.0,worth it left officer half,Amazon,2023-09-17,0.2263,none,0.135
Samsung Galaxy A14,Smartphone,3.0,waste of money important measure scientist adult political must issue camera quality is poor,Flipkart,2024-12-09,-0.6249,camera,0.6599600000000001
Samsung Buds Live,Accessories,4.0,not great space any member way anyone,Flipkart,2022-03-26,-0.5096,none,0.33884
Samsung Galaxy M34,Smartphone,5.0,bad international space call or,Flipkart,2023-10-16,-0.5423,general_issue,0.47692
Samsung Charger 25W,Accessories,4.0,good energy any answer source check,Amazon,2022-11-03,0.6124,none,0.135
Samsung Galaxy Book 3,Smartphone,3.0,waste of money order own happy debate issue battery draining fast,Flipkart,2023-11-01,0.2263,battery,0.41
Samsung Galaxy A14,Smartphone,5.0,excellent choose only body partner,Amazon,2024-10-25,0.5719,software,0.26
Samsung Galaxy A54,Smartphone,2.0,bad issue display flickering,Amazon,2023-03-29,-0.5423,display,0.7019200000000001
Samsung Galaxy Book 3,Smartphone,3.0,excellent might try gas remain level each memory issue battery draining fast,Flipkart,2022-11-10,0.5719,battery,0.41
Samsung Galaxy Tab S7 FE,Smartphone,1.0,average issue battery draining fast,Amazon,2022-04-14,0.0,battery,0.56
Samsung Galaxy Tab A8,Smartphone,4.0,worth it civil rise read experience where mrs,Flipkart,2024-03-15,0.2263,none,0.135
Samsung Galaxy M53,Smartphone,1.0,excellent yourself up job fire,Flipkart,2024-07-01,0.3182,none,0.36
Samsung Galaxy A34,Smartphone,3.0,average air officer statement age include,Flipkart,2024-10-30,0.0,none,0.21
Samsung Buds Live,Accessories,4.0,average speak require international return successful,Amazon,2022-07-04,0.5859,software,0.335
Samsung Galaxy A34,Smartphone,4.0,not great able value during yeah others every oil,Flipkart,2023-03-31,-0.4819,none,0.32776
Samsung Galaxy S21 FE,Smartphone,4.0,average trial nature maintain window attack,Flipkart,2024-06-03,-0.4767,none,0.32568
Samsung Galaxy Tab A8,Smartphone,2.0,bad but newspaper indeed new result your with issue display flickering,Amazon,2023-08-17,-0.3071,display,0.6078399999999999
Samsung Galaxy M14,Smartphone,5.0,bad population point whatever see manage high,Flipkart,2024-03-18,-0.5423,general_issue,0.47692
Samsung Buds Live,Accessories,4.0,good break computer weight energy simply,Amazon,2022-10-31,0.6124,none,0.135
Samsung Galaxy S23,Smartphone,4.0,good southern example social life position tell apply beautiful,Amazon,2022-09-28,0.7783,battery,0.335
Samsung Galaxy M14,Smartphone,4.0,not great eight beautiful federal,Amazon,2023-11-20,-0.7536,none,0.43644
Samsung Galaxy A54,Smartphone,5.0,worth it your through police we process similar,Amazon,2022-06-19,0.2263,none,0.06
Samsung Galaxy S23,Smartphone,2.0,excellent magazine out better which the who north physical,Flipkart,2024-09-01,0.765,none,0.285
Samsung Galaxy Tab A8,Smartphone,4.0,good think put idea learn prevent,Amazon,2022-04-11,0.4588,none,0.135
Samsung Galaxy Tab A8,Smartphone,4.0,bad know accept country who top,Flipkart,2024-03-28,-0.0258,general_issue,0.34532
Samsung Galaxy M53,Smartphone,4.0,excellent might within hand station safe,Amazon,2023-06-22,0.8689,none,0.135
Samsung Galaxy Tab A8,Smartphone,4.0,good claim a shoulder right,Amazon,2022-06-24,0.4404,none,0.135
Samsung Buds 2,Accessories,2.0,worth it must tonight american analysis so including think issue charging problem,Amazon,2024-03-27,-0.2023,battery,0.56592
Samsung Buds Live,Accessories,5.0,bad rule offer talk hard,Amazon,2024-10-24,-0.5994,general_issue,0.49976
Samsung Galaxy Book 2,Smartphone,4.0,waste of money to a expect middle probably ball see,Amazon,2024-06-08,-0.4215,general_issue,0.5036
Samsung Galaxy S21 FE,Smartphone,4.0,waste of money enough several enough get find day purpose information,Flipkart,2022-09-25,-0.4215,software,0.5036
Samsung Galaxy Book 3,Smartphone,5.0,good design traditional similar view get sit,Flipkart,2022-10-04,0.4404,none,0.06
Samsung Galaxy S23,Smartphone,4.0,bad area color machine book,Amazon,2024-09-11,-0.5423,general_issue,0.55192
Samsung Buds Live,Accessories,3.0,worth it already kid together find dinner good health without issue overheating issue,Amazon,2023-02-10,0.5859,heating,0.41
Samsung Galaxy A34,Smartphone,4.0,not great nice mind forget relationship reduce,Amazon,2024-09-26,-0.7598,none,0.43892
Samsung Galaxy A14,Smartphone,5.0,average well dark dark,Flipkart,2024-03-20,0.2732,none,0.06
Samsung Galaxy Tab S7 FE,Smartphone,1.0,bad course others a issue charging problem,Amazon,2023-02-06,-0.7351,battery,0.8540400000000001
Samsung Galaxy Tab A8,Smartphone,4.0,bad they lose thank speak,Amazon,2024-12-09,-0.5719,software,0.56376
Samsung Buds 2,Accessories,2.0,good research enough much writer practice worry issue overheating issue,Flipkart,2023-05-20,0.0,heating,0.485
Samsung Galaxy M53,Smartphone,2.0,average exist early magazine remember issue slow performance,Flipkart,2023-05-12,0.0,performance,0.485
Samsung Galaxy Book 3,Smartphone,4.0,excellent girl figure wait window church,Amazon,2022-05-27,0.5719,none,0.135
Samsung Galaxy Tab A8,Smartphone,4.0,waste of money southern performance treat approach ready office itself that,Amazon,2023-06-30,0.34,software,0.335
Samsung Galaxy M53,Smartphone,4.0,not great southern hope send run up federal,Flipkart,2024-05-30,-0.6908,none,0.41132
Samsung Galaxy Tab A8,Smartphone,3.0,not great manager now air decide thousand add issue charging problem,Amazon,2023-10-25,-0.7179,battery,0.69716
Samsung Galaxy S23,Smartphone,1.0,waste of money nearly provide cost heart do law check issue battery draining fast,Amazon,2022-07-03,-0.4215,battery,0.7286000000000001
Samsung Buds 2,Accessories,4.0,worth it office son its behavior,Flipkart,2022-08-19,0.2263,none,0.135
Samsung Buds 2,Accessories,3.0,not great recently chance fish nation future reduce success,Flipkart,2024-04-27,-0.0859,none,0.24436
Samsung Galaxy S21 FE,Smartphone,5.0,worth it role as senior former,Flipkart,2024-05-17,0.2263,none,0.06
Samsung Galaxy S21 FE,Smartphone,5.0,waste of money if story himself where,Amazon,2024-01-19,-0.4215,general_issue,0.4286
Samsung Galaxy Tab A8,Smartphone,2.0,average nor town up effort eat system issue overheating issue,Flipkart,2023-12-15,0.0,heating,0.485
Samsung Buds 2,Accessories,4.0,average after character each green sound young,Amazon,2023-01-26,0.0,sound,0.335
Samsung Galaxy S22,Smartphone,4.0,not great still debate country off happen performance military,Amazon,2023-10-19,-0.5096,software,0.53884
Samsung Galaxy M34,Smartphone,5.0,not great member best accept attorney letter,Amazon,2023-12-07,-0.6202,none,0.30808
Samsung Galaxy Tab A8,Smartphone,5.0,average evidence argue star executive office husband,Flipkart,2022-02-19,-0.34,none,0.196
Samsung Galaxy S22,Smartphone,2.0,great value for money,Amazon,2023-09-17,0.7579,none,0.285
Samsung Galaxy Book 2,Smartphone,5.0,worth it two adult none home clear both property,Amazon,2022-12-13,-0.0731,none,0.08924
Samsung Charger 25W,Accessories,3.0,worth it lose apply enter available write issue slow performance,Amazon,2023-12-18,-0.2023,performance,0.49092
Samsung Galaxy Book 3,Smartphone,3.0,bad style their almost name issue battery draining fast,Amazon,2024-06-24,-0.5423,battery,0.6269200000000001
Samsung Buds Live,Accessories,2.0,not great issue display flickering,Flipkart,2022-10-26,-0.5096,display,0.6888400000000001
Samsung Galaxy A14,Smartphone,4.0,waste of money sound agent left close goal news road,Amazon,2024-06-21,-0.4215,sound,0.5036
Samsung Buds Live,Accessories,5.0,excellent knowledge close impact whom property data owner,Flipkart,2022-04-02,0.5719,software,0.26
Samsung Galaxy M34,Smartphone,5.0,worth it cover offer safe hundred,Amazon,2023-04-24,0.5859,none,0.06
Samsung Galaxy Tab A8,Smartphone,5.0,waste of money upon former star exactly,Amazon,2023-02-13,-0.4215,general_issue,0.4286
Samsung Galaxy Book 3,Smartphone,4.0,waste of money pressure reality eat ready usually bit there,Amazon,2024-02-05,-0.3612,general_issue,0.47948
Samsung Galaxy Tab A8,Smartphone,4.0,good store process write,Amazon,2022-11-16,0.4404,none,0.135
Samsung Galaxy Tab S7 FE,Smartphone,5.0,average candidate up prepare body sing section,Flipkart,2022-06-25,0.0,none,0.06
Samsung Galaxy A14,Smartphone,4.0,not great center hour it remain also including,Flipkart,2022-08-19,-0.5096,none,0.33884
Samsung Galaxy S22,Smartphone,2.0,average issue overheating issue,Flipkart,2022-04-22,0.0,heating,0.485
Samsung Galaxy Tab A8,Smartphone,4.0,waste of money bad hospital manager lead,Flipkart,2023-05-13,-0.743,software,0.6322000000000001
Samsung Galaxy S21 FE,Smartphone,4.0,not great room financial two hold expert,Amazon,2022-10-30,-0.5096,none,0.33884
Samsung Charger 25W,Accessories,4.0,good character wear month check,Flipkart,2023-08-13,0.4404,none,0.135
Samsung Galaxy S23,Smartphone,4.0,bad miss next prepare toward include,Amazon,2022-01-29,-0.6249,general_issue,0.5849600000000001
Samsung Galaxy S21 FE,Smartphone,4.0,excellent break full program product soon skin,Flipkart,2023-12-05,0.5719,none,0.135
Samsung Galaxy A14,Smartphone,4.0,average believe offer no,Flipkart,2022-08-16,-0.296,none,0.2534
Samsung Galaxy M14,Smartphone,4.0,excellent this very argue would thank process,Amazon,2023-09-17,0.5818,none,0.135
Samsung Galaxy Tab A8,Smartphone,5.0,bad lose one another traditional time whom opportunity,Flipkart,2024-07-10,-0.5267,software,0.47068
Samsung Galaxy Tab S7 FE,Smartphone,4.0,worth it might hot between enjoy first together human,Flipkart,2024-08-22,0.6249,heating,0.335
Samsung Galaxy A34,Smartphone,1.0,bad whether development later issue charging problem,Flipkart,2022-02-16,-0.7351,battery,0.8540400000000001
Samsung Galaxy M14,Smartphone,5.0,excellent bank front finally fine environment professional,Flipkart,2023-11-11,0.6705,none,0.06
Samsung Galaxy S22,Smartphone,4.0,bad bed character american rest until last adult spring,Flipkart,2023-03-05,-0.5423,general_issue,0.55192
Samsung Galaxy Tab A8,Smartphone,5.0,good special pm choose,Flipkart,2023-03-10,0.6808,software,0.26
Samsung Galaxy Tab A8,Smartphone,2.0,worth it issue overheating issue,Amazon,2023-02-22,0.2263,heating,0.485
Samsung Galaxy M53,Smartphone,5.0,good score environment style during keep decade serious,Amazon,2024-12-07,0.3818,none,0.06
Samsung Galaxy A14,Smartphone,5.0,waste of money citizen parent effort involve everyone billion,Amazon,2023-06-14,-0.4215,general_issue,0.4286
Samsung Galaxy M53,Smartphone,4.0,excellent loss go buy bank,Flipkart,2024-09-16,0.34,software,0.335
Samsung Galaxy Tab S7 FE,Smartphone,3.0,worth it strategy team lot bring follow network issue slow performance,Flipkart,2022-10-17,0.2263,performance,0.41
Samsung Galaxy Tab A8,Smartphone,5.0,waste of money not statement hundred wide whom allow possible,Amazon,2022-02-07,-0.2263,software,0.35052
Samsung Galaxy M53,Smartphone,4.0,worth it actually forward note then glass with,Flipkart,2024-02-11,0.2263,none,0.135
Samsung Galaxy A34,Smartphone,4.0,waste of money since car baby on under,Amazon,2024-12-14,-0.4215,general_issue,0.5036
Samsung Galaxy Book 3,Smartphone,3.0,waste of money drop policy small agency debate ahead issue battery draining fast,Flipkart,2022-03-31,-0.5994,battery,0.6497600000000001
Samsung Galaxy Book 3,Smartphone,5.0,good ahead piece industry enter least student,Amazon,2023-06-08,0.4404,none,0.06
Samsung Galaxy Tab S7 FE,Smartphone,1.0,excellent only at perhaps,Flipkart,2022-12-15,0.5719,none,0.36
Samsung Galaxy A34,Smartphone,4.0,waste of money modern fish discussion begin,Amazon,2022-05-04,-0.4215,general_issue,0.5036
Samsung Galaxy Book 3,Smartphone,5.0,worth it manage far customer money,Flipkart,2023-08-05,0.2263,none,0.06
Samsung Galaxy Tab A8,Smartphone,1.0,waste of money threat ability technology now indeed animal scientist improve,Amazon,2023-02-16,-0.25,general_issue,0.6600000000000001
Samsung Buds Live,Accessories,4.0,bad argue style difficult institution,Amazon,2023-07-10,-0.8126,general_issue,0.66004
Samsung Galaxy Tab S7 FE,Smartphone,1.0,worth it can argue parent test voice,Amazon,2022-04-19,-0.128,none,0.4112
Samsung Galaxy Book 3,Smartphone,4.0,bad school pick difficult alone money theory one,Amazon,2024-08-10,-0.7906,general_issue,0.65124
Samsung Galaxy A14,Smartphone,3.0,not great make huge hear once citizen hospital issue slow performance,Amazon,2022-01-18,-0.6435,performance,0.6674
Samsung Galaxy A34,Smartphone,4.0,waste of money pass movement course just,Flipkart,2022-05-17,-0.4215,general_issue,0.5036
Samsung Galaxy M14,Smartphone,3.0,good pressure people huge every tonight attack language,Flipkart,2024-03-06,-0.0258,none,0.22032
Samsung Galaxy S23,Smartphone,1.0,build quality feels premium,Flipkart,2023-07-10,0.0,build_quality,0.56
Samsung Galaxy A14,Smartphone,3.0,good pull number before hundred american table really issue overheating issue,Flipkart,2024-01-08,0.4939,heating,0.41
Samsung Buds 2,Accessories,5.0,excellent fall white trip middle,Flipkart,2022-08-09,0.5719,none,0.06
Samsung Galaxy Tab S7 FE,Smartphone,3.0,waste of money experience light radio maintain hit issue camera quality is poor,Flipkart,2022-02-09,-0.7096,camera,0.69384
Samsung Galaxy S21 FE,Smartphone,1.0,average fast measure near toward issue slow performance,Flipkart,2023-08-23,0.0,performance,0.56
Samsung Galaxy Tab S7 FE,Smartphone,4.0,worth it board skin model safe student could tend,Amazon,2024-03-02,0.5859,none,0.135
Samsung Galaxy S22,Smartphone,1.0,waste of money issue slow performance,Flipkart,2023-04-19,-0.4215,performance,0.7286000000000001
Samsung Galaxy A34,Smartphone,5.0,excellent wait produce seven my,Flipkart,2024-02-19,0.5719,none,0.06
Samsung Galaxy Book 2,Smartphone,2.0,waste of money issue slow performance,Amazon,2024-11-07,-0.4215,performance,0.6536
Samsung Galaxy S22,Smartphone,4.0,bad democratic establish head least free can grow,Flipkart,2022-07-23,-0.7353,general_issue,0.6291200000000001
Samsung Galaxy M14,Smartphone,5.0,worth it center get information but minute,Flipkart,2023-10-09,0.1154,none,0.06
Samsung Galaxy Tab S7 FE,Smartphone,5.0,average move firm part law southern long,Flipkart,2024-09-19,0.0,none,0.06
Samsung Buds 2,Accessories,3.0,excellent window age kid identify these computer issue overheating issue,Amazon,2024-12-24,0.5719,heating,0.41
Samsung Galaxy M34,Smartphone,1.0,average issue battery draining fast,Amazon,2022-06-30,0.0,battery,0.56
Samsung Galaxy S21 FE,Smartphone,4.0,worth it crime news question discover attack address safe,Amazon,2023-01-17,-0.4215,none,0.3036
Samsung Galaxy M34,Smartphone,4.0,excellent apply law pretty well keep care argue,Amazon,2023-02-12,0.8689,software,0.335
Samsung Buds 2,Accessories,5.0,average author type follow,Amazon,2024-10-22,0.0,none,0.06
Samsung Galaxy Tab A8,Smartphone,3.0,not great business explain no place camera resource issue display flickering,Flipkart,2024-07-26,-0.6698,display,0.6779200000000001
Samsung Galaxy S21 FE,Smartphone,3.0,waste of money together break which natural issue overheating issue,Amazon,2022-02-14,-0.0772,heating,0.44088
Samsung Galaxy S23,Smartphone,3.0,excellent significant national glass behind image fire,Amazon,2022-03-23,0.4767,none,0.21
Samsung Galaxy M34,Smartphone,4.0,bad song season phone,Amazon,2023-05-22,-0.5423,general_issue,0.55192
Samsung Buds 2,Accessories,4.0,waste of money run home soldier card condition democratic each,Amazon,2024-12-20,-0.4215,general_issue,0.5036
Samsung Galaxy Book 2,Smartphone,4.0,waste of money health nice store,Amazon,2023-09-17,0.0,general_issue,0.335
Samsung Galaxy A54,Smartphone,3.0,average get candidate son hit each issue slow performance,Amazon,2023-11-15,0.0,performance,0.41
Samsung Buds Live,Accessories,5.0,average standard article price mean effect door maintain,Amazon,2024-09-30,0.0,none,0.06
Samsung Galaxy A54,Smartphone,5.0,waste of money store can station toward seat best federal,Flipkart,2024-03-16,0.34,general_issue,0.26
Samsung Galaxy S21 FE,Smartphone,4.0,bad evening difficult open show teach raise child,Amazon,2022-11-18,-0.7184,general_issue,0.62236
Samsung Galaxy S23,Smartphone,2.0,build quality feels premium,Flipkart,2022-02-07,0.0,build_quality,0.485
Samsung Galaxy A14,Smartphone,4.0,waste of money almost successful if car sing perhaps raise fight,Flipkart,2023-12-12,-0.2247,software,0.42488
Samsung Galaxy S22,Smartphone,5.0,good film charge arrive institution five conference arrive,Amazon,2023-12-22,0.4404,battery,0.26
Samsung Galaxy Book 3,Smartphone,1.0,excellent issue charging problem,Amazon,2023-12-29,0.25,battery,0.56
Samsung Galaxy S21 FE,Smartphone,4.0,waste of money develop toward stay last imagine mean list,Amazon,2023-09-12,-0.4215,general_issue,0.5036
Samsung Charger 25W,Accessories,3.0,not great government with find science memory issue slow performance,Flipkart,2023-04-29,-0.5096,performance,0.6138400000000002
Samsung Galaxy Book 2,Smartphone,4.0,waste of money region story offer scene remain address,Amazon,2024-10-23,-0.4215,general_issue,0.5036
Samsung Galaxy Tab A8,Smartphone,2.0,worth it issue display flickering,Amazon,2023-07-19,0.2263,display,0.485
Samsung Charger 25W,Accessories,2.0,not great kind cause goal try most way high,Flipkart,2022-05-07,-0.7244,software,0.7747600000000001
Samsung Galaxy A54,Smartphone,5.0,excellent understand contain middle develop democrat,Flipkart,2023-06-12,0.5719,none,0.06
Samsung Galaxy S21 FE,Smartphone,4.0,good smile and support history tax occur goal,Flipkart,2024-03-03,0.7964,none,0.135
Samsung Galaxy M53,Smartphone,2.0,waste of money become deal challenge step year issue battery draining fast,Flipkart,2022-03-02,-0.3612,battery,0.62948
Samsung Buds 2,Accessories,2.0,average sort everybody total perform speech why hard law issue camera quality is poor,Flipkart,2023-07-28,-0.5423,camera,0.7019200000000001
Samsung Galaxy A14,Smartphone,5.0,waste of money among experience challenge,Flipkart,2023-04-07,-0.3612,general_issue,0.40448
Samsung Galaxy S22,Smartphone,2.0,waste of money police care state improve near,Amazon,2022-11-07,0.5106,general_issue,0.485
Samsung Galaxy Book 2,Smartphone,3.0,worth it season especially close need rise year issue camera quality is poor,Amazon,2023-12-01,-0.296,camera,0.5284
Samsung Buds 2,Accessories,4.0,worth it something much clearly scientist under,Amazon,2024-03-15,0.5574,none,0.135
Samsung Galaxy M34,Smartphone,4.0,worth it finish same ahead party,Amazon,2022-10-09,0.5574,none,0.135
Samsung Galaxy A14,Smartphone,3.0,waste of money why able book type avoid remember,Flipkart,2022-06-29,-0.6124,general_issue,0.65496
Samsung Galaxy M34,Smartphone,2.0,average shake staff fall issue charging problem,Flipkart,2024-02-22,-0.5267,battery,0.6956800000000001
Samsung Buds Live,Accessories,3.0,average issue camera quality is poor,Amazon,2024-12-02,-0.4767,camera,0.6006800000000001
Samsung Buds 2,Accessories,5.0,good piece list quality control,Amazon,2023-04-11,0.4404,none,0.06
Samsung Galaxy M14,Smartphone,3.0,not great may find stand tonight sound difficult body others,Flipkart,2024-05-04,-0.6998,sound,0.6899200000000001
Samsung Galaxy S22,Smartphone,5.0,not great task among simply,Amazon,2023-05-08,-0.5096,none,0.26384
Samsung Charger 25W,Accessories,4.0,good final audience next black lead how grow,Flipkart,2022-11-09,0.4404,none,0.135
Samsung Galaxy S22,Smartphone,2.0,not great issue camera quality is poor,Amazon,2024-05-23,-0.7502,camera,0.78508
Samsung Galaxy Book 2,Smartphone,4.0,worth it smile according fish several shake boy,Amazon,2023-10-02,0.4019,none,0.135
Samsung Galaxy S21 FE,Smartphone,1.0,waste of money where star set daughter sure kid power,Amazon,2023-11-06,-0.128,battery,0.6112
Samsung Galaxy Tab S7 FE,Smartphone,2.0,excellent material quality painting role other per,Amazon,2024-07-08,0.5719,build_quality,0.485
Samsung Galaxy A34,Smartphone,1.0,average issue charging problem,Amazon,2022-09-27,-0.4019,battery,0.7207600000000001
Samsung Galaxy Book 2,Smartphone,2.0,good usually ten lawyer herself thought treatment,Flipkart,2023-02-28,0.4404,none,0.285
Samsung Galaxy Book 3,Smartphone,3.0,not great issue slow performance,Amazon,2022-10-11,-0.5096,performance,0.6138400000000002
Samsung Galaxy A14,Smartphone,5.0,average feeling mission daughter teacher,Flipkart,2023-02-19,0.128,none,0.06
Samsung Galaxy Tab S7 FE,Smartphone,5.0,waste of money fill resource star your talk enjoy every yet,Flipkart,2022-10-10,0.1027,general_issue,0.26
Samsung Galaxy A54,Smartphone,4.0,waste of money one dinner consumer miss,Flipkart,2023-09-25,-0.5267,general_issue,0.5456799999999999
Samsung Galaxy S23,Smartphone,4.0,good for basic usage,Flipkart,2024-12-08,0.4404,none,0.135
Samsung Charger 25W,Accessories,4.0,worth it serious early we policy economy rather,Amazon,2022-10-04,0.1531,none,0.135
Samsung Galaxy M53,Smartphone,1.0,average plant read huge produce consumer other,Flipkart,2024-05-30,0.3182,none,0.36
Samsung Buds Live,Accessories,1.0,waste of money may cause population mean finally nation issue camera quality is poor,Flipkart,2022-10-25,-0.7096,camera,0.8438400000000001
Samsung Galaxy A14,Smartphone,1.0,not great yard project consider development,Amazon,2022-11-20,-0.5096,none,0.5638400000000001
Samsung Galaxy M53,Smartphone,3.0,not great management particularly sort amount remember ahead,Flipkart,2023-10-13,-0.5096,none,0.41384
Samsung Galaxy M14,Smartphone,5.0,good plan yourself them feel according federal well,Amazon,2022-05-19,0.6124,none,0.06
Samsung Galaxy S21 FE,Smartphone,4.0,excellent rich spring material structure sport edge receive full,Amazon,2024-12-27,0.8074,build_quality,0.335
Samsung Galaxy S23,Smartphone,5.0,bad how short agent grow policy,Flipkart,2022-08-31,-0.5423,general_issue,0.47692
Samsung Galaxy M34,Smartphone,4.0,not great night weight agent lose,Amazon,2023-01-13,-0.7179,software,0.62216
Samsung Galaxy Book 2,Smartphone,4.0,worth it smile check so white outside mention animal,Amazon,2023-10-13,0.5267,none,0.135
Samsung QLED TV,TV,4.0,performance is topnotch,Flipkart,2022-10-26,0.0,none,0.135
Samsung Galaxy A34,Smartphone,5.0,excellent century simply music yet play explain team resource,Flipkart,2022-03-02,0.7269,none,0.06
Samsung Galaxy S23,Smartphone,3.0,waste of money culture start cup director watch congress,Amazon,2023-10-15,-0.4215,general_issue,0.5786
Samsung Galaxy M14,Smartphone,3.0,excellent get assume last become,Amazon,2024-04-27,0.5719,none,0.21
Samsung Galaxy S23,Smartphone,4.0,excellent never weight large budget us theory without,Amazon,2024-04-22,0.5719,none,0.135
Samsung Galaxy A34,Smartphone,4.0,good president you cultural want case,Flipkart,2023-09-14,0.4939,none,0.135
Samsung Galaxy A14,Smartphone,4.0,worth it once fish much next process mr measure,Amazon,2024-06-26,0.2263,none,0.135
Samsung Galaxy Tab A8,Smartphone,4.0,not great write floor true if thing,Flipkart,2023-07-15,-0.1265,none,0.1856
Samsung Galaxy S21 FE,Smartphone,4.0,good blood person decide state physical seem memory,Flipkart,2022-11-08,0.4404,none,0.135
Samsung Galaxy Book 3,Smartphone,5.0,not great top site computer eat over anyone west arrive,Amazon,2023-01-20,-0.5975,none,0.299
Samsung Galaxy Tab A8,Smartphone,2.0,bad issue battery draining fast,Amazon,2022-08-07,-0.5423,battery,0.7019200000000001
Samsung Galaxy S22,Smartphone,4.0,average recognize quite understand level win here look,Flipkart,2022-09-27,0.6204,software,0.335
Samsung Galaxy S22,Smartphone,4.0,good house country trade talk miss,Amazon,2023-01-14,0.3182,none,0.135
Samsung Buds 2,Accessories,5.0,worth it full laugh conference reason include pretty anyone,Flipkart,2022-02-23,0.8271,none,0.06
Samsung Galaxy Tab S7 FE,Smartphone,1.0,waste of money option admit agent blue issue battery draining fast,Flipkart,2023-07-01,-0.25,battery,0.6600000000000001
Samsung Galaxy M14,Smartphone,2.0,excellent partner use of contain front box issue charging problem,Amazon,2023-04-18,0.25,battery,0.485
Samsung Galaxy Z Fold5,Smartphone,5.0,featurepacked and smooth experience,Amazon,2023-04-21,0.0,none,0.06
Samsung Galaxy S21 FE,Smartphone,4.0,waste of money hope travel professor write,Amazon,2023-04-18,0.0258,general_issue,0.335
Samsung Galaxy M14,Smartphone,4.0,average while learn financial step,Flipkart,2022-02-23,0.0,none,0.135
Samsung Refrigerator,Other,5.0,build quality feels premium,Amazon,2024-01-06,0.0,build_quality,0.26
Samsung Galaxy Book 2,Smartphone,1.0,not great employee pass same bit maybe,Amazon,2022-06-12,-0.5096,none,0.5638400000000001
Samsung Galaxy Tab S7 FE,Smartphone,5.0,average our than simple place debate us be speech,Flipkart,2024-09-03,0.0,none,0.06
Samsung Galaxy M14,Smartphone,1.0,excellent exist boy cost itself family situation issue charging problem,Flipkart,2022-10-02,0.25,battery,0.56
Samsung Charger 25W,Accessories,3.0,worth it budget physical other instead size story issue charging problem,Flipkart,2024-10-25,-0.2023,battery,0.49092
Samsung Galaxy Tab A8,Smartphone,4.0,average the significant represent above spend blood economic,Amazon,2024-08-18,0.2023,sound,0.335
Samsung Galaxy A54,Smartphone,5.0,waste of money modern kind black tend employee security blood,Amazon,2024-02-05,0.4588,general_issue,0.26
Samsung Galaxy M14,Smartphone,2.0,bad city appear four table,Amazon,2023-01-12,-0.5423,software,0.7019200000000001
Samsung Galaxy M53,Smartphone,4.0,bad whatever second fast,Amazon,2024-03-04,-0.5423,general_issue,0.55192
Samsung Galaxy M53,Smartphone,2.0,not great tough discover past mission happy reason subject,Amazon,2024-10-03,0.1965,software,0.485
Samsung Galaxy M14,Smartphone,4.0,bad later morning message half rule,Flipkart,2024-08-28,-0.5423,general_issue,0.55192
Samsung Galaxy A14,Smartphone,1.0,good floor control difference song issue battery draining fast,Amazon,2022-10-09,0.4404,battery,0.56
Samsung Buds Live,Accessories,4.0,average bring only health,Amazon,2022-12-02,0.0,none,0.135
Samsung Galaxy Book 2,Smartphone,5.0,bad thank product blue down claim,Flipkart,2023-01-31,-0.25,general_issue,0.36
Samsung Galaxy Book 3,Smartphone,2.0,good issue display flickering,Amazon,2023-04-09,0.4404,display,0.485
Samsung Galaxy Tab A8,Smartphone,4.0,worth it you pretty week clear citizen do,Amazon,2022-03-08,0.7717,none,0.135
Samsung Galaxy Book 2,Smartphone,5.0,not great rise account add call question,Flipkart,2024-04-16,-0.5096,none,0.26384
Samsung Galaxy S21 FE,Smartphone,5.0,not great last eat thus north everything,Amazon,2022-01-31,-0.5096,none,0.26384
Samsung Buds 2,Accessories,2.0,bad light where travel tonight worry manage issue camera quality is poor,Flipkart,2023-07-07,-0.8591,camera,0.82864
Samsung Galaxy Tab A8,Smartphone,5.0,excellent word kitchen spring western art,Flipkart,2024-04-25,0.5719,none,0.06
Samsung Galaxy M14,Smartphone,1.0,good response style drive sort,Amazon,2023-04-01,0.4404,none,0.36
Samsung Galaxy A34,Smartphone,2.0,bad read down we industry yes listen skin issue overheating issue,Amazon,2023-02-20,-0.2023,heating,0.56592
Samsung Galaxy M53,Smartphone,3.0,excellent issue slow performance,Flipkart,2023-02-23,0.5719,performance,0.41
Samsung Galaxy A14,Smartphone,1.0,bad move nearly coach issue slow performance,Flipkart,2022-05-16,-0.5423,performance,0.77692
Samsung Buds 2,Accessories,4.0,excellent western already factor office including if positive,Flipkart,2022-12-29,0.8074,software,0.335
Samsung Buds 2,Accessories,2.0,bad every training worry industry window,Amazon,2024-06-18,-0.7506,general_issue,0.7852400000000002
Samsung Charger 25W,Accessories,3.0,average political as morning if,Flipkart,2024-09-30,0.0,none,0.21
Samsung Galaxy S22,Smartphone,5.0,excellent yes walk wish ball,Flipkart,2023-10-28,0.8442,none,0.06
Samsung Galaxy S22,Smartphone,3.0,good new yard condition collection can cover issue display flickering,Flipkart,2024-07-26,0.4404,display,0.41
Samsung Galaxy Book 2,Smartphone,5.0,excellent lawyer mouth oil too,Flipkart,2023-05-21,0.5719,none,0.06
Samsung Galaxy A14,Smartphone,3.0,excellent two budget bank memory magazine issue battery draining fast,Amazon,2024-05-25,0.5719,battery,0.41
Samsung Galaxy Book 3,Smartphone,5.0,average view child and check,Flipkart,2024-04-09,0.0,none,0.06
Samsung Galaxy M14,Smartphone,4.0,not great only audience whom,Amazon,2022-03-27,-0.5096,none,0.33884
Samsung Galaxy M53,Smartphone,4.0,worth it arrive customer appear floor think treatment or,Amazon,2024-02-19,0.2263,software,0.335
Samsung Buds Live,Accessories,1.0,not great wish chair action issue camera quality is poor,Amazon,2023-10-03,-0.8249,camera,0.8899600000000001
Samsung Buds 2,Accessories,4.0,worth it republican anyone respond majority page mr,Amazon,2024-03-18,0.2263,none,0.135
Samsung Galaxy Tab S7 FE,Smartphone,2.0,good issue charging problem,Amazon,2024-12-11,0.0516,battery,0.485
Samsung Galaxy S21 FE,Smartphone,4.0,bad former represent learn management point,Flipkart,2022-03-20,-0.5423,general_issue,0.55192
Samsung Galaxy S21 FE,Smartphone,5.0,worth it wear everything quality mrs individual,Amazon,2024-12-02,0.2263,none,0.06
Samsung Galaxy S23,Smartphone,3.0,good write from among heart top issue slow performance,Amazon,2022-08-12,0.5719,performance,0.41
Samsung Galaxy Book 2,Smartphone,4.0,good chance wear assume rather,Flipkart,2024-07-13,0.5994,none,0.135
Samsung Galaxy M34,Smartphone,2.0,good edge individual teach white woman up issue slow performance,Flipkart,2024-07-24,0.4404,performance,0.485
Samsung Galaxy M34,Smartphone,5.0,bad general carry whom left sport ok last,Flipkart,2022-03-28,-0.3182,general_issue,0.38728
Samsung Galaxy M14,Smartphone,4.0,waste of money coach ok allow store race parent day success,Flipkart,2023-05-19,0.6124,general_issue,0.335
Samsung Buds 2,Accessories,3.0,excellent hold drop rock issue camera quality is poor,Amazon,2024-11-28,-0.128,camera,0.4612
Samsung Galaxy M34,Smartphone,5.0,bad since way prepare different sure,Amazon,2024-03-21,-0.296,general_issue,0.3784
Samsung Charger 25W,Accessories,5.0,average today give in,Amazon,2022-03-22,0.0,none,0.06
Samsung Buds Live,Accessories,1.0,waste of money few choose arrive cost other page finish issue charging problem,Flipkart,2024-03-04,-0.6705,battery,0.8282
Samsung Galaxy S23,Smartphone,5.0,good thousand see draw according picture west and,Flipkart,2024-11-23,0.4404,camera,0.26
Samsung Galaxy M14,Smartphone,1.0,bad into oil professional money,Amazon,2022-04-11,-0.5423,general_issue,0.77692
Samsung Galaxy M53,Smartphone,1.0,worth it husband father anything animal offer full issue overheating issue,Flipkart,2023-01-24,0.2263,heating,0.56
Samsung Galaxy M53,Smartphone,4.0,not great her involve step arrive enter,Amazon,2023-08-20,-0.5096,none,0.33884
Samsung Washing Machine,Other,2.0,delivery was delayed but the product is great,Amazon,2024-06-19,0.7351,performance,0.485
Samsung Galaxy Book 3,Smartphone,4.0,waste of money large must goal first,Amazon,2024-03-26,-0.4215,general_issue,0.5036
Samsung Galaxy Tab A8,Smartphone,2.0,waste of money involve education do himself dog with account interest,Amazon,2023-09-16,0.0516,general_issue,0.485
Samsung Galaxy S22,Smartphone,2.0,good young wife beyond,Amazon,2023-08-09,0.4404,none,0.285
Samsung Buds 2,Accessories,4.0,good value beautiful suggest executive difference may where,Amazon,2024-08-02,0.8481,none,0.135
Samsung Buds Live,Accessories,5.0,bad must exist oil camera,Amazon,2022-12-07,-0.5423,camera,0.47692
Samsung Galaxy Book 3,Smartphone,5.0,bad whether hour perform what we realize,Amazon,2024-05-15,-0.5423,general_issue,0.47692
Samsung Buds 2,Accessories,3.0,waste of money college hope until issue overheating issue,Amazon,2023-08-26,0.0258,heating,0.41
Samsung Charger 25W,Accessories,3.0,waste of money issue charging problem,Amazon,2022-04-22,-0.6705,battery,0.6782000000000001
Samsung Galaxy M34,Smartphone,1.0,not great issue battery draining fast,Flipkart,2024-11-24,-0.5096,battery,0.7638400000000001
Samsung Galaxy M34,Smartphone,4.0,average participant standard investment market question boy wife seem,Flipkart,2022-10-19,0.0,none,0.135
Samsung Galaxy S22,Smartphone,4.0,worth it her economic him i film with,Flipkart,2024-08-07,0.2263,sound,0.335
Samsung Galaxy M14,Smartphone,3.0,average want shoulder ok see maintain issue overheating issue,Amazon,2024-07-14,0.3612,heating,0.41
Samsung Galaxy Tab S7 FE,Smartphone,4.0,average through line national rock career,Amazon,2022-07-05,0.0,none,0.135
Samsung Buds 2,Accessories,4.0,waste of money middle space way food bit,Amazon,2024-10-22,-0.4215,general_issue,0.5036
Samsung Galaxy S23,Smartphone,4.0,not great suddenly money too individual lay,Flipkart,2022-08-20,-0.5096,none,0.33884
Samsung Galaxy S22,Smartphone,4.0,worth it really deep story much hour,Amazon,2023-01-04,0.2263,none,0.135
Samsung Buds Live,Accessories,4.0,not great professional girl find wish,Amazon,2022-10-05,-0.1516,none,0.19564
Samsung Galaxy A14,Smartphone,3.0,good ago woman woman stand better government office issue camera quality is poor,Amazon,2024-03-16,0.4019,camera,0.41
Samsung Galaxy M14,Smartphone,5.0,worth it risk third ever traditional country blue,Amazon,2024-04-26,-0.0516,none,0.08064
Samsung Buds Live,Accessories,1.0,average skin capital dream prevent continue black education issue display flickering,Flipkart,2023-10-25,0.2732,display,0.56
Samsung Galaxy M53,Smartphone,2.0,average particular drive only place degree open religious issue camera quality is poor,Flipkart,2024-07-12,-0.4767,camera,0.6756800000000001
Samsung Charger 25W,Accessories,4.0,average road evidence firm bit forget task,Amazon,2022-02-21,-0.2263,none,0.22552
Samsung Galaxy Book 3,Smartphone,4.0,bad stop buy production evidence outside fly,Amazon,2023-01-02,-0.6908,general_issue,0.6113200000000001
Samsung Galaxy Tab S7 FE,Smartphone,1.0,worth it organization successful speak skill discover beat,Amazon,2024-07-18,0.6908,none,0.36
Samsung Galaxy A34,Smartphone,4.0,waste of money get sense still seek after,Amazon,2023-02-18,-0.4215,general_issue,0.5036
Samsung Galaxy S22,Smartphone,1.0,worth it board soldier mention modern she protect result issue charging problem,Flipkart,2024-07-20,0.2023,battery,0.56
Samsung Buds Live,Accessories,4.0,bad affect space television voice mrs present network,Amazon,2022-07-04,-0.5423,connectivity,0.55192
Samsung Galaxy M53,Smartphone,3.0,not great want most help community issue camera quality is poor,Flipkart,2023-05-28,-0.5608,camera,0.63432
Samsung Galaxy Tab A8,Smartphone,3.0,worth it issue charging problem,Flipkart,2023-10-26,-0.2023,battery,0.49092
Samsung Galaxy A14,Smartphone,3.0,worth it who weight something sort population issue charging problem,Flipkart,2022-12-02,-0.2023,battery,0.49092
Samsung Galaxy Tab S7 FE,Smartphone,4.0,worth it good popular for on us prove prove,Amazon,2022-09-11,0.765,none,0.135
Samsung Galaxy Tab S7 FE,Smartphone,4.0,excellent mind ground age war evening glass old,Amazon,2022-07-06,-0.0516,none,0.15564
Samsung Galaxy Tab S7 FE,Smartphone,4.0,average visit accept since,Amazon,2022-08-22,0.3818,none,0.135
Samsung Galaxy S22,Smartphone,4.0,not great ask think she,Amazon,2024-07-09,-0.5096,none,0.33884
Samsung Galaxy S22,Smartphone,5.0,excellent stock travel especially garden box,Amazon,2024-01-14,0.5719,none,0.06
Samsung Galaxy M53,Smartphone,4.0,waste of money father measure rate color beautiful wrong,Amazon,2022-06-24,-0.25,general_issue,0.435
Samsung Galaxy A14,Smartphone,4.0,good rock air never statement almost city,Flipkart,2024-12-08,0.4404,software,0.335
Samsung Galaxy A54,Smartphone,4.0,waste of money partner build focus just seek development option,Amazon,2024-02-26,-0.4215,camera,0.5036
Samsung Galaxy A34,Smartphone,4.0,good expert board away continue their financial benefit,Amazon,2024-11-13,0.7096,none,0.135
Samsung Galaxy Book 3,Smartphone,4.0,worth it serve appear push security program as outside,Amazon,2022-11-24,0.5106,software,0.335
Samsung Galaxy Book 3,Smartphone,4.0,excellent country stuff lay protect television people necessary,Amazon,2024-02-15,0.743,none,0.135
Samsung Galaxy A54,Smartphone,5.0,worth it set share want north security onto,Flipkart,2024-02-19,0.7003,none,0.06
Samsung Galaxy M14,Smartphone,5.0,good true material yourself color listen,Flipkart,2022-03-31,0.6908,build_quality,0.26
Samsung Charger 25W,Accessories,1.0,worth it issue camera quality is poor,Flipkart,2022-12-16,-0.296,camera,0.6784000000000001
Samsung Galaxy Tab A8,Smartphone,5.0,waste of money high group feel hear maybe throughout market bad,Amazon,2023-11-18,-0.743,general_issue,0.5572
Samsung Galaxy S21 FE,Smartphone,4.0,excellent even fact anything,Amazon,2022-11-04,0.5719,none,0.135
Samsung Buds Live,Accessories,4.0,not great appear college collection herself choose region my certainly,Amazon,2022-11-29,-0.2249,software,0.42496
Samsung Galaxy S22,Smartphone,4.0,average modern energy it political word live education,Flipkart,2022-10-24,0.2732,none,0.135
Samsung Galaxy Tab A8,Smartphone,3.0,bad sing three leg level two manager issue display flickering,Amazon,2023-01-02,-0.5423,display,0.6269200000000001
Samsung Galaxy S22,Smartphone,4.0,average member result window include,Amazon,2022-04-16,0.0,none,0.135
Samsung Buds Live,Accessories,4.0,worth it traditional unit practice old hot,Amazon,2024-05-09,0.2263,heating,0.335
Samsung Galaxy A54,Smartphone,4.0,worth it young pattern hundred identify what great,Flipkart,2023-09-23,0.7184,none,0.135
Samsung Galaxy M14,Smartphone,4.0,waste of money control fall radio yet in,Amazon,2023-09-26,-0.4215,general_issue,0.5036
Samsung Buds Live,Accessories,3.0,excellent paper analysis group they,Amazon,2024-07-02,0.5719,none,0.21
Samsung Buds 2,Accessories,4.0,bad very week few production too deep,Amazon,2023-08-15,-0.5423,general_issue,0.55192
Samsung Galaxy M34,Smartphone,1.0,average issue display flickering,Flipkart,2023-01-06,0.0,display,0.56
Samsung Washing Machine,Other,3.0,speaker quality is amazing,Flipkart,2022-08-29,0.5859,sound,0.41
Samsung Galaxy M53,Smartphone,3.0,bad issue battery draining fast,Amazon,2022-09-27,-0.5423,battery,0.6269200000000001
Samsung Galaxy M14,Smartphone,3.0,worth it often win eye president issue battery draining fast,Amazon,2023-02-20,0.6908,battery,0.41
Samsung Galaxy A14,Smartphone,4.0,bad serious most black something method hand federal,Flipkart,2022-01-08,-0.1531,software,0.39624
Samsung Galaxy A14,Smartphone,4.0,bad will but draw create party thank anything,Flipkart,2023-06-03,0.802,general_issue,0.335
Samsung Galaxy A14,Smartphone,5.0,good season dark into practice possible,Amazon,2022-01-26,0.4404,software,0.26
Samsung Galaxy M14,Smartphone,3.0,not great tough current thought why group issue display flickering,Flipkart,2024-07-28,-0.4449,display,0.58796
Samsung Buds Live,Accessories,4.0,excellent measure whether source,Amazon,2024-10-16,0.5719,none,0.135
Samsung Galaxy S22,Smartphone,5.0,bad test real shoulder,Flipkart,2024-10-18,-0.5423,general_issue,0.47692
Samsung Galaxy Tab S7 FE,Smartphone,4.0,good language kitchen specific above tell relationship fact,Amazon,2022-01-12,0.4404,none,0.135
Samsung Galaxy A14,Smartphone,5.0,worth it five if benefit course,Flipkart,2024-10-07,0.5994,none,0.06
Samsung Galaxy A34,Smartphone,3.0,bad issue slow performance,Flipkart,2023-05-03,-0.5423,performance,0.6269200000000001
Samsung Galaxy M14,Smartphone,4.0,not great account blue quite fire see beautiful hand,Amazon,2023-03-21,0.3349,software,0.335
Samsung Galaxy A54,Smartphone,5.0,not great difference world fly push entire,Amazon,2024-09-01,-0.5096,none,0.26384
Samsung Galaxy S23,Smartphone,2.0,waste of money issue overheating issue,Flipkart,2024-07-18,-0.4215,heating,0.6536
Samsung Galaxy S22,Smartphone,3.0,average issue charging problem,Amazon,2024-04-19,-0.4019,battery,0.5707600000000002
Samsung Galaxy Tab A8,Smartphone,4.0,waste of money expert guy beautiful line subject life allow,Flipkart,2024-06-23,0.4588,battery,0.335
Samsung Galaxy S22,Smartphone,2.0,good few whose teach room operation send issue battery draining fast,Amazon,2022-06-12,0.4404,battery,0.485
Samsung Galaxy M34,Smartphone,2.0,bad only newspaper food season later issue camera quality is poor,Flipkart,2022-01-14,-0.765,camera,0.7910000000000001
Samsung Galaxy Tab A8,Smartphone,5.0,excellent network good ok follow,Amazon,2023-05-17,0.8316,connectivity,0.26
Samsung Galaxy M53,Smartphone,4.0,not great marriage me join to future into crime,Flipkart,2023-07-24,-0.6802,none,0.40708
Samsung Galaxy M53,Smartphone,5.0,average blue better how stage people check store,Flipkart,2023-03-02,0.4404,none,0.06
Samsung Galaxy Book 3,Smartphone,5.0,worth it old huge study almost laugh rule for,Amazon,2022-04-11,0.7584,software,0.26
Samsung Galaxy M14,Smartphone,3.0,not great anything pm fact want respond doctor us issue display flickering,Flipkart,2023-01-14,-0.4577,display,0.59308
Samsung Galaxy S22,Smartphone,4.0,worth it school with while information question listen,Amazon,2022-10-31,0.2263,none,0.135
Samsung Galaxy S22,Smartphone,5.0,excellent low professor sign,Amazon,2022-04-23,0.3818,none,0.06
Samsung Galaxy M53,Smartphone,3.0,excellent require after commercial political everybody dark speak husband,Flipkart,2023-12-16,0.5719,software,0.41
Samsung Galaxy S23,Smartphone,5.0,average city radio letter may,Flipkart,2022-03-17,0.0,none,0.06
Samsung Galaxy A54,Smartphone,5.0,build quality feels premium,Flipkart,2022-10-25,0.0,build_quality,0.26
Samsung Galaxy M34,Smartphone,4.0,not great upon wind inside east,Amazon,2022-03-08,-0.5096,none,0.33884
Samsung Galaxy A14,Smartphone,5.0,worth it stay four level center class none offer,Flipkart,2023-09-04,0.2263,none,0.06
Samsung Galaxy M34,Smartphone,4.0,not great recently magazine early spring rock far,Amazon,2023-11-10,-0.5096,none,0.33884
Samsung Galaxy A54,Smartphone,4.0,good relationship old likely situation wear but,Amazon,2022-06-29,0.2382,none,0.135
Samsung Galaxy M53,Smartphone,5.0,average discuss drug history enter apply,Amazon,2022-04-11,0.0,software,0.26
Samsung Galaxy S22,Smartphone,4.0,average college difference central cause join section,Flipkart,2022-08-12,0.296,none,0.135
Samsung Galaxy M53,Smartphone,5.0,good serious pretty you for believe,Amazon,2024-05-03,0.7003,none,0.06
Samsung Galaxy Book 2,Smartphone,5.0,not great traditional nation wish meeting plan research,Flipkart,2023-01-01,-0.1516,none,0.12064
Samsung Galaxy M14,Smartphone,4.0,good event able other keep act,Flipkart,2022-11-27,0.4404,none,0.135
Samsung Buds 2,Accessories,4.0,good his discussion piece discover check style body,Amazon,2023-08-06,0.4404,none,0.135
Samsung Buds 2,Accessories,2.0,bad food item successful blood citizen country issue charging problem,Flipkart,2022-12-30,-0.34,battery,0.621
Samsung Galaxy Tab S7 FE,Smartphone,2.0,good issue slow performance,Flipkart,2024-07-21,0.4404,performance,0.485
Samsung Galaxy A14,Smartphone,1.0,excellent how individual newspaper despite then law maybe issue slow performance,Flipkart,2024-01-08,0.5719,performance,0.56
Samsung Charger 25W,Accessories,4.0,not great position for meet performance over politics great call,Amazon,2022-03-15,-0.7641,software,0.6406400000000001
Samsung Buds 2,Accessories,4.0,average worker pass be court air,Flipkart,2022-07-10,0.0,none,0.135
Samsung Galaxy A14,Smartphone,3.0,waste of money issue display flickering,Flipkart,2023-09-05,-0.4215,display,0.5786
Samsung Galaxy S23,Smartphone,3.0,average role new two,Amazon,2023-10-24,0.0,none,0.21
Samsung Galaxy Book 3,Smartphone,3.0,excellent not figure everybody may make issue slow performance,Amazon,2024-01-25,0.5719,performance,0.41
Samsung Galaxy A54,Smartphone,2.0,excellent population reduce charge establish issue display flickering,Flipkart,2024-02-16,0.5719,battery,0.485
Samsung Galaxy Tab S7 FE,Smartphone,4.0,worth it itself whom kid teacher discover staff lead,Flipkart,2022-05-19,0.2263,none,0.135
Samsung Buds Live,Accessories,4.0,average recognize high live third,Flipkart,2024-05-25,0.0,none,0.135
Samsung Buds 2,Accessories,4.0,bad area mother fill organization owner,Amazon,2022-05-13,-0.5423,general_issue,0.55192
Samsung Buds Live,Accessories,4.0,not great glass less short where source against,Flipkart,2023-08-23,-0.5096,none,0.33884
Samsung Soundbar,Other,4.0,not as expected returning it,Amazon,2024-08-22,0.0,none,0.135
Samsung Washing Machine,Other,5.0,love the camera quality,Flipkart,2022-10-03,0.6369,camera,0.26
Samsung Galaxy M53,Smartphone,2.0,bad similar lot stuff picture issue charging problem,Amazon,2022-09-07,-0.7351,battery,0.77904
Samsung Galaxy A54,Smartphone,2.0,good word nor because class man issue charging problem,Flipkart,2023-07-17,0.0516,battery,0.485
Samsung Galaxy A14,Smartphone,3.0,excellent worker support tough represent notice run loss issue display flickering,Amazon,2023-11-06,0.5574,display,0.41
Samsung Galaxy A54,Smartphone,5.0,good figure model professor break there citizen anything,Flipkart,2024-12-15,0.4404,none,0.06
Samsung Galaxy M14,Smartphone,3.0,waste of money issue slow performance,Flipkart,2024-04-27,-0.4215,performance,0.5786
Samsung Galaxy M53,Smartphone,3.0,excellent guess behavior college public,Amazon,2024-12-10,0.5719,none,0.21
Samsung Buds Live,Accessories,3.0,good edge everything question arm shake see,Amazon,2023-03-06,0.296,none,0.21
Samsung Galaxy M53,Smartphone,4.0,waste of money professor general officer involve,Flipkart,2023-03-05,-0.4215,general_issue,0.5036
Samsung Galaxy S23,Smartphone,4.0,worth it instead adult affect pull,Flipkart,2022-04-30,0.2263,none,0.135
Samsung Galaxy Tab S7 FE,Smartphone,3.0,not great cultural candidate their some idea issue camera quality is poor,Flipkart,2022-08-12,-0.7502,camera,0.71008
Samsung Galaxy Book 3,Smartphone,5.0,good east understand piece action recognize,Amazon,2024-12-19,0.4404,none,0.06
Samsung Buds Live,Accessories,4.0,waste of money inside look degree sea pass fish use,Flipkart,2022-06-29,-0.4215,general_issue,0.5036
Samsung Galaxy Book 2,Smartphone,2.0,worth it issue slow performance,Flipkart,2024-09-17,0.2263,performance,0.485
Samsung Galaxy S22,Smartphone,5.0,excellent computer place make voice work turn mention,Flipkart,2023-08-12,0.5719,none,0.06
Samsung Galaxy S23,Smartphone,3.0,bad issue overheating issue,Flipkart,2024-05-24,-0.5423,heating,0.6269200000000001
Samsung Galaxy A34,Smartphone,4.0,bad wait seek ask concern language help,Amazon,2023-10-11,-0.2023,general_issue,0.41592
Samsung Galaxy M34,Smartphone,3.0,waste of money issue slow performance,Amazon,2023-06-16,-0.4215,performance,0.5786
Samsung Galaxy S21 FE,Smartphone,5.0,waste of money back arm firm set attention administration center,Flipkart,2024-12-12,-0.4215,general_issue,0.4286
Samsung Galaxy M14,Smartphone,4.0,bad there international boy nearly dark little really,Amazon,2023-12-26,-0.5423,general_issue,0.55192
Samsung Charger 25W,Accessories,1.0,average issue battery draining fast,Flipkart,2022-09-23,0.0,battery,0.56
Samsung Galaxy M14,Smartphone,1.0,excellent create thus off make month,Flipkart,2024-10-13,0.7003,none,0.36
Samsung Galaxy M14,Smartphone,3.0,bad organization history prevent once american consider can trade issue charging problem,Amazon,2024-11-30,-0.7269,battery,0.70076
Samsung Galaxy A14,Smartphone,5.0,average bar new collection phone effort,Flipkart,2024-10-16,0.0,none,0.06
Samsung Galaxy S23,Smartphone,4.0,waste of money everyone player explain debate,Flipkart,2024-10-05,-0.4215,general_issue,0.5036
Samsung Galaxy Book 3,Smartphone,3.0,waste of money various else other safe appear discover instead inside,Amazon,2023-01-04,0.0258,software,0.41
Samsung Galaxy S22,Smartphone,4.0,not great big fall full wife hair,Amazon,2023-04-22,-0.5096,none,0.33884
Samsung Galaxy S22,Smartphone,4.0,bad white night garden meet appear,Amazon,2023-08-18,-0.5423,software,0.55192
Samsung Buds 2,Accessories,5.0,good long performance move director respond again number,Flipkart,2023-02-01,0.4939,none,0.06
Samsung Galaxy A54,Smartphone,5.0,average single administration administration later,Amazon,2022-01-04,0.0,none,0.06
Samsung Galaxy S22,Smartphone,3.0,bad general race woman food stop student vote,Amazon,2022-08-31,-0.6908,general_issue,0.68632
Samsung Galaxy Buds2,Smartphone,2.0,amazing display quality,Flipkart,2022-02-19,0.5859,display,0.485
Samsung Galaxy M34,Smartphone,4.0,excellent modern plan modern option visit,Amazon,2024-08-10,0.5719,none,0.135
Samsung Buds 2,Accessories,2.0,worth it cell series image example tell serve issue slow performance,Amazon,2022-08-30,0.2263,performance,0.485
Samsung Galaxy Tab S7 FE,Smartphone,5.0,not great thousand season ability tonight total bill push,Flipkart,2023-03-01,-0.2486,none,0.15944
Samsung Galaxy M14,Smartphone,5.0,excellent heavy economic while red another adult,Amazon,2024-04-29,0.5719,sound,0.26
Samsung Galaxy A54,Smartphone,4.0,bad health professional power bit yourself protect site,Flipkart,2024-04-27,-0.2263,battery,0.42552
Samsung Galaxy A34,Smartphone,3.0,worth it range large most laugh health stage issue display flickering,Amazon,2022-04-04,0.6997,display,0.41
Samsung Galaxy M53,Smartphone,5.0,bad theory him region draw boy,Amazon,2023-11-15,-0.5423,general_issue,0.47692
Samsung Galaxy A54,Smartphone,4.0,not great production move first live cut sell,Amazon,2023-12-18,-0.6591,none,0.39864
Samsung Galaxy A34,Smartphone,2.0,excellent scene management few together your arm page book,Flipkart,2023-03-11,0.5719,none,0.285
Samsung Buds Live,Accessories,4.0,average produce rate meeting test,Amazon,2022-01-24,0.0,none,0.135
Samsung Galaxy S22,Smartphone,3.0,good much court trade outside situation play issue display flickering,Amazon,2023-02-17,0.6486,display,0.41
Samsung Buds Live,Accessories,5.0,good film window respond strong surface tv,Flipkart,2023-07-31,0.7351,none,0.06
Samsung Galaxy Tab A8,Smartphone,5.0,good training hot threat improve use,Amazon,2023-06-06,0.34,heating,0.26
Samsung Galaxy Tab S7 FE,Smartphone,3.0,bad mrs trade final interesting record debate issue overheating issue,Flipkart,2022-05-19,-0.2023,heating,0.49092
Samsung Galaxy Tab S7 FE,Smartphone,3.0,worth it blood expect us send pay suddenly involve issue slow performance,Amazon,2023-09-23,0.128,performance,0.41
Samsung Galaxy A34,Smartphone,5.0,bad usually expect control stuff class anything,Flipkart,2023-09-07,-0.5423,general_issue,0.47692
Samsung Charger 25W,Accessories,3.0,waste of money paper others reflect theory whether professional imagine season issue slow performance,Flipkart,2024-11-03,-0.4215,performance,0.5786
Samsung Buds 2,Accessories,4.0,average out tell art animal center join,Amazon,2023-10-26,0.296,none,0.135
Samsung Galaxy S22,Smartphone,4.0,good thing compare record participant statement themselves page discuss,Flipkart,2022-01-13,0.4404,none,0.135
Samsung Galaxy M53,Smartphone,5.0,not great address else sea fly production special believe,Amazon,2022-08-22,-0.1516,none,0.12064
Samsung Galaxy A54,Smartphone,3.0,waste of money her old government mouth drug,Amazon,2023-11-14,-0.4215,general_issue,0.5786
Samsung Galaxy Book 2,Smartphone,5.0,worth it box prove rule fire senior keep south,Amazon,2023-12-01,-0.128,none,0.1112
Samsung Galaxy M53,Smartphone,4.0,average court above hard difference miss difficult clear about,Amazon,2024-03-22,-0.2263,none,0.22552
Samsung Buds Live,Accessories,5.0,waste of money authority away list save,Amazon,2022-03-01,0.1779,general_issue,0.26
Samsung Galaxy M34,Smartphone,1.0,bad others box center project three improve daughter strategy,Flipkart,2022-12-26,-0.1531,general_issue,0.62124
Samsung Galaxy S23,Smartphone,3.0,excellent computer style specific mr have stop television issue charging problem,Flipkart,2023-02-02,-0.0516,battery,0.4306399999999999
Samsung Galaxy M14,Smartphone,3.0,bad record live practice product true fire important huge,Flipkart,2023-11-08,0.0,general_issue,0.41
Samsung Buds Live,Accessories,1.0,waste of money issue overheating issue,Flipkart,2023-11-24,-0.4215,heating,0.7286000000000001
Samsung Galaxy S23,Smartphone,4.0,average door hundred indicate,Flipkart,2024-09-08,0.0,none,0.135
Samsung Galaxy A54,Smartphone,4.0,bad financial idea effect land soon,Amazon,2024-08-29,-0.5423,general_issue,0.55192
Samsung Galaxy M14,Smartphone,4.0,excellent worry name need,Amazon,2022-03-14,0.2023,none,0.135
Samsung Charger 25W,Accessories,5.0,waste of money reality different condition turn have account sister,Amazon,2022-10-06,-0.4215,general_issue,0.4286
Samsung Galaxy M14,Smartphone,5.0,excellent senior best participant,Amazon,2024-09-13,0.836,none,0.06
Samsung Galaxy S22,Smartphone,3.0,bad drug that game process give nature issue camera quality is poor,Flipkart,2022-11-15,-0.765,camera,0.7160000000000002
Samsung Buds 2,Accessories,5.0,good partner attorney event kid feel clearly,Flipkart,2024-08-01,0.6808,none,0.06
Samsung Galaxy M34,Smartphone,5.0,not great though product strategy agreement,Flipkart,2023-11-18,-0.0243,none,0.06972
Samsung Buds Live,Accessories,5.0,waste of money entire public present some natural be sign whom,Amazon,2024-08-05,-0.0772,general_issue,0.29088
Samsung Galaxy Tab A8,Smartphone,4.0,not great write floor true if thing,Flipkart,2024-04-27,-0.1265,none,0.1856
Samsung Galaxy Tab A8,Smartphone,3.0,not great discussion actually discuss work end happy issue overheating issue,Flipkart,2022-04-25,0.1043,heating,0.41
Samsung Galaxy Book 3,Smartphone,5.0,bad travel read explain,Amazon,2024-12-03,-0.5423,general_issue,0.47692
Samsung Galaxy S22,Smartphone,4.0,bad center cell difference north fact keep,Amazon,2023-09-06,-0.5423,general_issue,0.55192
Samsung Galaxy Book 3,Smartphone,4.0,good gas include yard,Amazon,2023-10-09,0.4404,none,0.135
Samsung Galaxy A54,Smartphone,5.0,not great exist rule event red process church,Flipkart,2022-02-08,-0.5096,none,0.26384
Samsung Galaxy S23,Smartphone,4.0,bad particularly kid environmental low,Amazon,2023-03-03,-0.7063,general_issue,0.6175200000000001
Samsung Galaxy Tab A8,Smartphone,5.0,excellent close item pattern effort democratic,Amazon,2023-11-11,0.5719,software,0.26
Samsung Buds Live,Accessories,3.0,bad ability road listen police into develop top that issue overheating issue,Amazon,2023-12-26,-0.1027,heating,0.45108
Samsung Galaxy Tab A8,Smartphone,5.0,good all organization according understand drive entire however,Flipkart,2022-05-16,0.4404,none,0.06
Samsung Galaxy S21 FE,Smartphone,5.0,worth it north politics focus,Flipkart,2022-11-02,0.2263,camera,0.26
Samsung Galaxy M34,Smartphone,5.0,worth it less now weight send stand result,Flipkart,2023-07-29,0.2263,none,0.06
Samsung Galaxy A54,Smartphone,3.0,not great apply worker foreign force health issue display flickering,Amazon,2022-03-05,-0.5096,display,0.6138400000000002
Samsung Galaxy A14,Smartphone,2.0,average rule mission born serve action paper pull issue battery draining fast,Amazon,2023-11-26,0.0,battery,0.485
Samsung Galaxy M14,Smartphone,5.0,bad difficult now piece yes relate very question,Flipkart,2024-02-08,-0.5106,general_issue,0.46424
Samsung Galaxy Tab A8,Smartphone,4.0,bad thing set maybe certainly fish significant,Flipkart,2024-12-30,-0.0772,general_issue,0.36588
Samsung Galaxy M14,Smartphone,5.0,excellent them wear international control,Amazon,2022-12-06,0.5719,none,0.06
Samsung Galaxy M53,Smartphone,4.0,good water it after source,Flipkart,2024-03-08,0.4404,none,0.135
Samsung Galaxy S21 FE,Smartphone,4.0,average job tonight exactly know anything,Flipkart,2023-01-19,0.0,none,0.135
Samsung Buds Live,Accessories,3.0,good quickly usually thought girl give dog,Flipkart,2022-08-28,0.4404,software,0.41
Samsung Charger 25W,Accessories,4.0,good house direction medical together,Flipkart,2023-09-24,0.4404,none,0.135
Samsung Galaxy S22,Smartphone,5.0,excellent lawyer travel toward save listen travel person,Amazon,2023-10-07,0.7845,none,0.06
Samsung Galaxy Tab A8,Smartphone,4.0,average full all there number mention bill ten entire,Flipkart,2022-03-06,0.0772,none,0.135
Samsung Galaxy S22,Smartphone,3.0,waste of money company me gas interview,Flipkart,2023-07-11,-0.4215,general_issue,0.5786
Samsung Galaxy M14,Smartphone,3.0,good yourself agency suddenly issue battery draining fast,Amazon,2024-04-27,0.4404,battery,0.41
Samsung Galaxy S21 FE,Smartphone,4.0,excellent less surface understand,Amazon,2022-06-27,0.5719,none,0.135
Samsung Galaxy A14,Smartphone,3.0,excellent great sister including pull others,Amazon,2024-10-14,0.8316,none,0.21
Samsung Galaxy Tab S7 FE,Smartphone,4.0,bad produce dinner rate idea all our,Flipkart,2023-05-02,-0.5423,general_issue,0.55192
Samsung Buds Live,Accessories,4.0,worth it speak unit guy wait must other,Flipkart,2024-02-01,0.2263,none,0.135
Samsung Galaxy A34,Smartphone,5.0,worth it law herself son force outside wind pull,Amazon,2024-07-14,0.2263,none,0.06
Samsung Galaxy Book 2,Smartphone,1.0,not great large poor exactly window bar author wife issue display flickering,Amazon,2023-09-12,-0.1877,display,0.6350800000000001
Samsung Galaxy Tab A8,Smartphone,3.0,excellent institution debate item address authority theory can himself,Amazon,2023-03-19,0.6124,none,0.21
Samsung Galaxy S22,Smartphone,4.0,average exist lot above although send stand,Amazon,2024-12-11,0.0,none,0.135
Samsung Buds Live,Accessories,4.0,excellent debate doctor much,Flipkart,2023-09-12,0.5719,none,0.135
Samsung Galaxy A54,Smartphone,2.0,good six opportunity among pattern party same speak issue charging problem,Flipkart,2022-12-25,0.6908,battery,0.485
Samsung Galaxy M14,Smartphone,1.0,excellent animal quickly fine within threat senior whatever want issue slow performance,Amazon,2022-08-18,0.34,performance,0.56
Samsung Galaxy S22,Smartphone,5.0,excellent happen product in science without add,Amazon,2024-02-06,0.5719,software,0.26
Samsung Galaxy A54,Smartphone,4.0,worth it though recent large others,Amazon,2022-03-18,0.2263,none,0.135
Samsung Galaxy Tab A8,Smartphone,4.0,waste of money high thing at result sing job,Flipkart,2023-02-18,-0.4215,general_issue,0.5036
Samsung Galaxy Tab S7 FE,Smartphone,3.0,average as pretty firm source apply participant professional issue overheating issue,Flipkart,2022-07-09,0.4939,heating,0.41
Samsung Galaxy S22,Smartphone,4.0,waste of money our interesting cup,Flipkart,2024-06-27,-0.0258,general_issue,0.34532
Samsung Buds 2,Accessories,5.0,good until effect different establish not,Flipkart,2024-11-02,0.4404,none,0.06
Samsung Galaxy Tab S7 FE,Smartphone,1.0,waste of money without get little issue battery draining fast,Amazon,2022-02-21,-0.4215,battery,0.7286000000000001
Samsung Buds Live,Accessories,4.0,waste of money yes young power price,Amazon,2024-09-15,-0.0258,battery,0.34532
Samsung Galaxy S21 FE,Smartphone,2.0,average serious leg design car see before similar,Amazon,2024-10-21,-0.0772,none,0.31588
Samsung Galaxy A34,Smartphone,4.0,average usually choice money course,Amazon,2022-11-12,0.0,none,0.135
Samsung Charger 25W,Accessories,4.0,bad good particularly challenge together local left month,Amazon,2023-01-25,-0.0018,general_issue,0.33572
Samsung Galaxy Tab A8,Smartphone,3.0,excellent movie air significant direction,Amazon,2023-11-28,0.6705,none,0.21
Samsung Buds 2,Accessories,3.0,average here section find study station sense issue battery draining fast,Flipkart,2024-09-17,0.0,battery,0.41
Samsung Buds Live,Accessories,3.0,worth it along red year life half debate analysis night issue charging problem,Flipkart,2024-12-08,-0.2023,battery,0.49092
Samsung Galaxy S23,Smartphone,4.0,good usually leader if degree reduce sense,Amazon,2023-09-28,0.4404,none,0.135
Samsung Buds 2,Accessories,4.0,good affect these clear program wall painting,Amazon,2023-11-02,0.6705,none,0.135
Samsung Galaxy S22,Smartphone,5.0,bad rest study prevent,Flipkart,2022-10-21,-0.5267,general_issue,0.47068
Samsung Galaxy S21 FE,Smartphone,5.0,not great help successful body during executive speech people discussion,Flipkart,2022-07-21,-0.8236,none,0.38944
Samsung Galaxy Book 3,Smartphone,3.0,waste of money particular lose material attention,Flipkart,2024-11-23,-0.6705,build_quality,0.6782000000000001
Samsung Buds 2,Accessories,3.0,worth it close movie chance light safe occur board whom issue overheating issue,Flipkart,2022-09-29,0.7003,heating,0.41
Samsung Buds 2,Accessories,5.0,bad position add discover,Amazon,2023-02-25,-0.5423,software,0.47692
Samsung Galaxy M53,Smartphone,5.0,bad personal sure early nor child stuff,Flipkart,2022-03-16,-0.296,general_issue,0.3784
Samsung Galaxy Tab A8,Smartphone,3.0,average treat whatever address sit never issue charging problem,Amazon,2024-07-29,0.607,battery,0.41
Samsung Galaxy Tab A8,Smartphone,5.0,worth it across reason explain imagine speak system style,Flipkart,2024-03-04,0.2263,software,0.26
Samsung Galaxy Tab S7 FE,Smartphone,3.0,good middle run order,Amazon,2024-12-05,0.4404,none,0.21
Samsung Galaxy A34,Smartphone,4.0,excellent standard upon down,Amazon,2022-08-26,0.5719,none,0.135
Samsung Galaxy Tab A8,Smartphone,4.0,excellent cut develop material little,Flipkart,2022-01-09,0.3818,build_quality,0.335
Samsung Galaxy S21 FE,Smartphone,4.0,excellent leg measure nice feeling,Amazon,2023-09-29,0.7906,none,0.135
Samsung Buds Live,Accessories,5.0,average animal actually ok serve animal it research,Flipkart,2022-04-01,0.296,none,0.06
Samsung Galaxy M14,Smartphone,2.0,bad we no particularly lawyer none company issue camera quality is poor,Flipkart,2022-06-28,-0.8316,camera,0.8176400000000001
Samsung Galaxy S23,Smartphone,2.0,excellent between guess short dream design be issue battery draining fast,Amazon,2023-11-14,0.6908,battery,0.485
Samsung Charger 25W,Accessories,5.0,waste of money feel relationship cut my dinner director,Flipkart,2024-08-14,-0.5994,general_issue,0.49976
Samsung Galaxy M34,Smartphone,5.0,good lot stay magazine treatment rather letter also today,Amazon,2022-04-05,0.4404,none,0.06
Samsung Buds 2,Accessories,4.0,excellent behind attention behavior seven walk,Amazon,2022-07-31,0.5719,none,0.135
Samsung Buds Live,Accessories,5.0,bad similar challenge should professor left,Amazon,2024-12-02,-0.4939,general_issue,0.45756
Samsung Charger 25W,Accessories,3.0,waste of money scene east economy create represent international issue slow performance,Amazon,2023-10-02,-0.1779,performance,0.48116
Samsung Galaxy S22,Smartphone,4.0,average thank difference where other,Amazon,2022-02-16,0.3612,none,0.135
Samsung Galaxy M14,Smartphone,3.0,not great issue slow performance,Amazon,2023-10-02,-0.5096,performance,0.6138400000000002
Samsung Galaxy A54,Smartphone,5.0,good nothing we or special down especially,Amazon,2023-03-06,0.1635,none,0.06
Samsung Galaxy S23,Smartphone,1.0,highly recommend to others,Amazon,2023-10-20,0.4201,none,0.36
Samsung Galaxy A34,Smartphone,4.0,excellent book lead coach carry,Flipkart,2023-02-15,0.5719,none,0.135
Samsung Galaxy A54,Smartphone,3.0,good sit dark yard especially issue overheating issue,Flipkart,2023-01-30,0.4404,heating,0.41
Samsung Galaxy M14,Smartphone,5.0,average human key chance cover above reduce possible,Amazon,2023-08-10,0.25,software,0.26
Samsung Galaxy A54,Smartphone,5.0,not great would where maintain court,Amazon,2023-07-21,-0.5096,none,0.26384
Samsung Buds 2,Accessories,3.0,waste of money network in design security notice issue slow performance,Flipkart,2024-12-26,-0.1027,performance,0.45108
Samsung Charger 25W,Accessories,5.0,excellent teacher together prove professional thing little,Amazon,2023-10-16,0.5719,none,0.06
Samsung Galaxy Tab A8,Smartphone,2.0,waste of money measure effort sense best enjoy campaign issue charging problem,Amazon,2024-06-22,0.4404,battery,0.485
Samsung Galaxy Tab S7 FE,Smartphone,5.0,not great human crime among effect security activity,Flipkart,2022-08-29,0.2396,none,0.06
Samsung Galaxy A14,Smartphone,4.0,waste of money almost successful if car sing perhaps raise fight,Flipkart,2023-07-13,-0.2247,software,0.42488
Samsung Galaxy Tab S7 FE,Smartphone,5.0,worth it within around save she one all first few,Amazon,2022-11-02,0.6249,none,0.06
Samsung Buds 2,Accessories,3.0,worth it thing mean hand third ability air issue battery draining fast,Amazon,2022-11-19,0.7506,battery,0.41
Samsung Galaxy M34,Smartphone,5.0,waste of money pretty those people truth economy let whom,Flipkart,2023-07-15,0.4019,software,0.26
Samsung Galaxy Book 3,Smartphone,5.0,waste of money me firm house total can per,Amazon,2022-08-23,-0.4215,general_issue,0.4286
Samsung Charger 25W,Accessories,5.0,excellent buy product expect wait knowledge mrs,Amazon,2022-02-01,0.5719,none,0.06
Samsung Charger 25W,Accessories,4.0,worth it certainly team person surface skill,Amazon,2024-11-18,0.5106,none,0.135
Samsung Galaxy Tab A8,Smartphone,5.0,waste of money subject travel court then idea fish interview available,Flipkart,2022-07-29,-0.4215,general_issue,0.4286
Samsung Buds 2,Accessories,2.0,good discussion game country republican exactly,Flipkart,2023-02-28,0.4404,none,0.285
Samsung Buds Live,Accessories,4.0,bad hour republican significant american,Flipkart,2023-12-19,-0.4019,general_issue,0.49576
Samsung Galaxy Book 3,Smartphone,4.0,excellent station figure floor teach institution,Flipkart,2023-10-15,0.5719,none,0.135
Samsung Galaxy A34,Smartphone,4.0,good agency design serious,Amazon,2023-07-10,0.3818,none,0.135
Samsung Buds Live,Accessories,3.0,good well full win rich adult bit,Amazon,2022-10-17,0.9081,none,0.21
Samsung Galaxy Tab A8,Smartphone,4.0,worth it evidence know act imagine follow,Flipkart,2023-08-04,0.2263,none,0.135
Samsung Galaxy M53,Smartphone,5.0,excellent white significant allow degree,Flipkart,2023-05-17,0.7506,none,0.06
Samsung Galaxy A34,Smartphone,5.0,worth it necessary she respond whole,Flipkart,2022-12-17,0.2263,none,0.06
Samsung Galaxy A54,Smartphone,1.0,average letter offer laugh summer event issue overheating issue,Flipkart,2022-05-26,0.5574,heating,0.56
Samsung Buds Live,Accessories,5.0,waste of money real share industry technology score like audience consumer,Amazon,2023-09-30,0.2263,general_issue,0.26
Samsung Galaxy Tab A8,Smartphone,5.0,not great ten section discussion scientist,Amazon,2023-11-25,-0.5096,none,0.26384
Samsung Buds Live,Accessories,1.0,average issue slow performance,Amazon,2024-06-27,0.0,performance,0.56
Samsung Galaxy M14,Smartphone,4.0,worth it return war local both something free foot detail,Amazon,2022-04-14,0.0772,none,0.135
Samsung Galaxy A34,Smartphone,4.0,waste of money a raise already reality case,Amazon,2022-09-24,-0.4215,general_issue,0.5036
Samsung Galaxy Tab A8,Smartphone,5.0,waste of money trouble give answer level stand address,Flipkart,2022-03-01,-0.6705,general_issue,0.5282
Samsung Galaxy A14,Smartphone,1.0,bad worker heavy reveal safe issue battery draining fast,Flipkart,2024-08-22,-0.1531,battery,0.62124
Samsung Galaxy Tab S7 FE,Smartphone,5.0,worth it school how say we,Amazon,2022-04-14,0.2263,none,0.06
Samsung Buds 2,Accessories,4.0,excellent create lay meeting financial front,Flipkart,2022-08-05,0.7003,none,0.135
Samsung Galaxy M53,Smartphone,4.0,worth it world next even check,Amazon,2024-02-25,0.2263,none,0.135
Samsung Buds Live,Accessories,3.0,average issue charging problem,Amazon,2022-04-21,-0.4019,battery,0.5707600000000002
Samsung Charger 25W,Accessories,3.0,bad issue slow performance,Amazon,2022-06-26,-0.5423,performance,0.6269200000000001
Samsung Galaxy A54,Smartphone,5.0,love the camera quality,Flipkart,2024-05-23,0.6369,camera,0.26
Samsung Buds Live,Accessories,4.0,bad nature middle family behind,Flipkart,2024-03-13,-0.5423,general_issue,0.55192
Samsung Galaxy M53,Smartphone,3.0,average sort without street must practice democrat successful write,Amazon,2023-01-02,0.5859,none,0.21
Samsung Galaxy M34,Smartphone,5.0,good yard coach administration sort front take,Flipkart,2024-07-02,0.4404,none,0.06
Samsung Charger 25W,Accessories,2.0,worth it design training thought box their,Flipkart,2023-12-30,0.2263,none,0.285
Samsung Galaxy S21 FE,Smartphone,5.0,bad return pay class myself language both tough forward,Flipkart,2023-10-02,-0.6597,general_issue,0.52388
Samsung Galaxy A14,Smartphone,1.0,worth it authority bag though behind city either wear against issue battery draining fast,Flipkart,2023-11-12,0.296,battery,0.56
Samsung Galaxy M34,Smartphone,4.0,worth it treatment painting number society decision stuff,Flipkart,2023-02-10,0.296,none,0.135
Samsung Galaxy Tab A8,Smartphone,2.0,bad issue charging problem,Flipkart,2024-12-28,-0.7351,battery,0.77904
Samsung Buds Live,Accessories,4.0,worth it court admit question option,Flipkart,2022-06-10,0.4019,none,0.135
Samsung Galaxy A14,Smartphone,5.0,good less protect economy usually,Flipkart,2024-08-11,0.6378,none,0.06
Samsung Buds Live,Accessories,1.0,not great short wall year technology effect dinner issue display flickering,Amazon,2022-09-27,-0.5096,display,0.7638400000000001
Samsung Galaxy M53,Smartphone,2.0,waste of money among author what question issue display flickering,Amazon,2022-07-10,-0.4215,display,0.6536
Samsung Galaxy Book 2,Smartphone,4.0,not great become want or six,Amazon,2024-08-17,-0.5448,none,0.35292
Samsung Galaxy M53,Smartphone,4.0,bad member player store,Flipkart,2022-07-19,-0.5423,general_issue,0.55192
Samsung Galaxy M53,Smartphone,4.0,worth it stand most guess rate anything both management store,Flipkart,2024-07-22,0.2263,software,0.335
Samsung Galaxy A54,Smartphone,2.0,worth it issue overheating issue,Amazon,2023-09-28,0.2263,heating,0.485
Samsung Galaxy Book 2,Smartphone,4.0,not great become want or six,Amazon,2024-08-11,-0.5448,none,0.35292
Samsung Charger 25W,Accessories,4.0,good picture system against size,Flipkart,2024-08-21,0.4404,camera,0.335
Samsung Galaxy Book 2,Smartphone,4.0,excellent congress quite win because listen all,Flipkart,2023-04-20,0.8313,software,0.335
Samsung Galaxy Tab S7 FE,Smartphone,4.0,waste of money including kitchen usually garden form,Amazon,2023-04-04,-0.4215,general_issue,0.5036
Samsung Galaxy Tab S7 FE,Smartphone,1.0,excellent issue slow performance,Flipkart,2022-10-22,0.5719,performance,0.56
Samsung Galaxy S21 FE,Smartphone,4.0,excellent site bit process speech quickly,Amazon,2023-06-13,0.5719,software,0.335
Samsung Galaxy M34,Smartphone,5.0,excellent what lead gun black two,Flipkart,2024-01-15,0.3182,none,0.06
Samsung Galaxy S23,Smartphone,5.0,good cut morning first week music technology rate detail,Amazon,2024-03-13,0.2023,none,0.06
Samsung Galaxy S22,Smartphone,4.0,very userfriendly interface,Flipkart,2023-01-11,0.0,software,0.335
Samsung Galaxy M53,Smartphone,5.0,average need century choose environment respond sport actually onto,Amazon,2023-11-08,0.0,software,0.26
Samsung Galaxy S22,Smartphone,5.0,excellent response imagine shake give opportunity blue,Amazon,2023-10-28,0.7003,none,0.06
Samsung Galaxy A14,Smartphone,3.0,waste of money scene medical democratic set hospital now,Flipkart,2024-07-17,-0.4215,software,0.5786
Samsung Buds 2,Accessories,2.0,not great city thousand later respond store voice issue battery draining fast,Flipkart,2024-09-25,-0.5096,battery,0.6888400000000001
Samsung Galaxy Book 3,Smartphone,4.0,not great actually after activity political true,Flipkart,2022-03-03,-0.1265,none,0.1856
Samsung Galaxy S22,Smartphone,4.0,waste of money feeling society born seat position before,Amazon,2022-05-14,-0.3182,software,0.46228
Samsung Galaxy M53,Smartphone,3.0,good every administration red development walk drop,Flipkart,2024-08-31,0.2023,none,0.21
Samsung Galaxy A54,Smartphone,5.0,not great already part condition ask goal would worker,Amazon,2022-08-20,-0.5096,none,0.26384
Samsung Galaxy Book 3,Smartphone,4.0,bad phone check yard watch,Flipkart,2023-12-21,-0.5423,general_issue,0.55192
Samsung Galaxy A34,Smartphone,1.0,average third low present car career once bank issue display flickering,Amazon,2024-09-07,-0.2732,display,0.6692800000000001
Samsung Galaxy A34,Smartphone,3.0,average issue battery draining fast,Amazon,2024-08-02,0.0,battery,0.41
Samsung Washing Machine,Other,2.0,delivery was delayed but the product is great,Amazon,2022-12-16,0.7351,performance,0.485
Samsung Galaxy Tab A8,Smartphone,5.0,excellent perform machine computer vote science agree,Flipkart,2023-08-02,0.7351,none,0.06
Samsung Galaxy S22,Smartphone,5.0,worth it where community trip agreement customer operation,Flipkart,2023-12-15,0.6249,none,0.06
Samsung Galaxy S23,Smartphone,5.0,good change seek region situation i,Flipkart,2022-09-18,0.4404,performance,0.26
Samsung Galaxy Tab A8,Smartphone,4.0,bad beyond visit end tend participant however table,Flipkart,2024-11-06,-0.5423,general_issue,0.55192
Samsung Galaxy A34,Smartphone,5.0,good subject simple similar book moment try his,Amazon,2022-07-30,0.4404,none,0.06
Samsung Buds Live,Accessories,5.0,average middle seat option ten,Amazon,2024-04-10,0.0,none,0.06
Samsung Galaxy S22,Smartphone,3.0,excellent one realize sing want generation itself issue charging problem,Amazon,2022-08-08,0.3182,battery,0.41
Samsung Buds 2,Accessories,5.0,worth it too human attack operation meeting standard,Amazon,2023-10-30,-0.296,none,0.1784
Samsung Galaxy M14,Smartphone,4.0,average join lose effect although,Amazon,2022-05-26,-0.128,software,0.3862
Samsung Galaxy M34,Smartphone,5.0,bad candidate population course stuff pretty pretty,Flipkart,2023-09-11,0.4404,general_issue,0.26
Samsung Galaxy Book 3,Smartphone,3.0,waste of money executive body actually break what,Flipkart,2024-12-27,-0.4215,general_issue,0.5786
Samsung Galaxy Tab S7 FE,Smartphone,5.0,waste of money tend single practice writer this,Flipkart,2024-08-02,-0.4215,general_issue,0.4286
Samsung Galaxy A14,Smartphone,2.0,excellent performance memory ability best many father including issue camera quality is poor,Flipkart,2024-03-31,0.7964,camera,0.485
Samsung Galaxy S22,Smartphone,4.0,average rest although color,Amazon,2024-04-26,0.0,none,0.135
Samsung Buds 2,Accessories,2.0,excellent issue charging problem,Flipkart,2023-05-04,0.25,battery,0.485
Samsung Galaxy M14,Smartphone,4.0,worth it center hot term imagine capital note suffer,Flipkart,2023-05-15,-0.3818,heating,0.48772
Samsung Galaxy M34,Smartphone,2.0,waste of money receive toward once war hour live issue overheating issue,Amazon,2022-11-22,-0.7717,heating,0.7936800000000002
Samsung Galaxy Z Fold5,Smartphone,2.0,not as expected returning it,Amazon,2024-09-14,0.0,none,0.285
Samsung Galaxy S21 FE,Smartphone,5.0,good realize bad child,Amazon,2024-02-26,-0.1531,general_issue,0.32124
Samsung Buds 2,Accessories,3.0,average more others oil politics issue charging problem,Flipkart,2022-05-16,-0.4019,battery,0.5707600000000002
Samsung Buds 2,Accessories,4.0,bad gas point which red operation member understand,Flipkart,2023-11-29,-0.5423,general_issue,0.55192
Samsung Galaxy Book 3,Smartphone,4.0,waste of money know spend hit impact not,Flipkart,2023-03-03,-0.4215,general_issue,0.5036
Samsung Galaxy Tab S7 FE,Smartphone,4.0,excellent fact environment true first fight small,Flipkart,2024-06-01,0.5994,none,0.135
Samsung Galaxy M53,Smartphone,3.0,average right experience among human,Flipkart,2024-06-10,0.0,none,0.21
Samsung Galaxy Tab A8,Smartphone,4.0,worth it do field lay manager spend item question,Flipkart,2023-12-02,0.2263,none,0.135
Samsung Galaxy M34,Smartphone,5.0,bad physical wait poor record,Amazon,2023-04-29,-0.765,general_issue,0.5660000000000001
Samsung Charger 25W,Accessories,4.0,average represent full so up,Amazon,2022-12-21,0.0,none,0.135
Samsung Galaxy Tab A8,Smartphone,3.0,good image generation space church range control fine,Amazon,2022-06-09,0.5719,none,0.21
Samsung Buds 2,Accessories,3.0,not great baby so hear,Flipkart,2024-09-23,-0.5096,none,0.41384
Samsung Buds 2,Accessories,3.0,waste of money task buy risk mother land issue overheating issue,Amazon,2022-08-23,-0.5994,heating,0.6497600000000001
Samsung Galaxy Book 3,Smartphone,3.0,worth it four third light dinner issue slow performance,Amazon,2024-08-06,0.2263,performance,0.41
Samsung Galaxy S22,Smartphone,1.0,average plant worker learn use friend hot political,Amazon,2023-10-29,0.4939,heating,0.56
Samsung Galaxy A54,Smartphone,3.0,waste of money fund environmental student parent western house,Amazon,2022-07-19,-0.4215,general_issue,0.5786
Samsung Galaxy Book 2,Smartphone,4.0,average seven democratic tough think discussion address ability,Amazon,2024-06-30,0.2023,none,0.135
Samsung Galaxy S22,Smartphone,4.0,worth it outside movie magazine hand author small important,Amazon,2022-12-27,0.7096,none,0.135
Samsung Charger 25W,Accessories,4.0,waste of money staff about garden,Flipkart,2023-09-23,-0.4215,general_issue,0.5036
Samsung Galaxy A14,Smartphone,5.0,excellent change begin black artist himself thus surface,Flipkart,2024-04-11,0.5719,performance,0.26
Samsung Galaxy M34,Smartphone,5.0,bad how continue third whole political billion peace,Flipkart,2022-05-23,0.0,general_issue,0.26
Samsung Galaxy M14,Smartphone,4.0,good possible beat most full item,Amazon,2022-08-11,0.4404,software,0.335
Samsung Galaxy M34,Smartphone,3.0,average opportunity situation floor bit,Amazon,2024-02-16,0.4215,none,0.21
Samsung Galaxy S23,Smartphone,5.0,excellent his campaign cold health,Amazon,2023-11-02,0.5719,none,0.06
Samsung Galaxy S21 FE,Smartphone,4.0,good later four allow course writer beat,Flipkart,2024-10-09,0.5859,none,0.135
Samsung Galaxy Tab S7 FE,Smartphone,5.0,good story by another meet involve,Amazon,2022-05-06,0.4404,none,0.06
Samsung Galaxy M14,Smartphone,1.0,waste of money today quality town task will couple issue charging problem,Amazon,2022-07-05,-0.6705,battery,0.8282
Samsung Buds Live,Accessories,4.0,bad they point measure past but range young up,Flipkart,2023-03-22,-0.3071,general_issue,0.45784
Samsung Galaxy Book 2,Smartphone,5.0,waste of money standard safe brother skin,Amazon,2022-10-12,0.0258,general_issue,0.26
Samsung Galaxy A14,Smartphone,2.0,not great during news check choice issue slow performance,Amazon,2022-01-01,-0.5096,performance,0.6888400000000001
Samsung Galaxy M53,Smartphone,4.0,waste of money once sure movie mother establish participant inside,Amazon,2022-10-28,-0.128,general_issue,0.3862
Samsung Galaxy M53,Smartphone,4.0,waste of money player game parent thank sing break two,Flipkart,2022-11-02,-0.0772,general_issue,0.36588
Samsung Charger 25W,Accessories,5.0,bad page note four ever suffer material receive,Flipkart,2024-07-16,-0.7906,build_quality,0.5762400000000001
Samsung Galaxy A34,Smartphone,4.0,bad should use for create cause,Amazon,2024-12-24,-0.34,general_issue,0.471
Samsung Galaxy M53,Smartphone,3.0,bad story suffer reason feeling congress possible issue slow performance,Flipkart,2023-08-20,-0.7579,performance,0.71316
Samsung Galaxy A34,Smartphone,5.0,average again serious expert pretty nature,Flipkart,2024-03-09,0.4404,none,0.06
Samsung Galaxy M34,Smartphone,5.0,bad edge certainly begin them continue,Amazon,2024-07-04,-0.2732,general_issue,0.36928
Samsung Galaxy Tab A8,Smartphone,3.0,waste of money cause nature condition cultural order site thing issue charging problem,Amazon,2023-02-05,-0.6705,battery,0.6782000000000001
Samsung Galaxy Book 3,Smartphone,4.0,not great fall process stock conference,Flipkart,2023-02-26,-0.5096,none,0.33884
Samsung Soundbar,Other,3.0,great value for money,Amazon,2023-10-11,0.7579,none,0.21
Samsung Galaxy M14,Smartphone,4.0,excellent perhaps both risk since democrat later democratic,Amazon,2023-09-06,0.3818,none,0.135
Samsung Galaxy Book 3,Smartphone,2.0,bad style theory just discussion might west,Amazon,2023-09-16,-0.5423,general_issue,0.7019200000000001
Samsung Galaxy Book 3,Smartphone,3.0,bad air with at effect issue battery draining fast,Flipkart,2024-06-09,-0.5423,battery,0.6269200000000001
Samsung Galaxy Tab A8,Smartphone,5.0,not great what continue page,Flipkart,2023-12-07,-0.5096,none,0.26384
Samsung Galaxy Tab A8,Smartphone,5.0,excellent cost hope price fight,Flipkart,2022-07-02,0.6124,software,0.26
Samsung Galaxy Tab S7 FE,Smartphone,3.0,not great really return experience them pay same issue charging problem,Flipkart,2022-01-17,-0.7502,battery,0.71008
Samsung Galaxy Tab A8,Smartphone,5.0,good total chance size,Amazon,2024-11-11,0.5994,none,0.06
Samsung Galaxy Tab A8,Smartphone,1.0,worth it pm green official get century remember image issue display flickering,Amazon,2024-04-07,0.2263,display,0.56
Samsung Galaxy Tab S7 FE,Smartphone,2.0,excellent always such shoulder level strong into anyone,Flipkart,2022-09-19,0.7906,none,0.285
Samsung Galaxy Tab S7 FE,Smartphone,5.0,good option ground glass moment few,Amazon,2023-08-26,0.4404,none,0.06
Samsung Galaxy M34,Smartphone,1.0,worth it travel read this go,Amazon,2022-05-08,0.2263,none,0.36
Samsung Galaxy Tab S7 FE,Smartphone,4.0,average or life prove bag order force market,Flipkart,2024-01-27,0.0,battery,0.335
Samsung Galaxy S21 FE,Smartphone,4.0,excellent mind republican news green sit seek,Flipkart,2022-04-19,0.5719,none,0.135
Samsung Charger 25W,Accessories,2.0,not great agreement close study go water animal vote issue overheating issue,Amazon,2022-01-02,-0.7115,heating,0.7696000000000001
Samsung Galaxy S21 FE,Smartphone,4.0,not great game relationship money concern employee attack,Amazon,2024-01-06,-0.7502,none,0.43508
Samsung Galaxy M34,Smartphone,3.0,waste of money television institution bar make issue charging problem,Amazon,2022-08-13,-0.6705,battery,0.6782000000000001
Samsung Charger 25W,Accessories,4.0,waste of money look head way month benefit likely,Amazon,2023-08-01,0.0516,general_issue,0.335
Samsung Galaxy A14,Smartphone,4.0,worth it area pressure son war item eye,Amazon,2022-03-05,-0.6369,none,0.38976
Samsung Galaxy Book 2,Smartphone,4.0,not great discover tend range,Flipkart,2023-04-27,-0.5096,none,0.33884
Samsung Galaxy S22,Smartphone,5.0,good model nature performance road move,Flipkart,2024-06-03,0.4404,none,0.06
Samsung Galaxy A34,Smartphone,3.0,good discussion body draw answer issue overheating issue,Flipkart,2024-03-18,0.4404,heating,0.41
Samsung Galaxy Book 2,Smartphone,2.0,worth it hope important page environment they need issue overheating issue,Amazon,2023-10-14,0.6808,heating,0.485
Samsung Galaxy S23,Smartphone,3.0,average voice cell only be where officer issue battery draining fast,Amazon,2024-02-23,0.0,battery,0.41
Samsung Galaxy Tab A8,Smartphone,5.0,average put evidence method effort admit,Amazon,2024-04-11,0.2023,none,0.06
Samsung Galaxy Tab S7 FE,Smartphone,1.0,excellent few price ahead cup issue battery draining fast,Amazon,2024-02-21,0.5719,battery,0.56
Samsung Air Conditioner,Other,3.0,not worth the price,Amazon,2024-06-10,-0.1695,none,0.2778
Samsung Buds Live,Accessories,4.0,good worry town effort one better place phone,Flipkart,2023-03-09,0.4404,none,0.135
Samsung Galaxy S21 FE,Smartphone,1.0,worth it among write middle want before issue slow performance,Amazon,2022-12-22,0.296,performance,0.56
Samsung Buds Live,Accessories,3.0,average leave indeed interview ability,Amazon,2024-08-30,0.2732,none,0.21
Samsung Galaxy S21 FE,Smartphone,3.0,average inside behind century choose opportunity again fly,Amazon,2022-10-12,0.4215,software,0.41
Samsung Galaxy S22,Smartphone,2.0,waste of money wrong interview ball enjoy reveal wife,Flipkart,2023-01-21,-0.4019,general_issue,0.6457600000000001
Samsung Galaxy Book 2,Smartphone,4.0,good remain as yard miss opportunity,Flipkart,2024-02-27,0.6249,none,0.135
Samsung Galaxy M34,Smartphone,4.0,average lead customer include spend senior,Amazon,2024-01-08,0.0,none,0.135
Samsung Galaxy Tab S7 FE,Smartphone,4.0,good small drug fact blue wear after,Flipkart,2024-05-04,0.4404,none,0.135
Samsung Charger 25W,Accessories,5.0,bad statement including member recent contain,Flipkart,2022-11-12,-0.5423,general_issue,0.47692
Samsung Galaxy M34,Smartphone,5.0,waste of money employee loss perform become,Flipkart,2023-08-14,-0.6249,software,0.50996
Samsung Galaxy Book 3,Smartphone,5.0,not great free reflect prove wonder get politics,Amazon,2022-09-15,-0.7181,none,0.34724
Samsung Galaxy S22,Smartphone,3.0,good issue overheating issue,Flipkart,2022-10-03,0.4404,heating,0.41
Samsung Galaxy Buds2,Smartphone,3.0,good for basic usage,Amazon,2022-01-24,0.4404,none,0.21
Samsung Galaxy M53,Smartphone,3.0,waste of money issue charging problem,Flipkart,2022-05-27,-0.6705,battery,0.6782000000000001
Samsung Galaxy Book 2,Smartphone,5.0,average since job world surface poor off,Flipkart,2022-02-02,-0.4767,general_issue,0.45068
Samsung Galaxy A34,Smartphone,4.0,good account several physical hotel look administration,Flipkart,2022-10-22,0.4404,heating,0.335
Samsung Galaxy Book 3,Smartphone,4.0,not great yes actually travel employee memory policy full,Flipkart,2024-09-23,-0.6759,none,0.40536
Samsung Galaxy M14,Smartphone,5.0,good night skill question travel hand never,Flipkart,2024-06-13,0.7269,none,0.06
Samsung Galaxy A54,Smartphone,4.0,bad personal arrive about fight trip national skill,Flipkart,2022-10-06,-0.7269,general_issue,0.6257600000000001
Samsung Galaxy S21 FE,Smartphone,5.0,good wrong forget over more,Amazon,2022-06-23,-0.2732,none,0.1692799999999999
Samsung Galaxy A34,Smartphone,3.0,excellent from site popular statement issue battery draining fast,Amazon,2022-10-09,0.7579,battery,0.41
Samsung Galaxy S21 FE,Smartphone,3.0,worth it call from life wear,Flipkart,2024-05-01,0.2263,battery,0.41
Samsung Galaxy Tab A8,Smartphone,5.0,good between law someone actually pull book like,Amazon,2024-07-22,0.6597,none,0.06
Samsung Galaxy M53,Smartphone,3.0,excellent real across television rather new issue battery draining fast,Flipkart,2024-05-21,0.5719,battery,0.41
Samsung Galaxy S22,Smartphone,5.0,average truth never necessary top,Flipkart,2023-01-04,0.1798,none,0.06
Samsung Galaxy S22,Smartphone,4.0,average probably financial name source year,Flipkart,2024-07-19,0.0,none,0.135
Samsung Galaxy M14,Smartphone,3.0,good skill while somebody office return development issue battery draining fast,Flipkart,2024-11-09,0.4404,battery,0.41
Samsung Buds 2,Accessories,4.0,bad during job activity sing site,Flipkart,2024-05-18,-0.5423,general_issue,0.55192
Samsung Galaxy Tab S7 FE,Smartphone,4.0,average someone suddenly image mr,Flipkart,2024-07-10,0.0,none,0.135
Samsung Galaxy M34,Smartphone,5.0,good step detail above player,Flipkart,2024-02-27,0.4404,none,0.06
Samsung Galaxy Book 2,Smartphone,3.0,worth it lose remember involve unit they where,Flipkart,2023-12-29,-0.2023,software,0.49092
Samsung Galaxy M34,Smartphone,3.0,worth it person mr window speech many financial former issue display flickering,Amazon,2023-04-08,0.2263,display,0.41
Samsung Buds 2,Accessories,5.0,waste of money million difference care first give mr,Flipkart,2023-01-16,0.1027,general_issue,0.26
Samsung Charger 25W,Accessories,5.0,not great from argue minute,Flipkart,2024-05-19,-0.3089,none,0.18356
Samsung Galaxy A34,Smartphone,3.0,waste of money issue display flickering,Amazon,2022-01-16,-0.4215,display,0.5786
Samsung Galaxy Tab S7 FE,Smartphone,4.0,waste of money alone sound management task after program raise,Amazon,2024-10-17,-0.5859,sound,0.5693600000000001
Samsung Buds 2,Accessories,4.0,worth it minute long near democrat order reason word,Flipkart,2023-04-30,0.2263,none,0.135
Samsung Galaxy A54,Smartphone,1.0,excellent drive yard why time blue issue battery draining fast,Flipkart,2024-10-24,0.5719,battery,0.56
Samsung Galaxy S21 FE,Smartphone,4.0,excellent or door kitchen young role,Flipkart,2023-07-06,0.5719,none,0.135
Samsung Galaxy S22,Smartphone,4.0,not great second likely animal fly can write,Flipkart,2024-04-21,-0.5096,none,0.33884
Samsung Charger 25W,Accessories,4.0,average chance discussion nothing trip resource,Flipkart,2024-01-22,0.25,none,0.135
Samsung Galaxy S23,Smartphone,1.0,waste of money check evening woman continue,Flipkart,2022-03-10,-0.4215,general_issue,0.7286000000000001
Samsung Galaxy A34,Smartphone,4.0,average success region myself travel trade,Amazon,2022-03-19,0.5719,none,0.135
Samsung Galaxy Tab A8,Smartphone,4.0,good food itself stuff may,Flipkart,2024-09-16,0.4404,none,0.135
Samsung Galaxy Book 2,Smartphone,3.0,excellent issue display flickering,Amazon,2024-01-25,0.5719,display,0.41
Samsung Buds 2,Accessories,2.0,waste of money season thought until what nor peace story tax,Amazon,2022-08-20,-0.6858,general_issue,0.75932
Samsung Galaxy A54,Smartphone,1.0,average likely everything big need memory issue display flickering,Amazon,2024-09-13,0.0,display,0.56
Samsung Galaxy Book 3,Smartphone,4.0,good condition fund surface me,Flipkart,2022-06-13,0.4404,none,0.135
Samsung Galaxy A14,Smartphone,3.0,worth it cold capital organization western issue overheating issue,Flipkart,2022-10-18,0.2263,heating,0.41
Samsung Galaxy M14,Smartphone,4.0,not great time contain become character,Flipkart,2024-12-14,-0.5096,none,0.33884
Samsung Galaxy A54,Smartphone,5.0,average check they visit,Amazon,2023-07-27,0.0,none,0.06
Samsung Galaxy Tab S7 FE,Smartphone,3.0,waste of money above month per congress all,Amazon,2024-08-10,-0.4215,general_issue,0.5786
Samsung Buds Live,Accessories,4.0,bad cultural back most discuss thing political,Flipkart,2024-11-24,-0.5423,software,0.55192
Samsung Galaxy M53,Smartphone,4.0,good if read tonight just,Amazon,2022-06-10,0.4404,none,0.135
Samsung Galaxy M14,Smartphone,4.0,waste of money technology position act,Flipkart,2024-12-07,-0.4215,software,0.5036
Samsung Galaxy M53,Smartphone,5.0,bad again sense capital himself,Amazon,2022-07-01,-0.5423,general_issue,0.47692
Samsung Galaxy S23,Smartphone,2.0,excellent including state among sort issue overheating issue,Amazon,2023-05-18,0.5719,heating,0.485
Samsung Galaxy Book 3,Smartphone,4.0,not great effort skill wait avoid step,Amazon,2024-08-25,-0.6698,none,0.40292
Samsung Galaxy S22,Smartphone,3.0,performance is topnotch,Flipkart,2022-06-09,0.0,none,0.21
Samsung Galaxy Tab S7 FE,Smartphone,4.0,waste of money decision various but ago,Amazon,2023-10-02,-0.2263,general_issue,0.42552
Samsung Buds 2,Accessories,4.0,waste of money safe civil commercial just city rich decade,Flipkart,2022-04-19,0.5719,general_issue,0.335
Samsung Galaxy S22,Smartphone,1.0,waste of money ability write weight eight issue slow performance,Flipkart,2023-12-05,-0.128,performance,0.6112
Samsung Galaxy A14,Smartphone,4.0,waste of money so so data city stand,Flipkart,2024-12-31,-0.4215,general_issue,0.5036
Samsung Galaxy Book 3,Smartphone,3.0,good exactly picture blue animal issue display flickering,Amazon,2022-01-23,0.4404,display,0.41
Samsung Charger 25W,Accessories,5.0,good moment help speak however life blue brother,Flipkart,2024-08-18,0.6808,battery,0.26
Samsung Buds Live,Accessories,3.0,good edge everything question arm shake see,Amazon,2024-07-18,0.296,none,0.21
Samsung Galaxy S21 FE,Smartphone,2.0,average contain garden especially by back,Flipkart,2024-11-15,0.0,none,0.285
Samsung Galaxy M53,Smartphone,5.0,waste of money worker visit hour write partner money,Amazon,2024-08-18,-0.4215,general_issue,0.4286
Samsung Galaxy Book 3,Smartphone,2.0,waste of money number paper director,Flipkart,2023-11-10,-0.3612,general_issue,0.62948
Samsung Galaxy A54,Smartphone,3.0,worth it speech which mission report suddenly not box,Flipkart,2024-05-12,0.2263,none,0.21
Samsung Galaxy A34,Smartphone,3.0,bad next field herself special unit rock,Flipkart,2023-12-24,-0.2023,general_issue,0.49092
Samsung Galaxy Book 3,Smartphone,5.0,bad bring up turn west feeling fund fight cell,Amazon,2023-08-27,-0.6808,general_issue,0.53232
Samsung Buds 2,Accessories,4.0,waste of money effort former book decide receive,Amazon,2023-08-16,-0.4215,general_issue,0.5036
Samsung Charger 25W,Accessories,5.0,bad each position sport should,Amazon,2022-12-10,-0.5423,software,0.47692
Samsung Galaxy M34,Smartphone,1.0,worth it issue display flickering,Flipkart,2022-03-14,0.2263,display,0.56
Samsung Galaxy M34,Smartphone,2.0,worth it keep sell drive democrat issue battery draining fast,Amazon,2023-09-15,0.2263,battery,0.485
Samsung Galaxy Tab S7 FE,Smartphone,4.0,average attack food record home international,Amazon,2023-06-18,-0.4767,none,0.32568
Samsung Buds Live,Accessories,1.0,average standard reveal true issue audience song region,Amazon,2022-05-06,0.4215,none,0.36
Samsung Buds Live,Accessories,4.0,bad coach fund company visit behind region education,Flipkart,2024-08-27,-0.5423,general_issue,0.55192
Samsung Galaxy S22,Smartphone,4.0,good across machine democratic forward save,Flipkart,2022-12-13,0.7269,software,0.335
Samsung Galaxy M14,Smartphone,4.0,excellent attorney father pretty identify describe within,Flipkart,2022-04-16,0.7845,none,0.135
Samsung Galaxy Book 2,Smartphone,3.0,not great pm our task ability issue camera quality is poor,Flipkart,2023-08-21,-0.6242,camera,0.65968
Samsung Galaxy S22,Smartphone,2.0,good answer stand store man subject interesting,Amazon,2022-02-25,0.6808,none,0.285
Samsung Galaxy A34,Smartphone,5.0,average great seven way natural black itself impact cover,Amazon,2023-08-11,0.765,none,0.06
Samsung Galaxy M34,Smartphone,4.0,excellent little society again appear doctor,Flipkart,2024-09-19,0.5719,software,0.335
Samsung Galaxy Book 2,Smartphone,5.0,waste of money fight authority indicate two wrong with long,Amazon,2022-06-18,-0.802,general_issue,0.5808
Samsung Galaxy S23,Smartphone,5.0,bad newspaper nice later dinner,Amazon,2022-09-17,-0.1779,general_issue,0.33116
Samsung Galaxy S22,Smartphone,5.0,not great real unit center grow enough western close,Flipkart,2024-11-01,-0.5096,software,0.46384
Samsung Galaxy A34,Smartphone,4.0,bad all meet top bit identify consider want argue,Amazon,2022-06-07,-0.5859,general_issue,0.5693600000000001
Samsung Galaxy S22,Smartphone,1.0,build quality feels premium,Amazon,2023-07-24,0.0,build_quality,0.56
Samsung Galaxy Tab A8,Smartphone,5.0,excellent age head approach include size,Amazon,2023-06-01,0.5719,software,0.26
Samsung Galaxy A14,Smartphone,4.0,not great sit by capital trip good,Amazon,2022-09-29,-0.1012,none,0.17548
Samsung Galaxy M34,Smartphone,5.0,excellent better research question,Amazon,2023-07-30,0.765,none,0.06
Samsung Galaxy Book 3,Smartphone,4.0,not great contain or turn clearly we,Amazon,2023-07-18,-0.1516,none,0.19564
Samsung Charger 25W,Accessories,1.0,waste of money small price share animal,Flipkart,2023-06-11,-0.1531,general_issue,0.62124
Samsung Galaxy M14,Smartphone,4.0,not great history beautiful agreement population window difference stop first,Flipkart,2022-01-30,-0.6641,none,0.40064
Samsung Galaxy M34,Smartphone,4.0,average someone increase fine,Flipkart,2022-08-17,0.4767,none,0.135
Samsung Galaxy Book 3,Smartphone,2.0,waste of money dog hospital century quite fight find,Amazon,2022-12-24,-0.6901,software,0.7610399999999999
Samsung Galaxy M14,Smartphone,3.0,bad deal detail successful agent return mouth ground particular issue overheating issue,Amazon,2022-11-06,0.0772,heating,0.41
Samsung Charger 25W,Accessories,3.0,average issue display flickering,Amazon,2024-07-03,0.0,display,0.41
Samsung Galaxy A54,Smartphone,5.0,bad husband factor try dog have,Flipkart,2024-01-28,-0.5423,general_issue,0.47692
Samsung Charger 25W,Accessories,3.0,average reflect close character since back marriage seem over,Flipkart,2022-12-26,0.0,software,0.41
Samsung Charger 25W,Accessories,5.0,worth it image table father student address,Flipkart,2023-06-20,0.2263,none,0.06
Samsung Galaxy M53,Smartphone,4.0,good true huge go manager forward treatment,Amazon,2023-04-29,0.7906,none,0.135
Samsung Buds Live,Accessories,5.0,worth it ask personal north to knowledge,Amazon,2024-09-20,0.2263,none,0.06
Samsung Air Conditioner,Other,2.0,excellent product very satisfied,Flipkart,2023-01-06,0.7778,none,0.285
Samsung Galaxy Tab A8,Smartphone,5.0,worth it unit send page,Flipkart,2024-12-16,0.2263,none,0.06
Samsung Galaxy M14,Smartphone,4.0,good room when various then system seat reduce bag,Amazon,2022-03-09,0.4404,none,0.135
Samsung Galaxy Z Fold5,Smartphone,5.0,nice product but a bit overpriced,Amazon,2023-12-04,0.2263,none,0.06
Samsung Galaxy M53,Smartphone,3.0,average respond person computer art technology,Amazon,2022-06-22,0.0,none,0.21
Samsung Charger 25W,Accessories,4.0,average series beat option year politics fill set,Amazon,2022-10-25,0.0,none,0.135
Samsung Galaxy M34,Smartphone,2.0,bad point rock cell theory factor,Amazon,2022-11-12,-0.5423,general_issue,0.7019200000000001
Samsung Galaxy M34,Smartphone,4.0,not great south when popular civil whom put,Amazon,2024-10-12,-0.1265,none,0.1856
Samsung Galaxy S23,Smartphone,3.0,worth it have nor commercial the loss,Amazon,2024-04-25,0.4333,software,0.41
Samsung Galaxy A34,Smartphone,4.0,good dog within effect we audience leader,Flipkart,2024-02-24,0.4404,none,0.135
Samsung Galaxy S23,Smartphone,3.0,worth it discuss likely their writer free able issue camera quality is poor,Flipkart,2023-05-03,0.2732,camera,0.41
Samsung Galaxy Tab A8,Smartphone,5.0,bad understand thing institution hard,Flipkart,2024-06-20,-0.5994,general_issue,0.49976
Samsung Galaxy M34,Smartphone,3.0,excellent save exist join finish hotel say organization issue overheating issue,Amazon,2022-12-09,0.8442,heating,0.41
Samsung Galaxy Book 2,Smartphone,3.0,average tough fight local control exactly industry,Amazon,2023-03-08,-0.4767,none,0.40068
Samsung Galaxy A14,Smartphone,4.0,average maybe light by seven condition ok quite brother,Amazon,2023-12-08,0.296,software,0.335
Samsung Charger 25W,Accessories,4.0,average threat simple carry phone pattern information,Amazon,2022-04-22,-0.5267,none,0.34568
Samsung Crystal UHD TV,TV,1.0,very userfriendly interface,Amazon,2023-06-26,0.0,software,0.56
Samsung Buds Live,Accessories,2.0,bad sort quickly better itself issue overheating issue,Flipkart,2022-08-26,-0.1531,heating,0.5462400000000001
Samsung Galaxy M53,Smartphone,4.0,worth it agency million get mouth i nothing,Amazon,2022-04-18,0.2263,none,0.135
Samsung Galaxy Tab A8,Smartphone,4.0,bad course call there section start,Flipkart,2022-12-10,-0.5423,general_issue,0.55192
Samsung Galaxy A34,Smartphone,5.0,worth it man argue development buy child,Flipkart,2024-08-08,-0.128,none,0.1112
Samsung Galaxy S22,Smartphone,3.0,worth it step nor shoulder only through avoid,Flipkart,2024-03-27,-0.0772,none,0.2408799999999999
Samsung Galaxy Book 2,Smartphone,4.0,worth it glass should be beat physical because gun,Flipkart,2024-09-02,-0.128,none,0.1862
Samsung Galaxy M53,Smartphone,3.0,bad admit recently such notice want policy issue overheating issue,Amazon,2023-09-10,-0.34,heating,0.546
Samsung Galaxy M14,Smartphone,5.0,not great us when hotel first culture inside year,Flipkart,2024-09-02,-0.5096,heating,0.46384
Samsung Galaxy S23,Smartphone,5.0,bad nearly system near service sell,Flipkart,2024-12-26,-0.5423,general_issue,0.47692
Samsung Galaxy Book 2,Smartphone,1.0,worth it build north himself draw response computer,Flipkart,2023-04-24,0.2263,build_quality,0.56
Samsung Galaxy Book 2,Smartphone,5.0,bad various drive particularly miss threat,Amazon,2024-02-17,-0.8431,general_issue,0.59724
Samsung Galaxy Tab S7 FE,Smartphone,4.0,not great lay drug left yet quality star street,Flipkart,2024-03-09,-0.5096,none,0.33884
Samsung Galaxy Tab A8,Smartphone,5.0,not great city investment off green,Flipkart,2024-08-29,-0.5096,none,0.26384
Samsung Charger 25W,Accessories,4.0,waste of money admit explain many least realize mission difficult,Flipkart,2023-06-22,-0.5423,general_issue,0.55192
Samsung Galaxy Book 3,Smartphone,4.0,good easy tax her choose statement end,Amazon,2022-10-25,0.7003,software,0.335
Samsung Galaxy Z Fold5,Smartphone,5.0,performance is topnotch,Amazon,2024-12-22,0.0,none,0.06
Samsung Galaxy S21 FE,Smartphone,5.0,not great interesting after tonight old,Amazon,2024-06-09,-0.6759,none,0.33036
Samsung Buds Live,Accessories,1.0,not great level month attorney oil system hair issue battery draining fast,Amazon,2022-01-25,-0.5096,battery,0.7638400000000001
Samsung Galaxy Tab A8,Smartphone,5.0,good support nature medical light contain,Flipkart,2023-08-15,0.6808,none,0.06
Samsung Galaxy S22,Smartphone,1.0,bad issue slow performance,Flipkart,2024-07-08,-0.5423,performance,0.77692
Samsung Galaxy Book 3,Smartphone,4.0,not great professor hair sea standard strong save,Amazon,2024-02-22,0.4949,none,0.135
Samsung Galaxy A34,Smartphone,4.0,good raise range should sort,Amazon,2023-10-09,0.4404,none,0.135
Samsung Galaxy Book 3,Smartphone,5.0,good race young involve successful benefit network,Amazon,2024-12-21,0.8658,connectivity,0.26
Samsung Galaxy S23,Smartphone,3.0,average defense trip report speak,Flipkart,2022-03-26,0.128,none,0.21
Samsung Galaxy S21 FE,Smartphone,4.0,average teacher represent suffer sell,Amazon,2022-07-19,-0.5423,none,0.35192
Samsung Galaxy A14,Smartphone,2.0,waste of money report message talk write,Amazon,2024-12-24,-0.4215,general_issue,0.6536
Samsung Galaxy M53,Smartphone,4.0,waste of money soon woman goal really really mr,Flipkart,2023-12-26,-0.4215,general_issue,0.5036
Samsung Galaxy Tab A8,Smartphone,4.0,average society perhaps cause number,Flipkart,2024-06-03,0.0772,none,0.135
Samsung Buds 2,Accessories,3.0,bad war after develop beat it production senior issue camera quality is poor,Amazon,2023-07-13,-0.8885,camera,0.7654000000000001
Samsung Galaxy M34,Smartphone,3.0,average radio in sound kind anything charge article shoulder,Amazon,2023-11-18,0.5267,battery,0.41
Samsung Galaxy S23,Smartphone,1.0,good son read science nice east happen study business,Amazon,2023-07-08,0.6908,software,0.56
Samsung Galaxy Tab A8,Smartphone,2.0,waste of money issue slow performance,Flipkart,2023-07-01,-0.4215,performance,0.6536
Samsung Galaxy Book 2,Smartphone,5.0,worth it skill expect owner,Flipkart,2022-07-21,0.2263,none,0.06
Samsung Galaxy Tab S7 FE,Smartphone,5.0,worth it seek increase white class dinner out our situation,Amazon,2023-06-07,0.4939,none,0.06
Samsung Buds Live,Accessories,4.0,good watch drop sometimes boy,Flipkart,2024-03-12,0.2023,none,0.135
Samsung Galaxy S23,Smartphone,3.0,excellent issue display flickering,Flipkart,2024-08-02,0.5719,display,0.41
Samsung Galaxy M14,Smartphone,4.0,excellent gas process participant light check until support,Amazon,2023-05-11,0.7506,none,0.135
Samsung Galaxy M34,Smartphone,1.0,average note discuss according issue charging problem,Amazon,2023-02-04,-0.4019,battery,0.7207600000000001
Samsung Galaxy M14,Smartphone,4.0,excellent everybody apply institution me group term,Amazon,2024-11-30,0.5719,software,0.335
Samsung Galaxy Tab S7 FE,Smartphone,5.0,good film discover something fast for throughout success,Amazon,2023-11-23,0.765,none,0.06
Samsung Charger 25W,Accessories,4.0,not great take rather term allow,Flipkart,2023-01-04,-0.3387,none,0.27048
Samsung QLED TV,TV,4.0,disappointed with the customer service,Amazon,2023-10-04,-0.4767,software,0.52568
Samsung Buds 2,Accessories,2.0,excellent bar according hope girl issue slow performance,Flipkart,2022-01-22,0.765,performance,0.485
Samsung Galaxy M53,Smartphone,5.0,worth it but speak research civil attorney purpose down,Flipkart,2022-01-18,0.1154,software,0.26
Samsung Galaxy Tab S7 FE,Smartphone,5.0,good report address low party deal else heavy,Flipkart,2022-05-20,0.5423,none,0.06
Samsung Galaxy M34,Smartphone,5.0,worth it particularly without each force,Flipkart,2022-01-25,0.2263,none,0.06
Samsung Galaxy S21 FE,Smartphone,3.0,average send two should,Flipkart,2024-04-22,0.0,none,0.21
Samsung Galaxy A14,Smartphone,4.0,average dream stay religious question foreign cause,Flipkart,2022-07-20,0.25,none,0.135
Samsung Galaxy M14,Smartphone,4.0,excellent share for something group social,Flipkart,2024-12-11,0.7096,none,0.135
Samsung Galaxy S23,Smartphone,5.0,not great base respond field collection despite stock foot may,Flipkart,2022-08-01,-0.5096,none,0.26384
Samsung Galaxy Book 3,Smartphone,3.0,bad issue display flickering,Amazon,2024-07-02,-0.5423,display,0.6269200000000001
Samsung Galaxy S22,Smartphone,4.0,waste of money local feel current owner watch,Flipkart,2023-12-21,-0.4215,general_issue,0.5036
Samsung Galaxy Book 2,Smartphone,4.0,good kid be mean near with agree occur find,Flipkart,2023-03-26,0.6597,none,0.135
Samsung Galaxy M34,Smartphone,4.0,not great nothing until letter kind production,Flipkart,2023-08-04,-0.7244,none,0.42476
Samsung Charger 25W,Accessories,5.0,bad concern seek interesting phone south always hospital bank,Amazon,2023-05-31,-0.2023,software,0.34092
Samsung Washing Machine,Other,5.0,disappointed with the customer service,Amazon,2023-01-31,-0.4767,software,0.45068
Samsung Galaxy A14,Smartphone,4.0,bad interesting remain value sister,Amazon,2022-03-11,0.1531,general_issue,0.335
Samsung Galaxy M53,Smartphone,4.0,not great successful artist international goal class team,Amazon,2022-02-18,-0.7481,none,0.43424
Samsung Galaxy A34,Smartphone,5.0,bad course upon firm have,Flipkart,2022-07-08,-0.5423,general_issue,0.47692
Samsung Galaxy A14,Smartphone,3.0,excellent program top fill low road be i issue display flickering,Flipkart,2022-04-27,0.5267,display,0.41
Samsung Galaxy M14,Smartphone,5.0,average activity pass bank drive morning,Amazon,2023-03-21,0.0,none,0.06
Samsung Galaxy A54,Smartphone,4.0,average leave whose usually old,Amazon,2022-09-07,-0.0516,software,0.35564
Samsung Galaxy S22,Smartphone,5.0,worth it apply exactly little recent stock,Amazon,2022-09-03,0.2263,software,0.26
Samsung Charger 25W,Accessories,4.0,not great state power particularly baby walk clearly find,Flipkart,2022-06-26,-0.085,battery,0.369
Samsung Buds Live,Accessories,2.0,worth it issue display flickering,Flipkart,2022-09-24,0.2263,display,0.485
Samsung Galaxy S22,Smartphone,4.0,worth it seem education choice,Flipkart,2024-02-09,0.2263,none,0.135
Samsung Galaxy Tab A8,Smartphone,2.0,excellent issue overheating issue,Amazon,2023-01-14,0.5719,heating,0.485
Samsung Galaxy Tab S7 FE,Smartphone,4.0,worth it middle manage ten consumer difficult or,Amazon,2022-08-16,-0.1531,none,0.19624
Samsung Galaxy M14,Smartphone,3.0,worth it face you bag meeting decide along policy issue slow performance,Amazon,2023-01-13,0.2263,performance,0.41
Samsung Charger 25W,Accessories,4.0,average tonight someone behavior sense board detail democrat seven,Flipkart,2023-06-03,0.0,none,0.135
Samsung Galaxy M34,Smartphone,4.0,good onto threat to sit quality produce,Flipkart,2023-08-27,-0.128,none,0.1862
Samsung Galaxy S22,Smartphone,4.0,bad government thing hard wife,Amazon,2024-08-14,-0.5994,general_issue,0.5747600000000002
Samsung Buds 2,Accessories,1.0,waste of money owner food be energy sound,Amazon,2022-06-05,-0.1779,sound,0.6311599999999999
Samsung Galaxy S22,Smartphone,4.0,bad rise product walk child similar behind great,Amazon,2024-07-17,0.1531,general_issue,0.335
Samsung Charger 25W,Accessories,4.0,average among argue finally you,Amazon,2023-07-21,-0.34,none,0.271
Samsung Galaxy S21 FE,Smartphone,4.0,good scene same space citizen second political,Flipkart,2024-05-24,0.4404,none,0.135
Samsung Galaxy S21 FE,Smartphone,4.0,average option price knowledge process,Amazon,2023-10-25,0.0,none,0.135
Samsung Galaxy S23,Smartphone,2.0,worth it compare partner far couple character occur someone,Amazon,2023-06-12,0.2263,none,0.285
Samsung Galaxy Book 3,Smartphone,4.0,waste of money happen democratic individual around away speak drop include,Amazon,2022-11-28,-0.5994,software,0.5747600000000002
Samsung Galaxy Book 3,Smartphone,1.0,excellent away quality policy summer sea issue overheating issue,Flipkart,2022-06-01,0.5719,heating,0.56
Samsung Galaxy Book 3,Smartphone,5.0,excellent certain six current speech place explain check drug,Amazon,2023-07-22,0.7003,none,0.06
Samsung Galaxy Book 3,Smartphone,3.0,bad issue overheating issue,Flipkart,2022-05-08,-0.5423,heating,0.6269200000000001
Samsung Buds 2,Accessories,5.0,bad building maybe perhaps,Flipkart,2024-02-23,-0.5423,build_quality,0.47692
Samsung Galaxy Book 2,Smartphone,4.0,excellent answer particular small recent south half seven,Flipkart,2024-03-06,0.5719,none,0.135
Samsung Galaxy Tab A8,Smartphone,5.0,not great than involve without require financial time,Flipkart,2023-11-13,-0.5096,software,0.46384
Samsung Galaxy A54,Smartphone,4.0,excellent avoid vote door,Flipkart,2022-05-04,0.3612,none,0.135
Samsung Galaxy S22,Smartphone,5.0,worth it whole nearly prepare manage,Flipkart,2023-06-13,0.2263,none,0.06
Samsung Galaxy Book 3,Smartphone,3.0,bad poor grow style,Amazon,2023-06-27,-0.765,general_issue,0.7160000000000002
Samsung Charger 25W,Accessories,4.0,worth it nature last think cover knowledge take unit,Amazon,2022-12-31,0.2263,none,0.135
Samsung Buds 2,Accessories,5.0,good cause personal beyond in still,Flipkart,2024-06-21,0.4404,none,0.06
Samsung Charger 25W,Accessories,4.0,waste of money far network forget late information,Flipkart,2022-05-23,-0.5719,connectivity,0.56376
Samsung Galaxy M14,Smartphone,5.0,good approach nearly decide different,Flipkart,2024-10-04,0.4404,software,0.26
Samsung Galaxy M14,Smartphone,3.0,waste of money recently able too evidence specific commercial president sort,Amazon,2023-02-15,-0.4215,general_issue,0.5786
Samsung Galaxy S22,Smartphone,3.0,not great control sign speak heart however from these issue battery draining fast,Amazon,2024-03-15,-0.5096,battery,0.6138400000000002
Samsung Galaxy Tab A8,Smartphone,5.0,excellent call room card,Amazon,2023-01-01,0.5719,none,0.06
Samsung Galaxy M14,Smartphone,4.0,bad college according crime true player positive,Amazon,2024-10-04,-0.1531,software,0.39624
Samsung Buds Live,Accessories,3.0,average organization war dark million fine their issue slow performance,Flipkart,2022-08-11,-0.4767,performance,0.6006800000000001
Samsung Galaxy A14,Smartphone,2.0,bad rock both throw much issue display flickering,Amazon,2022-10-22,-0.5423,display,0.7019200000000001
Samsung Galaxy A14,Smartphone,2.0,not great concern center two model usually win choose,Amazon,2024-06-02,0.1295,software,0.485
Samsung Galaxy A54,Smartphone,1.0,excellent product very satisfied,Flipkart,2023-03-24,0.7778,none,0.36
Samsung Galaxy A54,Smartphone,4.0,good author involve whose short decide,Amazon,2022-08-06,0.4404,software,0.335
Samsung Buds Live,Accessories,4.0,waste of money us seek stuff training development develop attention,Amazon,2024-06-23,-0.4215,general_issue,0.5036
Samsung Galaxy M34,Smartphone,4.0,waste of money seven law both add trip so,Amazon,2023-06-15,-0.4215,general_issue,0.5036
Samsung Galaxy M34,Smartphone,4.0,average site figure activity quite outside significant generation,Amazon,2022-07-31,0.2682,software,0.335
Samsung Galaxy S23,Smartphone,3.0,bad issue camera quality is poor,Flipkart,2022-03-13,-0.765,camera,0.7160000000000002
Samsung Charger 25W,Accessories,4.0,worth it career where use energy way,Amazon,2022-05-30,0.4588,none,0.135
Samsung Galaxy A34,Smartphone,3.0,good issue display flickering,Flipkart,2022-05-25,0.4404,display,0.41
Samsung Galaxy S23,Smartphone,3.0,worth it next ball not usually they republican issue battery draining fast,Flipkart,2023-05-29,0.2263,battery,0.41
Samsung Galaxy M14,Smartphone,4.0,not great choice beyond lead little,Amazon,2024-07-02,-0.5096,none,0.33884
Samsung Galaxy M34,Smartphone,5.0,average director between wait by attack benefit memory data,Amazon,2022-02-08,-0.0258,none,0.07032
Samsung Galaxy Book 3,Smartphone,4.0,good discussion cost road human,Amazon,2024-10-16,0.4404,software,0.335
Samsung Galaxy A54,Smartphone,2.0,excellent try capital who find issue display flickering,Flipkart,2022-11-01,0.5719,display,0.485
Samsung Buds 2,Accessories,4.0,average measure every lawyer large throughout,Flipkart,2022-01-02,0.0,none,0.135
Samsung Galaxy M14,Smartphone,4.0,good unit high audience need,Amazon,2022-03-19,0.4404,none,0.135
Samsung Galaxy S22,Smartphone,2.0,amazing display quality,Amazon,2024-03-10,0.5859,display,0.485
Samsung Buds Live,Accessories,2.0,not great parent blood fast power issue slow performance,Amazon,2023-06-30,-0.5096,battery,0.6888400000000001
Samsung Buds Live,Accessories,1.0,bad scene apply see into become field who issue camera quality is poor,Flipkart,2022-11-07,-0.765,camera,0.8660000000000001
Samsung Galaxy S21 FE,Smartphone,5.0,waste of money model scientist trial buy author development resource,Flipkart,2023-11-07,-0.4215,general_issue,0.4286
Samsung Charger 25W,Accessories,3.0,worth it issue slow performance,Flipkart,2024-03-12,0.2263,performance,0.41
Samsung Galaxy Book 3,Smartphone,4.0,average conference have total later color,Flipkart,2022-01-08,0.0,none,0.135
Samsung Galaxy A34,Smartphone,3.0,not great issue battery draining fast,Amazon,2024-11-21,-0.5096,battery,0.6138400000000002
Samsung Galaxy A34,Smartphone,5.0,average expect tv very include mr story,Flipkart,2024-10-01,0.0,none,0.06
Samsung Galaxy S23,Smartphone,2.0,good most wear account behind arm unit order,Amazon,2024-09-06,0.4404,software,0.485
Samsung Galaxy M53,Smartphone,4.0,not great police shoulder us along walk left,Flipkart,2024-06-12,-0.5096,none,0.33884
Samsung Galaxy Book 3,Smartphone,5.0,excellent through difference meeting democratic situation,Flipkart,2024-04-07,0.5719,none,0.06
Samsung Charger 25W,Accessories,4.0,worth it available turn product hair,Flipkart,2022-05-24,0.2263,none,0.135
Samsung Galaxy A54,Smartphone,5.0,average worry nearly energy help yard president quality,Amazon,2023-04-08,0.2263,none,0.06
Samsung Galaxy S22,Smartphone,4.0,average popular real involve,Flipkart,2022-01-07,0.4215,none,0.135
Samsung Galaxy M34,Smartphone,5.0,good through trouble market,Flipkart,2024-02-27,0.0516,none,0.06
Samsung Galaxy S21 FE,Smartphone,2.0,average letter challenge agent line issue display flickering,Flipkart,2024-09-14,0.0772,display,0.485
Samsung Galaxy A14,Smartphone,4.0,average rock more reveal site,Amazon,2022-09-06,0.0,none,0.135
Samsung Galaxy M53,Smartphone,5.0,waste of money artist ball ball base compare,Amazon,2025-01-01,-0.4215,general_issue,0.4286
Samsung Galaxy Book 2,Smartphone,4.0,not great threat authority feel take west message,Amazon,2024-01-06,-0.1877,none,0.21008
Samsung Galaxy A34,Smartphone,5.0,waste of money instead world manager father son build phone might,Flipkart,2023-11-14,-0.4215,build_quality,0.4286
Samsung Galaxy S23,Smartphone,4.0,average finally similar leg fear improve pattern,Amazon,2023-09-13,-0.0772,none,0.16588
Samsung Galaxy A34,Smartphone,5.0,waste of money administration sound north also sometimes,Flipkart,2024-03-31,-0.4215,sound,0.4286
Samsung Galaxy S22,Smartphone,4.0,not great guess lot quite act check democrat price,Flipkart,2022-04-24,-0.5096,software,0.53884
Samsung Galaxy M14,Smartphone,4.0,not great dream local hot month visit reality,Flipkart,2022-07-05,-0.6167,heating,0.58168
Samsung Buds 2,Accessories,5.0,average pass carry animal game truth quite possible,Amazon,2024-01-19,0.3182,software,0.26
Samsung Galaxy Book 3,Smartphone,1.0,bad issue charging problem,Flipkart,2024-12-30,-0.7351,battery,0.8540400000000001
Samsung Galaxy S21 FE,Smartphone,3.0,bad describe while reduce set listen actually seat until,Amazon,2023-11-28,-0.5423,general_issue,0.6269200000000001
Samsung Galaxy M53,Smartphone,3.0,average measure day seat old fish,Flipkart,2022-06-14,0.0,none,0.21
Samsung Galaxy M14,Smartphone,1.0,not great realize other produce service success business gas bag issue display flickering,Flipkart,2024-07-30,0.1043,display,0.56
Samsung Galaxy M14,Smartphone,5.0,good weight civil tend imagine,Amazon,2023-08-17,0.4404,none,0.06
Samsung Galaxy M34,Smartphone,5.0,bad poor south represent describe tree much general,Amazon,2023-02-20,-0.765,general_issue,0.5660000000000001
Samsung Charger 25W,Accessories,4.0,excellent training machine rate report respond fight worker character,Amazon,2022-12-28,0.2732,none,0.135
Samsung Charger 25W,Accessories,2.0,excellent finally cell between account,Flipkart,2022-03-22,0.5719,none,0.285
Samsung Galaxy Tab S7 FE,Smartphone,4.0,not great relationship a politics quickly spring,Amazon,2024-02-26,-0.5096,software,0.53884
Samsung Galaxy Book 3,Smartphone,3.0,not great democrat field great,Amazon,2023-01-27,-0.7641,none,0.5156400000000001
Samsung Galaxy M34,Smartphone,2.0,not great amount business avoid stay according,Flipkart,2023-09-05,-0.6698,none,0.55292
Samsung Galaxy M34,Smartphone,4.0,waste of money it amount run material successful let,Flipkart,2024-03-09,0.25,build_quality,0.335
Samsung Charger 25W,Accessories,5.0,good six letter network commercial,Flipkart,2022-08-07,0.4404,connectivity,0.26
Samsung Galaxy Book 3,Smartphone,5.0,average military several personal buy choose six,Flipkart,2024-01-06,0.0,software,0.26
Samsung Galaxy S23,Smartphone,2.0,waste of money policy create well simply there particularly drug,Amazon,2024-09-23,0.1027,general_issue,0.485
Samsung Galaxy M53,Smartphone,4.0,worth it blood only my shake,Flipkart,2022-06-23,0.0516,none,0.135
Samsung Galaxy M14,Smartphone,5.0,worth it phone with another side,Flipkart,2024-06-15,0.2263,none,0.06
Samsung Galaxy S23,Smartphone,4.0,average two sense ready form ok describe fill investment,Flipkart,2023-01-24,0.5719,none,0.135
Samsung Galaxy A54,Smartphone,5.0,good might move history agency,Flipkart,2022-10-14,0.4404,none,0.06
Samsung Buds 2,Accessories,2.0,bad president act degree issue camera quality is poor,Amazon,2022-03-15,-0.765,camera,0.7910000000000001
Samsung Galaxy S23,Smartphone,4.0,waste of money economic various institution pass,Amazon,2023-01-31,-0.4215,sound,0.5036
Samsung Galaxy A54,Smartphone,2.0,average reduce interview weight as popular their baby issue battery draining fast,Flipkart,2022-02-21,0.4215,battery,0.485
Samsung Galaxy A14,Smartphone,2.0,excellent station health including once understand address,Flipkart,2023-05-04,0.5719,none,0.285
Samsung Galaxy A54,Smartphone,5.0,not great sit clearly attorney reason,Amazon,2024-09-28,-0.6759,none,0.33036
Samsung Galaxy M53,Smartphone,3.0,average her family clearly scene teach here,Flipkart,2024-03-07,0.4019,none,0.21
Samsung Galaxy A14,Smartphone,4.0,good they some food this apply,Amazon,2022-05-10,0.4404,software,0.335
Samsung Galaxy S23,Smartphone,5.0,worth it remember more now building,Flipkart,2023-09-23,0.2263,build_quality,0.26
Samsung Galaxy M53,Smartphone,5.0,worth it actually mention answer house rich,Amazon,2024-10-20,0.6705,none,0.06
Samsung Buds 2,Accessories,2.0,excellent issue display flickering,Amazon,2024-12-29,0.5719,display,0.485
Samsung Galaxy M53,Smartphone,4.0,worth it top either hold car history wide approach,Amazon,2024-07-09,0.4019,software,0.335
Samsung Galaxy A54,Smartphone,4.0,good main shoulder nice offer about bar indicate environmental,Flipkart,2022-02-03,0.6908,none,0.135
Samsung Galaxy S22,Smartphone,2.0,worth it game laugh point wind field issue battery draining fast,Amazon,2022-03-17,0.6705,battery,0.485
Samsung Buds Live,Accessories,5.0,waste of money defense reality husband how character executive difficult,Flipkart,2023-11-26,-0.5859,general_issue,0.49436
Samsung Buds 2,Accessories,2.0,worth it myself audience player like wide trade clearly issue slow performance,Flipkart,2022-04-25,0.7269,performance,0.485
Samsung Charger 25W,Accessories,3.0,waste of money article right little quickly board,Flipkart,2023-11-23,-0.4215,software,0.5786
Samsung Galaxy Book 2,Smartphone,2.0,waste of money growth generation music him news issue slow performance,Flipkart,2022-03-29,-0.0516,performance,0.50564
Samsung Charger 25W,Accessories,1.0,waste of money eight training he scientist begin hope issue charging problem,Flipkart,2024-04-10,-0.3818,battery,0.71272
Samsung Galaxy M14,Smartphone,3.0,excellent boy itself past training piece off mission up issue camera quality is poor,Flipkart,2022-08-31,0.1531,camera,0.41
Samsung Galaxy A14,Smartphone,5.0,excellent form end usually marriage,Amazon,2023-03-10,0.5719,none,0.06
Samsung Galaxy S22,Smartphone,4.0,waste of money next morning list add only,Flipkart,2024-12-07,-0.4215,general_issue,0.5036
Samsung Galaxy Tab A8,Smartphone,2.0,not great as popular maybe might mr increase professor issue camera quality is poor,Amazon,2024-07-27,-0.7526,camera,0.7860400000000001
Samsung Galaxy A14,Smartphone,1.0,worth it mother someone theory once father position institution issue battery draining fast,Amazon,2022-11-02,0.2263,battery,0.56
Samsung Galaxy S22,Smartphone,3.0,excellent attorney amount far attack home attorney family,Amazon,2023-04-23,0.1531,none,0.21
Samsung Galaxy S21 FE,Smartphone,2.0,average per ten food national military dark data term,Amazon,2022-05-28,0.0,none,0.285
Samsung Galaxy M53,Smartphone,2.0,average price their or between first issue camera quality is poor,Flipkart,2022-03-17,-0.4767,camera,0.6756800000000001
Samsung Buds 2,Accessories,3.0,worth it produce always brother citizen back subject medical participant issue battery draining fast,Flipkart,2022-10-17,0.2263,battery,0.41
Samsung Buds Live,Accessories,5.0,good case radio receive word gas government nation,Flipkart,2024-09-28,0.4404,none,0.06
Samsung Galaxy S22,Smartphone,4.0,good task decade real hard worker growth,Amazon,2022-02-09,0.6249,none,0.135
Samsung Charger 25W,Accessories,3.0,excellent yourself realize plan poor party factor issue charging problem,Amazon,2024-08-23,0.1531,battery,0.41
Samsung Buds Live,Accessories,4.0,worth it at our ever practice newspaper thing direction,Amazon,2022-04-04,0.2263,none,0.135
Samsung Buds Live,Accessories,4.0,waste of money development say foreign out,Amazon,2023-05-13,-0.4215,general_issue,0.5036
Samsung Galaxy M53,Smartphone,4.0,good citizen scientist our improve,Flipkart,2022-09-25,0.7003,none,0.135
Samsung Buds Live,Accessories,5.0,average represent or water clear environmental,Flipkart,2022-01-30,0.3818,none,0.06
Samsung Galaxy M53,Smartphone,4.0,waste of money bar include information expert,Amazon,2022-12-19,-0.4215,general_issue,0.5036
Samsung Washing Machine,Other,5.0,amazing display quality,Flipkart,2022-04-13,0.5859,display,0.26
Samsung Charger 25W,Accessories,2.0,waste of money hard provide prepare station significant issue display flickering,Amazon,2023-09-22,-0.34,display,0.621
Samsung Galaxy M53,Smartphone,5.0,waste of money during camera those event sense,Amazon,2022-07-19,-0.4215,camera,0.4286
Samsung Charger 25W,Accessories,4.0,worth it yeah outside decision more,Amazon,2024-07-23,0.4767,none,0.135
Samsung Buds Live,Accessories,3.0,not great itself check different possible each issue display flickering,Flipkart,2022-12-16,-0.5096,display,0.6138400000000002
Samsung Galaxy M14,Smartphone,5.0,average drive rest class very soon,Amazon,2022-05-11,0.0,none,0.06
Samsung Galaxy Tab A8,Smartphone,4.0,worth it social but thought,Amazon,2022-08-06,0.1154,none,0.135
Samsung QLED TV,TV,3.0,excellent product very satisfied,Flipkart,2022-08-22,0.7778,none,0.21
Samsung Galaxy M53,Smartphone,4.0,excellent force last because late,Amazon,2024-10-15,0.5719,none,0.135
Samsung Galaxy A34,Smartphone,5.0,good cold memory season carry case television politics,Flipkart,2023-03-28,0.4404,none,0.06
Samsung Galaxy M14,Smartphone,4.0,waste of money nature daughter continue expect today career,Amazon,2022-05-10,-0.4215,general_issue,0.5036
Samsung Galaxy A14,Smartphone,4.0,excellent character how ability,Flipkart,2023-02-20,0.7184,none,0.135
Samsung Galaxy M53,Smartphone,3.0,worth it professional left sport almost people note issue overheating issue,Amazon,2024-05-22,0.2263,heating,0.41
Samsung Galaxy S22,Smartphone,5.0,good i describe similar institution court skill since,Flipkart,2023-11-22,0.4404,none,0.06
Samsung Galaxy Tab S7 FE,Smartphone,2.0,average cut southern in black theory any issue slow performance,Amazon,2024-04-03,-0.2732,performance,0.5942799999999999
Samsung Galaxy M53,Smartphone,2.0,average show throughout general share mouth inside issue charging problem,Amazon,2023-10-27,-0.128,battery,0.5362
Samsung Galaxy M14,Smartphone,4.0,excellent popular improve yeah simply local,Flipkart,2022-09-05,0.891,none,0.135
Samsung Galaxy A34,Smartphone,5.0,waste of money in painting produce institution room,Flipkart,2022-10-09,-0.4215,general_issue,0.4286
Samsung Galaxy M14,Smartphone,1.0,not great away reveal sort anyone friend west,Flipkart,2023-10-21,-0.0243,none,0.36972
Samsung Galaxy A14,Smartphone,4.0,bad vote republican almost develop table wide,Amazon,2023-03-13,-0.5423,software,0.55192
Samsung Galaxy Tab S7 FE,Smartphone,4.0,bad back speech southern purpose both,Flipkart,2022-04-04,-0.5423,software,0.55192
Samsung Galaxy Tab S7 FE,Smartphone,1.0,bad eat rule seek,Amazon,2022-12-22,-0.5423,general_issue,0.77692
Samsung Galaxy Book 2,Smartphone,3.0,waste of money career appear rich statement law however issue battery draining fast,Amazon,2023-11-19,0.2023,battery,0.41
Samsung Galaxy M34,Smartphone,4.0,waste of money value alone affect run feel,Flipkart,2022-05-10,-0.34,general_issue,0.471
Samsung Galaxy Tab A8,Smartphone,3.0,worth it mouth care edge place present issue battery draining fast,Flipkart,2022-09-05,0.6249,battery,0.41
Samsung Galaxy M34,Smartphone,5.0,good training practice writer age realize cut,Flipkart,2023-07-15,0.2023,none,0.06
Samsung Galaxy A34,Smartphone,3.0,excellent you paper throughout,Flipkart,2022-10-17,0.5719,none,0.21
Samsung Galaxy A14,Smartphone,2.0,worth it among wide read reflect issue slow performance,Amazon,2024-04-30,0.2263,performance,0.485
Samsung Galaxy Tab S7 FE,Smartphone,3.0,not great sometimes money within choice institution return issue display flickering,Flipkart,2022-12-11,-0.5096,display,0.6138400000000002
Samsung Crystal UHD TV,TV,3.0,build quality feels premium,Amazon,2024-01-28,0.0,build_quality,0.41
Samsung Charger 25W,Accessories,3.0,worth it policy spend treatment television,Amazon,2022-12-04,0.2263,none,0.21
Samsung Galaxy Tab S7 FE,Smartphone,5.0,bad few wonder agent future attack himself situation,Flipkart,2024-06-17,-0.765,general_issue,0.5660000000000001
Samsung Air Conditioner,Other,3.0,great value for money,Amazon,2023-05-14,0.7579,none,0.21
Samsung Galaxy M14,Smartphone,3.0,waste of money face personal letter break how stay issue camera quality is poor,Amazon,2022-03-25,-0.7096,camera,0.69384
Samsung Galaxy S21 FE,Smartphone,1.0,average value garden responsibility behind tend,Amazon,2022-10-01,0.34,none,0.36
Samsung Galaxy A34,Smartphone,5.0,waste of money modern without ask knowledge,Flipkart,2022-07-24,-0.4215,general_issue,0.4286
Samsung Galaxy A34,Smartphone,4.0,not great degree over ago indeed program,Amazon,2024-02-10,-0.5096,none,0.33884
Samsung Galaxy Tab S7 FE,Smartphone,1.0,waste of money tree chance wish issue slow performance,Flipkart,2022-11-20,0.2263,performance,0.56
Samsung Galaxy S22,Smartphone,4.0,worth it nation especially old hit begin serve up senior,Amazon,2022-02-02,0.2263,none,0.135
Samsung Galaxy M14,Smartphone,3.0,excellent enter back long,Amazon,2024-09-24,0.5719,none,0.21
Samsung Galaxy Tab S7 FE,Smartphone,5.0,bad yeah eye value top,Amazon,2022-06-15,0.2263,general_issue,0.26
Samsung Galaxy A14,Smartphone,1.0,bad onto major result language tough issue display flickering,Flipkart,2022-01-14,-0.6124,display,0.8049600000000001
Samsung Galaxy Tab S7 FE,Smartphone,3.0,good magazine various knowledge else own field issue slow performance,Flipkart,2022-01-15,0.4404,performance,0.41
Samsung Galaxy Book 2,Smartphone,3.0,average it white any top her stage try issue display flickering,Flipkart,2023-01-03,0.2023,display,0.41
Samsung Galaxy A14,Smartphone,5.0,bad ask senior box,Amazon,2022-07-02,-0.5423,general_issue,0.47692
Samsung Galaxy A54,Smartphone,3.0,not great home pressure often certain house want issue charging problem,Flipkart,2023-08-05,-0.4031,battery,0.57124
Samsung Galaxy A54,Smartphone,4.0,worth it short federal matter travel poor stock,Amazon,2024-05-02,-0.2732,general_issue,0.44428
Samsung Buds Live,Accessories,5.0,good technology believe sister for material standard age south,Flipkart,2024-09-01,0.4404,build_quality,0.26
Samsung Buds 2,Accessories,3.0,not great religious interview community response until movement,Amazon,2022-09-17,-0.5096,none,0.41384
Samsung Buds Live,Accessories,2.0,not great time movie much professional appear hour suddenly to issue charging problem,Flipkart,2023-02-27,-0.7179,battery,0.77216
Samsung Galaxy Tab S7 FE,Smartphone,3.0,bad art big every,Amazon,2022-10-21,-0.5423,general_issue,0.6269200000000001
Samsung Galaxy S23,Smartphone,3.0,not great various want future customer position before issue overheating issue,Amazon,2023-07-09,-0.5448,heating,0.62792
Samsung Galaxy Book 3,Smartphone,3.0,excellent sister music range,Amazon,2024-12-07,0.5719,none,0.21
Samsung Galaxy S22,Smartphone,5.0,excellent vote maybe explain adult step entire from,Amazon,2024-07-11,0.5719,none,0.06
Samsung Galaxy A54,Smartphone,3.0,average father bill us join middle prove young issue slow performance,Flipkart,2024-04-23,0.296,performance,0.41
Samsung Galaxy A14,Smartphone,2.0,worth it less factor if much issue display flickering,Flipkart,2023-05-05,0.2263,display,0.485
Samsung Charger 25W,Accessories,5.0,excellent less rise participant rich million child,Flipkart,2022-12-24,0.7927,none,0.06
Samsung QLED TV,TV,4.0,highly recommend to others,Flipkart,2022-03-19,0.4201,none,0.135
Samsung Galaxy S22,Smartphone,1.0,heats up sometimes during heavy usage,Amazon,2023-01-04,0.0,heating,0.56
Samsung Galaxy A14,Smartphone,2.0,worth it black throughout without personal,Amazon,2024-10-20,0.2263,none,0.285
Samsung Buds Live,Accessories,3.0,good issue overheating issue,Amazon,2022-06-30,0.4404,heating,0.41
Samsung Galaxy Book 2,Smartphone,1.0,good nature whom anything prove issue charging problem,Amazon,2023-09-09,0.0516,battery,0.56
Samsung Galaxy A14,Smartphone,4.0,worth it appear figure run product look down,Flipkart,2023-12-14,0.2263,software,0.335
Samsung Charger 25W,Accessories,1.0,good herself agree say him nice however,Flipkart,2024-05-07,0.802,none,0.36
Samsung Galaxy M53,Smartphone,3.0,worth it before foreign artist political issue overheating issue,Flipkart,2022-01-10,0.2263,heating,0.41
Samsung Galaxy Tab A8,Smartphone,4.0,good measure miss reach matter medical sort blue,Amazon,2023-04-28,0.3612,none,0.135
Samsung Buds Live,Accessories,5.0,not great hospital media make something response must,Amazon,2023-01-29,-0.5096,software,0.46384
Samsung Galaxy S22,Smartphone,5.0,average through yard bring buy management local,Flipkart,2022-08-29,0.0,none,0.06
Samsung Charger 25W,Accessories,5.0,good perhaps heavy painting figure music,Amazon,2024-12-21,0.4404,none,0.06
Samsung Galaxy A34,Smartphone,4.0,bad back family look open attack from,Flipkart,2022-07-15,-0.765,general_issue,0.641
Samsung Galaxy S21 FE,Smartphone,3.0,waste of money issue camera quality is poor,Flipkart,2024-01-12,-0.7096,camera,0.69384
Samsung Galaxy M34,Smartphone,5.0,waste of money company case picture boy itself section message concern,Flipkart,2024-11-05,-0.4215,camera,0.4286
Samsung Galaxy S22,Smartphone,3.0,bad spring have military continue anything,Flipkart,2023-03-26,-0.5423,general_issue,0.6269200000000001
Samsung Galaxy A34,Smartphone,5.0,worth it when defense rest it,Amazon,2024-08-08,0.34,none,0.06
Samsung Buds 2,Accessories,3.0,average step go decide,Flipkart,2023-03-03,0.0,none,0.21
Samsung Galaxy S21 FE,Smartphone,5.0,good tough order practice glass guy,Flipkart,2023-07-21,0.34,none,0.06
Samsung Galaxy Tab S7 FE,Smartphone,4.0,good across sense pull win commercial,Flipkart,2022-04-19,0.7717,software,0.335
Samsung Galaxy A34,Smartphone,4.0,excellent like training vote present not suddenly court,Amazon,2023-02-01,0.7351,none,0.135
Samsung Galaxy A54,Smartphone,1.0,worth it power improve notice college job try seem issue camera quality is poor,Flipkart,2022-08-19,0.1779,battery,0.56
Samsung Galaxy M14,Smartphone,5.0,average scientist such simple,Flipkart,2022-11-02,0.0,none,0.06
Samsung Galaxy A34,Smartphone,4.0,bad figure because bar source act,Amazon,2024-08-29,-0.5423,general_issue,0.55192
Samsung Galaxy M34,Smartphone,3.0,not great time exist race what design civil on,Flipkart,2024-10-15,-0.5096,none,0.41384
Samsung Galaxy S22,Smartphone,4.0,not great they environment gas west can,Amazon,2022-12-28,-0.5096,none,0.33884
Samsung Galaxy S23,Smartphone,5.0,waste of money administration around figure artist section,Flipkart,2022-11-24,-0.4215,general_issue,0.4286
Samsung Galaxy A54,Smartphone,5.0,good through best peace camera morning quite book,Amazon,2022-03-30,0.891,camera,0.26
Samsung Galaxy S21 FE,Smartphone,4.0,worth it nice man century when design development,Amazon,2022-04-21,0.5719,none,0.135
Samsung Galaxy S23,Smartphone,5.0,excellent represent challenge near sort,Amazon,2024-01-16,0.6124,none,0.06
Samsung Galaxy M34,Smartphone,3.0,bad be order just executive experience early member edge,Amazon,2023-08-07,-0.5423,general_issue,0.6269200000000001
Samsung Galaxy A54,Smartphone,4.0,excellent serious table fish maybe,Amazon,2023-03-06,0.5267,none,0.135
Samsung Galaxy S21 FE,Smartphone,4.0,bad recent sit office nearly number provide,Amazon,2024-06-09,-0.4939,general_issue,0.53256
Samsung Galaxy M14,Smartphone,3.0,excellent arm throughout purpose capital,Amazon,2023-05-30,0.5719,software,0.41
Samsung Buds Live,Accessories,3.0,bad issue camera quality is poor,Flipkart,2023-11-16,-0.765,camera,0.7160000000000002
Samsung Galaxy Book 3,Smartphone,2.0,worth it wait lead race lot how various issue overheating issue,Amazon,2024-07-17,0.2263,heating,0.485
Samsung Galaxy A14,Smartphone,5.0,waste of money stand wear necessary keep,Flipkart,2022-03-30,-0.4215,general_issue,0.4286
Samsung Galaxy Tab A8,Smartphone,4.0,excellent it reality bad wear method group per,Flipkart,2022-08-02,0.0516,general_issue,0.335
Samsung Galaxy M53,Smartphone,1.0,waste of money should under across house,Flipkart,2022-04-18,-0.4215,software,0.7286000000000001
Samsung Galaxy A14,Smartphone,2.0,not great scene year already american run major issue charging problem,Flipkart,2022-12-27,-0.7179,battery,0.77216
Samsung Galaxy A34,Smartphone,3.0,excellent sometimes nor piece reveal issue slow performance,Amazon,2022-11-20,0.5719,performance,0.41
Samsung Galaxy A54,Smartphone,4.0,waste of money physical author morning avoid past culture item,Amazon,2022-03-01,-0.6124,general_issue,0.57996
Samsung Buds Live,Accessories,4.0,worth it effect practice choice safe he moment,Flipkart,2024-09-20,0.5859,none,0.135
Samsung Galaxy A54,Smartphone,2.0,excellent issue camera quality is poor,Amazon,2024-11-20,0.1531,camera,0.485
Samsung Buds 2,Accessories,3.0,not great enter student administration director during should issue overheating issue,Amazon,2022-08-26,-0.5096,heating,0.6138400000000002
Samsung Galaxy M34,Smartphone,4.0,not great we american billion among stuff face,Flipkart,2022-05-26,-0.5096,none,0.33884
Samsung Galaxy Book 2,Smartphone,5.0,waste of money bad realize place reality soldier,Flipkart,2023-04-27,-0.743,general_issue,0.5572
Samsung Galaxy Buds2,Smartphone,5.0,featurepacked and smooth experience,Flipkart,2024-06-29,0.0,none,0.06
Samsung Buds 2,Accessories,3.0,bad top bar front issue battery draining fast,Flipkart,2023-10-30,-0.4019,battery,0.5707600000000002
Samsung Galaxy A14,Smartphone,4.0,bad near why sound,Amazon,2024-05-08,-0.5423,sound,0.55192
Samsung Galaxy S23,Smartphone,3.0,waste of money allow maybe include material something school,Flipkart,2023-02-12,-0.2263,build_quality,0.5005200000000001
Samsung Charger 25W,Accessories,4.0,excellent face yard social,Amazon,2023-10-30,0.5719,none,0.135
Samsung Galaxy M34,Smartphone,4.0,average however one service music term school size,Flipkart,2023-04-17,0.0,none,0.135
Samsung Galaxy S21 FE,Smartphone,5.0,waste of money child role year series general offer cold,Flipkart,2022-08-14,-0.4215,general_issue,0.4286
Samsung Galaxy Tab A8,Smartphone,3.0,good off address field ahead quality player issue display flickering,Amazon,2023-10-30,0.4404,display,0.41
Samsung Galaxy S21 FE,Smartphone,2.0,good issue international quickly green issue slow performance,Flipkart,2023-04-12,0.4404,performance,0.485
Samsung Galaxy S23,Smartphone,4.0,average find born not thing front structure positive,Amazon,2022-07-20,0.5574,software,0.335
Samsung Galaxy Book 2,Smartphone,3.0,bad see doctor science energy pretty issue camera quality is poor,Flipkart,2023-05-01,-0.3182,camera,0.53728
Samsung Galaxy M53,Smartphone,5.0,worth it everyone address health article lawyer interest ask,Amazon,2024-04-24,0.5994,none,0.06
Samsung Charger 25W,Accessories,4.0,not great financial sport learn conference fight writer,Amazon,2023-02-14,-0.709,none,0.4186
Samsung Galaxy Tab S7 FE,Smartphone,3.0,good job how father increase friend discover,Amazon,2024-02-09,0.8126,none,0.21
Samsung Galaxy S21 FE,Smartphone,5.0,excellent office specific camera may economy myself,Amazon,2023-03-28,0.5719,camera,0.26
Samsung Buds 2,Accessories,3.0,bad employee drug few this close,Amazon,2022-05-31,-0.5423,software,0.6269200000000001
Samsung Buds Live,Accessories,3.0,worth it main determine action point former fish,Flipkart,2024-08-22,0.2263,none,0.21
Samsung Charger 25W,Accessories,5.0,good care read may effect while top window,Flipkart,2024-09-19,0.7845,none,0.06
Samsung Galaxy S21 FE,Smartphone,3.0,bad security wait physical evening plan issue overheating issue,Amazon,2022-04-22,-0.2732,heating,0.51928
Samsung Soundbar,Other,2.0,excellent product very satisfied,Amazon,2024-06-11,0.7778,none,0.285
Samsung Buds 2,Accessories,5.0,worth it option society enjoy maintain hard local staff,Flipkart,2022-10-24,0.5719,none,0.06
Samsung Galaxy Tab A8,Smartphone,2.0,bad stuff what should usually focus issue display flickering,Amazon,2023-03-19,-0.5423,display,0.7019200000000001
Samsung Galaxy A34,Smartphone,1.0,average tree answer door door issue battery draining fast,Flipkart,2024-07-20,0.0,battery,0.56
Samsung Buds Live,Accessories,5.0,waste of money thousand likely way particular visit,Amazon,2022-12-31,-0.4215,general_issue,0.4286
Samsung Galaxy A54,Smartphone,2.0,average more off popular bar woman,Amazon,2024-03-04,0.4728,none,0.285
Samsung Galaxy A54,Smartphone,2.0,not great expert happen national capital later,Flipkart,2024-02-04,-0.5096,software,0.6888400000000001
Samsung Charger 25W,Accessories,3.0,excellent together start check mean water environmental boy,Flipkart,2022-10-07,0.5719,none,0.21
Samsung Buds Live,Accessories,5.0,waste of money everybody far new although,Amazon,2024-07-26,-0.4215,general_issue,0.4286
Samsung Galaxy S21 FE,Smartphone,4.0,good after step strategy must,Flipkart,2023-02-02,0.4404,none,0.135
Samsung Galaxy M34,Smartphone,4.0,excellent response imagine true top human around,Flipkart,2024-01-05,0.8074,none,0.135
Samsung Galaxy Book 2,Smartphone,3.0,good city perhaps prevent section table where capital issue display flickering,Flipkart,2023-07-07,0.4588,display,0.41
Samsung Galaxy A14,Smartphone,4.0,excellent interview however coach as medical let contain administration,Amazon,2023-02-19,0.5719,none,0.135
Samsung Galaxy A14,Smartphone,4.0,average have huge close lawyer,Amazon,2023-11-19,0.3182,software,0.335
Samsung Galaxy Tab A8,Smartphone,4.0,worth it understand serious spring one,Amazon,2022-09-18,0.1531,none,0.135
Samsung Buds 2,Accessories,4.0,excellent discover respond face loss hair agent coach,Flipkart,2022-03-07,0.34,software,0.335
Samsung Charger 25W,Accessories,4.0,worth it rather sure offer enough out,Amazon,2022-05-03,0.4939,none,0.135
Samsung Galaxy Book 3,Smartphone,4.0,waste of money development long ask and when,Flipkart,2023-07-29,-0.4215,general_issue,0.5036
Samsung Galaxy M53,Smartphone,3.0,worth it issue charging problem,Amazon,2022-10-07,-0.2023,battery,0.49092
Samsung Galaxy S22,Smartphone,4.0,not great writer let fall specific concern car,Flipkart,2022-08-16,-0.5096,none,0.33884
Samsung Buds 2,Accessories,2.0,waste of money blue place many make my every,Amazon,2024-08-11,-0.4215,general_issue,0.6536
Samsung Galaxy A14,Smartphone,3.0,not great side phone once budget issue display flickering,Amazon,2024-07-28,-0.5096,display,0.6138400000000002
Samsung Galaxy S21 FE,Smartphone,3.0,not great look anything book offer i issue charging problem,Amazon,2024-05-06,-0.7179,battery,0.69716
Samsung Buds Live,Accessories,4.0,excellent stuff decide join first accept apply,Flipkart,2022-12-17,0.8176,software,0.335
Samsung Galaxy M53,Smartphone,5.0,bad whom series catch wife become,Amazon,2023-12-05,-0.5423,general_issue,0.47692
Samsung Galaxy S21 FE,Smartphone,3.0,not great his around maintain issue charging problem,Amazon,2023-03-27,-0.7179,battery,0.69716
Samsung Galaxy S22,Smartphone,4.0,bad stuff our who both group time task,Amazon,2023-08-28,-0.5423,general_issue,0.55192
Samsung Galaxy A54,Smartphone,2.0,worth it administration hotel mouth congress free,Amazon,2022-11-18,0.6369,heating,0.485
Samsung Galaxy S21 FE,Smartphone,3.0,excellent majority shoulder most until issue slow performance,Flipkart,2022-12-15,0.5719,performance,0.41
Samsung Galaxy Book 2,Smartphone,5.0,not great skin reason pretty trouble need,Flipkart,2023-04-16,-0.4203,none,0.22812
Samsung Galaxy Tab S7 FE,Smartphone,5.0,waste of money southern go why provide son live,Flipkart,2022-06-27,-0.4215,general_issue,0.4286
Samsung Galaxy A34,Smartphone,4.0,good accept professor inside,Amazon,2024-04-23,0.6705,none,0.135
Samsung Galaxy A54,Smartphone,1.0,not great strong yourself pick speech each social television issue camera quality is poor,Amazon,2024-12-04,-0.8441,camera,0.89764
Samsung Galaxy Book 2,Smartphone,3.0,waste of money life large actually issue display flickering,Amazon,2024-09-28,-0.4215,battery,0.5786
Samsung Galaxy M14,Smartphone,2.0,excellent issue slow performance,Amazon,2023-03-20,0.5719,performance,0.485
Samsung Charger 25W,Accessories,5.0,waste of money car maybe play seem significant heavy represent,Amazon,2024-08-27,0.1027,general_issue,0.26
Samsung Galaxy Tab A8,Smartphone,4.0,bad grow detail camera expert,Amazon,2024-08-05,-0.5423,camera,0.55192
Samsung Buds Live,Accessories,5.0,bad adult leave kind condition hear,Flipkart,2023-07-26,-0.0772,general_issue,0.29088
Samsung Galaxy A54,Smartphone,3.0,bad effort surface government character end television catch bank issue camera quality is poor,Amazon,2022-01-30,-0.765,camera,0.7160000000000002
Samsung Galaxy Book 3,Smartphone,4.0,average society feel mean meet factor put,Flipkart,2024-05-26,0.0,none,0.135
Samsung Galaxy S21 FE,Smartphone,2.0,excellent environment might who magazine,Amazon,2023-05-21,0.5719,none,0.285
Samsung Charger 25W,Accessories,3.0,not great reason green use air attack issue camera quality is poor,Amazon,2023-05-23,-0.8589,camera,0.75356
Samsung Galaxy Tab S7 FE,Smartphone,4.0,excellent green knowledge politics third push short wonder,Amazon,2023-11-02,0.5719,none,0.135
Samsung Galaxy S22,Smartphone,4.0,good follow kind use,Amazon,2024-06-08,0.743,none,0.135
Samsung Galaxy Book 2,Smartphone,4.0,worth it hit quite tough world doctor though,Flipkart,2023-04-01,0.0276,software,0.335
Samsung Galaxy M34,Smartphone,3.0,bad soon challenge drive painting time situation,Flipkart,2022-11-02,-0.4939,general_issue,0.6075600000000001
Samsung Galaxy S22,Smartphone,3.0,not great south voice reach short require account issue battery draining fast,Flipkart,2022-01-11,-0.4929,battery,0.6071600000000001
Samsung Galaxy S23,Smartphone,3.0,not great end even small crime issue display flickering,Flipkart,2024-05-05,-0.7779,display,0.72116
Samsung Galaxy M34,Smartphone,4.0,not great policy support south day child few turn,Flipkart,2022-04-01,-0.6759,none,0.40536
Samsung Galaxy M14,Smartphone,4.0,not great choose hand poor bad,Amazon,2022-03-24,-0.9104,software,0.69916
Samsung Buds 2,Accessories,3.0,average between wind place computer away project despite,Amazon,2024-08-21,0.0,none,0.21
Samsung Galaxy Tab A8,Smartphone,4.0,excellent message art under reduce,Flipkart,2024-10-29,0.5719,none,0.135
Samsung Galaxy M34,Smartphone,5.0,excellent song big population right realize care,Flipkart,2022-03-10,0.7845,none,0.06
Samsung Galaxy S23,Smartphone,2.0,good for basic usage,Amazon,2024-05-21,0.4404,none,0.285
Samsung Charger 25W,Accessories,3.0,excellent collection build response board already,Amazon,2024-12-23,0.5719,build_quality,0.41
Samsung Galaxy Book 3,Smartphone,1.0,waste of money writer marriage analysis decision another issue overheating issue,Flipkart,2024-03-18,-0.4215,heating,0.7286000000000001
Samsung Buds 2,Accessories,1.0,excellent issue battery draining fast,Flipkart,2024-09-08,0.5719,battery,0.56
Samsung Galaxy A54,Smartphone,5.0,worth it question full ever cut wall,Amazon,2022-07-20,-0.0516,none,0.08064
Samsung Galaxy M53,Smartphone,2.0,excellent which individual off happen building if fine improve,Amazon,2024-07-15,0.8126,build_quality,0.485
Samsung Galaxy M14,Smartphone,4.0,good she water place win,Amazon,2024-10-11,0.7717,none,0.135
Samsung Galaxy Tab A8,Smartphone,4.0,bad seat everything senior nearly,Flipkart,2023-05-08,-0.5423,general_issue,0.55192
Samsung Galaxy M14,Smartphone,2.0,average our sister east this whether own issue overheating issue,Amazon,2022-06-20,0.0,heating,0.485
Samsung Galaxy Tab A8,Smartphone,5.0,bad ok land product black size feel,Amazon,2022-01-26,-0.3182,general_issue,0.38728
Samsung Galaxy A54,Smartphone,5.0,performance is topnotch,Flipkart,2024-04-12,0.0,none,0.06
Samsung Galaxy S23,Smartphone,2.0,good paper this soon road same anyone issue overheating issue,Amazon,2023-03-23,0.4404,heating,0.485
Samsung Galaxy S21 FE,Smartphone,5.0,average ask scientist power trip focus rate practice style,Amazon,2022-09-29,0.0,battery,0.26
Samsung Galaxy M34,Smartphone,5.0,bad stand right provide trip,Amazon,2024-01-05,-0.5423,general_issue,0.47692
Samsung Charger 25W,Accessories,4.0,average five sign natural letter boy red what,Amazon,2023-08-29,0.3612,none,0.135
Samsung Galaxy A14,Smartphone,4.0,average suddenly require economy usually memory newspaper heavy,Amazon,2023-05-05,0.0,software,0.335
Samsung Galaxy A54,Smartphone,4.0,good wind throughout sound change travel nice painting,Flipkart,2022-07-05,0.6908,performance,0.335
Samsung Buds 2,Accessories,3.0,worth it five officer wrong other issue battery draining fast,Flipkart,2022-02-02,-0.296,battery,0.5284
Samsung Galaxy S23,Smartphone,1.0,worth it law black quality himself only manage song issue battery draining fast,Flipkart,2024-09-09,0.2263,battery,0.56
Samsung Buds 2,Accessories,4.0,worth it throw investment staff relate stop open remain,Amazon,2023-09-17,-0.0772,none,0.16588
Samsung Galaxy Book 2,Smartphone,3.0,average her democrat military trouble,Amazon,2022-11-28,-0.4019,none,0.37076
Samsung Galaxy A34,Smartphone,2.0,bad especially live scientist issue slow performance,Amazon,2024-07-29,-0.5423,performance,0.7019200000000001
Samsung Galaxy A34,Smartphone,5.0,good design approach money speak yard,Amazon,2022-02-19,0.4404,software,0.26
Samsung Galaxy A14,Smartphone,2.0,worth it thus reduce art energy best issue overheating issue,Amazon,2024-07-20,0.802,heating,0.485
Samsung Buds 2,Accessories,4.0,excellent step argue term,Amazon,2024-08-07,0.3182,none,0.135
Samsung Galaxy M14,Smartphone,2.0,bad issue battery draining fast,Flipkart,2022-10-11,-0.5423,battery,0.7019200000000001
Samsung Air Conditioner,Other,1.0,not as expected returning it,Amazon,2024-04-10,0.0,none,0.36
Samsung Charger 25W,Accessories,3.0,waste of money have reason audience up light air,Amazon,2023-01-14,-0.4215,general_issue,0.5786
Samsung Galaxy Book 3,Smartphone,4.0,bad page president walk think over either,Flipkart,2024-01-29,-0.5423,general_issue,0.55192
Samsung Galaxy S22,Smartphone,3.0,excellent worker go could democrat republican set issue slow performance,Flipkart,2024-08-08,0.5719,performance,0.41
Samsung Galaxy S23,Smartphone,2.0,average development unit list ever blue car feeling issue overheating issue,Amazon,2022-01-03,0.128,heating,0.485
Samsung Galaxy Tab A8,Smartphone,4.0,good peace rule quickly measure,Flipkart,2022-05-25,0.7506,software,0.335
Samsung Galaxy S23,Smartphone,5.0,good top wonder vote inside ahead,Flipkart,2024-02-28,0.5719,none,0.06
Samsung Galaxy A14,Smartphone,5.0,average series style four,Flipkart,2023-11-13,0.0,none,0.06
Samsung Galaxy M34,Smartphone,4.0,average happen leg us time business bad,Flipkart,2024-12-23,-0.5423,software,0.55192
Samsung Galaxy M34,Smartphone,3.0,bad issue battery draining fast,Flipkart,2022-03-08,-0.5423,battery,0.6269200000000001
Samsung Galaxy M53,Smartphone,4.0,average usually purpose enough not be,Flipkart,2023-08-31,0.0,software,0.335
Samsung Galaxy A14,Smartphone,4.0,bad remain relate spring serious miss safe,Flipkart,2024-05-22,-0.3612,general_issue,0.47948
Samsung Galaxy Tab S7 FE,Smartphone,1.0,good issue slow performance,Flipkart,2023-07-07,0.4404,performance,0.56
Samsung Buds Live,Accessories,4.0,worth it that public society few relate serve win,Amazon,2023-03-01,0.6908,none,0.135
Samsung Buds Live,Accessories,1.0,good stuff for because fire specific still,Amazon,2022-06-15,0.128,none,0.36
Samsung Galaxy Tab S7 FE,Smartphone,1.0,excellent whole by mission than street each claim issue slow performance,Flipkart,2023-11-19,0.5719,performance,0.56
Samsung Galaxy M53,Smartphone,4.0,good whose arrive rule fast gun yet,Flipkart,2022-04-23,0.128,software,0.335
Samsung Galaxy Tab S7 FE,Smartphone,4.0,excellent gas company item friend recognize,Amazon,2024-11-20,0.7845,none,0.135
Samsung Galaxy M14,Smartphone,4.0,average five half especially major dinner activity capital,Amazon,2024-01-16,0.0,none,0.135
Samsung Galaxy Tab S7 FE,Smartphone,4.0,worth it person yet image,Amazon,2022-04-16,0.2263,none,0.135
Samsung Charger 25W,Accessories,5.0,worth it understand image many single tree sit,Amazon,2022-08-16,0.2263,none,0.06
Samsung Charger 25W,Accessories,3.0,worth it office much partner put experience issue display flickering,Amazon,2024-02-24,0.2263,display,0.41
Samsung Galaxy Tab A8,Smartphone,5.0,not great participant matter might discussion by walk every,Flipkart,2024-01-19,-0.5216,none,0.26864
Samsung Buds 2,Accessories,3.0,average eye everybody morning popular new record system issue charging problem,Amazon,2024-08-11,0.0258,battery,0.41
Samsung Galaxy Book 2,Smartphone,3.0,excellent out body it strong issue charging problem,Flipkart,2022-03-25,0.6486,battery,0.41
Samsung Galaxy S23,Smartphone,3.0,not great while fall anyone next security charge none issue slow performance,Amazon,2024-01-19,-0.2249,battery,0.49996
Samsung Galaxy A34,Smartphone,2.0,good player her by i defense long tax lawyer issue slow performance,Amazon,2024-01-21,0.5267,performance,0.485
Samsung Galaxy Book 2,Smartphone,1.0,average gun fine important hope stay when issue slow performance,Flipkart,2022-12-25,0.4767,performance,0.56
Samsung Galaxy A54,Smartphone,3.0,not great small they just doctor ask address job child issue camera quality is poor,Flipkart,2022-05-18,-0.7502,camera,0.71008
Samsung Galaxy Tab A8,Smartphone,3.0,excellent together read pressure add third mean marriage issue overheating issue,Flipkart,2023-02-24,0.3612,heating,0.41
Samsung Galaxy S21 FE,Smartphone,4.0,excellent summer value behavior focus toward put eight join,Amazon,2022-10-11,0.8074,camera,0.335
Samsung Galaxy Tab S7 FE,Smartphone,5.0,excellent write wonder send while available,Amazon,2023-11-17,0.5719,none,0.06
Samsung Buds 2,Accessories,4.0,waste of money actually share culture land give stock allow,Amazon,2023-05-04,0.0772,general_issue,0.335
Samsung Galaxy Tab S7 FE,Smartphone,3.0,worth it much prove perform his recognize score few issue camera quality is poor,Amazon,2022-08-21,-0.296,camera,0.5284
Samsung Buds 2,Accessories,4.0,excellent option out produce somebody suffer resource strong save,Flipkart,2024-09-06,0.7717,none,0.135
Samsung Galaxy Tab S7 FE,Smartphone,4.0,excellent physical nothing either who,Flipkart,2023-03-06,0.5719,none,0.135
Samsung Galaxy M14,Smartphone,3.0,excellent effort sort indicate collection sell short do white,Flipkart,2023-04-07,0.5719,none,0.21
Samsung Galaxy Tab S7 FE,Smartphone,5.0,average sometimes public walk appear,Flipkart,2023-10-19,0.0,software,0.26
Samsung Galaxy S23,Smartphone,4.0,excellent best across boy nearly,Amazon,2023-12-24,0.836,software,0.335
Samsung Buds 2,Accessories,5.0,worth it benefit your human indicate whose wait,Flipkart,2023-07-02,0.5994,software,0.26
Samsung Galaxy M34,Smartphone,2.0,not great born us until produce them issue overheating issue,Amazon,2024-10-28,-0.5096,heating,0.6888400000000001
Samsung Galaxy Tab S7 FE,Smartphone,4.0,excellent federal mind middle enjoy,Amazon,2024-05-16,0.7845,none,0.135
Samsung Buds Live,Accessories,2.0,waste of money turn fight fear least yeah issue battery draining fast,Flipkart,2023-07-22,-0.8586,battery,0.8284400000000001
Samsung Galaxy S21 FE,Smartphone,3.0,not great give responsibility three around worry mean issue display flickering,Amazon,2022-04-22,-0.7347,display,0.7038800000000001
Samsung Galaxy A54,Smartphone,3.0,average prevent keep someone region pass blood issue battery draining fast,Flipkart,2022-05-10,0.0258,battery,0.41
Samsung Galaxy M53,Smartphone,1.0,average arm speech surface environment care sell this issue battery draining fast,Amazon,2024-02-03,0.4939,battery,0.56
Samsung Galaxy Tab S7 FE,Smartphone,5.0,not great nation cost truth consumer note recognize,Amazon,2023-12-09,-0.2486,software,0.35944
Samsung Galaxy S23,Smartphone,3.0,not great amount stay foreign consumer what care store prevent,Flipkart,2024-07-15,0.0015,none,0.21
Samsung Galaxy A34,Smartphone,4.0,waste of money sea office along risk challenge certainly paper recognize,Flipkart,2024-09-22,-0.296,general_issue,0.4534
Samsung QLED TV,TV,3.0,featurepacked and smooth experience,Amazon,2024-10-23,0.0,none,0.21
Samsung Galaxy S23,Smartphone,4.0,not great buy concern run,Flipkart,2024-12-14,-0.5096,none,0.33884
Samsung Galaxy S21 FE,Smartphone,5.0,excellent month remember record,Flipkart,2022-09-09,0.5719,none,0.06
Samsung Galaxy Book 2,Smartphone,1.0,not great back trade bad toward,Flipkart,2024-08-20,-0.7779,general_issue,0.8711600000000002
Samsung Galaxy S22,Smartphone,3.0,waste of money certain field act politics kitchen degree too,Flipkart,2024-12-25,-0.1779,general_issue,0.48116
Samsung Galaxy S22,Smartphone,4.0,excellent building consumer edge enter,Flipkart,2024-12-27,0.5719,build_quality,0.335
Samsung Galaxy A54,Smartphone,4.0,good likely themselves send staff idea opportunity,Amazon,2023-08-22,0.6908,none,0.135
Samsung Buds Live,Accessories,3.0,excellent door tree body decade single move issue camera quality is poor,Amazon,2024-07-14,0.1531,camera,0.41
Samsung Buds 2,Accessories,3.0,bad difficult son from whatever more experience sell protect,Amazon,2024-01-24,-0.483,general_issue,0.6032
Samsung Galaxy Tab A8,Smartphone,4.0,good walk test benefit understand year loss view,Amazon,2022-05-15,0.5574,software,0.335
Samsung Galaxy A54,Smartphone,2.0,bad issue overheating issue,Amazon,2023-01-21,-0.5423,heating,0.7019200000000001
Samsung Galaxy Book 3,Smartphone,1.0,average community short just social carry issue battery draining fast,Amazon,2024-07-26,0.0,battery,0.56
Samsung Galaxy A34,Smartphone,4.0,not great character material decide remain fire break,Amazon,2022-06-28,-0.6902,build_quality,0.6110800000000001
Samsung Galaxy S21 FE,Smartphone,4.0,not great field stock stuff commercial official too,Amazon,2022-06-14,-0.5096,none,0.33884
Samsung Galaxy M34,Smartphone,2.0,not great issue charging problem,Flipkart,2024-03-11,-0.7179,battery,0.77216
Samsung Galaxy S21 FE,Smartphone,4.0,waste of money have occur security task certain,Flipkart,2023-01-02,0.1779,general_issue,0.335
Samsung Buds Live,Accessories,1.0,average whether well eye choose issue display flickering,Amazon,2023-08-14,0.2732,display,0.56
Samsung Galaxy A34,Smartphone,5.0,waste of money why democrat specific almost body newspaper yard,Flipkart,2022-06-07,-0.4215,software,0.4286
Samsung Galaxy Book 3,Smartphone,2.0,worth it doctor analysis maybe prove phone write,Flipkart,2022-08-12,0.2263,none,0.285
Samsung Galaxy Book 2,Smartphone,4.0,bad friend nothing blood sister agent can public,Flipkart,2022-12-04,-0.0772,general_issue,0.36588
Samsung Galaxy A14,Smartphone,4.0,bad clear drive scene people,Flipkart,2023-07-20,-0.2263,general_issue,0.42552
Samsung Galaxy Tab S7 FE,Smartphone,3.0,worth it have large take save body walk cover,Amazon,2022-08-18,0.6249,none,0.21
Samsung Galaxy Tab S7 FE,Smartphone,3.0,waste of money grow book herself better professional pattern issue overheating issue,Amazon,2022-10-31,0.0258,heating,0.41
Samsung Galaxy A14,Smartphone,4.0,worth it study represent box impact team campaign shoulder,Flipkart,2024-10-13,0.2263,none,0.135
Samsung Galaxy S22,Smartphone,5.0,bad around response citizen interest,Flipkart,2022-11-05,-0.128,general_issue,0.3112
Samsung Galaxy M53,Smartphone,3.0,excellent various trip project relationship issue battery draining fast,Amazon,2023-02-23,0.5719,battery,0.41
Samsung Galaxy Tab S7 FE,Smartphone,4.0,not great western section science week whom,Flipkart,2024-12-02,-0.5096,none,0.33884
Samsung Galaxy M53,Smartphone,5.0,average point beautiful when more voice however,Flipkart,2022-02-16,0.5994,none,0.06
Samsung Galaxy A14,Smartphone,3.0,good organization modern what choose issue camera quality is poor,Flipkart,2023-08-24,-0.0516,camera,0.4306399999999999
Samsung Galaxy A34,Smartphone,1.0,average argue middle player type scientist,Flipkart,2024-05-03,-0.34,none,0.496
Samsung Buds 2,Accessories,4.0,excellent mouth create research can laugh risk serious,Amazon,2022-09-28,0.7906,none,0.135
Samsung Galaxy A54,Smartphone,2.0,bad minute carry top opportunity even,Amazon,2024-08-28,0.0258,general_issue,0.485
Samsung Charger 25W,Accessories,4.0,average letter thought old arrive data individual,Flipkart,2023-12-12,0.0,none,0.135
Samsung Buds 2,Accessories,4.0,good pull anything none suffer,Flipkart,2024-05-10,0.6956,none,0.135
Samsung Galaxy S23,Smartphone,1.0,excellent star painting treatment north alone republican issue display flickering,Amazon,2024-06-28,0.4019,display,0.56
Samsung Galaxy S22,Smartphone,4.0,worth it fine remember pull bad stop,Flipkart,2022-02-13,-0.4588,general_issue,0.5185200000000001
Samsung Buds Live,Accessories,1.0,bad purpose good tonight standard training worker its fall issue camera quality is poor,Amazon,2023-08-21,-0.5719,camera,0.7887600000000001
Samsung Galaxy A54,Smartphone,4.0,waste of money outside decide president people,Flipkart,2023-01-23,-0.4215,general_issue,0.5036
Samsung Buds 2,Accessories,3.0,bad fight own create time treat five senior issue camera quality is poor,Amazon,2022-05-09,-0.6597,camera,0.67388
Samsung Charger 25W,Accessories,5.0,excellent mother fast goal room degree throw eight,Amazon,2022-02-15,0.5719,none,0.06
Samsung Galaxy A54,Smartphone,4.0,excellent ever tv push much interest son little gun,Flipkart,2023-04-21,0.6801,none,0.135
Samsung Galaxy S22,Smartphone,4.0,good executive over sit of recently leg college,Flipkart,2024-11-30,0.4404,none,0.135
Samsung Galaxy Book 2,Smartphone,2.0,waste of money collection beat note author,Flipkart,2023-11-19,-0.4215,general_issue,0.6536
Samsung Galaxy Tab S7 FE,Smartphone,3.0,good quite difficult can table whatever our,Flipkart,2024-04-23,0.0276,software,0.41
Samsung Galaxy S23,Smartphone,1.0,excellent production music program smile mention,Flipkart,2023-12-04,0.7351,none,0.36
Samsung Galaxy Book 3,Smartphone,4.0,worth it newspaper event toward late kitchen close rich,Flipkart,2023-10-31,0.6705,software,0.335
Samsung Charger 25W,Accessories,3.0,excellent especially similar they tv,Amazon,2024-09-22,0.5719,none,0.21
Samsung Galaxy M53,Smartphone,3.0,bad institution hand throughout notice specific issue slow performance,Flipkart,2024-12-21,-0.0772,performance,0.44088
Samsung Galaxy M34,Smartphone,4.0,not great follow worker nature describe call develop may,Flipkart,2024-06-30,-0.5096,none,0.33884
Samsung Galaxy A54,Smartphone,1.0,average stay by debate smile issue overheating issue,Flipkart,2024-07-26,0.3612,heating,0.56
Samsung Galaxy A14,Smartphone,3.0,good store task reach finally however personal cut southern issue slow performance,Flipkart,2023-09-15,0.2263,performance,0.41
Samsung Galaxy S23,Smartphone,4.0,waste of money support accept move,Flipkart,2022-09-28,0.3612,general_issue,0.335
Samsung Buds Live,Accessories,4.0,waste of money difficult red language military perhaps,Amazon,2023-09-20,-0.6486,general_issue,0.5944400000000001
Samsung Galaxy Tab S7 FE,Smartphone,3.0,waste of money issue slow performance,Amazon,2022-12-18,-0.4215,performance,0.5786
Samsung Galaxy M53,Smartphone,4.0,good foot candidate site during dog,Flipkart,2023-06-17,0.4404,none,0.135
Samsung Buds 2,Accessories,3.0,excellent issue charging problem,Amazon,2023-04-10,0.25,battery,0.41
Samsung Galaxy Tab A8,Smartphone,4.0,good professional even become current message increase central,Flipkart,2024-09-18,0.6369,none,0.135
Samsung Galaxy M14,Smartphone,4.0,bad prove wide become he rise sure pm,Flipkart,2024-02-01,-0.296,general_issue,0.4534
Samsung Galaxy A14,Smartphone,3.0,average issue camera quality is poor,Flipkart,2023-08-14,-0.4767,camera,0.6006800000000001
Samsung Galaxy M14,Smartphone,4.0,bad team at design myself beyond century tough lead,Flipkart,2022-04-07,-0.6124,general_issue,0.57996
Samsung Buds 2,Accessories,3.0,bad interesting discover step continue issue overheating issue,Amazon,2022-10-31,-0.2023,heating,0.49092
Samsung Galaxy Tab S7 FE,Smartphone,1.0,waste of money bring name series issue camera quality is poor,Amazon,2023-12-25,-0.7096,camera,0.8438400000000001
Samsung Galaxy Book 2,Smartphone,1.0,not great more social head the within prove question,Amazon,2023-08-06,-0.5096,none,0.5638400000000001
Samsung Buds Live,Accessories,3.0,good kitchen plant peace rich behind out job,Amazon,2024-07-22,0.875,none,0.21
Samsung Charger 25W,Accessories,4.0,worth it accept month quickly chair,Flipkart,2022-12-07,0.5423,software,0.335
Samsung Galaxy Tab S7 FE,Smartphone,3.0,worth it laugh news herself girl drop article laugh issue battery draining fast,Amazon,2022-11-26,0.7906,battery,0.41
Samsung Buds Live,Accessories,3.0,not great state store involve down,Flipkart,2025-01-01,-0.5096,none,0.41384
Samsung Galaxy Tab A8,Smartphone,3.0,not great get have already,Flipkart,2023-08-08,-0.5096,none,0.41384
Samsung Galaxy A54,Smartphone,5.0,excellent strong treatment girl officer meet college into,Flipkart,2023-01-09,0.7906,none,0.06
Samsung Galaxy Book 3,Smartphone,5.0,bad each local each forget,Amazon,2022-12-26,-0.6597,general_issue,0.52388
Samsung Charger 25W,Accessories,4.0,bad ago mother mouth class strategy,Flipkart,2022-11-11,-0.5423,general_issue,0.55192
Samsung Galaxy A54,Smartphone,3.0,good issue display flickering,Flipkart,2022-11-27,0.4404,display,0.41
Samsung Galaxy Book 2,Smartphone,4.0,waste of money sell any change station full movie,Flipkart,2023-05-03,-0.4215,performance,0.5036
Samsung Galaxy Book 2,Smartphone,3.0,excellent despite order fast century,Amazon,2022-08-28,0.5719,none,0.21
Samsung Galaxy Book 2,Smartphone,5.0,worth it election national current local,Amazon,2022-03-26,0.2263,none,0.06
Samsung Galaxy M34,Smartphone,4.0,average and whether wait without week what,Flipkart,2023-10-11,0.0,none,0.135
Samsung Galaxy M14,Smartphone,2.0,not great expert sign choose today truth issue battery draining fast,Flipkart,2022-09-17,-0.2486,battery,0.5844400000000001
Samsung Galaxy M53,Smartphone,5.0,average serve notice lay article moment,Flipkart,2024-06-21,0.0,none,0.06
Samsung Galaxy M14,Smartphone,5.0,excellent every join improve federal plant,Amazon,2023-06-18,0.8316,none,0.06
Samsung Galaxy A54,Smartphone,4.0,excellent class right benefit place remember little,Amazon,2024-01-28,0.7717,none,0.135
Samsung Galaxy Tab A8,Smartphone,4.0,worth it ability simple leave phone article leave opportunity,Flipkart,2023-01-13,0.6808,none,0.135
Samsung Galaxy A14,Smartphone,4.0,good yet so not player type us difficult,Flipkart,2023-02-25,0.1027,none,0.135
Samsung Galaxy M34,Smartphone,4.0,average sure agreement form often environment two far health,Flipkart,2022-03-13,0.6705,none,0.135
Samsung Galaxy Tab A8,Smartphone,1.0,excellent quite consider always figure consumer minute affect environmental issue overheating issue,Amazon,2023-10-12,0.5719,heating,0.56
Samsung Galaxy M34,Smartphone,3.0,worth it read dark woman some skin later issue slow performance,Flipkart,2023-12-06,0.2263,performance,0.41
Samsung Galaxy Book 2,Smartphone,5.0,good room guess voice end,Flipkart,2022-10-30,0.4404,none,0.06
Samsung Galaxy S23,Smartphone,5.0,not great specific green speech area,Amazon,2024-02-03,-0.5096,none,0.26384
Samsung Galaxy Book 2,Smartphone,1.0,average admit teacher blood on,Flipkart,2024-07-07,0.2023,none,0.36
Samsung Galaxy M34,Smartphone,3.0,not great social there paper simple economy time issue battery draining fast,Amazon,2022-11-29,-0.5096,battery,0.6138400000000002
Samsung Galaxy Tab A8,Smartphone,4.0,waste of money act young tend national,Flipkart,2024-12-28,-0.4215,general_issue,0.5036
Samsung Buds Live,Accessories,4.0,good information science successful system,Flipkart,2023-09-10,0.7717,none,0.135
Samsung Buds 2,Accessories,3.0,good issue battery draining fast,Amazon,2022-09-06,0.4404,battery,0.41
Samsung Galaxy S21 FE,Smartphone,3.0,not great laugh four for tough special reality economic issue display flickering,Flipkart,2022-02-21,-0.6147,display,0.65588
Samsung Galaxy M53,Smartphone,4.0,good heart your moment our,Flipkart,2024-04-08,0.4404,none,0.135
Samsung Galaxy Tab S7 FE,Smartphone,4.0,bad political quickly address character find,Flipkart,2024-10-19,-0.5423,software,0.55192
Samsung Galaxy M34,Smartphone,3.0,bad effect experience either,Amazon,2022-10-25,-0.5423,general_issue,0.6269200000000001
Samsung Galaxy Book 2,Smartphone,4.0,excellent thousand college current within,Flipkart,2024-07-27,0.5719,none,0.135
Samsung Galaxy A14,Smartphone,4.0,waste of money thus save understand,Flipkart,2023-10-18,0.1027,general_issue,0.335
Samsung Galaxy S23,Smartphone,4.0,worth it network why box security thing,Flipkart,2022-11-16,0.5106,connectivity,0.335
Samsung Galaxy Book 3,Smartphone,5.0,excellent bad attack media light,Flipkart,2022-01-09,-0.4404,general_issue,0.43616
Samsung Galaxy M53,Smartphone,5.0,bad travel plant table share no,Flipkart,2024-11-05,-0.5423,general_issue,0.47692
Samsung Galaxy Tab S7 FE,Smartphone,2.0,worth it grow deep issue quite others issue charging problem,Flipkart,2023-11-10,-0.2023,battery,0.56592
Samsung Galaxy S21 FE,Smartphone,4.0,bad media ready sister national amount turn across,Amazon,2023-08-29,-0.25,software,0.435
Samsung Charger 25W,Accessories,4.0,excellent ability least for seven more car congress,Amazon,2024-08-28,0.7184,none,0.135
Samsung Galaxy Tab S7 FE,Smartphone,3.0,good difference tonight notice medical under arrive issue slow performance,Flipkart,2023-08-17,0.4404,performance,0.41
Samsung Galaxy M14,Smartphone,4.0,good run beat decision surface,Flipkart,2022-10-29,0.4404,none,0.135
Samsung Galaxy Tab S7 FE,Smartphone,5.0,bad sign thing consumer purpose suggest,Flipkart,2024-06-24,-0.5423,software,0.47692
Samsung Galaxy Tab A8,Smartphone,3.0,waste of money animal require billion character sell spring,Amazon,2023-11-25,-0.4215,software,0.5786
Samsung Buds 2,Accessories,4.0,good rather series do word successful,Flipkart,2022-08-19,0.7717,none,0.135
Samsung Galaxy Tab A8,Smartphone,5.0,waste of money create campaign understand job,Flipkart,2024-09-07,-0.1779,general_issue,0.33116
Samsung Galaxy M14,Smartphone,5.0,worth it kind would note which toward major,Amazon,2022-03-24,0.6486,none,0.06
Samsung Charger 25W,Accessories,5.0,good page since art view above treat,Amazon,2022-10-13,0.6808,none,0.06
Samsung Galaxy M34,Smartphone,5.0,worth it both among onto become matter,Flipkart,2022-08-28,0.25,none,0.06
Samsung Galaxy S23,Smartphone,4.0,average third method something officer treatment,Flipkart,2023-09-23,0.0,none,0.135
Samsung Galaxy M14,Smartphone,3.0,not great young about these carry shoulder she fund before,Amazon,2022-02-20,-0.5096,none,0.41384
Samsung Buds 2,Accessories,1.0,not great issue charging problem,Amazon,2024-04-02,-0.7179,battery,0.8471600000000001
Samsung Galaxy M53,Smartphone,3.0,average none policy republican center issue overheating issue,Amazon,2023-03-28,0.0,heating,0.41
Samsung Galaxy A54,Smartphone,2.0,average become answer expert issue slow performance,Flipkart,2024-07-02,0.0,performance,0.485
Samsung Galaxy Watch6,Smartphone,2.0,software updates are slow,Amazon,2024-01-02,0.0,performance,0.485
Samsung Galaxy A54,Smartphone,3.0,excellent contain campaign shoulder fire room score,Amazon,2022-07-09,0.3182,none,0.21
Samsung Galaxy A34,Smartphone,2.0,excellent condition walk community idea next issue display flickering,Flipkart,2023-10-31,0.5719,display,0.485
Samsung Buds Live,Accessories,5.0,bad impact probably analysis economic field law,Flipkart,2022-04-23,-0.5423,sound,0.47692
Samsung Galaxy S23,Smartphone,1.0,amazing display quality,Amazon,2023-02-04,0.5859,display,0.56
Samsung Galaxy S23,Smartphone,5.0,bad easy fund campaign military staff too,Flipkart,2024-12-14,-0.1531,general_issue,0.32124
Samsung Galaxy Book 2,Smartphone,2.0,worth it hope important page environment they need issue overheating issue,Amazon,2023-03-31,0.6808,heating,0.485
Samsung Galaxy M53,Smartphone,1.0,average act most although,Flipkart,2023-07-24,0.0,software,0.56
Samsung Galaxy Tab A8,Smartphone,3.0,not great maybe article subject cultural drive,Amazon,2023-02-05,-0.5096,none,0.41384
Samsung Galaxy Tab S7 FE,Smartphone,4.0,waste of money better center perform must seem article although this,Flipkart,2022-02-16,0.0258,general_issue,0.335
Samsung Galaxy Tab S7 FE,Smartphone,4.0,waste of money former arrive skin,Flipkart,2022-06-21,-0.4215,general_issue,0.5036
Samsung Galaxy M53,Smartphone,3.0,not great onto because offer piece capital tv issue battery draining fast,Amazon,2024-07-01,-0.5096,battery,0.6138400000000002
Samsung Charger 25W,Accessories,5.0,waste of money walk response raise sign day staff,Flipkart,2022-06-28,-0.4215,general_issue,0.4286
Samsung Galaxy M53,Smartphone,3.0,bad issue display flickering,Amazon,2024-11-14,-0.5423,display,0.6269200000000001
Samsung Galaxy A14,Smartphone,5.0,excellent section week firm force,Flipkart,2024-03-18,0.5719,none,0.06
Samsung Charger 25W,Accessories,4.0,excellent list home moment,Flipkart,2023-02-03,0.5719,none,0.135
Samsung Galaxy A14,Smartphone,5.0,average hundred address police,Flipkart,2024-10-01,0.0,none,0.06
Samsung Buds Live,Accessories,4.0,worth it own rather summer once,Flipkart,2023-10-13,0.2263,none,0.135
Samsung Galaxy A34,Smartphone,5.0,waste of money important although hour growth yet condition result,Flipkart,2024-11-13,0.1531,general_issue,0.26
Samsung Galaxy Book 2,Smartphone,3.0,bad he whether edge agreement meeting yes receive issue camera quality is poor,Amazon,2022-04-25,-0.1779,camera,0.48116
Samsung Galaxy Tab S7 FE,Smartphone,4.0,good responsibility apply central offer,Amazon,2024-01-10,0.4404,software,0.335
Samsung Galaxy M34,Smartphone,4.0,worth it inside sort sort include coach know understand leave,Flipkart,2024-03-25,0.1779,none,0.135
Samsung Galaxy A34,Smartphone,5.0,not great far increase arm sure plant cell,Amazon,2022-10-30,-0.4508,none,0.24032
Samsung Galaxy Tab S7 FE,Smartphone,4.0,worth it peace light provide call onto include life,Amazon,2024-05-25,0.6597,battery,0.335
Samsung Galaxy A14,Smartphone,3.0,bad ready response summer energy today issue display flickering,Amazon,2024-01-28,0.0258,display,0.41
Samsung Galaxy Tab S7 FE,Smartphone,2.0,bad play pass onto a kid budget issue overheating issue,Amazon,2024-03-01,-0.2732,heating,0.5942799999999999
Samsung Buds 2,Accessories,4.0,average effect term size ask way,Flipkart,2024-02-03,0.0,none,0.135
Samsung Galaxy Tab S7 FE,Smartphone,4.0,bad other say hour suggest character recently push,Amazon,2022-01-25,-0.5423,general_issue,0.55192
Samsung Galaxy Book 3,Smartphone,4.0,bad interesting boy option keep court nature,Amazon,2023-08-06,-0.2023,general_issue,0.41592
Samsung Galaxy S23,Smartphone,3.0,bad within threat political debate,Flipkart,2023-12-08,-0.7845,general_issue,0.7238
Samsung Buds 2,Accessories,3.0,good staff civil pm issue slow performance,Flipkart,2023-12-21,0.4404,performance,0.41
Samsung Galaxy A14,Smartphone,4.0,worth it talk simple other method pick if ask,Amazon,2023-09-23,0.2263,none,0.135
Samsung Galaxy M14,Smartphone,5.0,bad send at five everyone behind late,Flipkart,2024-07-01,-0.5423,general_issue,0.47692
Samsung Galaxy S23,Smartphone,3.0,average voice cell only be where officer issue battery draining fast,Amazon,2022-06-29,0.0,battery,0.41
Samsung Galaxy A34,Smartphone,4.0,bad change discussion worker ago year seven they environmental,Amazon,2023-03-18,-0.5423,performance,0.55192
Samsung Galaxy A34,Smartphone,5.0,bad least explain example church mention similar,Amazon,2024-06-28,-0.5423,general_issue,0.47692
Samsung Galaxy M14,Smartphone,5.0,good yourself really relate modern official cause,Amazon,2024-05-01,0.4404,none,0.06
Samsung Galaxy S22,Smartphone,4.0,average leader scene whom actually form term,Flipkart,2024-06-25,0.0,none,0.135
Samsung Galaxy A14,Smartphone,5.0,not great prove spring practice allow,Amazon,2023-08-15,-0.3387,none,0.19548
Samsung Galaxy M34,Smartphone,5.0,worth it money drug memory magazine memory large already meeting,Flipkart,2022-12-02,0.2263,none,0.06
Samsung Galaxy A34,Smartphone,4.0,worth it traditional fall sure economic light,Amazon,2024-05-18,0.4939,sound,0.335
Samsung Galaxy A54,Smartphone,5.0,bad unit check but themselves throw,Amazon,2024-04-28,-0.3071,general_issue,0.38284
Samsung Galaxy S22,Smartphone,4.0,worth it more hotel student them whom that step,Amazon,2022-10-13,0.2263,heating,0.335
Samsung Galaxy S23,Smartphone,5.0,waste of money each believe network interesting east out,Amazon,2022-06-26,-0.0258,connectivity,0.27032
Samsung Galaxy Book 3,Smartphone,4.0,good require call his expect,Flipkart,2022-10-22,0.4404,software,0.335
Samsung Buds 2,Accessories,5.0,good with room to recognize wear clear by local,Amazon,2023-03-02,0.6705,none,0.06
Samsung Galaxy A34,Smartphone,5.0,excellent town hit wind better,Amazon,2023-09-14,0.765,none,0.06
Samsung Galaxy M14,Smartphone,4.0,good ok city around than,Flipkart,2024-08-30,0.6249,none,0.135
Samsung Galaxy M34,Smartphone,4.0,good pass bag partner cell make evidence,Amazon,2024-12-11,0.4404,none,0.135
Samsung Galaxy M34,Smartphone,5.0,average set money policy hour will,Flipkart,2023-11-18,0.0,none,0.06
Samsung Galaxy Tab S7 FE,Smartphone,5.0,not great station message foot,Amazon,2022-05-16,-0.5096,none,0.26384
Samsung Charger 25W,Accessories,5.0,not great able almost carry price box,Amazon,2024-02-09,-0.5096,software,0.46384
Samsung Galaxy Book 3,Smartphone,3.0,waste of money third to beautiful whether garden issue overheating issue,Flipkart,2022-07-01,0.2732,heating,0.41
Samsung Buds Live,Accessories,3.0,good go indeed congress cost night do,Amazon,2022-01-14,0.4404,software,0.41
Samsung Galaxy M53,Smartphone,5.0,waste of money kind environmental final hand that long,Flipkart,2024-04-18,0.5859,general_issue,0.26
Samsung Galaxy M14,Smartphone,4.0,not great first open several personal together,Flipkart,2023-07-14,-0.5096,none,0.33884
Samsung Galaxy Watch6,Smartphone,1.0,disappointed with the customer service,Amazon,2024-04-28,-0.4767,software,0.75068
Samsung Galaxy S23,Smartphone,4.0,bad civil simple interest myself,Amazon,2022-12-25,-0.128,general_issue,0.3862
Samsung Galaxy M14,Smartphone,4.0,waste of money community yard type benefit box expert help,Flipkart,2024-08-04,0.4404,general_issue,0.335
Samsung Galaxy Tab A8,Smartphone,5.0,waste of money coach option effort they field business,Flipkart,2022-10-08,-0.4215,general_issue,0.4286
Samsung Buds 2,Accessories,5.0,not great local paper ground debate whatever sound,Flipkart,2023-02-13,-0.5096,sound,0.46384
Samsung Galaxy S23,Smartphone,4.0,average number campaign late item particularly state,Amazon,2023-01-16,0.0772,none,0.135
Samsung Galaxy Tab S7 FE,Smartphone,3.0,average reach positive record issue charging problem,Flipkart,2024-02-21,0.25,battery,0.41
Samsung Galaxy A54,Smartphone,5.0,not great another interesting field since herself beautiful shake,Amazon,2023-08-16,-0.3296,none,0.19184
Samsung Galaxy M34,Smartphone,4.0,not great hospital thousand call,Amazon,2024-10-01,-0.5096,software,0.53884
Samsung Charger 25W,Accessories,1.0,good continue black actually nearly resource million issue slow performance,Amazon,2022-03-28,0.4404,performance,0.56
Samsung Galaxy Tab S7 FE,Smartphone,1.0,worth it two could sport cause,Amazon,2023-09-11,0.2263,none,0.36
Samsung Galaxy A14,Smartphone,1.0,excellent recently sign if whether child power,Flipkart,2023-09-15,0.5719,battery,0.56
Samsung Galaxy S23,Smartphone,3.0,not worth the price,Flipkart,2024-10-08,-0.1695,none,0.2778
Samsung Galaxy A54,Smartphone,2.0,waste of money whose try president smile yard office issue slow performance,Flipkart,2024-08-07,-0.0772,performance,0.51588
Samsung Galaxy S21 FE,Smartphone,3.0,worth it step daughter special memory out issue display flickering,Amazon,2023-04-05,0.5574,display,0.41
Samsung Galaxy Tab A8,Smartphone,5.0,waste of money market break exactly strong i scientist,Amazon,2022-02-24,0.128,general_issue,0.26
Samsung Galaxy M53,Smartphone,3.0,bad theory form plan understand seat example no identify issue camera quality is poor,Amazon,2022-01-06,-0.8316,camera,0.7426400000000002
Samsung Galaxy M14,Smartphone,4.0,good morning husband themselves value,Flipkart,2022-11-12,0.6486,none,0.135
Samsung Galaxy M14,Smartphone,3.0,good help with article democratic main determine stop line issue slow performance,Flipkart,2023-06-22,0.5267,performance,0.41
Samsung Galaxy S22,Smartphone,5.0,bad at reduce current,Flipkart,2023-09-07,-0.5423,general_issue,0.47692
Samsung Galaxy S22,Smartphone,4.0,worth it wrong room expert vote politics model analysis huge,Amazon,2024-08-25,0.0258,none,0.135
Samsung Galaxy M34,Smartphone,5.0,not great concern century job partner quite course,Amazon,2022-09-12,-0.5096,software,0.46384
Samsung Galaxy M14,Smartphone,2.0,good gas within pay tv gas old,Flipkart,2023-08-13,0.3612,none,0.285
Samsung Galaxy Tab S7 FE,Smartphone,4.0,worth it art low message fall say,Amazon,2024-05-04,-0.0516,none,0.15564
Samsung Galaxy Tab A8,Smartphone,4.0,good respond claim not hope,Amazon,2023-01-03,0.1265,none,0.135
Samsung Charger 25W,Accessories,4.0,excellent push spring seven camera,Flipkart,2024-10-04,0.5719,camera,0.335
Samsung Galaxy S23,Smartphone,3.0,excellent role morning rest important town issue overheating issue,Flipkart,2023-05-17,0.6705,heating,0.41
Samsung Galaxy A34,Smartphone,2.0,bad read down we industry yes listen skin issue overheating issue,Amazon,2022-02-28,-0.2023,heating,0.56592
Samsung Galaxy Tab S7 FE,Smartphone,3.0,good crime son blood forget machine attention issue camera quality is poor,Amazon,2022-09-02,-0.6808,camera,0.68232
Samsung Galaxy A54,Smartphone,4.0,worth it her high voice student true,Amazon,2023-07-22,0.5719,none,0.135
Samsung Galaxy S23,Smartphone,4.0,bad measure lay between among go employee interest social,Flipkart,2024-10-06,-0.128,general_issue,0.3862
Samsung Galaxy Tab S7 FE,Smartphone,5.0,average ago plant say activity ok goal finish,Amazon,2022-05-17,0.296,none,0.06
Samsung Galaxy Tab S7 FE,Smartphone,3.0,excellent issue overheating issue,Amazon,2024-01-11,0.5719,heating,0.41
Samsung Galaxy M14,Smartphone,4.0,excellent consumer turn economic chair,Amazon,2024-09-11,0.5719,sound,0.335
Samsung Buds 2,Accessories,4.0,bad her grow hair challenge bring them line,Amazon,2024-06-12,-0.4939,general_issue,0.53256
Samsung Galaxy Book 3,Smartphone,5.0,excellent more beyond check inside marriage two summer senior,Flipkart,2023-06-13,0.5719,none,0.06
Samsung Galaxy M53,Smartphone,4.0,average environmental mission my quite help effort society,Flipkart,2024-09-01,0.4576,software,0.335
Samsung Galaxy S22,Smartphone,5.0,not great crime research range test parent series grow glass,Amazon,2022-09-02,-0.1139,none,0.10556
Samsung Galaxy Book 3,Smartphone,4.0,worth it drop choice sign risk to,Amazon,2024-02-04,-0.3182,none,0.26228
Samsung Charger 25W,Accessories,4.0,worth it industry here them because,Amazon,2024-11-15,0.2263,none,0.135
Samsung Charger 25W,Accessories,2.0,waste of money issue camera quality is poor,Amazon,2022-02-05,-0.7096,camera,0.76884
Samsung Galaxy A34,Smartphone,3.0,waste of money issue slow performance,Flipkart,2023-06-16,-0.4215,performance,0.5786
Samsung Galaxy M34,Smartphone,2.0,good expect current ask issue charging problem,Amazon,2022-11-30,0.0516,battery,0.485
Samsung Galaxy Book 2,Smartphone,4.0,waste of money according why either,Flipkart,2022-04-30,-0.4215,general_issue,0.5036
Samsung Charger 25W,Accessories,4.0,average man others point project,Amazon,2022-10-27,0.0,none,0.135
Samsung Buds 2,Accessories,4.0,not great career chair word add no,Flipkart,2023-10-17,-0.6698,none,0.40292
Samsung Galaxy S22,Smartphone,4.0,bad fly out safe discover,Flipkart,2024-08-02,-0.1531,general_issue,0.39624
Samsung Galaxy Tab S7 FE,Smartphone,2.0,good situation information every life most reveal discuss issue charging problem,Flipkart,2022-10-05,0.0516,battery,0.485
Samsung Galaxy M14,Smartphone,1.0,worth it able meeting just consider issue overheating issue,Amazon,2024-01-02,0.2263,heating,0.56
Samsung Washing Machine,Other,3.0,very userfriendly interface,Flipkart,2022-12-01,0.0,software,0.41
Samsung Galaxy S22,Smartphone,4.0,waste of money next morning list add only,Flipkart,2022-04-19,-0.4215,general_issue,0.5036
Samsung Galaxy Tab S7 FE,Smartphone,4.0,worth it soon answer discover,Amazon,2023-07-13,0.2263,none,0.135
Samsung Galaxy Tab S7 FE,Smartphone,5.0,average cut on soldier goal line outside sure against,Amazon,2024-01-10,0.0516,none,0.06
Samsung Buds Live,Accessories,4.0,average among concern purpose sea,Flipkart,2024-05-09,0.0,software,0.335
Samsung Galaxy Tab S7 FE,Smartphone,2.0,excellent plant book threat three rather issue display flickering,Amazon,2023-12-31,0.0772,display,0.485
Samsung Galaxy Tab A8,Smartphone,1.0,worth it give again street many position success safe issue camera quality is poor,Flipkart,2022-04-10,0.6597,camera,0.56
Samsung Buds Live,Accessories,1.0,bad successful drug environment area new him,Amazon,2023-08-17,0.0772,general_issue,0.56
Samsung Galaxy Tab S7 FE,Smartphone,4.0,good full brother among positive system,Amazon,2023-08-21,0.7579,software,0.335
Samsung Galaxy S23,Smartphone,4.0,waste of money property focus road company coach benefit avoid,Flipkart,2024-12-20,-0.25,camera,0.435
Samsung Galaxy M53,Smartphone,3.0,waste of money idea stop whether style,Flipkart,2022-06-07,-0.6124,general_issue,0.65496
Samsung Galaxy A34,Smartphone,3.0,not great total range cut from subject case sister,Flipkart,2024-11-18,-0.6591,none,0.47364
Samsung Galaxy M53,Smartphone,3.0,good teacher former eye concern will stage foot,Flipkart,2023-02-01,0.4404,none,0.21
Samsung Buds Live,Accessories,1.0,good person option financial again some,Amazon,2023-01-11,0.4404,none,0.36
Samsung Crystal UHD TV,TV,5.0,excellent product very satisfied,Amazon,2022-07-13,0.7778,none,0.06
Samsung Galaxy S23,Smartphone,3.0,bad interview your occur natural both recognize issue battery draining fast,Amazon,2022-12-09,-0.25,battery,0.51
Samsung Galaxy A54,Smartphone,2.0,waste of money rich prepare usually win white usually toward,Flipkart,2023-10-23,0.6808,general_issue,0.485
Samsung Galaxy M34,Smartphone,3.0,waste of money collection best trouble sure fast,Amazon,2023-10-10,0.25,general_issue,0.41
Samsung Galaxy M14,Smartphone,4.0,waste of money measure green stop next,Flipkart,2023-09-09,-0.6124,general_issue,0.57996
Samsung Galaxy M14,Smartphone,3.0,excellent value use control culture low,Amazon,2023-07-10,0.6124,none,0.21
Samsung Galaxy S21 FE,Smartphone,4.0,not great may least former more,Flipkart,2024-01-13,-0.5096,none,0.33884
Samsung Galaxy Book 3,Smartphone,1.0,worth it price stuff truth tree south,Flipkart,2022-07-16,0.4939,none,0.36
Samsung Galaxy S22,Smartphone,5.0,waste of money civil price our future tell,Flipkart,2024-12-30,-0.4215,general_issue,0.4286
Samsung Galaxy A34,Smartphone,4.0,good each south read visit position,Flipkart,2023-12-22,0.4404,software,0.335
Samsung Galaxy Book 3,Smartphone,4.0,average surface lead growth either drive beat meet,Amazon,2022-10-22,0.3818,none,0.135
Samsung Galaxy Tab A8,Smartphone,3.0,good first buy return expect issue charging problem,Amazon,2022-01-27,0.0516,battery,0.41
Samsung Galaxy A14,Smartphone,3.0,average goal try guess heart receive something,Flipkart,2022-10-08,0.0,none,0.21
Samsung Galaxy M14,Smartphone,1.0,not great small magazine society rate issue charging problem,Amazon,2024-11-27,-0.7179,battery,0.8471600000000001
Samsung Galaxy M14,Smartphone,5.0,waste of money various until quickly catch,Flipkart,2023-07-31,-0.4215,software,0.4286
Samsung Buds 2,Accessories,4.0,worth it bit through worry question kid tend,Amazon,2024-02-03,-0.25,none,0.235
Samsung Galaxy S22,Smartphone,2.0,good adult occur idea responsibility total upon you issue display flickering,Flipkart,2024-09-20,0.4404,display,0.485
Samsung Charger 25W,Accessories,4.0,waste of money believe protect majority where suffer together yet,Flipkart,2024-04-23,-0.5719,general_issue,0.56376
Samsung Galaxy S21 FE,Smartphone,5.0,not great control red who between national decision sport black,Amazon,2023-11-28,-0.5096,none,0.26384
Samsung Galaxy S21 FE,Smartphone,1.0,bad by make similar above,Amazon,2022-11-30,-0.5423,general_issue,0.77692
Samsung Buds 2,Accessories,2.0,average congress drug must test nature after,Amazon,2022-07-29,0.0,none,0.285
Samsung Buds 2,Accessories,4.0,average democrat seem dark one research describe economic,Flipkart,2023-03-23,0.0,sound,0.335
Samsung Galaxy Tab A8,Smartphone,3.0,waste of money reveal make on weight task everybody safe issue charging problem,Flipkart,2022-11-13,-0.3818,battery,0.5627200000000001
Samsung Galaxy A14,Smartphone,4.0,excellent chair total sound prove bad require,Amazon,2024-10-27,0.0516,sound,0.335
Samsung Galaxy M53,Smartphone,5.0,waste of money position among suffer traditional,Flipkart,2023-03-29,-0.743,software,0.5572
Samsung Buds 2,Accessories,5.0,excellent fire today moment difference seat college economy,Amazon,2023-01-21,0.3182,none,0.06
Samsung Galaxy A14,Smartphone,1.0,waste of money environment fill fund in threat range maintain issue battery draining fast,Flipkart,2024-12-12,-0.7351,battery,0.8540400000000001
Samsung Galaxy M53,Smartphone,3.0,excellent cold success million you food space issue battery draining fast,Flipkart,2024-12-25,0.8126,battery,0.41
Samsung Galaxy A54,Smartphone,2.0,bad indicate so structure identify career her,Amazon,2022-08-22,-0.5423,general_issue,0.7019200000000001
Samsung Galaxy Tab A8,Smartphone,2.0,bad can huge upon hard issue battery draining fast,Amazon,2024-05-04,-0.3818,battery,0.6377200000000001
Samsung Charger 25W,Accessories,3.0,not great issue battery draining fast,Flipkart,2024-08-01,-0.5096,battery,0.6138400000000002
Samsung Galaxy A14,Smartphone,4.0,excellent itself tell east old action job,Amazon,2022-06-06,0.5719,none,0.135
Samsung Galaxy S22,Smartphone,3.0,waste of money issue battery draining fast,Flipkart,2022-08-27,-0.4215,battery,0.5786
Samsung Charger 25W,Accessories,5.0,excellent check property sure question career country fire,Flipkart,2022-09-26,0.5574,none,0.06
Samsung Buds Live,Accessories,3.0,waste of money issue battery draining fast,Amazon,2022-02-05,-0.4215,battery,0.5786
Samsung Buds 2,Accessories,4.0,worth it station few head various doctor to,Flipkart,2024-09-09,0.2263,none,0.135
Samsung Galaxy Tab A8,Smartphone,4.0,waste of money music project guy beautiful,Amazon,2023-12-15,0.2732,general_issue,0.335
Samsung Galaxy M14,Smartphone,4.0,not great what local risk tonight get financial baby expect,Flipkart,2023-10-01,-0.6591,none,0.39864
Samsung Galaxy A54,Smartphone,4.0,excellent section picture place seat,Flipkart,2024-01-13,0.5719,camera,0.335
Samsung Galaxy A14,Smartphone,3.0,good two trip return remember issue overheating issue,Flipkart,2022-10-12,0.4404,heating,0.41
Samsung Galaxy M53,Smartphone,4.0,waste of money hour together thing effect happen from health,Flipkart,2024-06-24,-0.4215,software,0.5036
Samsung Galaxy S21 FE,Smartphone,3.0,excellent issue charging problem,Amazon,2024-12-07,0.25,battery,0.41
Samsung Galaxy A14,Smartphone,5.0,good pm green try that other teacher forget because,Flipkart,2023-12-02,0.25,none,0.06
Samsung Galaxy A34,Smartphone,3.0,bad too price us teach,Amazon,2022-12-19,-0.5423,general_issue,0.6269200000000001
Samsung Buds 2,Accessories,5.0,bad physical data hear live body view someone,Amazon,2023-09-16,-0.5423,general_issue,0.47692
Samsung Galaxy Tab S7 FE,Smartphone,2.0,not great issue overheating issue,Amazon,2022-02-28,-0.5096,heating,0.6888400000000001
Samsung Galaxy Buds2,Smartphone,1.0,speaker quality is amazing,Flipkart,2022-08-31,0.5859,sound,0.56
Samsung Buds 2,Accessories,3.0,good meeting area structure employee its issue slow performance,Flipkart,2023-04-01,0.4404,performance,0.41
Samsung Galaxy A54,Smartphone,3.0,average young later understand administration number natural,Flipkart,2022-09-21,0.4215,none,0.21
Samsung Galaxy Book 3,Smartphone,4.0,worth it trouble vote shake thus crime,Flipkart,2022-10-19,-0.7184,none,0.42236
Samsung Charger 25W,Accessories,5.0,excellent sea long themselves beyond tv town,Amazon,2023-04-10,0.5719,none,0.06
Samsung Galaxy M53,Smartphone,4.0,excellent generation among radio top floor beat area,Amazon,2023-09-22,0.6705,none,0.135
Samsung Galaxy Tab S7 FE,Smartphone,2.0,bad wall defense fear cell miss speech well,Amazon,2022-09-14,-0.6908,general_issue,0.76132
Samsung Galaxy Tab S7 FE,Smartphone,5.0,good some bed reveal girl such media return program,Amazon,2023-03-06,0.4404,none,0.06
Samsung Charger 25W,Accessories,5.0,average office research law central beautiful left,Amazon,2022-09-24,0.5994,none,0.06
Samsung Galaxy S21 FE,Smartphone,5.0,waste of money job manager sea town,Flipkart,2022-06-10,-0.4215,general_issue,0.4286
Samsung Galaxy Tab A8,Smartphone,1.0,waste of money hear look bit high popular,Amazon,2024-05-20,0.0,general_issue,0.56
Samsung Galaxy A54,Smartphone,5.0,good oil if purpose about quality,Amazon,2022-08-17,0.4404,software,0.26
Samsung Galaxy A34,Smartphone,4.0,bad price woman tv,Flipkart,2022-06-09,-0.5423,general_issue,0.55192
Samsung Buds Live,Accessories,3.0,average to her play fine check animal quickly,Amazon,2022-02-08,0.4939,software,0.41
Samsung Galaxy A14,Smartphone,4.0,excellent single phone mouth improve,Flipkart,2024-09-18,0.765,none,0.135
Samsung Soundbar,Other,2.0,performance is topnotch,Amazon,2024-06-02,0.0,none,0.285
Samsung Galaxy A34,Smartphone,3.0,worth it decide green fear amount one responsibility take issue display flickering,Flipkart,2022-03-29,-0.3182,display,0.53728
Samsung Buds Live,Accessories,4.0,excellent population nearly save clearly,Amazon,2023-02-07,0.8625,none,0.135
Samsung Galaxy Tab A8,Smartphone,4.0,worth it order hold deal maintain series remain actually,Amazon,2022-08-09,0.2263,none,0.135
Samsung Galaxy S21 FE,Smartphone,3.0,excellent only network maintain meet your,Amazon,2022-03-09,0.5719,connectivity,0.41
Samsung Galaxy S22,Smartphone,3.0,waste of money company offer tough hotel stop message moment issue battery draining fast,Flipkart,2024-11-17,-0.6705,battery,0.6782000000000001
Samsung Galaxy M14,Smartphone,4.0,good hour indeed suggest movie leader he close,Amazon,2022-05-02,0.4404,software,0.335
Samsung Galaxy M34,Smartphone,3.0,bad certain order whether allow politics process lot issue battery draining fast,Amazon,2024-08-18,-0.128,battery,0.4612
Samsung Galaxy Book 3,Smartphone,4.0,good happy sell particular break job,Amazon,2022-09-01,0.765,software,0.335
Samsung Galaxy A14,Smartphone,2.0,excellent week pay drop almost physical hard issue slow performance,Flipkart,2023-06-03,0.2682,performance,0.485
Samsung Buds Live,Accessories,4.0,waste of money capital car year,Amazon,2022-03-30,-0.4215,general_issue,0.5036
Samsung Galaxy S22,Smartphone,4.0,bad image result prove despite evidence assume seat,Amazon,2022-05-16,-0.5423,general_issue,0.55192
Samsung Galaxy Book 2,Smartphone,4.0,worth it piece should leave accept agency,Flipkart,2023-09-10,0.5106,none,0.135
Samsung Galaxy Tab S7 FE,Smartphone,3.0,bad skill college short fine,Flipkart,2022-01-22,-0.4019,general_issue,0.5707600000000002
Samsung Galaxy A14,Smartphone,4.0,worth it at million dark there billion call,Flipkart,2022-07-17,0.2263,none,0.135
Samsung Galaxy A54,Smartphone,4.0,worth it decide quite study quite interview such,Amazon,2022-09-11,0.2263,software,0.335
Samsung Galaxy S21 FE,Smartphone,1.0,waste of money eye fact behind feel cover but long,Flipkart,2023-02-25,-0.2263,general_issue,0.65052
Samsung Buds 2,Accessories,3.0,good friend sell health style,Amazon,2023-02-14,0.7269,none,0.21
Samsung Galaxy S22,Smartphone,1.0,average describe man continue much behavior water few issue slow performance,Flipkart,2023-01-14,0.0,performance,0.56
Samsung Charger 25W,Accessories,2.0,bad important reflect pick throw where issue charging problem,Flipkart,2023-12-21,-0.6597,battery,0.74888
Samsung Buds 2,Accessories,4.0,bad soldier might window cover scientist,Flipkart,2022-03-01,-0.5423,general_issue,0.55192
Samsung Galaxy Tab S7 FE,Smartphone,4.0,worth it scientist glass game pass chair send,Flipkart,2022-07-05,0.2263,none,0.135
Samsung Galaxy Tab S7 FE,Smartphone,4.0,excellent garden scientist or individual take admit stuff,Flipkart,2022-10-26,0.6705,none,0.135
Samsung Galaxy S23,Smartphone,2.0,not great issue camera quality is poor,Amazon,2023-07-23,-0.7502,camera,0.78508
Samsung Galaxy S23,Smartphone,5.0,not great military party fly democratic,Amazon,2023-12-14,-0.6759,none,0.33036
Samsung Galaxy A54,Smartphone,2.0,good radio test collection information new issue display flickering,Flipkart,2023-12-23,0.4404,display,0.485
Samsung Refrigerator,Other,3.0,speaker quality is amazing,Flipkart,2022-11-25,0.5859,sound,0.41
Samsung Buds Live,Accessories,4.0,good far firm program example prevent lot,Amazon,2024-10-22,0.4588,none,0.135
Samsung Buds 2,Accessories,3.0,excellent three source number few candidate,Amazon,2023-05-11,0.6124,none,0.21
Samsung Galaxy Tab A8,Smartphone,5.0,waste of money now age radio eight goal,Flipkart,2024-10-31,-0.4215,general_issue,0.4286
Samsung Galaxy A54,Smartphone,4.0,average hand wall something address,Amazon,2022-05-20,0.4939,none,0.135
Samsung Galaxy A14,Smartphone,4.0,good take expert learn hair job buy talk,Amazon,2022-07-22,0.4404,none,0.135
Samsung Galaxy M14,Smartphone,5.0,bad north once at someone to,Flipkart,2022-01-29,-0.5423,general_issue,0.47692
Samsung Galaxy S23,Smartphone,5.0,worth it after call room night,Flipkart,2024-12-19,0.2263,none,0.06
Samsung Galaxy Tab S7 FE,Smartphone,3.0,worth it today us most gas change generation section issue display flickering,Flipkart,2023-03-21,0.2263,display,0.41
Samsung Galaxy Book 3,Smartphone,4.0,not great citizen enter say i,Flipkart,2023-01-28,-0.5096,none,0.33884
Samsung Galaxy M53,Smartphone,3.0,not great blue audience something reflect suffer dark leave issue battery draining fast,Flipkart,2023-08-01,-0.7902,battery,0.7260800000000001
Samsung Buds Live,Accessories,3.0,average all time call dog kitchen character education,Flipkart,2022-12-18,0.0,none,0.21
Samsung Galaxy S22,Smartphone,4.0,average society factor seven western time painting,Amazon,2022-01-09,0.0,none,0.135
Samsung Galaxy S22,Smartphone,2.0,average issue charging problem,Amazon,2022-07-22,-0.4019,battery,0.6457600000000001
Samsung Galaxy Tab A8,Smartphone,2.0,bad issue display flickering,Amazon,2023-03-15,-0.5423,display,0.7019200000000001
Samsung Galaxy M14,Smartphone,3.0,waste of money improve every fly research keep inside fill pick,Amazon,2024-10-29,0.0258,general_issue,0.41
Samsung Charger 25W,Accessories,4.0,waste of money east analysis that chance may name area,Amazon,2024-08-30,-0.2023,general_issue,0.41592
Samsung Charger 25W,Accessories,2.0,average case teacher commercial brother answer just,Flipkart,2024-01-21,0.0,none,0.285
Samsung Galaxy M14,Smartphone,1.0,bad goal explain people doctor through issue battery draining fast,Amazon,2023-01-15,-0.5423,battery,0.77692
Samsung Galaxy A14,Smartphone,4.0,average medical its performance majority cost,Amazon,2024-06-19,0.0,software,0.335
Samsung Galaxy Tab S7 FE,Smartphone,5.0,excellent it next lose mother character industry statement,Amazon,2022-08-08,0.25,software,0.26
Samsung Crystal UHD TV,TV,1.0,heats up sometimes during heavy usage,Amazon,2023-01-06,0.0,heating,0.56
Samsung Galaxy Tab A8,Smartphone,4.0,average inside ever energy move value,Flipkart,2023-12-28,0.5423,none,0.135
Samsung Charger 25W,Accessories,2.0,worth it kid bad law number seek issue overheating issue,Flipkart,2024-02-17,-0.3182,heating,0.6122799999999999
Samsung Galaxy A34,Smartphone,3.0,not great name tough whole rule hit issue slow performance,Flipkart,2024-05-18,-0.4449,performance,0.58796
Samsung Galaxy M34,Smartphone,2.0,excellent campaign some carry sound issue charging problem,Amazon,2023-03-15,0.25,battery,0.485
Samsung Galaxy M14,Smartphone,3.0,waste of money name stock marriage not board value garden issue overheating issue,Flipkart,2024-11-19,-0.5908,heating,0.64632
Samsung Galaxy S21 FE,Smartphone,5.0,average color hold fill like,Flipkart,2023-04-12,0.3612,none,0.06
Samsung Buds 2,Accessories,4.0,excellent party race traditional,Flipkart,2024-04-14,0.7506,none,0.135
Samsung Galaxy A14,Smartphone,3.0,average song effect you seek congress issue display flickering,Amazon,2022-08-20,0.0,display,0.41
Samsung Galaxy A34,Smartphone,5.0,bad news rather good very during,Flipkart,2023-10-06,-0.1531,general_issue,0.32124
Samsung QLED TV,TV,5.0,very userfriendly interface,Amazon,2022-09-11,0.0,software,0.26
Samsung Galaxy Book 2,Smartphone,3.0,good south around language goal think when,Amazon,2024-08-12,0.4404,none,0.21
Samsung Galaxy M53,Smartphone,5.0,not great push would standard program indeed event very,Amazon,2022-08-14,-0.5096,none,0.26384
Samsung Galaxy M53,Smartphone,3.0,excellent see however investment,Amazon,2024-11-30,0.5719,none,0.21
Samsung Galaxy S23,Smartphone,4.0,bad since high bank serious system,Amazon,2022-10-06,-0.5859,general_issue,0.5693600000000001
Samsung Galaxy Tab S7 FE,Smartphone,4.0,worth it accept manage lay artist thing,Flipkart,2024-10-12,0.5423,none,0.135
Samsung Galaxy S23,Smartphone,3.0,bad moment five measure yeah issue overheating issue,Amazon,2024-01-10,-0.3182,heating,0.53728
Samsung Galaxy S23,Smartphone,5.0,excellent perform among trial phone more place direction wind,Amazon,2023-08-14,0.5719,none,0.06
Samsung Charger 25W,Accessories,4.0,excellent few how moment table,Flipkart,2022-03-25,0.5719,none,0.135
Samsung Galaxy S21 FE,Smartphone,3.0,average next fall answer young play big performance wonder,Amazon,2022-06-18,0.34,none,0.21
Samsung Galaxy M53,Smartphone,4.0,waste of money against radio author those,Amazon,2023-11-03,-0.4215,software,0.5036
Samsung Galaxy S23,Smartphone,4.0,not great scene night somebody she shake,Amazon,2024-10-08,-0.6116,none,0.37964
Samsung Buds 2,Accessories,4.0,worth it become however letter hand care look,Flipkart,2022-08-25,0.8074,none,0.135
Samsung Charger 25W,Accessories,5.0,worth it cold all military young appear,Flipkart,2024-02-28,0.2263,software,0.26
Samsung Galaxy M14,Smartphone,4.0,good pay store trial remain risk,Amazon,2023-08-04,0.1027,none,0.135
Samsung Galaxy M34,Smartphone,4.0,average discover tree factor sense yet six performance,Flipkart,2024-07-24,0.0,none,0.135
Samsung Galaxy A34,Smartphone,5.0,not great down doctor know industry physical another,Flipkart,2023-10-01,-0.5096,none,0.26384
Samsung Charger 25W,Accessories,4.0,excellent plan station institution city center,Flipkart,2024-06-28,0.5719,none,0.135
Samsung Galaxy M53,Smartphone,1.0,excellent each include pay close issue display flickering,Flipkart,2023-04-08,0.5106,display,0.56
Samsung Charger 25W,Accessories,4.0,average dream until among let year,Flipkart,2024-04-14,0.25,none,0.135
Samsung Galaxy M53,Smartphone,4.0,not great debate degree quality not all page,Amazon,2023-08-19,-0.5096,none,0.33884
Samsung Galaxy A14,Smartphone,3.0,excellent than political throw finally issue slow performance,Flipkart,2024-05-26,0.5719,performance,0.41
Samsung Galaxy S22,Smartphone,3.0,average prepare store turn over every former seem will,Flipkart,2023-01-22,0.0,none,0.21
Samsung Galaxy M34,Smartphone,5.0,excellent development others mention,Flipkart,2022-05-23,0.5719,none,0.06
Samsung Buds 2,Accessories,3.0,bad five run respond,Amazon,2024-09-01,-0.5423,general_issue,0.6269200000000001
Samsung Galaxy Tab S7 FE,Smartphone,1.0,waste of money last old represent conference issue display flickering,Amazon,2024-01-23,-0.4215,display,0.7286000000000001
Samsung Buds Live,Accessories,5.0,bad look citizen without city,Flipkart,2023-01-03,-0.5423,general_issue,0.47692
Samsung Galaxy S21 FE,Smartphone,2.0,good issue international quickly green issue slow performance,Flipkart,2022-01-27,0.4404,performance,0.485
Samsung Charger 25W,Accessories,5.0,waste of money case partner onto american hospital people leave,Amazon,2024-10-03,-0.4588,software,0.44352
Samsung Galaxy S23,Smartphone,4.0,not great economy important trouble offer resource,Flipkart,2022-08-04,-0.764,none,0.4406
Samsung Galaxy Tab S7 FE,Smartphone,5.0,good trade team act old black option ago,Amazon,2024-03-22,0.4404,none,0.06
Samsung Galaxy A14,Smartphone,3.0,average military blue lay probably him practice group,Amazon,2024-06-16,0.0,none,0.21
Samsung Galaxy M53,Smartphone,1.0,average step section safe writer night only,Amazon,2024-12-06,0.4404,none,0.36
Samsung Buds Live,Accessories,4.0,waste of money career professor road hand present serve catch,Flipkart,2022-06-24,0.1027,general_issue,0.335
Samsung Galaxy Tab S7 FE,Smartphone,2.0,waste of money sea outside production civil hear issue overheating issue,Flipkart,2022-09-02,-0.4215,heating,0.6536
Samsung Galaxy A34,Smartphone,4.0,good concern movie throughout job,Flipkart,2022-10-21,0.4404,none,0.135
Samsung Galaxy M53,Smartphone,4.0,worth it probably long certainly north someone suggest general,Flipkart,2024-03-19,0.5106,none,0.135
Samsung Galaxy Tab S7 FE,Smartphone,4.0,average list step assume choice new she strong,Flipkart,2024-03-31,0.5106,none,0.135
Samsung Galaxy M53,Smartphone,2.0,worth it second news perform fly hold issue camera quality is poor,Amazon,2022-07-28,-0.296,camera,0.6033999999999999
Samsung Galaxy M53,Smartphone,5.0,average win throughout impact its,Amazon,2022-12-12,0.5859,none,0.06
Samsung Galaxy Book 2,Smartphone,2.0,average issue charging problem,Amazon,2022-05-13,-0.4019,battery,0.6457600000000001
Samsung Galaxy S23,Smartphone,5.0,average himself soon different nearly address along,Amazon,2024-01-15,0.0,none,0.06
Samsung Galaxy Tab S7 FE,Smartphone,4.0,excellent page red how likely pick,Amazon,2023-02-12,0.5719,none,0.135
Samsung Galaxy Tab A8,Smartphone,3.0,waste of money shoulder inside soon under issue charging problem,Amazon,2023-11-25,-0.6705,battery,0.6782000000000001
Samsung Buds Live,Accessories,2.0,bad hundred low try well number chair consider issue charging problem,Amazon,2023-02-15,-0.7096,battery,0.76884
Samsung Galaxy Tab S7 FE,Smartphone,2.0,bad experience about large who,Flipkart,2024-04-07,-0.5423,general_issue,0.7019200000000001
Samsung Galaxy M53,Smartphone,4.0,average the many scene,Amazon,2022-09-09,0.0,none,0.135
Samsung Galaxy S23,Smartphone,4.0,worth it bad where imagine again against easy,Flipkart,2023-04-22,0.0772,general_issue,0.335
Samsung Air Conditioner,Other,1.0,very durable and reliable,Flipkart,2024-05-19,0.0,none,0.36
Samsung Galaxy M14,Smartphone,2.0,excellent despite game drop loss nearly,Flipkart,2024-10-19,0.7562,software,0.485
Samsung Galaxy S21 FE,Smartphone,2.0,waste of money issue slow performance,Amazon,2023-07-25,-0.4215,performance,0.6536
Samsung Galaxy S22,Smartphone,3.0,worth it glass nation life meet respond best issue overheating issue,Flipkart,2023-07-14,0.7269,battery,0.41
Samsung Galaxy Book 2,Smartphone,3.0,not great about pattern do issue display flickering,Flipkart,2024-03-30,-0.5096,display,0.6138400000000002
Samsung Galaxy S21 FE,Smartphone,4.0,good sometimes purpose whole recognize write mention boy,Flipkart,2023-12-31,0.4404,software,0.335
Samsung Galaxy S23,Smartphone,3.0,good list but player foot all act thing,Amazon,2024-09-01,0.2382,none,0.21
Samsung Galaxy M34,Smartphone,4.0,average detail hand care trip buy,Flipkart,2024-04-08,0.7506,none,0.135
Samsung Galaxy S22,Smartphone,2.0,not great player certain individual food only,Amazon,2024-09-19,-0.6259,none,0.5353600000000001
Samsung Galaxy M53,Smartphone,4.0,average with first general evening up indeed,Amazon,2024-11-13,0.0,none,0.135
Samsung Galaxy A14,Smartphone,4.0,average space movement can the,Flipkart,2023-07-26,0.0,none,0.135
Samsung Galaxy Book 3,Smartphone,4.0,worth it evidence move some stuff soldier whom commercial,Flipkart,2022-10-29,0.2263,none,0.135
Samsung Galaxy S21 FE,Smartphone,2.0,worth it away firm four rich training start summer issue overheating issue,Flipkart,2024-07-20,0.6705,heating,0.485
Samsung Galaxy M53,Smartphone,5.0,worth it hard foreign participant on,Flipkart,2022-08-10,0.128,none,0.06
Samsung Galaxy S21 FE,Smartphone,3.0,waste of money toward field want chance threat cultural issue overheating issue,Amazon,2022-09-08,-0.5994,heating,0.6497600000000001
Samsung Galaxy Book 2,Smartphone,2.0,average issue display flickering,Amazon,2023-05-29,0.0,display,0.485
Samsung Galaxy Tab S7 FE,Smartphone,3.0,waste of money issue charging problem,Amazon,2024-09-29,-0.6705,battery,0.6782000000000001
Samsung Galaxy S21 FE,Smartphone,2.0,not great each perhaps sit anyone quickly ready issue charging problem,Amazon,2024-10-15,-0.5414,battery,0.70156
Samsung Charger 25W,Accessories,4.0,bad professor maybe almost class yourself will,Amazon,2023-04-18,-0.5423,software,0.55192
Samsung Buds Live,Accessories,2.0,bad issue camera quality is poor,Amazon,2022-10-03,-0.765,camera,0.7910000000000001
Samsung Galaxy M34,Smartphone,2.0,good issue display flickering,Flipkart,2022-03-02,0.4404,display,0.485
Samsung Galaxy A14,Smartphone,4.0,worth it material i anything edge,Flipkart,2022-07-23,0.2263,build_quality,0.335
Samsung QLED TV,TV,3.0,software updates are slow,Flipkart,2022-04-19,0.0,performance,0.41
Samsung Buds Live,Accessories,4.0,average reason tonight space television page reach choice full,Amazon,2022-05-20,0.0258,none,0.135
Samsung Galaxy Book 2,Smartphone,4.0,bad relationship campaign successful fast road direction,Flipkart,2024-10-17,0.0772,general_issue,0.335
Samsung Galaxy S22,Smartphone,3.0,not great evidence arm organization magazine offer similar group issue battery draining fast,Flipkart,2022-02-24,-0.5096,battery,0.6138400000000002
Samsung Galaxy Tab A8,Smartphone,2.0,bad treatment social want issue slow performance,Amazon,2023-01-02,-0.4939,performance,0.6825600000000001
Samsung Buds 2,Accessories,4.0,worth it project star word season,Amazon,2024-02-23,0.2263,none,0.135
Samsung Galaxy M34,Smartphone,3.0,worth it letter degree cut show form increase area issue charging problem,Amazon,2023-11-01,-0.1531,battery,0.47124
Samsung Galaxy Book 2,Smartphone,4.0,excellent feel product care physical,Flipkart,2022-11-09,0.7845,none,0.135
Samsung Galaxy A14,Smartphone,2.0,good finish although late magazine to suddenly issue display flickering,Amazon,2023-09-13,0.4404,display,0.485
Samsung Galaxy Book 3,Smartphone,4.0,average second various game car idea,Flipkart,2022-07-17,0.0,none,0.135
Samsung Washing Machine,Other,2.0,battery life could be better,Amazon,2022-06-06,0.4404,battery,0.485
Samsung Galaxy S22,Smartphone,4.0,excellent television cold term under understand allow example,Flipkart,2024-11-30,0.6808,none,0.135
Samsung Galaxy Tab A8,Smartphone,1.0,bad himself culture audience because against left,Amazon,2024-10-05,-0.5423,general_issue,0.77692
Samsung Charger 25W,Accessories,4.0,not great contain lot pattern,Amazon,2024-08-12,-0.5096,none,0.33884
Samsung Galaxy S21 FE,Smartphone,5.0,good truth third democrat response,Flipkart,2023-02-18,0.6369,none,0.06
Samsung Charger 25W,Accessories,4.0,not great state forget be court suggest type,Amazon,2023-08-25,-0.3875,none,0.29
Samsung Galaxy A54,Smartphone,4.0,waste of money process option child player environmental trial could,Amazon,2024-10-16,-0.4215,general_issue,0.5036
Samsung Galaxy Tab A8,Smartphone,3.0,not great issue overheating issue,Amazon,2024-10-01,-0.5096,heating,0.6138400000000002
Samsung Galaxy Book 2,Smartphone,4.0,not great production forget fill me president,Amazon,2024-10-30,-0.3875,none,0.29
Samsung Galaxy Tab S7 FE,Smartphone,4.0,not great outside full level authority,Amazon,2023-06-20,-0.4577,none,0.31808
Samsung Buds 2,Accessories,5.0,not great fish language along hold start because test,Amazon,2023-12-05,-0.5096,none,0.26384
Samsung Galaxy A14,Smartphone,4.0,excellent great stuff land mother,Flipkart,2022-02-06,0.8316,none,0.135
Samsung Galaxy M34,Smartphone,5.0,not great government no support growth community cup pressure,Amazon,2022-03-06,0.1764,none,0.06
Samsung Galaxy M14,Smartphone,3.0,good mind fund might us billion someone church issue display flickering,Flipkart,2024-05-31,0.4404,display,0.41
Samsung Charger 25W,Accessories,4.0,excellent test like western type,Flipkart,2022-09-01,0.7351,none,0.135
Samsung Galaxy M53,Smartphone,5.0,average significant new include to full,Amazon,2024-02-25,0.2023,none,0.06
Samsung Galaxy M34,Smartphone,3.0,excellent on example different learn artist value firm often issue camera quality is poor,Amazon,2024-07-10,0.4588,camera,0.41
Samsung Galaxy Book 3,Smartphone,1.0,excellent form reason herself read third character issue display flickering,Amazon,2023-10-07,0.5719,display,0.56
Samsung Buds Live,Accessories,3.0,average serious also thus television memory exactly,Amazon,2024-02-10,-0.0772,none,0.2408799999999999
Samsung Refrigerator,Other,5.0,not worth the price,Amazon,2024-06-25,-0.1695,none,0.1278
Samsung Buds 2,Accessories,3.0,waste of money approach determine heavy discussion thousand building,Flipkart,2024-07-30,-0.4215,build_quality,0.5786
Samsung Galaxy A54,Smartphone,4.0,not great respond school result large,Flipkart,2022-03-15,-0.5096,none,0.33884
Samsung Galaxy M53,Smartphone,4.0,excellent spring personal medical,Flipkart,2022-03-09,0.5719,none,0.135
Samsung Galaxy A14,Smartphone,3.0,average tough stand beautiful,Amazon,2022-12-29,0.5267,none,0.21
Samsung Galaxy S21 FE,Smartphone,4.0,excellent consider education occur all recently,Amazon,2023-09-13,0.5719,none,0.135
Samsung Buds Live,Accessories,4.0,average education speech take heavy american also order,Flipkart,2022-12-03,0.0,none,0.135
Samsung Galaxy Book 2,Smartphone,4.0,not great energy lot town trade,Amazon,2024-10-03,-0.6259,none,0.38536
Samsung Galaxy Tab A8,Smartphone,4.0,not great tend control enjoy anything democratic whole,Flipkart,2024-06-01,-0.0243,none,0.14472
Samsung Galaxy A54,Smartphone,4.0,bad although front ever bring soon study easy,Amazon,2022-10-03,-0.1531,general_issue,0.39624
Samsung Charger 25W,Accessories,3.0,average pass both decision including shoulder issue charging problem,Amazon,2023-10-02,-0.4019,battery,0.5707600000000002
Samsung Buds 2,Accessories,2.0,excellent bar according hope girl issue slow performance,Flipkart,2024-03-07,0.765,performance,0.485
Samsung Galaxy A14,Smartphone,2.0,waste of money form cell federal fact five know,Flipkart,2024-09-25,-0.4215,general_issue,0.6536
Samsung Galaxy A34,Smartphone,4.0,average traditional nor brother sing market operation particularly,Amazon,2022-08-13,0.0,none,0.135
Samsung Galaxy Book 2,Smartphone,5.0,not great pass receive attention effect,Amazon,2024-10-01,-0.5096,none,0.26384
Samsung Galaxy A34,Smartphone,4.0,average whose push process expert response social,Flipkart,2024-08-20,0.0,software,0.335
Samsung Galaxy Tab A8,Smartphone,3.0,not great far on anyone less travel speech action issue battery draining fast,Amazon,2024-09-01,-0.5096,battery,0.6138400000000002
Samsung Galaxy Buds2,Smartphone,5.0,not worth the price,Flipkart,2022-11-17,-0.1695,none,0.1278
Samsung Galaxy Book 2,Smartphone,3.0,excellent study pm run cup adult issue slow performance,Amazon,2024-11-03,0.5719,performance,0.41
Samsung Galaxy Tab S7 FE,Smartphone,3.0,average result between thank treat different likely behind issue slow performance,Amazon,2022-04-25,0.6369,performance,0.41
Samsung Galaxy S22,Smartphone,3.0,waste of money focus free service painting gun issue display flickering,Amazon,2024-03-12,-0.2263,display,0.5005200000000001
Samsung Galaxy M34,Smartphone,3.0,waste of money issue charging problem,Flipkart,2023-06-24,-0.6705,battery,0.6782000000000001
Samsung Charger 25W,Accessories,3.0,not great brother themselves question threat suddenly police issue overheating issue,Amazon,2024-10-10,-0.7713,heating,0.71852
Samsung Galaxy M53,Smartphone,3.0,waste of money room wish stand effect hour ten necessary,Amazon,2024-02-13,-0.0258,general_issue,0.4203199999999999
Samsung Galaxy A34,Smartphone,4.0,average this image anyone by memory campaign,Flipkart,2023-12-24,0.0,none,0.135
Samsung Galaxy A34,Smartphone,5.0,good design approach money speak yard,Amazon,2023-08-06,0.4404,software,0.26
Samsung Galaxy M34,Smartphone,5.0,waste of money almost off deal risk,Flipkart,2023-10-19,-0.5627,software,0.48508
Samsung Buds Live,Accessories,2.0,worth it rather able college place machine peace serious issue display flickering,Flipkart,2022-05-06,0.6249,display,0.485
Samsung Buds 2,Accessories,3.0,excellent issue slow performance,Flipkart,2022-02-27,0.5719,performance,0.41
Samsung Galaxy Tab A8,Smartphone,5.0,good upon else so protect matter south guy bad,Flipkart,2022-04-03,0.4844,general_issue,0.26
Samsung Galaxy Book 3,Smartphone,5.0,bad into owner visit save chance both,Flipkart,2022-09-20,0.1779,general_issue,0.26
Samsung Charger 25W,Accessories,4.0,waste of money throughout what tv,Flipkart,2024-01-21,-0.4215,general_issue,0.5036
Samsung Galaxy Tab S7 FE,Smartphone,1.0,not great fire lot economic interesting radio issue charging problem,Amazon,2023-12-16,-0.3089,battery,0.68356
Samsung Buds 2,Accessories,2.0,worth it nice left follow issue display flickering,Amazon,2022-02-25,0.5719,display,0.485
Samsung Galaxy A54,Smartphone,3.0,excellent agreement spring stage lot,Flipkart,2023-11-30,0.7845,none,0.21
Samsung Galaxy Tab A8,Smartphone,3.0,not great name deal away international responsibility stop issue battery draining fast,Flipkart,2024-02-19,-0.6698,battery,0.6779200000000001
Samsung Galaxy M53,Smartphone,2.0,good everything one region travel large pay issue display flickering,Flipkart,2022-07-19,0.3612,display,0.485
Samsung Galaxy A34,Smartphone,4.0,average usually life son risk oil staff,Flipkart,2024-05-26,-0.2732,battery,0.44428
Samsung Galaxy A34,Smartphone,4.0,good woman color yeah little hair,Flipkart,2023-12-08,0.6249,none,0.135
Samsung Galaxy Book 2,Smartphone,4.0,bad activity behind yard plan,Amazon,2024-01-02,-0.5423,general_issue,0.55192
Samsung Galaxy A54,Smartphone,5.0,bad human country well young,Amazon,2024-04-23,-0.34,general_issue,0.396
Samsung Galaxy Book 3,Smartphone,5.0,not great treatment marriage person kitchen employee meeting friend,Amazon,2023-12-21,-0.0243,none,0.06972
Samsung Charger 25W,Accessories,1.0,excellent interesting born everything all sea product two issue charging problem,Flipkart,2022-04-26,0.5719,battery,0.56
Samsung Galaxy A54,Smartphone,4.0,bad west case herself range practice former,Amazon,2023-05-16,-0.5423,general_issue,0.55192
Samsung Galaxy A14,Smartphone,4.0,worth it shoulder voice church degree thought,Amazon,2023-05-23,0.2263,none,0.135
Samsung Galaxy S21 FE,Smartphone,3.0,bad above audience peace member probably for according research,Amazon,2023-04-26,0.0,general_issue,0.41
Samsung Galaxy S23,Smartphone,1.0,not great wait herself over remember issue display flickering,Amazon,2023-10-02,-0.5096,display,0.7638400000000001
Samsung Charger 25W,Accessories,4.0,good middle if simple early on blue last,Amazon,2022-06-23,0.4404,none,0.135
Samsung Galaxy Tab A8,Smartphone,3.0,bad everything better prove maybe pick democrat six child,Flipkart,2022-05-15,-0.1531,general_issue,0.47124
Samsung Galaxy Tab S7 FE,Smartphone,4.0,not great raise never smile skill good fire share,Flipkart,2023-09-17,-0.7912,none,0.45148
Samsung Galaxy Tab A8,Smartphone,2.0,worth it issue camera quality is poor,Flipkart,2022-08-23,-0.296,camera,0.6033999999999999
Samsung Galaxy A54,Smartphone,4.0,average agreement follow character available,Amazon,2023-11-23,0.4939,none,0.135
Samsung Galaxy Book 2,Smartphone,4.0,not great smile program return,Flipkart,2022-12-14,-0.6602,none,0.39908
Samsung Galaxy A34,Smartphone,3.0,excellent close force nice marriage officer debate exist issue battery draining fast,Amazon,2022-02-10,0.7579,battery,0.41
Samsung Galaxy Tab S7 FE,Smartphone,4.0,waste of money have four human bring join leave,Amazon,2023-10-30,-0.2023,general_issue,0.41592
Samsung Galaxy Book 2,Smartphone,5.0,average way fund only church learn inside,Flipkart,2022-03-18,0.0,none,0.06
Samsung Galaxy A14,Smartphone,5.0,not great source peace blue big sure,Amazon,2024-08-01,-0.5919,none,0.29676
Samsung Galaxy Book 3,Smartphone,4.0,good try today action small wide fact,Flipkart,2024-05-15,0.4404,none,0.135
Samsung Galaxy M53,Smartphone,3.0,not great her series evidence school media modern send issue slow performance,Flipkart,2024-11-20,-0.5096,performance,0.6138400000000002
Samsung Galaxy Book 2,Smartphone,5.0,bad deal dog area maintain,Flipkart,2024-05-12,-0.5423,general_issue,0.47692
Samsung Buds Live,Accessories,5.0,excellent reduce total test test decade,Flipkart,2023-07-01,0.5719,none,0.06
Samsung Galaxy Tab S7 FE,Smartphone,2.0,worth it medical money drug by,Amazon,2022-02-11,0.2263,none,0.285
Samsung Galaxy A54,Smartphone,4.0,not great building wall history,Amazon,2024-08-19,-0.5096,build_quality,0.53884
Samsung Galaxy A34,Smartphone,3.0,excellent lawyer various require company issue display flickering,Flipkart,2022-02-15,0.5719,display,0.41
Samsung Galaxy M34,Smartphone,5.0,waste of money school lose each environmental brother north eat,Amazon,2023-10-11,-0.6705,software,0.5282
Samsung Galaxy M34,Smartphone,3.0,worth it affect during table weight figure happen later issue charging problem,Flipkart,2024-02-13,-0.2023,battery,0.49092
Samsung Charger 25W,Accessories,2.0,average player entire suffer ok for human run practice,Flipkart,2024-03-10,-0.3182,none,0.41228
Samsung Galaxy Tab A8,Smartphone,2.0,excellent goal success find product,Flipkart,2023-10-23,0.8126,none,0.285
Samsung Galaxy Book 2,Smartphone,5.0,average billion yourself indeed bar,Flipkart,2022-07-20,0.0,none,0.06
Samsung Galaxy S21 FE,Smartphone,3.0,not great issue camera quality is poor,Amazon,2024-09-27,-0.7502,camera,0.71008
Samsung Galaxy S22,Smartphone,3.0,waste of money issue slow performance,Amazon,2022-07-24,-0.4215,performance,0.5786
Samsung Galaxy M53,Smartphone,4.0,not great road ten show,Flipkart,2023-02-26,-0.5096,none,0.33884
Samsung Galaxy S21 FE,Smartphone,4.0,good participant quality brother relationship than challenge impact,Flipkart,2023-11-20,0.4939,none,0.135
Samsung Galaxy M34,Smartphone,5.0,waste of money statement professional gun stay that,Flipkart,2024-10-14,-0.6369,general_issue,0.5147600000000001
Samsung Galaxy S22,Smartphone,5.0,not great poor movement color chair spend war,Flipkart,2024-10-26,-0.6848,general_issue,0.53392
Samsung Galaxy A54,Smartphone,3.0,worth it hot speak discuss perhaps nature,Amazon,2023-11-27,0.2263,heating,0.41
Samsung Buds 2,Accessories,2.0,average national people develop white bill from issue slow performance,Amazon,2022-12-08,0.0,performance,0.485
Samsung Galaxy S21 FE,Smartphone,3.0,bad partner bill mrs event worry yeah age shoulder issue slow performance,Flipkart,2023-09-06,-0.6369,performance,0.66476
Samsung Galaxy M53,Smartphone,5.0,not great energy yet religious ask,Flipkart,2024-01-15,-0.6259,none,0.31036
Samsung Galaxy S23,Smartphone,5.0,bad truth great avoid do source expect view,Flipkart,2024-06-11,0.1779,general_issue,0.26
Samsung Galaxy A54,Smartphone,5.0,worth it human career table forward activity whom role,Flipkart,2023-02-18,0.2263,none,0.06
Samsung Galaxy M34,Smartphone,4.0,good surface consumer message,Amazon,2024-10-14,0.4404,none,0.135
Samsung Galaxy S22,Smartphone,5.0,average pick ground guess,Flipkart,2022-06-04,0.0,none,0.06
Samsung Buds Live,Accessories,4.0,bad thing conference rise notice,Flipkart,2023-03-15,-0.5423,general_issue,0.55192
Samsung Galaxy M53,Smartphone,2.0,waste of money hard couple beat election why,Flipkart,2023-08-12,-0.4939,general_issue,0.6825600000000001
Samsung Galaxy M14,Smartphone,5.0,worth it western listen present stuff away,Amazon,2023-06-28,0.2263,none,0.06
Samsung Galaxy Tab S7 FE,Smartphone,5.0,good fall ok family adult,Flipkart,2022-04-08,0.6249,none,0.06
Samsung Galaxy Tab S7 FE,Smartphone,3.0,worth it any school analysis enjoy issue overheating issue,Flipkart,2023-09-01,0.6249,heating,0.41
Samsung Galaxy Book 3,Smartphone,3.0,not great argue growth me anything know word will house,Flipkart,2024-04-03,-0.5334,none,0.42336
Samsung Galaxy M14,Smartphone,2.0,worth it base indeed action word carry issue slow performance,Amazon,2023-04-08,0.2263,performance,0.485
Samsung Galaxy A34,Smartphone,5.0,bad policy visit about president hard perhaps,Flipkart,2022-07-08,-0.5994,general_issue,0.49976
Samsung Galaxy Book 2,Smartphone,4.0,waste of money coach play season hotel collection game use high,Flipkart,2022-07-14,-0.1027,heating,0.37608
Samsung Galaxy Tab S7 FE,Smartphone,4.0,worth it discuss evening pm fill until class,Amazon,2023-11-21,0.2263,none,0.135
Samsung Galaxy S21 FE,Smartphone,5.0,excellent simply someone letter team section way,Amazon,2023-07-14,0.5719,none,0.06
Samsung Galaxy S23,Smartphone,4.0,average without determine left prepare,Flipkart,2022-05-18,0.0,none,0.135
Samsung Galaxy S22,Smartphone,2.0,worth it cost week others find stuff else end issue display flickering,Amazon,2024-12-23,0.2263,display,0.485
Samsung Galaxy A54,Smartphone,4.0,not great effort environment outside community traditional adult new,Flipkart,2024-08-31,-0.5096,none,0.33884
Samsung Galaxy A34,Smartphone,4.0,good other hour once hand year enter,Flipkart,2024-05-24,0.7269,none,0.135
Samsung Galaxy Tab A8,Smartphone,3.0,good what follow fill tv exactly medical sound issue battery draining fast,Amazon,2023-03-06,0.4404,battery,0.41
Samsung Buds Live,Accessories,1.0,excellent girl administration find,Flipkart,2023-12-13,0.5719,none,0.36
Samsung Galaxy Book 2,Smartphone,3.0,bad relate rock care more issue camera quality is poor,Amazon,2022-06-07,-0.5267,camera,0.6206800000000001
Samsung Galaxy M14,Smartphone,1.0,worth it issue camera quality is poor,Amazon,2023-09-11,-0.296,camera,0.6784000000000001
Samsung Charger 25W,Accessories,4.0,excellent draw play back pass allow,Flipkart,2024-10-30,0.7906,none,0.135
Samsung Galaxy Book 3,Smartphone,3.0,worth it medical apply public issue overheating issue,Amazon,2023-09-07,0.2263,heating,0.41
Samsung Galaxy S22,Smartphone,5.0,average require fall for take hospital his,Flipkart,2024-06-05,0.0,software,0.26
Samsung Galaxy M14,Smartphone,4.0,bad group arrive information politics international it foot,Flipkart,2023-10-04,-0.5423,general_issue,0.55192
Samsung Buds Live,Accessories,4.0,worth it will so program heavy type dinner nothing,Flipkart,2023-02-14,0.2263,none,0.135
Samsung Galaxy Tab S7 FE,Smartphone,5.0,bad hair better purpose he get image since,Flipkart,2024-04-28,-0.1531,software,0.32124
Samsung Galaxy S21 FE,Smartphone,2.0,not great myself include newspaper win question,Flipkart,2024-04-03,0.1295,none,0.285
Samsung Galaxy M53,Smartphone,2.0,not great stage dream trial more issue battery draining fast,Flipkart,2023-05-30,-0.6167,battery,0.7316800000000001
Samsung Galaxy S22,Smartphone,2.0,excellent smile parent night continue or blood i issue overheating issue,Flipkart,2024-11-21,0.7351,heating,0.485
Samsung Galaxy A54,Smartphone,5.0,average even hold not finish meeting,Flipkart,2024-07-17,0.0,none,0.06
Samsung Galaxy S22,Smartphone,3.0,worth it range become detail customer manager section issue charging problem,Amazon,2023-01-05,-0.2023,battery,0.49092
Samsung Buds 2,Accessories,4.0,excellent receive anyone design economy pm,Flipkart,2022-02-08,0.5719,none,0.135
Samsung Galaxy Book 2,Smartphone,3.0,good appear general and conference expert issue charging problem,Flipkart,2024-11-23,0.0516,battery,0.41
Samsung Galaxy S21 FE,Smartphone,4.0,average world here firm,Amazon,2023-01-18,0.0,none,0.135
Samsung Galaxy M14,Smartphone,3.0,average war teacher pick three character why,Flipkart,2024-10-19,-0.5994,none,0.44976
Samsung Galaxy Tab S7 FE,Smartphone,2.0,worth it issue overheating issue,Amazon,2023-03-13,0.2263,heating,0.485
Samsung Charger 25W,Accessories,4.0,worth it baby action may difficult standard side appear chance,Amazon,2024-08-15,0.1027,software,0.335
Samsung Galaxy A54,Smartphone,4.0,not great low anyone enough success look account between plant,Flipkart,2023-07-03,0.3004,none,0.135
Samsung Galaxy M53,Smartphone,5.0,waste of money evening happy discussion outside issue protect international social,Amazon,2024-12-27,0.5423,software,0.26
Samsung Buds Live,Accessories,5.0,worth it other system which his beat which,Amazon,2024-06-07,0.2263,none,0.06
Samsung Galaxy S22,Smartphone,3.0,average officer describe raise decade bill agent end spend issue battery draining fast,Flipkart,2022-05-03,0.0,battery,0.41
Samsung Galaxy Book 3,Smartphone,3.0,bad eye now bit body economy letter free,Amazon,2024-12-05,-0.0516,general_issue,0.4306399999999999
Samsung Galaxy Book 2,Smartphone,4.0,bad player itself late,Flipkart,2023-02-15,-0.5423,general_issue,0.55192
Samsung Galaxy A14,Smartphone,4.0,good heavy list power town already mrs,Flipkart,2024-01-17,0.4404,battery,0.335
Samsung Galaxy A34,Smartphone,3.0,worth it table with money,Amazon,2024-08-05,0.2263,none,0.21
Samsung Galaxy A54,Smartphone,5.0,good determine include picture position remain foreign family trip,Flipkart,2022-10-30,0.4404,camera,0.26
Samsung Galaxy A14,Smartphone,3.0,average them play ahead just practice ready deal thank,Flipkart,2023-05-08,0.7506,none,0.21
Samsung Galaxy Tab S7 FE,Smartphone,1.0,bad evidence price effort surface issue overheating issue,Flipkart,2022-11-05,-0.5423,heating,0.77692
Samsung Galaxy M14,Smartphone,1.0,worth it air spring without participant issue camera quality is poor,Amazon,2023-09-07,-0.296,camera,0.6784000000000001
Samsung Galaxy A14,Smartphone,4.0,bad environment table southern,Amazon,2024-06-10,-0.5423,general_issue,0.55192
Samsung Galaxy A34,Smartphone,2.0,not great language last all stay issue camera quality is poor,Amazon,2024-04-20,-0.7502,camera,0.78508
Samsung Galaxy M34,Smartphone,4.0,worth it director wonder american season plan share president,Flipkart,2023-10-15,0.4767,none,0.135
Samsung Buds Live,Accessories,2.0,worth it film nice start offer plan sport issue display flickering,Amazon,2022-05-12,0.5719,display,0.485
Samsung Galaxy S23,Smartphone,4.0,not great nor whose crime successful race lay,Amazon,2023-02-21,-0.5448,software,0.5529200000000001
Samsung Galaxy M34,Smartphone,4.0,not great head federal care note,Amazon,2024-04-24,-0.0243,none,0.14472
Samsung Galaxy Book 2,Smartphone,3.0,worth it information memory war morning subject guess card,Flipkart,2023-07-01,-0.4588,none,0.39352
Samsung Galaxy A14,Smartphone,3.0,excellent involve side mind car fly smile street,Flipkart,2023-08-11,0.7351,none,0.21
Samsung Galaxy A34,Smartphone,4.0,worth it later group scientist gas interest activity,Amazon,2022-11-25,0.5994,none,0.135
Samsung Galaxy S22,Smartphone,5.0,bad forget area leg national small behind mouth law,Flipkart,2023-06-10,-0.6597,general_issue,0.52388
Samsung Buds 2,Accessories,4.0,worth it product several better north full bar hundred,Flipkart,2023-04-29,0.5859,none,0.135
Samsung Galaxy Book 2,Smartphone,1.0,good force expect good century issue camera quality is poor,Amazon,2024-04-11,0.4019,camera,0.56
Samsung Galaxy A54,Smartphone,5.0,good keep only shake leg next enough push college,Flipkart,2023-05-04,0.296,none,0.06
Samsung Charger 25W,Accessories,3.0,not great night four size certainly material issue slow performance,Amazon,2022-08-21,-0.2249,performance,0.49996
Samsung Galaxy Tab A8,Smartphone,3.0,waste of money issue overheating issue,Flipkart,2022-11-04,-0.4215,heating,0.5786
Samsung Buds Live,Accessories,5.0,waste of money modern chair once back general tend,Amazon,2023-01-29,-0.4215,general_issue,0.4286
Samsung Galaxy Book 3,Smartphone,2.0,average hard middle share try company region,Flipkart,2022-02-26,0.2023,none,0.285
Samsung Galaxy Book 2,Smartphone,3.0,excellent protect husband note buy range difficult issue slow performance,Flipkart,2023-05-18,0.5859,performance,0.41
Samsung Buds 2,Accessories,4.0,good sure when process add her all,Amazon,2023-09-28,0.6369,none,0.135
Samsung Galaxy Book 3,Smartphone,4.0,bad pass drug strong glass far include public,Amazon,2024-08-08,-0.0516,general_issue,0.35564
Samsung Buds 2,Accessories,4.0,worth it born before if last perform,Amazon,2024-09-21,0.2263,none,0.135
Samsung Charger 25W,Accessories,3.0,good hospital early war third several guess yard which issue overheating issue,Flipkart,2024-06-12,-0.25,heating,0.51
Samsung Galaxy S23,Smartphone,5.0,bad development son understand very,Flipkart,2024-05-14,-0.5423,general_issue,0.47692
Samsung Galaxy A14,Smartphone,5.0,worth it employee life nice second word hot music,Amazon,2022-03-17,0.5719,battery,0.26
Samsung Galaxy A54,Smartphone,3.0,good business sister life travel individual issue camera quality is poor,Amazon,2023-02-18,-0.0516,battery,0.4306399999999999
Samsung Buds Live,Accessories,4.0,bad himself both common explain staff federal town,Amazon,2022-11-23,-0.5423,general_issue,0.55192
Samsung Galaxy S23,Smartphone,5.0,excellent nearly wait later artist operation central,Flipkart,2023-07-13,0.5719,none,0.06
Samsung Galaxy M14,Smartphone,4.0,average paper industry catch month,Amazon,2022-10-07,0.0,none,0.135
Samsung Galaxy A54,Smartphone,1.0,average rest stage type even walk suddenly hard,Amazon,2022-03-01,-0.1027,none,0.40108
Samsung Galaxy M53,Smartphone,3.0,average none policy republican center issue overheating issue,Amazon,2023-06-14,0.0,heating,0.41
Samsung Buds 2,Accessories,1.0,good work recent new just media know identify center,Amazon,2023-07-23,0.4404,none,0.36
Samsung Charger 25W,Accessories,3.0,waste of money course past take alone issue slow performance,Amazon,2022-12-27,-0.5859,performance,0.64436
Samsung Buds 2,Accessories,5.0,average task so issue air,Amazon,2022-03-28,0.0,none,0.06
Samsung Galaxy Tab A8,Smartphone,4.0,not great because arm maintain whose arrive lead population,Flipkart,2024-09-22,-0.5096,software,0.53884
Samsung Galaxy Tab S7 FE,Smartphone,4.0,excellent crime there world use science,Flipkart,2022-02-10,0.0516,none,0.135
Samsung Buds Live,Accessories,2.0,not great system show field approach matter clearly girl issue battery draining fast,Flipkart,2022-04-24,-0.1265,battery,0.5356
Samsung Galaxy A14,Smartphone,1.0,worth it consumer very old hot my type issue charging problem,Amazon,2022-06-21,-0.2023,battery,0.6409199999999999
Samsung Galaxy Tab S7 FE,Smartphone,4.0,waste of money note support yet,Flipkart,2023-10-05,-0.0258,general_issue,0.34532
Samsung Buds Live,Accessories,3.0,worth it leg well public production issue battery draining fast,Amazon,2023-09-03,0.4588,battery,0.41
Samsung Buds 2,Accessories,3.0,bad here lay hot show issue camera quality is poor,Amazon,2022-05-11,-0.765,heating,0.7160000000000002
Samsung Galaxy Tab A8,Smartphone,1.0,waste of money key left various himself although apply issue charging problem,Amazon,2024-04-13,-0.6705,battery,0.8282
Samsung Galaxy Tab S7 FE,Smartphone,4.0,excellent difficult various each anything right month program,Amazon,2024-01-15,0.296,none,0.135
Samsung QLED TV,TV,2.0,build quality feels premium,Amazon,2022-07-04,0.0,build_quality,0.485
Samsung Galaxy A14,Smartphone,4.0,waste of money tell public difference else become,Amazon,2024-03-23,-0.4215,general_issue,0.5036
Samsung Galaxy Tab S7 FE,Smartphone,3.0,waste of money box people medical yard class fine address image issue camera quality is poor,Flipkart,2022-10-15,-0.6249,camera,0.6599600000000001
Samsung Galaxy S22,Smartphone,3.0,worth it rather continue pm,Amazon,2023-04-29,0.2263,none,0.21
Samsung Galaxy S23,Smartphone,4.0,waste of money range personal investment get that structure care,Flipkart,2022-08-18,0.1027,general_issue,0.335
Samsung Galaxy Tab S7 FE,Smartphone,4.0,excellent natural cultural agree,Amazon,2024-10-21,0.8271,none,0.135
Samsung Galaxy Tab S7 FE,Smartphone,1.0,worth it attention show important already decision computer issue slow performance,Amazon,2022-09-05,0.4019,performance,0.56
Samsung Galaxy M53,Smartphone,5.0,bad theory him region draw boy,Amazon,2024-12-04,-0.5423,general_issue,0.47692
Samsung Galaxy Book 2,Smartphone,4.0,excellent play although eye remember language require,Flipkart,2024-12-11,0.7269,software,0.335
Samsung Buds 2,Accessories,4.0,average reality each number each option ago light source,Flipkart,2023-05-31,0.0772,none,0.135
Samsung Galaxy S22,Smartphone,5.0,good save themselves loss trade reach hour pm,Amazon,2024-10-13,0.5994,software,0.26
Samsung Charger 25W,Accessories,4.0,not great law environment project past party station concern,Flipkart,2022-07-04,-0.1516,none,0.19564
Samsung Galaxy A14,Smartphone,2.0,good method evening land apply plant raise,Amazon,2023-05-03,0.4404,software,0.485
Samsung Galaxy S21 FE,Smartphone,3.0,excellent issue display flickering,Amazon,2022-09-08,0.5719,display,0.41
Samsung Charger 25W,Accessories,3.0,not great often data customer avoid floor issue slow performance,Amazon,2023-10-04,-0.6698,performance,0.6779200000000001
Samsung Galaxy Book 3,Smartphone,3.0,excellent drop hotel chair already issue slow performance,Amazon,2023-11-06,0.3818,heating,0.41
Samsung Galaxy M53,Smartphone,3.0,bad always hospital himself number,Flipkart,2024-03-09,-0.4939,software,0.6075600000000001
Samsung Galaxy S23,Smartphone,3.0,bad risk matter democrat form sister food growth,Flipkart,2023-04-29,-0.4404,general_issue,0.58616
Samsung Charger 25W,Accessories,4.0,worth it poor nothing nothing she usually,Flipkart,2024-05-16,-0.296,general_issue,0.4534
Samsung Galaxy Book 2,Smartphone,2.0,not great performance while certainly join yourself speech,Flipkart,2023-03-23,0.0788,none,0.285
Samsung Buds 2,Accessories,5.0,good policy the note whether,Flipkart,2022-10-23,0.4404,none,0.06
Samsung Galaxy Book 2,Smartphone,4.0,bad school color hear lawyer one rule,Flipkart,2022-08-07,-0.5423,general_issue,0.55192
Samsung Galaxy A34,Smartphone,5.0,good say economy write involve college exactly reason,Flipkart,2022-12-25,0.4404,none,0.06
Samsung Galaxy S23,Smartphone,5.0,worth it care a since seem heavy congress,Amazon,2023-03-15,0.6249,none,0.06
Samsung Buds Live,Accessories,2.0,waste of money close opportunity give within shoulder issue battery draining fast,Amazon,2023-07-17,0.0,battery,0.485
Samsung Galaxy Tab A8,Smartphone,2.0,bad model minute statement voice star people teach law issue camera quality is poor,Flipkart,2024-06-19,-0.765,camera,0.7910000000000001
Samsung Charger 25W,Accessories,4.0,average spring republican collection then tree another range,Flipkart,2024-04-16,0.0,none,0.135
Samsung Galaxy Tab A8,Smartphone,4.0,bad strong least low most paper,Flipkart,2023-06-05,0.1566,software,0.335
Samsung Buds 2,Accessories,3.0,bad brother clear home,Amazon,2022-04-25,-0.2263,general_issue,0.5005200000000001
Samsung Galaxy Book 3,Smartphone,4.0,excellent partner agent effect,Amazon,2024-10-01,0.5719,none,0.135
Samsung Galaxy A34,Smartphone,4.0,good teacher guess recent feeling money each store,Flipkart,2024-12-28,0.5267,none,0.135
Samsung Charger 25W,Accessories,4.0,excellent save shake bar happen me less concern interesting,Flipkart,2024-02-07,0.8235,software,0.335
Samsung Galaxy S23,Smartphone,4.0,good add particularly large will growth,Flipkart,2022-08-20,0.6969,none,0.135
Samsung Galaxy A34,Smartphone,4.0,worth it,Flipkart,2023-10-11,0.2263,none,0.135
Samsung Charger 25W,Accessories,1.0,good make card billion issue charging problem,Amazon,2024-05-17,0.0516,battery,0.56
Samsung Galaxy A34,Smartphone,3.0,good foreign page scene follow as artist ten training issue slow performance,Amazon,2024-08-30,0.4404,performance,0.41
Samsung Buds 2,Accessories,2.0,not great issue camera quality is poor,Amazon,2023-05-20,-0.7502,camera,0.78508
Samsung Buds 2,Accessories,2.0,worth it lawyer someone begin issue overheating issue,Amazon,2023-07-23,0.2263,heating,0.485
Samsung Buds 2,Accessories,1.0,worth it issue camera quality is poor,Amazon,2022-10-24,-0.296,camera,0.6784000000000001
Samsung Buds Live,Accessories,2.0,worth it might quality voice standard issue battery draining fast,Flipkart,2024-01-14,0.2263,battery,0.485
Samsung Galaxy Tab S7 FE,Smartphone,4.0,good measure anything cold congress show,Flipkart,2024-08-31,0.4404,none,0.135
Samsung Galaxy A54,Smartphone,4.0,worth it enter peace hand sound outside,Flipkart,2024-01-24,0.8225,sound,0.335
Samsung Galaxy Book 2,Smartphone,1.0,waste of money suddenly choose affect blue friend listen miss issue overheating issue,Amazon,2023-09-24,-0.0516,heating,0.58064
Samsung Buds Live,Accessories,2.0,excellent speak kind seat person modern customer hotel,Flipkart,2022-02-13,0.7964,heating,0.485
Samsung Galaxy Tab A8,Smartphone,3.0,not great site film onto be democrat around,Flipkart,2022-03-13,-0.5096,none,0.41384
Samsung Galaxy S23,Smartphone,3.0,excellent issue battery draining fast,Flipkart,2022-04-22,0.5719,battery,0.41
Samsung Galaxy M53,Smartphone,4.0,average customer practice east first power agent break,Amazon,2023-05-06,0.0,battery,0.335
Samsung Charger 25W,Accessories,3.0,not great issue camera quality is poor,Amazon,2023-06-03,-0.7502,camera,0.71008
Samsung Galaxy Book 3,Smartphone,1.0,worth it benefit support piece certainly wrong tough issue charging problem,Flipkart,2024-02-27,0.4019,battery,0.56
Samsung Galaxy A34,Smartphone,2.0,bad open huge now teach issue charging problem,Amazon,2023-09-26,-0.5994,battery,0.7247600000000001
Samsung Galaxy Tab S7 FE,Smartphone,3.0,waste of money suddenly interest away former issue charging problem,Amazon,2024-01-14,-0.3612,battery,0.5544800000000001
Samsung Galaxy A54,Smartphone,5.0,worth it baby hair study medical blood drive,Amazon,2022-09-07,0.2263,none,0.06
Samsung Galaxy Book 2,Smartphone,5.0,average professional person course society company process plant,Amazon,2024-12-31,0.0,none,0.06
Samsung Galaxy S21 FE,Smartphone,4.0,average those window stock heart letter box check,Amazon,2023-04-30,0.0,software,0.335
Samsung Galaxy A54,Smartphone,5.0,not great western agree level sure moment people,Flipkart,2024-06-25,-0.4774,none,0.25096
Samsung Buds 2,Accessories,5.0,bad third war human popular worry field available,Flipkart,2024-03-06,-0.8176,general_issue,0.58704
Samsung Buds Live,Accessories,5.0,excellent get world water like guess continue,Amazon,2022-01-17,0.7351,none,0.06
Samsung Galaxy Tab A8,Smartphone,3.0,worth it television herself stuff result citizen beautiful,Amazon,2024-03-15,0.7003,none,0.21
Samsung Galaxy Tab S7 FE,Smartphone,5.0,bad discussion matter create responsibility human majority military,Flipkart,2023-06-08,-0.3182,general_issue,0.38728
Samsung Galaxy Tab A8,Smartphone,5.0,good paper despite rather effort,Amazon,2023-09-09,0.4404,none,0.06
Samsung Galaxy M14,Smartphone,5.0,average work president want receive line,Flipkart,2022-07-04,0.0772,none,0.06
Samsung Galaxy S23,Smartphone,1.0,waste of money act production soon issue display flickering,Amazon,2023-04-28,-0.4215,display,0.7286000000000001
Samsung Galaxy S23,Smartphone,2.0,not great language most follow citizen analysis exist,Amazon,2023-09-02,-0.5096,software,0.6888400000000001
Samsung Galaxy M53,Smartphone,4.0,worth it buy where like the try strong hair,Flipkart,2023-03-07,0.7717,none,0.135
Samsung Galaxy A54,Smartphone,4.0,bad determine laugh church,Amazon,2022-11-25,0.0258,general_issue,0.335
Samsung Galaxy M53,Smartphone,2.0,good hold oil man various factor find,Amazon,2024-06-17,0.4404,none,0.285
Samsung Charger 25W,Accessories,3.0,not great eat they someone explain down on light issue camera quality is poor,Flipkart,2023-10-12,-0.7502,camera,0.71008
Samsung Buds Live,Accessories,4.0,worth it nor set let name affect leave cause,Flipkart,2024-04-12,0.1779,none,0.135
Samsung Charger 25W,Accessories,3.0,good issue display flickering,Amazon,2022-03-11,0.4404,display,0.41
Samsung Buds 2,Accessories,4.0,worth it short owner thousand begin trade,Amazon,2023-07-16,0.2263,none,0.135
Samsung Galaxy S21 FE,Smartphone,4.0,waste of money paper interesting but during,Flipkart,2022-06-14,-0.0129,general_issue,0.34016
Samsung Galaxy S22,Smartphone,4.0,bad kind successful even night without wide four get,Flipkart,2024-10-03,0.5719,general_issue,0.335
Samsung Galaxy Tab S7 FE,Smartphone,2.0,good firm would matter process record issue display flickering,Flipkart,2024-08-22,0.4588,display,0.485
Samsung Galaxy M53,Smartphone,4.0,not great lead some concern alone wife,Amazon,2024-04-25,-0.6479,none,0.39416
Samsung Galaxy A34,Smartphone,4.0,waste of money can avoid place class,Amazon,2023-11-13,-0.6124,general_issue,0.57996
Samsung Galaxy Tab S7 FE,Smartphone,4.0,excellent physical nothing either who,Flipkart,2024-05-15,0.5719,none,0.135
Samsung Galaxy S23,Smartphone,4.0,bad central avoid soon really imagine five,Amazon,2022-07-25,-0.6908,general_issue,0.6113200000000001
Samsung Charger 25W,Accessories,4.0,excellent turn type hear customer modern short artist this,Amazon,2022-11-25,0.5719,none,0.135
Samsung Buds 2,Accessories,4.0,average reality each number each option ago light source,Flipkart,2023-06-19,0.0772,none,0.135
Samsung Galaxy A34,Smartphone,5.0,average message investment raise example south population,Flipkart,2024-11-02,0.0,none,0.06
Samsung Galaxy A54,Smartphone,4.0,waste of money money action attorney machine hotel,Amazon,2022-05-16,-0.4215,heating,0.5036
Samsung Galaxy S23,Smartphone,4.0,bad brother of think should,Amazon,2023-12-22,-0.5423,general_issue,0.55192
Samsung Buds 2,Accessories,1.0,worth it if appear try education responsibility player along issue charging problem,Flipkart,2024-05-11,-0.2023,battery,0.6409199999999999
Samsung Buds Live,Accessories,2.0,not great cultural five mission process move describe baby price issue overheating issue,Flipkart,2023-11-01,-0.5096,heating,0.6888400000000001
Samsung Galaxy M34,Smartphone,4.0,bad morning heavy easy stand short need,Flipkart,2024-07-17,-0.1531,general_issue,0.39624
Samsung Galaxy M53,Smartphone,5.0,good help fast coach close another,Amazon,2022-02-26,0.6808,software,0.26
Samsung Galaxy M34,Smartphone,3.0,not great sister soon institution international government really issue slow performance,Flipkart,2022-04-17,-0.5096,performance,0.6138400000000002
Samsung Galaxy A54,Smartphone,4.0,good party road local,Flipkart,2023-01-12,0.6808,none,0.135
Samsung Galaxy M14,Smartphone,5.0,bad american find town,Flipkart,2024-06-27,-0.5423,general_issue,0.47692
Samsung Galaxy Tab S7 FE,Smartphone,4.0,waste of money current others sometimes your,Flipkart,2022-10-06,-0.4215,general_issue,0.5036
Samsung Buds 2,Accessories,4.0,good little defense almost coach difference like,Amazon,2022-01-07,0.6534,software,0.335
Samsung Galaxy M14,Smartphone,4.0,average beat country audience time two doctor image number,Flipkart,2024-03-31,0.0772,none,0.135
Samsung Galaxy A14,Smartphone,4.0,bad everybody without line next,Amazon,2023-02-14,-0.5423,general_issue,0.55192
Samsung Galaxy S22,Smartphone,5.0,good kitchen word certain visit action offer,Amazon,2023-09-18,0.6124,none,0.06
Samsung Galaxy S22,Smartphone,3.0,excellent issue camera quality is poor,Amazon,2023-10-05,0.1531,camera,0.41
Samsung Galaxy A34,Smartphone,4.0,good help think event stage,Flipkart,2022-06-18,0.6808,none,0.135
Samsung Galaxy S22,Smartphone,4.0,average seven fish involve however,Flipkart,2022-08-15,0.0,none,0.135
Samsung Buds Live,Accessories,1.0,bad thing seem buy value young piece article,Flipkart,2022-11-20,-0.2732,general_issue,0.6692800000000001
Samsung Galaxy A34,Smartphone,3.0,good issue display flickering,Amazon,2023-05-27,0.4404,display,0.41
Samsung Buds 2,Accessories,4.0,average mission somebody here thank,Amazon,2024-11-23,0.3612,none,0.135
Samsung Galaxy M34,Smartphone,1.0,good deep agency less reality interest,Amazon,2022-09-24,0.683,none,0.36
Samsung Galaxy S23,Smartphone,4.0,good painting its old i audience hope,Flipkart,2024-04-20,0.7003,none,0.135
Samsung Galaxy A34,Smartphone,3.0,excellent million concern identify human toward of human,Flipkart,2023-10-17,0.5719,none,0.21
Samsung Galaxy A34,Smartphone,5.0,good glass rock watch laugh interview environment take,Amazon,2024-07-13,0.7579,none,0.06
Samsung Galaxy Book 3,Smartphone,4.0,average door collection recognize knowledge,Amazon,2024-09-06,0.0,none,0.135
Samsung Galaxy S23,Smartphone,2.0,waste of money issue camera quality is poor,Flipkart,2022-10-01,-0.7096,camera,0.76884
Samsung Galaxy A34,Smartphone,4.0,bad structure mr community hotel,Flipkart,2023-06-18,-0.5423,heating,0.55192
Samsung Galaxy M53,Smartphone,3.0,bad world out me issue display flickering,Flipkart,2022-12-22,-0.5423,display,0.6269200000000001
Samsung Buds 2,Accessories,4.0,bad draw organization career under professor learn,Amazon,2023-11-02,-0.5423,general_issue,0.55192
Samsung Galaxy S21 FE,Smartphone,4.0,worth it concern its rule mention reduce red,Flipkart,2023-08-01,0.2263,none,0.135
Samsung Galaxy Book 3,Smartphone,5.0,bad anything there citizen understand wind,Flipkart,2023-02-11,-0.5423,general_issue,0.47692
Samsung Buds 2,Accessories,4.0,not great set as many ready door,Amazon,2022-06-22,-0.2008,none,0.21532
Samsung Galaxy Tab S7 FE,Smartphone,4.0,average time entire bed first anyone bring also,Amazon,2024-04-28,0.0,none,0.135
Samsung Galaxy S21 FE,Smartphone,2.0,waste of money meet threat focus fine land mouth,Flipkart,2024-01-23,-0.6597,camera,0.74888
Samsung Galaxy S21 FE,Smartphone,5.0,not great both also writer those power return hit,Flipkart,2023-01-08,-0.5096,battery,0.46384
Samsung Galaxy A14,Smartphone,3.0,excellent senior mean answer consider reason,Amazon,2024-03-16,0.5719,none,0.21
Samsung Galaxy M14,Smartphone,3.0,not great environment cover pick international real later issue battery draining fast,Flipkart,2024-02-12,-0.5096,battery,0.6138400000000002
Samsung Buds Live,Accessories,5.0,waste of money floor upon letter so fish suddenly,Amazon,2023-04-05,-0.4215,general_issue,0.4286
Samsung Galaxy M53,Smartphone,4.0,waste of money rate group pm wind short sure,Amazon,2022-02-12,-0.128,general_issue,0.3862
Samsung Buds 2,Accessories,4.0,excellent get blood say window institution industry ability,Flipkart,2022-02-17,0.7184,none,0.135
Samsung Galaxy A14,Smartphone,4.0,excellent and author ever our management,Flipkart,2023-04-14,0.5719,none,0.135
Samsung Buds 2,Accessories,4.0,not great author on six road least believe,Flipkart,2022-07-02,-0.5096,none,0.33884
Samsung Galaxy A14,Smartphone,2.0,worth it first choice between issue charging problem,Amazon,2024-08-05,-0.2023,battery,0.56592
Samsung Galaxy M14,Smartphone,5.0,excellent nor relationship require others whose on drop,Flipkart,2023-02-11,0.3818,software,0.26
Samsung Galaxy A34,Smartphone,4.0,excellent agree organization decision direction name,Flipkart,2023-06-21,0.7351,none,0.135
Samsung Galaxy Tab A8,Smartphone,4.0,excellent politics policy he,Flipkart,2022-12-12,0.5719,none,0.135
Samsung Buds 2,Accessories,4.0,excellent mouth shake indeed clear crime although,Flipkart,2022-04-12,0.2732,none,0.135
Samsung Buds 2,Accessories,4.0,excellent do job contain investment idea treatment case,Amazon,2024-04-01,0.5719,none,0.135
Samsung Buds Live,Accessories,5.0,waste of money one reflect myself behavior someone before,Flipkart,2024-05-28,-0.4215,general_issue,0.4286
Samsung Galaxy Book 2,Smartphone,1.0,worth it long how society structure since street enjoy treatment issue display flickering,Flipkart,2023-06-17,0.6249,display,0.56
Samsung Galaxy S23,Smartphone,4.0,average owner fast woman politics,Amazon,2022-11-02,0.0,none,0.135
Samsung Galaxy A54,Smartphone,4.0,worth it significant impact campaign sit need item land such,Flipkart,2022-07-02,0.4019,none,0.135
Samsung Galaxy Tab S7 FE,Smartphone,3.0,not great which institution head big success,Amazon,2024-01-24,0.1043,none,0.21
Samsung Buds Live,Accessories,1.0,good issue slow performance,Amazon,2022-12-15,0.4404,performance,0.56
Samsung Charger 25W,Accessories,4.0,excellent fall like many affect free half look,Amazon,2022-08-29,0.8591,none,0.135
Samsung Galaxy M14,Smartphone,4.0,worth it industry culture kid likely least imagine,Amazon,2022-01-29,0.2263,none,0.135
Samsung Galaxy Book 2,Smartphone,1.0,worth it strategy measure price detail true away window issue display flickering,Flipkart,2024-12-12,0.5719,display,0.56
Samsung Galaxy Book 3,Smartphone,4.0,not great space store like,Flipkart,2024-06-10,-0.2008,none,0.21532
Samsung Galaxy Tab A8,Smartphone,5.0,excellent staff citizen growth choice whom,Flipkart,2024-07-18,0.743,none,0.06
Samsung Galaxy S23,Smartphone,4.0,average science maintain teach development front,Amazon,2024-10-09,0.0,none,0.135
Samsung Galaxy M53,Smartphone,3.0,excellent born note institution boy,Flipkart,2022-08-31,0.5719,none,0.21
Samsung Galaxy A54,Smartphone,5.0,bad nation base compare scientist quickly ball anyone,Flipkart,2023-04-05,-0.5423,software,0.47692
Samsung Buds 2,Accessories,4.0,worth it war course market figure production wish available,Amazon,2023-02-21,-0.0772,none,0.16588
Samsung Galaxy S22,Smartphone,5.0,worth it reason trip professional according relationship,Flipkart,2023-01-26,0.2263,none,0.06
Samsung Galaxy A14,Smartphone,5.0,worth it senior physical home industry item director computer artist,Amazon,2023-06-30,0.2263,none,0.06
Samsung Galaxy M14,Smartphone,4.0,average least drop either form american think beautiful,Amazon,2023-08-13,0.6921,none,0.135
Samsung Galaxy A14,Smartphone,5.0,good direction standard write,Amazon,2024-10-09,0.4404,none,0.06
Samsung Galaxy M53,Smartphone,3.0,waste of money design stop water affect,Amazon,2024-02-22,-0.6124,general_issue,0.65496
Samsung Galaxy S22,Smartphone,3.0,average how federal standard pick happy,Amazon,2022-09-24,0.5719,software,0.41
Samsung Galaxy M34,Smartphone,2.0,not great sit determine lay hand determine issue battery draining fast,Amazon,2024-06-02,-0.0243,battery,0.49472
Samsung Charger 25W,Accessories,5.0,excellent sea long themselves beyond tv town,Amazon,2023-02-28,0.5719,none,0.06
Samsung Galaxy Tab A8,Smartphone,3.0,waste of money issue camera quality is poor,Flipkart,2023-03-18,-0.7096,camera,0.69384
Samsung Galaxy M34,Smartphone,4.0,worth it candidate argue seem toward,Flipkart,2023-08-03,-0.128,none,0.1862
Samsung Galaxy Tab A8,Smartphone,4.0,not great gas well author part bill listen federal,Flipkart,2023-01-23,-0.6259,none,0.38536
Samsung Galaxy M14,Smartphone,3.0,not great issue battery draining fast,Flipkart,2024-05-06,-0.5096,battery,0.6138400000000002
Samsung Galaxy M14,Smartphone,4.0,bad and to lose,Amazon,2023-01-05,-0.7351,software,0.62904
Samsung Galaxy A34,Smartphone,4.0,excellent us street enter could,Amazon,2024-04-16,0.5719,none,0.135
Samsung Galaxy A34,Smartphone,4.0,good get side outside building,Flipkart,2022-10-26,0.4404,build_quality,0.335
Samsung Galaxy S23,Smartphone,4.0,excellent politics join hundred occur show risk physical,Amazon,2022-02-28,0.5859,none,0.135
Samsung Galaxy Book 3,Smartphone,2.0,not great together action western practice despite wall,Flipkart,2023-08-18,-0.5096,none,0.48884
Samsung Soundbar,Other,3.0,heats up sometimes during heavy usage,Flipkart,2023-06-21,0.0,heating,0.41
Samsung Galaxy M14,Smartphone,4.0,waste of money pm wonder certain fear single,Amazon,2023-04-28,-0.5994,general_issue,0.5747600000000002
Samsung Galaxy Tab A8,Smartphone,4.0,waste of money cause better western hard game project,Flipkart,2024-07-12,-0.0772,general_issue,0.36588
Samsung Galaxy S23,Smartphone,1.0,excellent chance first speech yet close check issue battery draining fast,Flipkart,2023-05-24,0.6908,battery,0.56
Samsung Galaxy Book 3,Smartphone,4.0,average decade moment last food result despite,Amazon,2024-01-28,0.0,none,0.135
Samsung Galaxy M53,Smartphone,4.0,average or control born part,Flipkart,2024-07-27,0.0,none,0.135
Samsung Galaxy A54,Smartphone,4.0,worth it return bank best write,Amazon,2022-06-25,0.7269,none,0.135
Samsung Galaxy M53,Smartphone,5.0,good improve people black worker former,Amazon,2022-01-22,0.7003,none,0.06
Samsung Galaxy Tab A8,Smartphone,4.0,waste of money force not film,Amazon,2024-08-18,-0.4215,general_issue,0.5036
Samsung Charger 25W,Accessories,4.0,average professional daughter physical hope short not able,Amazon,2022-09-30,0.4404,none,0.135
Samsung Galaxy A54,Smartphone,5.0,average front appear him road less,Amazon,2023-10-25,0.0,software,0.26
Samsung Galaxy M34,Smartphone,5.0,bad memory let away century after until,Amazon,2024-03-25,-0.5423,general_issue,0.47692
Samsung Buds 2,Accessories,3.0,average ago argue argue fast city issue charging problem,Flipkart,2023-03-11,-0.7579,battery,0.71316
Samsung Charger 25W,Accessories,5.0,worth it five wall yes catch,Flipkart,2024-02-25,0.5574,none,0.06
Samsung Galaxy M34,Smartphone,4.0,bad people force all candidate best no mention,Flipkart,2024-05-16,-0.128,general_issue,0.3862
Samsung Galaxy Tab A8,Smartphone,4.0,worth it before security today,Amazon,2023-06-09,0.5106,none,0.135
Samsung Galaxy A54,Smartphone,4.0,excellent modern describe girl visit car toward all,Amazon,2022-05-30,0.5719,none,0.135
Samsung Galaxy Tab S7 FE,Smartphone,5.0,good bill oil language animal itself,Amazon,2022-07-15,0.4404,none,0.06
Samsung Buds Live,Accessories,4.0,good candidate mind week early near friend,Flipkart,2022-05-01,0.7269,none,0.135
Samsung Galaxy A54,Smartphone,1.0,not great mind employee parent issue charging problem,Flipkart,2022-04-17,-0.7179,battery,0.8471600000000001
Samsung Galaxy Tab A8,Smartphone,5.0,not great country building place outside in,Amazon,2023-11-13,-0.5096,build_quality,0.46384
Samsung Galaxy M34,Smartphone,4.0,bad include thousand full more family court trouble notice,Amazon,2023-04-26,-0.7553,general_issue,0.6371200000000001
Samsung Galaxy M34,Smartphone,4.0,worth it become goal understand book more use,Amazon,2024-08-22,0.2263,none,0.135
Samsung Galaxy S21 FE,Smartphone,4.0,not great cause local everybody company rather,Flipkart,2023-12-27,-0.5096,none,0.33884
Samsung Galaxy Book 3,Smartphone,4.0,average democratic maintain these news three,Amazon,2022-04-04,0.0,none,0.135
Samsung Galaxy M53,Smartphone,4.0,average task decade so professional trade western network,Amazon,2022-01-11,0.0,connectivity,0.335
Samsung Galaxy S22,Smartphone,5.0,waste of money enjoy example since though allow memory dream service,Amazon,2023-06-04,0.5106,general_issue,0.26
Samsung Galaxy Tab A8,Smartphone,4.0,bad course call there section start,Flipkart,2024-10-30,-0.5423,general_issue,0.55192
Samsung Galaxy Tab A8,Smartphone,4.0,not great particularly check any strategy,Amazon,2024-02-20,-0.5096,none,0.33884
Samsung Buds 2,Accessories,4.0,not great yes serve recently summer,Flipkart,2023-09-12,-0.6759,none,0.40536
Samsung Galaxy A14,Smartphone,3.0,waste of money success vote really size between actually upon issue display flickering,Amazon,2024-03-19,0.2263,display,0.41
Samsung Galaxy Book 2,Smartphone,3.0,excellent difference pretty car green issue battery draining fast,Amazon,2024-01-30,0.7845,battery,0.41
Samsung Galaxy M53,Smartphone,3.0,excellent low response total man issue display flickering,Flipkart,2022-09-28,0.3818,display,0.41
Samsung Galaxy Tab S7 FE,Smartphone,1.0,excellent issue camera quality is poor,Flipkart,2022-03-26,0.1531,camera,0.56
Samsung Galaxy S22,Smartphone,4.0,excellent fill improve drug attack,Amazon,2023-01-03,0.5423,none,0.135
Samsung Galaxy A54,Smartphone,4.0,worth it mouth game well free,Flipkart,2023-06-18,0.743,none,0.135
Samsung Galaxy M34,Smartphone,3.0,excellent name management four federal remain tell forward coach issue overheating issue,Flipkart,2022-12-14,0.5719,heating,0.41
Samsung Galaxy M34,Smartphone,5.0,average morning know prevent east prevent natural,Amazon,2024-10-28,0.4019,none,0.06
Samsung Galaxy Book 3,Smartphone,4.0,bad past true draw quite already,Amazon,2024-10-06,-0.1779,software,0.40616
Samsung Galaxy Tab S7 FE,Smartphone,3.0,average issue overheating issue,Flipkart,2023-11-26,0.0,heating,0.41
Samsung Charger 25W,Accessories,4.0,bad artist interview drive show model save,Flipkart,2024-08-16,-0.0772,general_issue,0.36588
Samsung Galaxy M53,Smartphone,5.0,average for third cup radio economic carry upon wife,Flipkart,2022-09-28,0.0,sound,0.26
Samsung Buds 2,Accessories,5.0,not great something charge understand receive role crime continue,Amazon,2022-07-03,-0.7779,battery,0.5711600000000001
Samsung Galaxy M53,Smartphone,4.0,waste of money all oil future mind look outside adult,Amazon,2023-10-12,-0.4215,general_issue,0.5036
Samsung Galaxy S22,Smartphone,3.0,not great will news store business business raise issue overheating issue,Amazon,2024-12-22,-0.5096,heating,0.6138400000000002
Samsung Galaxy S21 FE,Smartphone,4.0,average give weight everything current than,Flipkart,2024-06-05,0.0,none,0.135
Samsung Galaxy A54,Smartphone,3.0,worth it structure care cause,Amazon,2022-10-18,0.6249,none,0.21
Samsung Galaxy S23,Smartphone,3.0,good town range able money,Amazon,2023-06-18,0.4404,none,0.21
Samsung Buds 2,Accessories,3.0,waste of money kind person feel issue camera quality is poor,Flipkart,2022-08-28,-0.3612,camera,0.5544800000000001
Samsung Galaxy S22,Smartphone,5.0,not great support however buy six gun western look,Amazon,2023-10-04,-0.7877,none,0.37508
Samsung Galaxy Tab A8,Smartphone,4.0,bad sort position however fall want some cut,Flipkart,2022-04-01,-0.6486,software,0.5944400000000001
Samsung Galaxy A14,Smartphone,4.0,good top early south effect already,Amazon,2022-09-19,0.5719,none,0.135
Samsung Charger 25W,Accessories,1.0,good above top beautiful consider,Amazon,2024-10-19,0.8225,none,0.36
Samsung Galaxy Book 3,Smartphone,4.0,worth it history concern including customer outside customer help participant,Amazon,2023-07-30,0.5574,none,0.135
Samsung Galaxy S22,Smartphone,5.0,not great add edge above also movie send,Amazon,2024-01-09,-0.5096,none,0.26384
Samsung Galaxy A34,Smartphone,5.0,not great wonder hold recent garden thank cut growth health,Flipkart,2024-05-30,-0.0757,none,0.09028
Samsung Galaxy Tab S7 FE,Smartphone,5.0,not great sound social in group tend born family,Flipkart,2023-08-03,-0.5096,sound,0.46384
Samsung Galaxy M14,Smartphone,5.0,average thank start ask,Flipkart,2023-06-24,0.3612,none,0.06
Samsung Galaxy S21 FE,Smartphone,5.0,good learn theory environment once,Flipkart,2023-06-25,0.4404,none,0.06
Samsung Galaxy Tab A8,Smartphone,5.0,not great give place by will,Amazon,2024-11-24,-0.5096,none,0.26384
Samsung Galaxy Tab A8,Smartphone,3.0,waste of money issue battery draining fast,Flipkart,2023-10-04,-0.4215,battery,0.5786
Samsung Galaxy A14,Smartphone,4.0,average administration own person size cover represent get,Amazon,2024-06-11,0.0,none,0.135
Samsung Buds 2,Accessories,5.0,bad health support itself heart black brother,Flipkart,2022-12-04,-0.2023,general_issue,0.34092
Samsung Galaxy S23,Smartphone,5.0,bad worry building trade win,Amazon,2023-10-09,-0.3818,build_quality,0.41272
Samsung Galaxy S22,Smartphone,5.0,excellent side decide age pull adult work morning,Flipkart,2024-10-03,0.5719,none,0.06
Samsung Galaxy S21 FE,Smartphone,1.0,bad he religious computer across effort fine want issue slow performance,Amazon,2022-11-06,-0.34,performance,0.696
Samsung Galaxy Book 2,Smartphone,4.0,excellent law give side lose black table than,Flipkart,2024-06-20,0.25,software,0.335
Samsung Buds 2,Accessories,2.0,worth it cell series image example tell serve issue slow performance,Amazon,2022-04-19,0.2263,performance,0.485
Samsung Galaxy A14,Smartphone,4.0,waste of money mean mind nation read federal may,Amazon,2023-01-22,-0.4215,general_issue,0.5036
Samsung Galaxy A54,Smartphone,5.0,good trade do line position deep,Amazon,2022-11-01,0.4404,software,0.26
Samsung Galaxy A54,Smartphone,2.0,average issue battery draining fast,Flipkart,2022-04-22,0.0,battery,0.485
Samsung Buds 2,Accessories,4.0,bad everyone source sort plan paper remember chance entire,Amazon,2023-04-16,-0.3612,general_issue,0.47948
Samsung Buds Live,Accessories,5.0,waste of money place best site miss have country serve,Amazon,2023-01-11,0.2023,general_issue,0.26
Samsung Galaxy M53,Smartphone,5.0,not great herself character trial,Flipkart,2022-03-15,-0.5096,none,0.26384
Samsung Galaxy Book 3,Smartphone,4.0,not great economy relationship third prove environment group,Amazon,2024-08-21,-0.5096,none,0.33884
Samsung Galaxy S21 FE,Smartphone,4.0,worth it way old remain dream song source war home,Flipkart,2023-06-17,-0.25,none,0.235
Samsung Galaxy A34,Smartphone,4.0,good affect rest national table capital reach author company,Flipkart,2022-12-01,0.4588,none,0.135
Samsung Galaxy Book 2,Smartphone,4.0,bad weight mention capital production call memory,Amazon,2024-08-14,-0.5423,general_issue,0.55192
Samsung Galaxy Tab A8,Smartphone,4.0,waste of money what yourself party state mrs stuff,Flipkart,2024-06-12,-0.0258,general_issue,0.34532
Samsung Charger 25W,Accessories,3.0,average ten skill while use scientist issue overheating issue,Amazon,2022-08-26,0.0,heating,0.41
Samsung Galaxy A14,Smartphone,4.0,waste of money memory improve issue quite man series,Amazon,2024-10-10,0.0258,software,0.335
Samsung Galaxy M34,Smartphone,4.0,average admit way story,Flipkart,2022-03-25,0.2023,none,0.135
Samsung Galaxy S23,Smartphone,3.0,worth it have nor commercial the loss,Amazon,2024-06-23,0.4333,software,0.41
Samsung Galaxy M14,Smartphone,4.0,waste of money arrive life save quality need news,Flipkart,2024-01-01,0.1027,battery,0.335
Samsung Galaxy Tab A8,Smartphone,4.0,waste of money whatever issue short feel do try live,Amazon,2024-09-20,-0.4215,general_issue,0.5036
Samsung Galaxy A14,Smartphone,5.0,good pm green try that other teacher forget because,Flipkart,2024-07-26,0.25,none,0.06
Samsung Galaxy Tab A8,Smartphone,3.0,bad team perhaps expect around issue slow performance,Amazon,2024-10-06,-0.5423,performance,0.6269200000000001
Samsung Buds Live,Accessories,4.0,excellent star magazine ten drug,Flipkart,2022-08-19,0.5719,none,0.135
Samsung Galaxy S21 FE,Smartphone,3.0,excellent main meet among decide others statement when issue overheating issue,Amazon,2022-10-31,0.5719,heating,0.41
Samsung Galaxy M53,Smartphone,2.0,average onto training game issue battery draining fast,Amazon,2022-09-11,0.0,battery,0.485
Samsung Galaxy M34,Smartphone,3.0,waste of money book allow maintain sea opportunity rest,Flipkart,2023-12-17,0.2263,general_issue,0.41
Samsung Galaxy Book 2,Smartphone,2.0,not great then consider shoulder under,Amazon,2022-07-11,-0.5096,none,0.48884
Samsung Galaxy S23,Smartphone,4.0,worth it figure in win dog,Amazon,2023-02-22,0.6908,none,0.135
Samsung Galaxy S22,Smartphone,5.0,excellent door plant opportunity person argue table behavior if,Flipkart,2023-08-05,0.6249,none,0.06
Samsung Galaxy A14,Smartphone,3.0,good issue display flickering,Amazon,2023-01-05,0.4404,display,0.41
Samsung Galaxy S23,Smartphone,2.0,good former building focus operation cell attention,Flipkart,2022-12-11,0.4404,camera,0.485
Samsung Galaxy A34,Smartphone,3.0,not great small share show stuff central memory,Amazon,2024-11-07,-0.6348,none,0.46392
Samsung Galaxy S22,Smartphone,4.0,excellent race president able record,Amazon,2023-07-13,0.5719,none,0.135
Samsung Galaxy M53,Smartphone,4.0,bad shake class each attention,Amazon,2023-03-11,-0.6369,general_issue,0.5897600000000001
Samsung Galaxy S21 FE,Smartphone,5.0,bad development author instead sure hospital beautiful discover,Flipkart,2022-01-09,0.4019,software,0.26
Samsung Galaxy M14,Smartphone,3.0,excellent effort sort indicate collection sell short do white,Flipkart,2024-12-13,0.5719,none,0.21
Samsung Galaxy S22,Smartphone,4.0,worth it charge method indicate chair ahead analysis,Flipkart,2023-01-05,0.2263,battery,0.335
Samsung Galaxy A14,Smartphone,4.0,excellent single out case team son debate,Flipkart,2024-05-02,0.5719,none,0.135
Samsung Galaxy Watch6,Smartphone,1.0,not worth the price,Flipkart,2022-06-07,-0.1695,none,0.4278
Samsung Buds Live,Accessories,5.0,average money factor term century visit work,Flipkart,2023-05-20,0.0,none,0.06
Samsung Galaxy Tab S7 FE,Smartphone,5.0,good arm allow deal animal fight three current,Amazon,2024-10-17,0.296,none,0.06
Samsung Galaxy A54,Smartphone,5.0,average tonight many center push population give drop,Flipkart,2022-07-13,-0.2732,none,0.1692799999999999
Samsung Galaxy Book 3,Smartphone,2.0,excellent issue display flickering,Flipkart,2023-11-05,0.5719,display,0.485
Samsung Galaxy Book 3,Smartphone,5.0,waste of money like according blood produce,Flipkart,2022-02-23,-0.0772,general_issue,0.29088
Samsung Galaxy A34,Smartphone,4.0,good affect rest national table capital reach author company,Flipkart,2023-08-06,0.4588,none,0.135
Samsung Galaxy M34,Smartphone,5.0,excellent she offer actually,Flipkart,2022-09-07,0.5719,none,0.06
Samsung Galaxy Book 3,Smartphone,5.0,excellent development occur such,Flipkart,2024-03-18,0.5719,none,0.06
Samsung Galaxy Tab A8,Smartphone,5.0,worth it skill necessary herself,Amazon,2024-02-05,0.2263,none,0.06
Samsung Galaxy Tab S7 FE,Smartphone,1.0,not great enough appear use specific issue slow performance,Flipkart,2022-08-06,-0.5096,performance,0.7638400000000001
Samsung Galaxy A54,Smartphone,4.0,worth it couple foreign dream scene mission film deep finish,Amazon,2023-10-25,0.4404,none,0.135
Samsung Galaxy Book 3,Smartphone,4.0,worth it million foreign beat mr,Amazon,2022-11-11,0.2263,none,0.135
Samsung QLED TV,TV,2.0,amazing display quality,Flipkart,2022-03-01,0.5859,display,0.485
Samsung Galaxy S23,Smartphone,4.0,waste of money body evening ask,Amazon,2022-06-16,-0.4215,general_issue,0.5036
Samsung Galaxy M34,Smartphone,3.0,excellent beautiful mind quite stand up herself produce issue slow performance,Amazon,2024-07-31,0.8225,performance,0.41
Samsung Galaxy S21 FE,Smartphone,5.0,bad interesting food summer we about certain cultural,Amazon,2024-09-09,0.0772,general_issue,0.26
Samsung Buds Live,Accessories,5.0,average control also kid,Flipkart,2024-07-18,0.0,none,0.06
Samsung Galaxy S21 FE,Smartphone,3.0,good table state that career issue slow performance,Amazon,2023-07-06,0.4404,performance,0.41
Samsung Galaxy Tab A8,Smartphone,5.0,waste of money memory seat unit tell happen manager,Amazon,2022-01-12,-0.4215,software,0.4286
Samsung Galaxy A54,Smartphone,4.0,nice product but a bit overpriced,Amazon,2023-11-06,0.2263,none,0.135
Samsung Galaxy Book 3,Smartphone,4.0,bad time feel reduce energy over assume get,Flipkart,2022-03-31,-0.34,general_issue,0.471
Samsung Galaxy S22,Smartphone,4.0,worth it box power own along just,Flipkart,2024-07-16,0.2263,battery,0.335
Samsung Galaxy A14,Smartphone,4.0,bad land trial its some management,Flipkart,2023-10-28,-0.5423,general_issue,0.55192
Samsung Galaxy A14,Smartphone,4.0,excellent send role shoulder win serve,Flipkart,2022-09-22,0.8176,none,0.135
Samsung Galaxy Book 2,Smartphone,4.0,good paper able team point will issue,Amazon,2023-03-09,0.4404,none,0.135
Samsung Galaxy A54,Smartphone,4.0,not great treatment fly board section,Amazon,2022-04-10,-0.5096,none,0.33884
Samsung Galaxy Tab S7 FE,Smartphone,4.0,bad side toward task avoid already,Flipkart,2023-08-03,-0.6908,general_issue,0.6113200000000001
Samsung Galaxy Book 2,Smartphone,2.0,waste of money issue charging problem,Flipkart,2023-10-24,-0.6705,battery,0.7532000000000001
Samsung Galaxy S23,Smartphone,4.0,not great know already institution practice down number,Flipkart,2022-04-24,-0.4577,none,0.31808
Samsung Galaxy M34,Smartphone,4.0,not great product former medical leg over success,Amazon,2022-05-25,0.1043,none,0.135
Samsung Galaxy M14,Smartphone,5.0,bad sound data television blood ten visit,Flipkart,2024-02-21,-0.5423,sound,0.47692
Samsung Galaxy S23,Smartphone,1.0,bad add citizen week couple dream,Amazon,2022-07-09,-0.3612,general_issue,0.70448
Samsung Galaxy A14,Smartphone,1.0,excellent grow kid but make,Amazon,2024-03-27,0.3291,none,0.36
Samsung Galaxy M34,Smartphone,5.0,bad sister view month interview body avoid,Amazon,2023-06-07,-0.6908,general_issue,0.53632
Samsung Galaxy M14,Smartphone,2.0,not great four leg fall cause couple outside issue camera quality is poor,Amazon,2022-12-31,-0.7502,camera,0.78508
Samsung Galaxy Tab A8,Smartphone,2.0,excellent common cut day clearly prevent send stay station,Amazon,2023-05-07,0.6597,none,0.285
Samsung Galaxy A34,Smartphone,4.0,excellent produce across large four daughter,Flipkart,2024-03-27,0.5719,software,0.335
Samsung Galaxy Tab A8,Smartphone,4.0,excellent around method door someone interest those,Amazon,2022-07-02,0.7717,software,0.335
Samsung Galaxy Book 3,Smartphone,3.0,not great issue battery draining fast,Amazon,2022-02-12,-0.5096,battery,0.6138400000000002
Samsung Charger 25W,Accessories,3.0,worth it protect food four job natural worry issue display flickering,Flipkart,2023-03-03,0.4767,display,0.41
Samsung Galaxy M53,Smartphone,3.0,worth it yet father western class,Flipkart,2022-11-30,0.2263,none,0.21
Samsung Galaxy M53,Smartphone,4.0,excellent environmental wall attack tv value sit very brother,Amazon,2024-03-06,0.4588,none,0.135
Samsung Galaxy Tab A8,Smartphone,2.0,bad or everything religious before,Flipkart,2024-04-04,-0.5423,general_issue,0.7019200000000001
Samsung Galaxy M53,Smartphone,3.0,good find see everyone again issue slow performance,Flipkart,2023-08-07,0.4404,performance,0.41
Samsung Galaxy M34,Smartphone,1.0,worth it pm offer almost fast,Amazon,2022-11-12,0.2263,software,0.56
Samsung Galaxy M53,Smartphone,4.0,average beyond call film company special,Flipkart,2022-09-04,0.4019,none,0.135
Samsung Galaxy Book 2,Smartphone,4.0,average increase nice professor already write five local,Flipkart,2023-09-04,0.6249,none,0.135
Samsung Galaxy M34,Smartphone,5.0,good take method mrs where visit heart,Flipkart,2024-10-02,0.4404,none,0.06
Samsung Galaxy M34,Smartphone,3.0,worth it age policy team popular view,Flipkart,2024-06-04,0.5719,none,0.21
Samsung Galaxy Book 3,Smartphone,5.0,worth it heavy interesting rather prepare,Amazon,2023-09-28,0.5574,none,0.06
Samsung Galaxy M14,Smartphone,3.0,waste of money talk evening ahead many,Amazon,2022-09-26,-0.4215,general_issue,0.5786
Samsung Charger 25W,Accessories,4.0,good evidence film five must,Amazon,2024-01-06,0.4404,none,0.135
Samsung Galaxy Tab S7 FE,Smartphone,1.0,worth it race minute green make,Flipkart,2022-07-16,0.2263,none,0.36
Samsung Charger 25W,Accessories,2.0,average cell area glass defense her continue bar issue slow performance,Amazon,2024-01-23,0.128,performance,0.485
Samsung Galaxy Tab A8,Smartphone,2.0,average turn light later direction walk street fast issue slow performance,Flipkart,2024-11-15,0.0,performance,0.485
Samsung Galaxy A54,Smartphone,4.0,bad sport stand game run church know can,Flipkart,2023-02-14,-0.5423,general_issue,0.55192
Samsung Galaxy S22,Smartphone,1.0,excellent local probably return red simply,Amazon,2024-09-29,0.5719,none,0.36
Samsung Galaxy S22,Smartphone,4.0,not great nor so dog,Amazon,2024-07-01,-0.5096,none,0.33884
Samsung Buds Live,Accessories,1.0,worth it issue charging problem,Flipkart,2024-03-05,-0.2023,battery,0.6409199999999999
Samsung Galaxy A34,Smartphone,3.0,bad next field herself special unit rock,Flipkart,2024-09-02,-0.2023,general_issue,0.49092
Samsung Galaxy M14,Smartphone,5.0,not great catch cup market front,Flipkart,2023-07-04,-0.5096,none,0.26384
Samsung Galaxy Tab A8,Smartphone,5.0,excellent box city right explain form people son agreement,Amazon,2024-05-16,0.7845,none,0.06
Samsung Charger 25W,Accessories,1.0,worth it know team list break study issue slow performance,Amazon,2022-07-04,0.2263,performance,0.56
Samsung Refrigerator,Other,1.0,excellent product very satisfied,Amazon,2024-05-15,0.7778,none,0.36
Samsung Galaxy S22,Smartphone,4.0,worth it none different local pass power,Amazon,2024-01-25,0.2263,battery,0.335
Samsung Galaxy S22,Smartphone,2.0,average discuss might apply allow hit left,Amazon,2023-01-17,0.2263,software,0.485
Samsung Galaxy A54,Smartphone,4.0,excellent small again rise situation more upon pretty,Amazon,2024-06-08,0.8008,none,0.135
Samsung Galaxy A34,Smartphone,4.0,bad change of foreign plan environmental,Amazon,2024-05-22,-0.5423,performance,0.55192
Samsung Galaxy S22,Smartphone,1.0,delivery was delayed but the product is great,Flipkart,2022-07-10,0.7351,performance,0.56
Samsung Galaxy M34,Smartphone,4.0,excellent challenge rich bag full into,Flipkart,2022-03-24,0.8225,none,0.135
Samsung Galaxy S21 FE,Smartphone,3.0,bad expect head goal south throw bill third large,Flipkart,2024-11-17,-0.5423,general_issue,0.6269200000000001
Samsung Galaxy S23,Smartphone,5.0,bad how short agent grow policy,Flipkart,2023-12-01,-0.5423,general_issue,0.47692
Samsung Buds 2,Accessories,4.0,bad her grow hair challenge bring them line,Amazon,2024-08-07,-0.4939,general_issue,0.53256
Samsung Galaxy S22,Smartphone,5.0,average so factor force size table,Flipkart,2023-04-05,0.0,none,0.06
Samsung Galaxy M34,Smartphone,3.0,average develop matter best several three act issue slow performance,Flipkart,2022-11-14,0.6486,performance,0.41
Samsung Galaxy M14,Smartphone,5.0,not great source list marriage back begin like,Amazon,2024-10-11,-0.2008,none,0.14032
Samsung Buds Live,Accessories,4.0,bad southern character vote our,Amazon,2024-12-15,-0.5423,general_issue,0.55192
Samsung Galaxy A34,Smartphone,3.0,excellent issue display flickering,Amazon,2024-12-10,0.5719,display,0.41
Samsung Galaxy M53,Smartphone,4.0,average support three agent cut body safe,Amazon,2022-06-21,0.5423,none,0.135
Samsung Charger 25W,Accessories,5.0,waste of money guy military mind north large cover customer,Flipkart,2023-08-19,-0.4215,general_issue,0.4286
Samsung Galaxy Tab S7 FE,Smartphone,5.0,waste of money than enjoy into support per report east,Flipkart,2024-08-16,0.4767,general_issue,0.26
Samsung Galaxy M14,Smartphone,2.0,not great specific might enjoy mrs argue issue charging problem,Flipkart,2024-06-14,-0.6362,battery,0.7394799999999999
Samsung Galaxy M14,Smartphone,3.0,good personal process also father rather,Amazon,2022-06-12,0.4404,none,0.21
Samsung Galaxy S23,Smartphone,4.0,average rise agree perhaps however,Amazon,2024-09-05,0.3612,none,0.135
Samsung Galaxy Tab A8,Smartphone,2.0,waste of money color president according music either,Amazon,2023-09-08,-0.4215,general_issue,0.6536
Samsung Galaxy Tab A8,Smartphone,3.0,excellent may teach lay manager series what radio identify issue slow performance,Amazon,2022-11-01,0.5719,performance,0.41
Samsung Galaxy S21 FE,Smartphone,3.0,not great hundred let follow camera computer more,Flipkart,2022-09-19,-0.5096,camera,0.6138400000000002
Samsung Galaxy M14,Smartphone,4.0,excellent two especially fill perhaps among tell,Flipkart,2023-09-08,0.5719,none,0.135
Samsung Galaxy A14,Smartphone,5.0,average effect pretty nation team usually hit,Flipkart,2023-05-25,0.4939,none,0.06
Samsung Galaxy Tab S7 FE,Smartphone,4.0,average data throughout something stage half service ago,Flipkart,2024-12-07,0.0,none,0.135
Samsung Galaxy A34,Smartphone,2.0,bad agree daughter tv join site sister issue overheating issue,Flipkart,2024-05-25,0.0516,heating,0.485
Samsung Galaxy S23,Smartphone,4.0,not great word high strong technology weight remain,Amazon,2023-08-29,0.0015,none,0.135
Samsung Galaxy Tab A8,Smartphone,5.0,average office bag main hit course but,Flipkart,2022-04-08,0.0,none,0.06
Samsung Galaxy M53,Smartphone,4.0,bad shake teacher court plan,Flipkart,2022-06-06,-0.6369,general_issue,0.5897600000000001
Samsung Charger 25W,Accessories,3.0,average impact house new operation far respond politics,Amazon,2022-04-03,0.0,none,0.21
Samsung Galaxy Tab A8,Smartphone,3.0,worth it film per all thought particularly drug issue display flickering,Amazon,2024-11-17,0.2263,display,0.41
Samsung Galaxy M34,Smartphone,4.0,excellent series style last throw,Flipkart,2022-08-09,0.5719,none,0.135
Samsung Galaxy S23,Smartphone,4.0,not great save focus turn maintain police increase buy its,Amazon,2024-11-11,-0.5606,camera,0.55924
Samsung Galaxy M53,Smartphone,5.0,worth it american too leader page,Amazon,2024-05-20,0.2263,none,0.06
Samsung Galaxy Tab A8,Smartphone,4.0,not great skin reveal success call us again religious,Flipkart,2024-04-25,0.1043,none,0.135
Samsung Galaxy Tab S7 FE,Smartphone,3.0,average full third town participant write,Flipkart,2022-07-13,0.0,none,0.21
Samsung Galaxy S22,Smartphone,3.0,bad cell several see civil issue camera quality is poor,Flipkart,2024-08-09,-0.765,camera,0.7160000000000002
Samsung Galaxy Book 2,Smartphone,1.0,waste of money suddenly choose affect blue friend listen miss issue overheating issue,Amazon,2023-06-03,-0.0516,heating,0.58064
Samsung Galaxy M34,Smartphone,5.0,waste of money parent do note room mission sometimes painting,Amazon,2023-12-29,-0.4215,general_issue,0.4286
Samsung Galaxy A34,Smartphone,4.0,good computer organization provide agency me admit manage,Flipkart,2023-06-06,0.5719,none,0.135
Samsung Galaxy M14,Smartphone,5.0,good become west though back rate,Amazon,2022-06-17,0.4404,none,0.06
Samsung Galaxy M34,Smartphone,5.0,not great entire method meeting particularly less,Flipkart,2024-10-28,-0.5096,none,0.26384
Samsung Galaxy Tab S7 FE,Smartphone,2.0,waste of money end production value worker lead full past,Flipkart,2022-02-03,-0.1027,general_issue,0.52608
Samsung Galaxy Book 2,Smartphone,3.0,worth it record kitchen home wait including film you issue charging problem,Amazon,2022-08-22,-0.2023,battery,0.49092
Samsung Charger 25W,Accessories,2.0,good election size trip four game argue think benefit issue camera quality is poor,Flipkart,2024-08-05,0.1027,camera,0.485
Samsung Galaxy Tab A8,Smartphone,4.0,waste of money turn respond office may interesting nation culture rate,Amazon,2023-01-03,-0.0258,general_issue,0.34532
Samsung Galaxy Tab S7 FE,Smartphone,2.0,worth it goal wait none knowledge add education several herself issue camera quality is poor,Flipkart,2023-01-09,-0.296,camera,0.6033999999999999
Samsung Galaxy S23,Smartphone,4.0,good hot age next final can,Amazon,2024-03-15,0.4404,heating,0.335
Samsung Charger 25W,Accessories,5.0,excellent bring pressure you may why wall improve,Amazon,2022-04-03,0.6597,none,0.06
Samsung Galaxy Tab A8,Smartphone,3.0,average spend risk woman wife center on,Amazon,2022-06-20,-0.2732,none,0.31928
Samsung Galaxy A14,Smartphone,3.0,average family general item three tonight,Flipkart,2024-05-02,0.0,none,0.21
Samsung Galaxy Tab S7 FE,Smartphone,5.0,waste of money oil wide data their peace space onto,Flipkart,2023-09-02,0.1779,general_issue,0.26
Samsung Galaxy Book 2,Smartphone,2.0,good issue overheating issue,Flipkart,2023-10-05,0.4404,heating,0.485
Samsung Galaxy A54,Smartphone,5.0,not great security policy ability join,Flipkart,2024-07-20,-0.2095,none,0.1437999999999999
Samsung Galaxy M53,Smartphone,4.0,excellent really practice property,Flipkart,2024-07-10,0.5719,none,0.135
Samsung Galaxy Tab A8,Smartphone,2.0,worth it ask sort message particular human whether forward,Flipkart,2023-06-27,0.2263,none,0.285
Samsung Galaxy Book 2,Smartphone,3.0,good age out community,Flipkart,2023-12-01,0.4404,none,0.21
Samsung Galaxy A14,Smartphone,3.0,worth it of officer among american away day truth more,Flipkart,2023-01-19,0.4939,none,0.21
Samsung Galaxy A54,Smartphone,4.0,good indeed east officer court year media there same,Flipkart,2023-03-09,0.4404,none,0.135
Samsung Galaxy Tab S7 FE,Smartphone,1.0,waste of money whether oil fight summer method meet song,Amazon,2023-01-15,-0.6597,general_issue,0.82388
Samsung Galaxy M34,Smartphone,4.0,average wind nice direction,Flipkart,2022-06-10,0.4215,none,0.135
Samsung Galaxy Tab S7 FE,Smartphone,4.0,bad people who writer task can matter,Flipkart,2023-06-16,-0.5267,general_issue,0.5456799999999999
Samsung Galaxy M34,Smartphone,1.0,average difficult new skill per theory small generation issue camera quality is poor,Amazon,2022-08-06,-0.6808,camera,0.83232
Samsung Galaxy A14,Smartphone,3.0,worth it sort beyond development guy they issue display flickering,Amazon,2024-06-07,0.2263,display,0.41
Samsung Galaxy M34,Smartphone,1.0,bad citizen budget participant certain establish newspaper card couple issue camera quality is poor,Amazon,2024-12-30,-0.6705,camera,0.8282
Samsung Galaxy Tab S7 FE,Smartphone,4.0,excellent court evidence very social live form authority,Flipkart,2022-02-06,0.6124,none,0.135
Samsung Galaxy Tab S7 FE,Smartphone,4.0,excellent rich budget then third price occur player,Flipkart,2022-01-12,0.8074,none,0.135
Samsung Galaxy S23,Smartphone,4.0,worth it area trial science land political report everyone economic,Amazon,2024-03-19,0.2263,sound,0.335
Samsung Galaxy M53,Smartphone,3.0,good yeah must big administration always high deal issue camera quality is poor,Flipkart,2022-08-27,0.25,camera,0.41
Samsung Galaxy A34,Smartphone,5.0,good section would especially staff certain,Amazon,2022-01-28,0.6461,none,0.06
Samsung Galaxy S22,Smartphone,1.0,bad describe area rise very add,Flipkart,2022-12-18,-0.5423,general_issue,0.77692
Samsung Galaxy M14,Smartphone,4.0,average close really fall value author,Amazon,2024-09-04,0.3976,software,0.335
Samsung Buds Live,Accessories,5.0,waste of money much total soon traditional,Flipkart,2024-07-31,-0.4215,general_issue,0.4286
Samsung Galaxy S22,Smartphone,4.0,bad fly tonight news tax population part,Amazon,2024-04-09,-0.5423,general_issue,0.55192
Samsung Charger 25W,Accessories,4.0,average design red give actually skill,Amazon,2024-09-23,0.0,none,0.135
Samsung Charger 25W,Accessories,3.0,not great such head happen power red worker issue charging problem,Amazon,2023-09-13,-0.7179,battery,0.69716
Samsung Galaxy Watch6,Smartphone,3.0,delivery was delayed but the product is great,Flipkart,2024-01-09,0.7351,performance,0.41
Samsung Galaxy A14,Smartphone,5.0,average two dog reach clearly market factor,Flipkart,2024-03-19,0.4215,none,0.06
Samsung Galaxy S23,Smartphone,2.0,waste of money matter rate forget region five walk issue charging problem,Amazon,2023-09-12,-0.743,battery,0.7822
Samsung Galaxy M34,Smartphone,4.0,average remember travel military,Amazon,2022-06-29,0.0,none,0.135
Samsung Washing Machine,Other,2.0,nice product but a bit overpriced,Amazon,2022-09-14,0.2263,none,0.285
Samsung Galaxy A14,Smartphone,4.0,bad statement factor woman such,Amazon,2022-10-04,-0.5423,general_issue,0.55192
Samsung Galaxy Tab A8,Smartphone,4.0,bad marriage know risk look ten,Flipkart,2022-01-29,-0.6808,general_issue,0.6073200000000001
Samsung Buds 2,Accessories,5.0,excellent hand allow back husband create politics she sing,Amazon,2023-01-26,0.872,none,0.06
Samsung Galaxy Tab A8,Smartphone,1.0,average huge call save trip although book others,Flipkart,2022-08-18,0.6705,none,0.36
Samsung Galaxy A34,Smartphone,5.0,not great defense left floor management,Amazon,2022-02-02,-0.5667,none,0.28668
Samsung Galaxy Book 3,Smartphone,1.0,good however require outside medical will no writer fall,Flipkart,2023-01-21,0.1779,software,0.56
Samsung Galaxy Tab A8,Smartphone,4.0,not great across middle section care above catch professor hope,Flipkart,2022-02-24,0.4226,software,0.335
Samsung Galaxy M34,Smartphone,4.0,excellent poor report here rise choose computer ever,Flipkart,2023-03-05,0.1531,software,0.335
Samsung Galaxy Tab S7 FE,Smartphone,4.0,average second late though myself more home,Amazon,2024-09-12,0.0,none,0.135
Samsung Galaxy M34,Smartphone,5.0,waste of money or leader movie deep,Flipkart,2022-10-25,-0.4215,general_issue,0.4286
Samsung Galaxy S22,Smartphone,4.0,average drop movie statement plant worry business,Flipkart,2023-05-11,-0.6124,none,0.37996
Samsung Galaxy Book 2,Smartphone,4.0,good fast thought bill real after herself raise again,Flipkart,2024-06-11,0.4404,none,0.135
Samsung Galaxy A54,Smartphone,5.0,excellent laugh effort short company its bag,Flipkart,2023-01-26,0.8074,none,0.06
Samsung Galaxy S22,Smartphone,4.0,not great including country above simply traditional speech,Amazon,2022-06-26,-0.5096,none,0.33884
Samsung Galaxy Tab A8,Smartphone,5.0,excellent word officer goal,Amazon,2023-09-09,0.5719,none,0.06
Samsung Galaxy Book 3,Smartphone,2.0,worth it shake again suggest special issue overheating issue,Amazon,2024-08-07,0.4404,heating,0.485
Samsung Buds 2,Accessories,4.0,good suggest yet foreign try teacher defense,Amazon,2022-10-31,0.5267,none,0.135
Samsung Galaxy A34,Smartphone,1.0,good nature let red great want issue slow performance,Flipkart,2024-08-28,0.8074,performance,0.56
Samsung Galaxy Tab S7 FE,Smartphone,1.0,bad second able bad my something mission training issue overheating issue,Flipkart,2024-05-14,-0.7906,heating,0.8762400000000001
Samsung Galaxy M14,Smartphone,1.0,good serve fine no,Amazon,2022-02-14,0.3612,none,0.36
Samsung Buds Live,Accessories,4.0,good list father factor forget interview cover,Amazon,2022-08-27,0.25,none,0.135
Samsung Buds 2,Accessories,4.0,not great painting natural always,Amazon,2022-12-07,-0.6602,none,0.39908
Samsung Galaxy Book 3,Smartphone,3.0,worth it lead return process rather issue battery draining fast,Amazon,2022-11-09,0.2263,battery,0.41
Samsung Galaxy S22,Smartphone,1.0,worth it grow road program short seven series issue charging problem,Amazon,2024-06-30,-0.2023,battery,0.6409199999999999
Samsung Galaxy M14,Smartphone,3.0,waste of money people whether east degree issue overheating issue,Amazon,2024-09-20,-0.4215,heating,0.5786
Samsung Buds 2,Accessories,5.0,not great page trade can at authority travel safe begin,Flipkart,2024-08-23,-0.0243,none,0.06972
Samsung Galaxy M34,Smartphone,2.0,not great employee anything drive generation issue camera quality is poor,Flipkart,2022-02-10,-0.7502,camera,0.78508
Samsung Galaxy A14,Smartphone,1.0,worth it large family turn sort agent issue charging problem,Amazon,2024-07-09,-0.2023,battery,0.6409199999999999
Samsung Galaxy Tab A8,Smartphone,4.0,worth it campaign reach lot,Flipkart,2023-05-12,0.25,none,0.135
Samsung Galaxy Tab S7 FE,Smartphone,4.0,average cold this realize anything,Flipkart,2023-02-17,0.0,none,0.135
Samsung Galaxy A34,Smartphone,3.0,waste of money value simply low ask company issue charging problem,Flipkart,2023-08-27,-0.6369,battery,0.66476
Samsung Galaxy Book 2,Smartphone,3.0,bad the sort its because hit together minute issue battery draining fast,Amazon,2024-03-13,-0.5423,battery,0.6269200000000001
Samsung Charger 25W,Accessories,3.0,bad wonder available really theory realize here,Flipkart,2022-04-15,-0.5423,general_issue,0.6269200000000001
Samsung Galaxy S22,Smartphone,5.0,bad accept hour carry husband trade,Amazon,2023-11-15,-0.2263,general_issue,0.35052
Samsung Galaxy S21 FE,Smartphone,3.0,worth it follow maintain like significant gas drop issue recently issue slow performance,Flipkart,2022-01-17,0.4767,performance,0.41
Samsung Galaxy Tab A8,Smartphone,4.0,average sell include lead threat bill,Flipkart,2022-07-30,-0.5267,none,0.34568
Samsung Galaxy S23,Smartphone,5.0,bad kid value interview official person enough at,Amazon,2024-06-03,-0.2732,general_issue,0.36928
Samsung Galaxy M14,Smartphone,5.0,not great interesting i according staff security,Flipkart,2024-05-01,-0.4857,none,0.25428
Samsung Galaxy M34,Smartphone,4.0,excellent age account whether employee red research feeling,Amazon,2024-10-12,0.6369,none,0.135
Samsung Buds Live,Accessories,4.0,not great there picture eight same,Flipkart,2023-08-19,-0.5096,camera,0.53884
Samsung Charger 25W,Accessories,3.0,bad than hospital public medical she issue charging problem,Amazon,2022-03-17,-0.7351,battery,0.70404
Samsung Galaxy A34,Smartphone,4.0,bad operation study put seek including,Flipkart,2024-09-25,-0.5423,general_issue,0.55192
Samsung Galaxy S22,Smartphone,4.0,not great type catch peace physical gun,Flipkart,2024-03-29,-0.2946,none,0.25284
Samsung Galaxy S22,Smartphone,1.0,waste of money early across stuff page house program share issue overheating issue,Flipkart,2024-09-22,-0.1531,heating,0.62124
Samsung Galaxy M53,Smartphone,4.0,good million your buy decision edge statement husband,Flipkart,2024-11-17,0.4404,none,0.135
Samsung Charger 25W,Accessories,5.0,good across once tough state,Flipkart,2024-09-26,0.34,software,0.26
Samsung Galaxy M53,Smartphone,4.0,worth it listen can his themselves likely eat information,Flipkart,2023-04-20,0.2263,none,0.135
Samsung Buds 2,Accessories,4.0,not great risk idea mouth kitchen attorney weight through,Amazon,2022-05-05,-0.357,none,0.2778
Samsung Galaxy Tab A8,Smartphone,3.0,bad rise social special service issue slow performance,Amazon,2024-12-17,-0.2023,performance,0.49092
Samsung Galaxy M34,Smartphone,5.0,waste of money successful data fine attack game stop better,Flipkart,2022-02-08,0.1027,general_issue,0.26
Samsung Galaxy Book 3,Smartphone,5.0,not great technology yet establish,Amazon,2024-05-14,-0.5096,none,0.26384
Samsung Charger 25W,Accessories,3.0,waste of money rate evidence hair learn help issue battery draining fast,Flipkart,2023-10-09,-0.0258,battery,0.4203199999999999
Samsung Galaxy S22,Smartphone,4.0,bad stuff our who both group time task,Amazon,2022-05-11,-0.5423,general_issue,0.55192
Samsung Buds Live,Accessories,2.0,worth it point weight policy six great parent,Amazon,2023-07-03,0.7184,none,0.285
Samsung Galaxy Book 3,Smartphone,4.0,waste of money section less benefit sign development teach,Flipkart,2024-05-04,-0.024,general_issue,0.3446
Samsung Buds 2,Accessories,4.0,average more include poor attack huge tax,Amazon,2024-08-27,-0.6643,general_issue,0.6007200000000001
Samsung Galaxy A34,Smartphone,3.0,good suddenly travel take record six marriage control,Amazon,2022-08-28,0.4404,none,0.21
Samsung Buds Live,Accessories,5.0,bad political bar data response region occur,Flipkart,2024-10-10,-0.5423,general_issue,0.47692
Samsung Charger 25W,Accessories,3.0,good major can alone might issue camera quality is poor,Amazon,2023-12-12,-0.296,camera,0.5284
Samsung Galaxy S21 FE,Smartphone,4.0,excellent listen pay worry southern act,Flipkart,2024-07-07,0.1027,none,0.135
Samsung Galaxy Tab S7 FE,Smartphone,3.0,average include car down spring issue camera quality is poor,Flipkart,2024-06-12,-0.4767,camera,0.6006800000000001
Samsung Galaxy M14,Smartphone,1.0,average miss man none edge explain,Amazon,2022-02-12,-0.1531,none,0.42124
Samsung Buds 2,Accessories,5.0,excellent season eat institution whose,Amazon,2022-11-27,0.5719,software,0.26
