Review_ID,Product_ID,Platform_ID,Issue_ID,Date_ID,Rating,Sentiment_score,RSI
1,1,1,1,1,5.0,0.5859,0.06
2,2,2,2,2,2.0,-0.4215,0.6536
3,3,1,1,3,5.0,0.0772,0.06
4,4,1,1,4,4.0,0.4404,0.135
5,5,1,3,5,1.0,0.296,0.56
6,6,2,4,6,4.0,-0.5423,0.55192
7,7,1,1,7,2.0,-0.1695,0.3528
8,8,2,1,8,5.0,0.7184,0.06
9,5,2,4,9,5.0,-0.5423,0.47692
10,5,2,1,10,3.0,-0.5096,0.41384
11,9,1,4,11,5.0,-0.4215,0.4286
12,10,1,1,12,1.0,0.2263,0.36
13,11,2,1,13,4.0,0.5994,0.135
14,9,1,1,14,4.0,0.4404,0.135
15,12,1,1,15,5.0,-0.2387,0.15548
16,1,1,1,16,3.0,0.0,0.21
17,13,1,1,17,4.0,0.7717,0.135
18,14,2,5,18,4.0,0.4404,0.335
19,9,1,4,19,5.0,-0.4215,0.4286
20,6,2,4,20,5.0,-0.4215,0.4286
21,15,2,4,21,1.0,-0.5423,0.77692
22,2,1,2,22,2.0,-0.5423,0.7019200000000001
23,15,2,6,23,1.0,-0.5423,0.77692
24,4,1,1,24,4.0,0.5719,0.135
25,16,1,1,25,5.0,-0.1695,0.1278
26,9,2,1,21,3.0,0.5719,0.21
27,3,1,1,26,4.0,-0.5096,0.33884
28,14,1,1,27,4.0,-0.2718,0.24372
29,8,1,1,28,4.0,-0.5096,0.33884
30,15,1,1,7,3.0,0.743,0.21
31,6,2,1,29,4.0,0.2263,0.135
32,12,2,3,30,2.0,-0.4215,0.6536
33,4,2,1,31,4.0,-0.2008,0.21532
34,3,1,1,32,1.0,-0.5096,0.5638400000000001
35,3,2,3,33,3.0,0.6705,0.41
36,12,2,5,34,3.0,0.2263,0.41
37,2,2,1,35,4.0,-0.5096,0.33884
38,8,1,3,36,2.0,-0.5096,0.6888400000000001
39,13,1,4,37,4.0,-0.1531,0.39624
40,17,1,6,38,3.0,0.0015,0.41
41,2,1,5,39,5.0,0.4019,0.26
42,17,2,5,40,1.0,0.0,0.56
43,9,1,7,41,3.0,-0.7502,0.71008
44,3,2,1,42,4.0,0.4404,0.135
45,4,2,1,43,2.0,0.4404,0.285
46,6,1,1,44,4.0,0.4404,0.135
47,9,1,1,45,4.0,0.5423,0.135
48,12,1,6,46,2.0,-0.2023,0.56592
49,17,2,1,47,5.0,0.2263,0.06
50,7,1,8,14,4.0,0.0,0.335
51,15,1,5,48,4.0,-0.2023,0.41592
52,6,2,6,30,3.0,-0.5975,0.649
53,10,2,1,21,5.0,0.0,0.06
54,14,2,1,49,2.0,0.0,0.285
55,17,1,1,50,4.0,-0.1265,0.1856
56,11,1,1,51,5.0,0.5719,0.06
57,9,1,1,52,4.0,0.7096,0.135
58,3,2,6,53,2.0,-0.4215,0.6536
59,11,1,6,54,2.0,0.25,0.485
60,12,1,1,55,3.0,-0.5423,0.42692
61,8,1,5,56,5.0,-0.5096,0.46384
62,18,2,7,57,3.0,0.6369,0.41
63,7,1,8,58,2.0,0.0,0.485
64,19,1,1,4,2.0,0.0,0.285
65,9,1,1,59,5.0,0.0,0.06
66,5,1,6,60,3.0,0.0258,0.41
67,5,2,6,61,3.0,-0.5719,0.63876
68,4,1,1,62,4.0,0.4404,0.135
69,15,2,1,63,3.0,0.7783,0.21
70,20,2,2,64,3.0,0.5859,0.41
71,1,1,4,65,4.0,-0.7096,0.6188400000000001
72,17,1,6,66,1.0,0.4404,0.56
73,4,1,1,10,5.0,0.0,0.06
74,12,2,9,67,3.0,0.8885,0.41
75,4,2,4,68,5.0,-0.5423,0.47692
76,18,1,1,69,3.0,0.2263,0.21
77,16,1,10,70,1.0,0.5859,0.56
78,2,2,4,71,4.0,-0.1531,0.39624
79,21,2,7,72,2.0,0.6369,0.485
80,10,1,10,73,1.0,0.5859,0.56
81,3,1,4,74,1.0,-0.4215,0.7286000000000001
82,15,2,4,75,3.0,-0.5423,0.6269200000000001
83,12,2,1,76,4.0,-0.7115,0.4196
84,12,1,4,77,4.0,-0.5423,0.55192
85,8,2,3,78,2.0,0.2732,0.485
86,12,1,9,6,3.0,0.5719,0.41
87,16,2,1,79,1.0,0.7778,0.36
88,4,1,1,80,4.0,0.2263,0.135
89,9,2,4,81,5.0,-0.5423,0.47692
90,1,2,3,82,3.0,-0.4215,0.5786
91,22,2,1,83,4.0,0.4404,0.135
92,17,1,6,63,1.0,-0.3875,0.7150000000000001
93,13,1,1,84,3.0,0.4404,0.21
94,15,1,7,85,3.0,-0.4215,0.5786
95,16,2,9,86,2.0,0.7351,0.485
96,1,2,1,87,5.0,0.0,0.06
97,12,2,2,88,3.0,-0.6908,0.68632
98,11,1,3,89,2.0,-0.4577,0.66808
99,6,2,6,90,2.0,0.296,0.485
100,14,2,1,91,4.0,0.2263,0.135
101,6,2,1,9,5.0,-0.5096,0.26384
102,3,1,1,92,4.0,0.5719,0.135
103,11,2,1,93,4.0,0.2263,0.135
104,1,2,4,94,2.0,-0.5423,0.7019200000000001
105,9,2,1,95,3.0,-0.5096,0.41384
106,7,1,10,96,1.0,0.5859,0.56
107,2,2,1,97,4.0,0.0,0.135
108,22,2,1,98,4.0,0.0,0.135
109,6,1,7,99,3.0,0.3818,0.41
110,11,1,4,55,4.0,-0.5423,0.55192
111,6,2,1,25,5.0,0.0,0.06
112,17,1,4,1,3.0,-0.5267,0.6206800000000001
113,17,1,3,100,5.0,0.0,0.26
114,23,1,1,101,4.0,0.2263,0.135
115,4,2,6,102,1.0,-0.6705,0.8282
116,4,2,1,103,5.0,0.0,0.06
117,2,2,1,104,4.0,-0.5096,0.33884
118,9,1,4,105,4.0,-0.2263,0.42552
119,17,1,6,106,3.0,-0.2023,0.49092
120,24,1,1,107,3.0,0.0,0.21
121,8,1,5,108,4.0,-0.711,0.6194
122,2,1,4,109,4.0,-0.3182,0.46228
123,22,1,7,110,1.0,-0.3182,0.6872800000000001
124,23,1,9,108,3.0,0.0,0.41
125,1,2,2,17,3.0,-0.5423,0.6269200000000001
126,12,1,4,90,5.0,-0.4215,0.4286
127,13,2,1,111,2.0,-0.5096,0.48884
128,14,2,1,112,4.0,0.4404,0.135
129,4,2,1,113,5.0,-0.3818,0.21272
130,22,1,1,114,1.0,-0.5096,0.5638400000000001
131,5,2,6,115,3.0,0.0,0.41
132,5,2,2,116,3.0,-0.2023,0.49092
133,23,2,4,117,4.0,-0.4215,0.5036
134,4,1,1,118,3.0,0.5859,0.21
135,16,2,1,119,5.0,0.0,0.06
136,12,1,6,120,2.0,-0.6705,0.7532000000000001
137,6,2,8,121,4.0,0.4404,0.335
138,1,2,1,122,4.0,0.4404,0.135
139,6,1,2,123,3.0,0.6597,0.41
140,22,2,1,39,4.0,0.4588,0.135
141,14,2,4,124,5.0,-0.5423,0.47692
142,13,1,6,125,3.0,0.6369,0.41
143,3,2,1,126,5.0,0.7506,0.06
144,4,1,1,127,4.0,-0.5096,0.33884
145,14,1,4,128,5.0,-0.4215,0.4286
146,3,1,1,129,3.0,0.4404,0.21
147,22,1,9,130,1.0,-0.4215,0.7286000000000001
148,22,2,7,131,3.0,0.4404,0.41
149,23,2,1,78,5.0,0.4404,0.06
150,14,2,5,132,4.0,0.4215,0.335
151,9,1,9,133,1.0,0.743,0.56
152,23,1,1,134,4.0,-0.5096,0.33884
153,3,2,1,135,4.0,0.0,0.135
154,12,1,4,136,4.0,-0.4215,0.5036
155,4,1,4,82,4.0,-0.5423,0.55192
156,17,2,1,137,3.0,0.0,0.21
157,12,2,1,138,5.0,0.0,0.06
158,22,2,11,139,4.0,-0.4215,0.5036
159,3,1,6,140,2.0,-0.1779,0.55616
160,23,2,1,141,3.0,-0.4577,0.39308
161,2,1,1,142,4.0,0.5719,0.135
162,17,2,1,143,5.0,0.0,0.06
163,11,1,7,144,3.0,0.6369,0.41
164,5,2,1,145,5.0,0.4404,0.06
165,5,2,6,146,2.0,-0.4019,0.6457600000000001
166,16,2,3,147,3.0,0.0,0.41
167,2,1,1,19,4.0,0.0,0.135
168,24,1,1,148,3.0,0.0,0.21
169,24,1,3,149,2.0,0.0,0.485
170,8,2,10,150,5.0,0.7269,0.26
171,22,1,1,151,1.0,0.4404,0.36
172,4,1,1,152,3.0,0.5719,0.21
173,17,2,4,153,1.0,-0.4215,0.7286000000000001
174,5,1,1,154,3.0,0.0,0.21
175,5,2,1,149,3.0,0.2263,0.21
176,9,1,1,155,4.0,0.2263,0.135
177,17,1,4,156,5.0,-0.0516,0.28064
178,17,2,1,157,1.0,0.0,0.36
179,6,2,1,158,1.0,0.0,0.36
180,15,1,1,159,5.0,0.34,0.06
181,13,2,4,160,5.0,-0.296,0.3784
182,8,1,1,161,4.0,0.5719,0.135
183,23,1,5,162,2.0,0.2263,0.485
184,22,1,5,161,2.0,0.6124,0.485
185,15,2,1,163,4.0,0.0,0.135
186,15,1,4,164,5.0,-0.5423,0.47692
187,4,1,6,165,2.0,0.5719,0.485
188,19,1,1,31,5.0,0.7778,0.06
189,15,1,1,166,4.0,0.0,0.135
190,23,2,1,167,4.0,0.2263,0.135
191,17,2,4,168,4.0,-0.5423,0.55192
192,8,1,4,169,4.0,-0.8957,0.6932800000000001
193,23,1,1,170,3.0,0.34,0.21
194,10,1,1,171,3.0,0.0,0.21
195,17,1,4,172,4.0,-0.5423,0.55192
196,15,2,1,173,3.0,-0.1695,0.2778
197,15,1,9,174,2.0,0.0,0.485
198,23,2,4,175,4.0,-0.5423,0.55192
199,8,1,3,176,2.0,-0.0516,0.50564
200,6,1,1,177,4.0,0.4404,0.135
201,3,2,1,178,4.0,-0.5096,0.33884
202,1,1,3,164,4.0,0.0,0.335
203,21,1,2,179,2.0,0.5859,0.485
204,12,1,1,180,5.0,-0.25,0.16
205,9,1,8,9,5.0,-0.25,0.36
206,12,1,1,181,4.0,0.2263,0.135
207,1,1,1,157,4.0,0.5106,0.135
208,9,1,1,182,5.0,0.5719,0.06
209,14,2,1,183,4.0,0.743,0.135
210,14,2,1,184,2.0,0.539,0.285
211,22,1,5,185,4.0,0.3612,0.335
212,9,1,4,186,4.0,-0.5267,0.5456799999999999
213,14,2,1,187,5.0,0.4404,0.06
214,15,2,1,188,4.0,-0.5096,0.33884
215,23,1,1,12,5.0,0.0,0.06
216,2,1,1,189,2.0,0.6124,0.285
217,11,2,9,190,3.0,0.7351,0.41
218,4,1,1,191,2.0,0.3182,0.285
219,13,1,9,158,1.0,-0.4939,0.75756
220,13,2,1,192,3.0,0.0,0.21
221,3,1,1,193,4.0,0.2263,0.135
222,13,2,5,68,2.0,0.5994,0.485
223,22,2,4,150,5.0,-0.4215,0.4286
224,22,1,1,194,5.0,0.4215,0.06
225,15,2,4,195,3.0,-0.4215,0.5786
226,11,1,4,196,5.0,-0.4215,0.4286
227,17,1,1,197,5.0,0.6249,0.06
228,3,2,9,198,3.0,0.5267,0.41
229,2,1,1,199,4.0,0.2263,0.135
230,5,1,5,200,5.0,-0.4019,0.42076
231,8,2,4,133,4.0,0.0258,0.335
232,8,1,5,201,5.0,0.5574,0.26
233,3,1,1,202,4.0,-0.7582,0.43828
234,11,2,6,203,2.0,-0.6256,0.7352400000000001
235,3,2,4,204,5.0,0.5859,0.26
236,11,1,1,205,3.0,0.0,0.21
237,12,2,1,206,4.0,0.2263,0.135
238,1,2,1,173,3.0,-0.5113,0.41452
239,11,2,6,207,2.0,0.5719,0.485
240,10,1,9,208,2.0,0.0,0.485
241,22,2,1,209,5.0,0.5574,0.06
242,3,1,6,210,3.0,-0.5096,0.6138400000000002
243,5,2,3,211,3.0,0.2263,0.41
244,9,2,6,212,3.0,-0.5096,0.6138400000000002
245,17,2,1,213,4.0,0.1043,0.135
246,13,1,1,214,3.0,0.4404,0.21
247,17,2,6,215,1.0,-0.4215,0.7286000000000001
248,1,1,6,216,2.0,-0.7096,0.76884
249,15,1,1,217,5.0,0.4404,0.06
250,9,2,1,218,5.0,-0.5096,0.26384
251,5,2,4,219,4.0,-0.5423,0.55192
252,5,2,3,220,3.0,0.2263,0.41
253,15,2,1,221,5.0,0.4404,0.06
254,14,2,3,222,2.0,-0.4215,0.6536
255,1,2,1,223,1.0,0.6486,0.36
256,22,2,4,224,5.0,-0.4215,0.4286
257,12,1,1,225,4.0,0.3612,0.135
258,12,1,1,226,5.0,-0.296,0.1784
259,4,2,9,227,3.0,-0.128,0.4612
260,15,1,1,228,4.0,0.0,0.135
261,1,1,1,229,4.0,-0.5096,0.33884
262,6,2,6,230,2.0,0.0,0.485
263,23,1,6,231,3.0,-0.5096,0.6138400000000002
264,8,2,1,232,4.0,0.0,0.135
265,4,2,1,198,2.0,0.0516,0.285
266,15,1,4,75,4.0,-0.4215,0.5036
267,15,1,5,233,2.0,0.0,0.485
268,5,2,2,234,1.0,0.0,0.56
269,4,2,2,235,3.0,0.296,0.41
270,15,1,1,228,2.0,0.7579,0.285
271,21,1,1,236,5.0,0.7579,0.06
272,8,2,6,237,3.0,-0.7351,0.70404
273,5,2,1,238,5.0,-0.0516,0.08064
274,6,2,1,239,4.0,-0.5096,0.33884
275,14,2,1,240,4.0,0.2263,0.135
276,14,1,4,241,5.0,-0.5423,0.47692
277,2,2,5,242,4.0,0.6728,0.335
278,5,2,5,198,4.0,-0.4215,0.5036
279,5,1,1,243,3.0,0.2023,0.21
280,4,2,1,244,4.0,-0.0243,0.14472
281,22,2,1,218,5.0,-0.5096,0.26384
282,11,1,1,245,4.0,0.2263,0.135
283,4,1,6,246,2.0,-0.5096,0.6888400000000001
284,6,2,4,247,4.0,-0.4215,0.5036
285,23,2,4,102,4.0,-0.4215,0.5036
286,13,2,1,138,4.0,0.2263,0.135
287,13,1,4,248,4.0,-0.5423,0.55192
288,8,1,6,96,3.0,-0.4019,0.5707600000000002
289,23,2,1,249,4.0,0.2263,0.135
290,5,1,1,250,5.0,0.7269,0.06
291,14,2,1,251,4.0,0.5719,0.135
292,23,1,5,252,4.0,-0.6124,0.57996
293,23,2,1,34,5.0,0.0,0.06
294,11,1,6,253,2.0,-0.6705,0.7532000000000001
295,8,2,4,254,5.0,-0.4767,0.45068
296,9,1,6,26,3.0,-0.6705,0.6782000000000001
297,23,2,4,255,4.0,-0.5423,0.55192
298,1,2,4,256,5.0,-0.5423,0.47692
299,23,1,1,257,4.0,0.4404,0.135
300,13,1,1,258,4.0,0.2263,0.135
301,17,2,1,259,3.0,-0.5096,0.41384
302,9,2,1,260,2.0,0.0015,0.285
303,15,1,1,261,5.0,0.4404,0.06
304,12,1,1,116,4.0,0.4404,0.135
305,11,1,1,97,5.0,0.7003,0.06
306,8,2,1,262,5.0,-0.5096,0.26384
307,6,1,1,29,4.0,0.4416,0.135
308,2,1,6,168,1.0,-0.4019,0.7207600000000001
309,5,1,4,263,4.0,-0.1531,0.39624
310,5,2,5,264,4.0,-0.5423,0.55192
311,2,2,4,265,5.0,-0.5423,0.47692
312,1,1,1,266,4.0,0.3612,0.135
313,23,1,1,267,5.0,0.4404,0.06
314,6,1,3,268,2.0,0.0,0.485
315,14,2,4,112,4.0,-0.4215,0.5036
316,15,1,2,269,2.0,-0.4215,0.6536
317,12,1,1,270,1.0,-0.5096,0.5638400000000001
318,23,1,1,237,4.0,0.5719,0.135
319,18,1,1,118,1.0,0.4404,0.36
320,23,1,1,184,1.0,-0.4717,0.5486800000000001
321,2,1,4,271,3.0,-0.4215,0.5786
322,3,2,1,272,3.0,-0.1877,0.28508
323,17,2,1,246,5.0,0.1779,0.06
324,3,2,1,273,5.0,0.0,0.06
325,15,1,6,274,2.0,-0.4215,0.6536
326,3,2,4,275,5.0,-0.4215,0.4286
327,9,2,1,276,1.0,0.4404,0.36
328,5,2,1,277,4.0,0.296,0.135
329,3,2,7,278,4.0,0.5719,0.335
330,12,1,4,224,5.0,-0.4019,0.42076
331,5,1,1,279,4.0,0.0,0.135
332,15,2,4,280,5.0,0.2263,0.26
333,17,1,3,183,3.0,-0.5423,0.6269200000000001
334,8,1,4,281,4.0,-0.4215,0.5036
335,22,1,1,282,5.0,0.0,0.06
336,9,1,9,191,2.0,0.0,0.485
337,17,2,1,283,5.0,0.7003,0.06
338,13,1,1,189,4.0,0.0,0.135
339,6,1,1,284,5.0,0.5423,0.06
340,9,2,2,285,2.0,-0.5423,0.7019200000000001
341,6,2,4,286,4.0,-0.4215,0.5036
342,8,1,1,287,4.0,0.296,0.135
343,1,2,4,288,4.0,-0.5423,0.55192
344,17,2,6,289,3.0,-0.7351,0.70404
345,6,2,1,290,4.0,-0.6479,0.39416
346,13,1,4,291,3.0,-0.4215,0.5786
347,6,1,6,55,3.0,0.9118,0.41
348,4,2,1,23,4.0,-0.0516,0.15564
349,10,2,5,292,1.0,0.0,0.56
350,23,2,4,293,5.0,0.0516,0.26
351,11,2,1,294,3.0,0.2263,0.21
352,23,1,1,295,5.0,0.4588,0.06
353,6,1,4,296,4.0,-0.1027,0.37608
354,20,2,10,297,1.0,0.5859,0.56
355,5,1,1,298,5.0,0.2023,0.06
356,2,2,4,299,4.0,-0.4215,0.5036
357,12,2,1,300,3.0,0.0015,0.21
358,1,2,1,45,5.0,0.4404,0.06
359,22,2,3,301,3.0,0.2263,0.41
360,1,2,1,302,1.0,0.6486,0.36
361,15,2,1,303,5.0,-0.4508,0.24032
362,6,1,6,304,1.0,-0.6705,0.8282
363,13,1,9,305,3.0,0.5719,0.41
364,8,1,9,157,3.0,-0.5423,0.6269200000000001
365,23,2,1,43,4.0,0.0,0.135
366,4,2,5,306,5.0,0.4404,0.26
367,6,1,1,307,5.0,-0.5096,0.26384
368,1,1,1,85,5.0,0.7506,0.06
369,22,2,6,308,3.0,-0.34,0.546
370,1,2,1,309,2.0,0.1027,0.285
371,12,2,3,310,4.0,0.5719,0.335
372,14,2,9,253,5.0,-0.5096,0.46384
373,9,1,2,229,3.0,0.5719,0.41
374,1,2,5,107,4.0,0.4404,0.335
375,15,1,1,198,5.0,-0.5096,0.26384
376,6,1,1,311,5.0,0.25,0.06
377,12,1,4,312,5.0,-0.4215,0.4286
378,25,2,6,313,4.0,0.4404,0.335
379,2,2,5,314,3.0,-0.4215,0.5786
380,2,2,1,207,1.0,0.2263,0.36
381,13,2,6,315,3.0,0.0516,0.41
382,5,1,1,316,4.0,0.7845,0.135
383,8,2,1,253,4.0,0.6597,0.135
384,3,1,1,93,2.0,0.4404,0.285
385,4,2,6,164,3.0,-0.6705,0.6782000000000001
386,14,1,1,317,3.0,0.6249,0.21
387,12,2,1,264,4.0,0.1027,0.135
388,13,1,4,315,5.0,-0.1531,0.32124
389,14,1,4,318,5.0,-0.5423,0.47692
390,22,1,6,319,4.0,0.4404,0.335
391,5,2,7,320,2.0,-0.4767,0.6756800000000001
392,13,1,6,321,4.0,0.5719,0.335
393,11,2,1,322,4.0,0.5719,0.135
394,17,1,1,323,5.0,0.4404,0.06
395,8,1,7,154,1.0,-0.7096,0.8438400000000001
396,13,1,1,207,4.0,-0.6759,0.40536
397,5,2,5,37,3.0,0.7579,0.41
398,6,2,1,324,4.0,0.5719,0.135
399,10,2,1,325,2.0,-0.1695,0.3528
400,22,2,1,326,4.0,0.7845,0.135
401,24,2,1,327,1.0,0.4201,0.36
402,11,2,5,328,1.0,0.4215,0.56
403,17,2,1,174,4.0,0.2023,0.135
404,12,1,1,329,1.0,0.0,0.36
405,1,2,1,330,1.0,0.7906,0.36
406,14,1,3,178,3.0,0.5719,0.41
407,8,1,1,331,4.0,0.6705,0.135
408,5,2,1,195,5.0,0.0,0.06
409,2,2,1,332,4.0,-0.5096,0.33884
410,17,2,1,333,4.0,0.296,0.135
411,8,1,4,334,5.0,-0.5423,0.47692
412,8,2,1,335,4.0,-0.5096,0.33884
413,2,2,4,336,5.0,-0.5423,0.47692
414,9,2,1,337,5.0,0.0,0.06
415,2,2,5,280,4.0,0.4404,0.335
416,14,1,4,274,5.0,-0.5423,0.47692
417,5,1,1,338,4.0,-0.0243,0.14472
418,17,2,1,339,4.0,0.4404,0.135
419,2,2,2,269,3.0,-0.2023,0.49092
420,23,1,1,340,2.0,-0.5096,0.48884
421,5,2,2,193,3.0,0.2263,0.41
422,8,1,5,341,3.0,-0.34,0.546
423,12,2,1,342,4.0,-0.5096,0.33884
424,11,2,2,343,1.0,0.4404,0.56
425,9,2,6,344,2.0,-0.8225,0.8140000000000001
426,13,1,9,345,3.0,0.2746,0.41
427,5,1,1,346,4.0,0.0,0.135
428,22,2,6,347,2.0,-0.4203,0.6531200000000001
429,15,2,9,12,1.0,0.8316,0.56
430,23,1,4,220,5.0,-0.5423,0.47692
431,21,2,1,348,1.0,0.4404,0.36
432,13,1,4,143,5.0,-0.25,0.36
433,12,1,4,17,4.0,-0.4215,0.5036
434,22,2,4,349,4.0,-0.4215,0.5036
435,12,1,4,287,5.0,-0.4215,0.4286
436,11,2,7,350,3.0,0.4404,0.41
437,17,1,6,4,5.0,0.0,0.26
438,3,1,1,130,5.0,-0.5096,0.26384
439,4,2,4,351,4.0,-0.4215,0.5036
440,22,1,1,352,4.0,0.5719,0.135
441,10,1,1,353,3.0,-0.1695,0.2778
442,1,1,1,354,5.0,0.5719,0.06
443,18,1,1,355,4.0,0.7778,0.135
444,22,2,5,356,4.0,-0.5096,0.53884
445,9,1,4,308,4.0,-0.5719,0.56376
446,10,2,1,357,2.0,0.4201,0.285
447,14,1,4,358,4.0,-0.1779,0.40616
448,3,1,9,359,3.0,-0.4215,0.5786
449,11,2,1,360,3.0,0.0,0.21
450,23,1,6,361,3.0,0.5719,0.41
451,14,1,1,362,5.0,-0.5096,0.26384
452,15,2,1,363,4.0,-0.6902,0.41108
453,6,1,4,364,3.0,-0.4215,0.5786
454,3,2,6,365,3.0,0.5859,0.41
455,12,1,6,209,3.0,0.5574,0.41
456,3,2,11,366,4.0,-0.1531,0.39624
457,11,1,5,367,4.0,0.0,0.335
458,7,2,5,368,4.0,-0.4767,0.52568
459,4,1,1,369,3.0,-0.5096,0.41384
460,2,1,2,365,2.0,-0.4215,0.6536
461,3,2,4,212,4.0,-0.5423,0.55192
462,3,2,1,370,4.0,0.7269,0.135
463,8,1,9,371,1.0,0.0,0.56
464,6,1,6,372,1.0,-0.6705,0.8282
465,1,1,1,373,4.0,0.7239,0.135
466,23,1,1,374,4.0,0.4404,0.135
467,5,1,1,375,4.0,0.3948,0.135
468,12,2,7,376,3.0,0.0516,0.41
469,11,2,1,377,5.0,0.6369,0.06
470,22,1,1,378,5.0,0.0,0.06
471,6,1,2,379,3.0,0.8658,0.41
472,8,2,4,380,4.0,-0.4215,0.5036
473,22,2,4,381,4.0,-0.7906,0.65124
474,2,1,4,382,5.0,-0.5423,0.47692
475,14,2,4,383,4.0,-0.5423,0.55192
476,8,1,5,384,4.0,-0.4588,0.5185200000000001
477,9,1,5,385,4.0,-0.5719,0.56376
478,23,2,1,386,4.0,-0.5096,0.33884
479,1,1,1,387,2.0,0.5719,0.285
480,3,1,1,388,5.0,0.4404,0.06
481,15,1,3,389,1.0,0.0,0.56
482,23,2,1,390,4.0,-0.5096,0.33884
483,10,1,1,391,2.0,0.7579,0.285
484,8,1,6,392,2.0,-0.5096,0.6888400000000001
485,17,1,1,84,3.0,-0.5096,0.41384
486,2,1,2,393,3.0,0.0,0.41
487,12,1,6,394,3.0,-0.844,0.7476
488,2,1,3,395,2.0,-0.3599,0.62896
489,14,1,2,396,3.0,0.0,0.41
490,4,1,1,159,5.0,0.4404,0.06
491,1,1,7,144,1.0,-0.4939,0.75756
492,22,1,9,397,3.0,-0.4215,0.5786
493,23,2,1,398,5.0,0.5719,0.06
494,3,1,1,399,4.0,-0.4585,0.3184
495,11,2,1,400,4.0,0.0,0.135
496,15,1,1,401,4.0,-0.5096,0.33884
497,3,1,9,402,2.0,0.0,0.485
498,6,1,1,403,2.0,0.4019,0.285
499,13,2,9,404,3.0,0.2263,0.41
500,17,1,1,405,3.0,0.2263,0.21
501,22,1,7,406,2.0,-0.6705,0.7532000000000001
502,13,1,5,407,4.0,-0.3182,0.46228
503,5,1,3,210,3.0,0.0,0.41
504,6,1,6,408,3.0,-0.4215,0.5786
505,17,2,5,409,4.0,0.6222,0.335
506,13,2,6,110,1.0,-0.25,0.6600000000000001
507,2,1,5,410,4.0,0.5719,0.335
508,23,1,1,226,2.0,0.5423,0.285
509,9,2,2,19,3.0,-0.1426,0.46704
510,4,2,1,411,5.0,0.5719,0.06
511,8,2,1,63,4.0,0.7003,0.135
512,17,1,5,412,4.0,0.0,0.335
513,2,1,1,413,3.0,0.5719,0.21
514,6,2,1,158,5.0,0.4404,0.06
515,12,1,1,414,5.0,0.2263,0.06
516,9,1,1,415,4.0,0.5719,0.135
517,1,2,1,416,2.0,0.2263,0.285
518,15,1,5,417,4.0,-0.7351,0.62904
519,9,2,1,131,5.0,0.2263,0.06
520,4,2,1,418,5.0,0.4767,0.06
521,5,1,4,275,5.0,-0.5423,0.47692
522,8,2,4,58,5.0,-0.5423,0.47692
523,8,1,7,419,3.0,-0.34,0.546
524,23,1,1,420,4.0,0.2263,0.135
525,6,2,4,419,4.0,-0.5423,0.55192
526,17,1,1,421,4.0,-0.5096,0.33884
527,3,1,1,81,5.0,0.6124,0.06
528,4,1,4,422,5.0,0.34,0.26
529,9,1,1,423,4.0,0.0,0.135
530,8,2,1,424,5.0,-0.5975,0.299
531,6,1,7,209,3.0,-0.296,0.5284
532,6,2,1,425,3.0,0.8316,0.21
533,5,2,5,195,4.0,-0.4215,0.5036
534,3,1,4,426,3.0,0.0772,0.41
535,5,2,9,134,3.0,-0.5423,0.6269200000000001
536,11,1,7,199,1.0,-0.4767,0.75068
537,6,1,1,427,5.0,0.5719,0.06
538,5,2,4,428,5.0,-0.5423,0.47692
539,3,1,1,195,4.0,0.0,0.135
540,5,1,4,21,5.0,-0.5423,0.47692
541,12,2,4,429,5.0,-0.4215,0.4286
542,6,2,1,430,4.0,0.2263,0.135
543,4,2,4,225,4.0,-0.3818,0.48772
544,11,2,5,295,3.0,0.4939,0.41
545,13,2,6,117,1.0,0.5719,0.56
546,22,2,4,431,4.0,-0.5423,0.55192
547,3,2,4,299,2.0,-0.7906,0.80124
548,6,2,6,432,2.0,0.2263,0.485
549,23,1,1,218,5.0,0.5719,0.06
550,8,1,9,433,1.0,0.5719,0.56
551,11,1,1,434,5.0,0.7906,0.06
552,4,1,1,379,4.0,-0.5096,0.33884
553,13,2,2,297,1.0,0.7506,0.56
554,1,1,6,435,3.0,-0.1531,0.47124
555,17,1,4,396,4.0,-0.5423,0.55192
556,5,2,1,232,4.0,0.5719,0.135
557,11,1,6,436,4.0,0.2263,0.335
558,21,1,5,342,5.0,0.0,0.26
559,22,1,3,99,1.0,-0.5096,0.7638400000000001
560,20,1,5,437,2.0,0.0,0.485
561,8,1,1,339,5.0,0.6249,0.06
562,2,1,1,438,4.0,0.2263,0.135
563,9,1,4,439,4.0,-0.5423,0.55192
564,16,2,1,440,5.0,0.7579,0.06
565,16,2,1,99,3.0,-0.1695,0.2778
566,5,1,10,441,5.0,0.3612,0.26
567,3,2,4,442,5.0,0.3612,0.26
568,18,1,1,292,2.0,0.0,0.285
569,11,2,1,443,5.0,0.0,0.06
570,1,2,4,136,5.0,-0.4215,0.4286
571,17,2,10,444,2.0,0.5859,0.485
572,23,1,4,445,4.0,-0.4588,0.5185200000000001
573,4,2,1,446,5.0,0.2263,0.06
574,1,2,6,447,1.0,-0.4215,0.7286000000000001
575,1,2,4,162,4.0,-0.34,0.471
576,11,2,1,448,4.0,0.0,0.135
577,5,1,4,449,3.0,-0.5106,0.6142400000000001
578,23,2,1,141,4.0,-0.5096,0.33884
579,25,2,1,450,4.0,0.0,0.135
580,1,1,1,451,3.0,0.2263,0.21
581,4,2,4,452,4.0,-0.5423,0.55192
582,23,1,4,81,2.0,-0.7096,0.76884
583,6,2,1,52,3.0,0.0,0.21
584,11,2,3,126,4.0,0.0,0.335
585,23,2,5,242,5.0,0.4404,0.26
586,22,2,7,453,3.0,-0.0516,0.4306399999999999
587,17,2,1,454,4.0,-0.5096,0.33884
588,2,2,8,404,5.0,-0.4215,0.4286
589,1,2,1,455,3.0,0.2263,0.21
590,9,1,1,456,4.0,-0.5096,0.33884
591,2,1,7,457,3.0,-0.0516,0.4306399999999999
592,6,2,3,83,3.0,-0.5423,0.6269200000000001
593,1,1,1,458,5.0,0.2263,0.06
594,1,2,1,90,5.0,0.5719,0.06
595,17,1,1,459,5.0,-0.7502,0.36008
596,11,1,1,363,4.0,-0.5096,0.33884
597,22,1,4,460,4.0,-0.5423,0.55192
598,23,2,1,461,5.0,0.6597,0.06
599,1,1,6,462,2.0,-0.7179,0.77216
600,11,1,1,339,1.0,-0.5994,0.5997600000000001
601,9,2,9,413,3.0,-0.5096,0.6138400000000002
602,22,2,4,463,4.0,-0.6369,0.5897600000000001
603,11,2,4,464,4.0,-0.5423,0.55192
604,1,2,1,465,4.0,-0.0516,0.15564
605,1,1,6,466,2.0,0.0,0.485
606,15,1,1,306,3.0,0.4201,0.21
607,3,1,1,467,4.0,0.4939,0.135
608,12,2,1,357,5.0,-0.5096,0.26384
609,13,1,2,365,3.0,0.0,0.41
610,4,2,1,195,3.0,0.802,0.21
611,11,2,1,416,1.0,0.1546,0.36
612,5,1,1,468,4.0,0.3612,0.135
613,17,1,1,356,5.0,0.0,0.06
614,3,2,7,469,1.0,-0.0516,0.58064
615,6,2,1,424,4.0,0.4404,0.135
616,7,1,1,470,5.0,0.0,0.06
617,13,1,3,471,5.0,0.765,0.26
618,23,1,4,472,4.0,-0.0258,0.34532
619,1,2,1,473,4.0,0.2263,0.135
620,13,1,6,474,1.0,-0.7179,0.8471600000000001
621,17,1,4,475,4.0,-0.2023,0.41592
622,17,1,1,476,5.0,0.5719,0.06
623,20,1,1,477,2.0,0.7579,0.285
624,23,1,4,478,4.0,-0.4215,0.5036
625,5,2,5,479,4.0,0.2382,0.335
626,12,1,7,124,3.0,-0.765,0.7160000000000002
627,5,1,9,480,3.0,-0.5423,0.6269200000000001
628,17,1,1,191,4.0,0.2732,0.135
629,7,2,1,116,2.0,0.4404,0.285
630,3,2,1,481,3.0,0.2023,0.21
631,11,2,4,482,5.0,0.0258,0.26
632,9,2,1,483,4.0,0.1531,0.135
633,3,2,1,484,4.0,0.5719,0.135
634,13,1,6,485,2.0,0.4404,0.485
635,5,1,4,486,4.0,-0.5423,0.55192
636,11,1,1,487,4.0,0.4404,0.135
637,4,1,6,488,1.0,0.3818,0.56
638,6,1,9,417,3.0,0.6808,0.41
639,23,2,1,489,5.0,0.2263,0.06
640,17,1,1,490,5.0,0.0,0.06
641,1,1,1,439,3.0,0.7906,0.21
642,15,1,7,342,3.0,-0.5859,0.64436
643,3,1,1,212,5.0,0.0,0.06
644,23,2,1,33,4.0,0.8519,0.135
645,17,2,4,491,4.0,-0.4019,0.49576
646,17,1,1,399,4.0,0.2263,0.135
647,16,2,1,409,2.0,0.4404,0.285
648,23,2,1,103,4.0,-0.1779,0.20616
649,11,2,1,492,4.0,-0.5096,0.33884
650,14,1,1,490,5.0,0.4404,0.06
651,7,1,7,97,1.0,0.6369,0.56
652,17,2,3,493,3.0,-0.5096,0.6138400000000002
653,9,1,1,141,5.0,0.5719,0.06
654,6,1,4,494,4.0,-0.4215,0.5036
655,1,1,1,67,1.0,0.7717,0.36
656,1,2,1,495,4.0,0.8126,0.135
657,12,1,1,496,1.0,0.2263,0.36
658,17,2,1,178,3.0,0.5719,0.21
659,5,2,5,497,4.0,0.5719,0.335
660,12,2,1,498,5.0,0.5719,0.06
661,11,1,4,263,1.0,-0.5423,0.77692
662,23,1,4,499,3.0,-0.5423,0.6269200000000001
663,1,2,4,500,2.0,-0.4215,0.6536
664,22,1,1,501,4.0,-0.5096,0.33884
665,17,1,1,502,4.0,0.2732,0.135
666,4,2,7,503,2.0,-0.7601,0.78904
667,11,1,4,504,3.0,-0.296,0.5284
668,22,1,7,505,2.0,-0.765,0.7910000000000001
669,6,1,1,288,4.0,0.0,0.135
670,3,1,5,248,4.0,0.1796,0.335
671,22,1,1,506,4.0,-0.1012,0.17548
672,6,1,1,58,1.0,-0.0516,0.38064
673,1,1,1,507,2.0,0.4404,0.285
674,4,1,4,508,4.0,-0.4215,0.5036
675,6,1,1,44,5.0,0.4404,0.06
676,16,1,5,509,4.0,-0.4767,0.52568
677,5,1,1,510,5.0,0.0,0.06
678,22,1,3,436,1.0,0.1027,0.56
679,8,1,2,483,3.0,-0.5423,0.6269200000000001
680,19,2,1,281,5.0,-0.1695,0.1278
681,17,2,1,454,4.0,0.2263,0.135
682,9,1,1,511,5.0,0.2263,0.06
683,12,1,5,512,1.0,0.0,0.56
684,13,1,4,513,4.0,-0.296,0.4534
685,3,1,3,514,1.0,-0.5096,0.7638400000000001
686,5,1,7,474,3.0,-0.7502,0.71008
687,21,1,3,515,4.0,0.0,0.335
688,23,1,1,516,4.0,0.7269,0.135
689,12,1,4,517,4.0,-0.5423,0.55192
690,13,2,1,518,5.0,-0.5096,0.26384
691,13,1,4,519,4.0,-0.6124,0.57996
692,16,1,5,520,4.0,0.0,0.335
693,12,1,4,521,3.0,-0.4215,0.5786
694,8,1,1,522,5.0,0.4404,0.06
695,9,2,1,523,4.0,0.743,0.135
696,11,1,1,524,5.0,0.5719,0.06
697,20,1,6,525,1.0,0.4404,0.56
698,23,2,9,271,3.0,0.4404,0.41
699,4,1,2,336,3.0,0.7184,0.41
700,12,2,5,526,5.0,0.0951,0.26
701,2,2,2,291,3.0,-0.4215,0.5786
702,6,1,6,527,3.0,0.128,0.41
703,13,2,6,528,5.0,-0.5423,0.47692
704,9,1,1,529,5.0,0.6705,0.06
705,2,1,8,227,5.0,-0.4019,0.42076
706,6,2,1,407,4.0,-0.5096,0.33884
707,15,1,2,530,3.0,0.2263,0.41
708,4,2,1,371,5.0,-0.1764,0.13056
709,22,1,4,531,4.0,0.2732,0.335
710,15,1,6,532,3.0,0.5719,0.41
711,14,2,1,300,4.0,-0.5096,0.33884
712,2,2,1,533,4.0,0.4404,0.135
713,6,2,4,534,4.0,-0.5423,0.55192
714,3,1,3,535,3.0,-0.5423,0.6269200000000001
715,22,2,5,71,3.0,0.875,0.41
716,11,1,1,34,4.0,0.4404,0.135
717,6,2,1,536,4.0,-0.5448,0.35292
718,23,1,1,537,4.0,0.5719,0.135
719,23,2,1,538,3.0,0.0,0.21
720,9,2,1,539,5.0,0.7003,0.06
721,3,2,1,540,4.0,-0.5096,0.33884
722,19,2,1,541,5.0,0.7579,0.06
723,17,1,6,542,1.0,0.2263,0.56
724,9,2,4,327,5.0,-0.4215,0.4286
725,13,2,1,530,4.0,0.7351,0.135
726,23,1,3,543,3.0,0.8442,0.41
727,14,2,7,544,2.0,-0.7906,0.80124
728,13,2,1,545,4.0,0.2263,0.135
729,11,2,1,546,4.0,0.2023,0.135
730,12,1,7,547,3.0,-0.8718,0.7587200000000001
731,25,2,1,500,1.0,0.0,0.36
732,2,2,7,103,2.0,0.1779,0.485
733,8,1,9,149,3.0,0.0,0.41
734,9,2,4,548,2.0,-0.0258,0.49532
735,1,1,1,34,4.0,0.4404,0.135
736,15,1,1,549,5.0,0.4404,0.06
737,10,1,1,361,4.0,0.0,0.135
738,9,1,4,550,5.0,-0.5423,0.47692
739,2,1,7,143,3.0,-0.296,0.5284
740,17,2,1,271,4.0,0.7269,0.135
741,23,1,7,551,3.0,-0.1531,0.47124
742,9,2,1,552,4.0,0.4404,0.135
743,13,2,4,56,4.0,-0.5719,0.56376
744,11,2,4,553,1.0,-0.2263,0.65052
745,1,1,4,554,4.0,-0.5423,0.55192
746,11,2,4,120,4.0,0.0772,0.335
747,17,2,1,555,4.0,-0.5096,0.33884
748,11,1,1,556,4.0,0.5719,0.135
749,1,2,1,557,5.0,-0.5096,0.26384
750,8,1,4,558,2.0,-0.0258,0.49532
751,23,2,7,336,2.0,-0.296,0.6033999999999999
752,2,2,4,174,4.0,-0.4215,0.5036
753,4,2,7,255,3.0,0.1531,0.41
754,24,1,1,559,5.0,0.7579,0.06
755,12,2,6,560,4.0,-0.0772,0.36588
756,9,1,5,561,4.0,0.6705,0.335
757,21,1,1,216,2.0,0.0,0.285
758,3,2,1,224,4.0,0.2263,0.135
759,23,2,8,562,5.0,-0.5096,0.46384
760,12,2,11,464,5.0,0.7783,0.26
761,23,1,6,563,3.0,0.5267,0.41
762,5,2,1,443,5.0,0.4404,0.06
763,12,2,4,564,4.0,-0.3818,0.48772
764,23,2,1,151,4.0,0.5719,0.135
765,5,2,9,565,3.0,0.7579,0.41
766,8,2,2,566,3.0,-0.4215,0.5786
767,8,2,7,433,5.0,0.5719,0.26
768,9,1,4,567,5.0,-0.4939,0.45756
769,11,1,6,295,5.0,-0.296,0.3784
770,24,2,1,568,4.0,0.7579,0.135
771,6,2,1,340,4.0,-0.5096,0.33884
772,6,2,1,21,5.0,0.7003,0.06
773,14,2,1,569,4.0,-0.5096,0.33884
774,11,1,3,413,1.0,-0.5096,0.7638400000000001
775,8,1,4,522,2.0,-0.5423,0.7019200000000001
776,21,2,1,87,3.0,0.0,0.21
777,12,2,1,543,1.0,0.7964,0.36
778,5,1,1,570,5.0,0.6808,0.06
779,12,2,4,327,5.0,-0.4215,0.4286
780,11,1,9,571,2.0,0.0,0.485
781,12,1,6,572,2.0,-0.6705,0.7532000000000001
782,9,1,1,573,4.0,0.5719,0.135
783,17,2,4,574,4.0,-0.6369,0.5897600000000001
784,17,2,9,575,4.0,0.7351,0.335
785,12,2,4,290,4.0,-0.2732,0.44428
786,14,2,1,576,5.0,0.2263,0.06
787,6,2,9,547,3.0,0.5719,0.41
788,13,1,1,521,4.0,-0.5096,0.33884
789,1,1,4,577,5.0,-0.765,0.5660000000000001
790,11,1,1,199,2.0,0.2263,0.285
791,1,1,5,578,4.0,0.0,0.335
792,11,2,4,72,4.0,-0.4215,0.5036
793,7,2,1,430,5.0,0.0,0.06
794,2,1,9,579,3.0,-0.6249,0.6599600000000001
795,13,2,4,580,4.0,-0.4215,0.5036
796,11,1,7,581,3.0,0.5423,0.41
797,14,2,4,582,5.0,-0.0258,0.27032
798,2,1,4,583,4.0,0.0,0.335
799,14,1,1,60,1.0,0.2732,0.36
800,2,1,6,584,3.0,0.6486,0.41
801,8,2,1,509,5.0,0.2263,0.06
802,16,1,1,585,2.0,0.4404,0.285
803,14,1,2,586,2.0,-0.296,0.6033999999999999
804,6,1,4,41,4.0,-0.5423,0.55192
805,15,1,7,587,1.0,-0.296,0.6784000000000001
806,9,1,1,340,4.0,0.5719,0.135
807,5,1,1,516,4.0,0.2263,0.135
808,20,1,1,259,5.0,0.0,0.06
809,23,1,2,55,1.0,-0.5096,0.7638400000000001
810,24,1,10,233,2.0,0.5859,0.485
811,8,2,1,588,4.0,0.7964,0.135
812,2,2,7,138,1.0,-0.0516,0.58064
813,15,1,9,382,3.0,0.4939,0.41
814,9,2,1,367,4.0,0.1531,0.135
815,17,1,4,414,4.0,-0.1531,0.39624
816,5,2,4,121,4.0,-0.4215,0.5036
817,15,2,1,589,3.0,0.0,0.21
818,10,2,1,590,5.0,0.0,0.06
819,4,1,5,506,5.0,0.5719,0.26
820,13,1,7,591,5.0,0.0,0.26
821,9,2,1,486,5.0,0.4404,0.06
822,9,2,1,143,4.0,0.0788,0.135
823,4,1,5,592,5.0,0.4939,0.26
824,17,1,6,423,3.0,-0.4215,0.5786
825,12,2,4,593,4.0,-0.5423,0.55192
826,5,1,1,594,4.0,0.2263,0.135
827,8,2,1,587,4.0,0.5719,0.135
828,11,2,1,595,5.0,-0.5096,0.26384
829,1,2,7,596,2.0,0.1531,0.485
830,11,1,9,597,2.0,0.0,0.485
831,5,2,1,598,4.0,-0.7692,0.44268
832,5,1,1,599,5.0,0.7506,0.06
833,21,2,9,600,4.0,0.0,0.335
834,3,1,1,357,4.0,0.6908,0.135
835,12,1,3,601,4.0,-0.1779,0.40616
836,13,1,1,602,1.0,0.765,0.36
837,13,1,6,603,3.0,-0.5423,0.6269200000000001
838,8,1,1,604,5.0,0.5719,0.06
839,6,1,1,215,5.0,0.5719,0.06
840,1,1,1,605,4.0,0.4588,0.135
841,6,2,4,43,5.0,-0.6908,0.53632
842,2,1,6,476,3.0,-0.7641,0.71564
843,1,2,9,397,3.0,0.0,0.41
844,13,2,6,25,3.0,-0.6705,0.6782000000000001
845,13,2,6,108,2.0,0.2263,0.485
846,11,1,4,606,3.0,-0.5423,0.6269200000000001
847,3,2,4,542,4.0,-0.5423,0.55192
848,9,1,1,500,4.0,0.0,0.135
849,14,1,1,110,4.0,0.3182,0.135
850,17,1,1,607,5.0,0.891,0.06
851,9,1,2,608,2.0,-0.5423,0.7019200000000001
852,11,1,3,609,1.0,-0.5096,0.7638400000000001
853,13,2,6,498,2.0,-0.4019,0.6457600000000001
854,23,1,9,610,3.0,0.8126,0.41
855,13,2,6,289,2.0,-0.6705,0.7532000000000001
856,3,1,1,611,4.0,0.6705,0.135
857,17,2,1,352,5.0,0.5859,0.06
858,5,1,4,338,4.0,-0.0772,0.36588
859,1,1,4,612,5.0,-0.5423,0.47692
860,6,1,1,383,4.0,-0.3089,0.25856
861,17,1,1,395,3.0,0.5994,0.21
862,5,1,1,548,4.0,0.2263,0.135
863,4,2,1,169,4.0,0.6705,0.135
864,9,1,3,613,2.0,-0.4215,0.6536
865,4,1,6,614,1.0,0.4404,0.56
866,11,2,5,161,4.0,0.2263,0.335
867,6,1,2,615,2.0,-0.5096,0.6888400000000001
868,5,1,1,616,3.0,0.5574,0.21
869,14,2,6,617,3.0,0.2263,0.41
870,3,1,6,576,3.0,-0.5423,0.6269200000000001
871,1,2,1,577,4.0,0.0,0.135
872,16,1,1,436,3.0,0.2263,0.21
873,3,2,9,618,2.0,-0.1027,0.52608
874,17,2,5,619,4.0,-0.4767,0.52568
875,9,2,1,501,4.0,0.7003,0.135
876,9,1,1,620,5.0,0.2263,0.06
877,23,1,2,239,3.0,-0.5096,0.6138400000000002
878,11,1,6,621,3.0,-0.4404,0.58616
879,6,1,4,601,4.0,-0.5423,0.55192
880,15,2,5,622,5.0,0.8126,0.26
881,24,2,7,623,1.0,0.6369,0.56
882,3,1,1,624,4.0,-0.5096,0.33884
883,12,2,1,283,4.0,0.2263,0.135
884,5,1,5,540,5.0,-0.5096,0.46384
885,4,1,1,512,1.0,0.0,0.36
886,8,2,4,78,5.0,-0.25,0.36
887,12,1,5,625,5.0,0.0258,0.26
888,15,1,11,626,4.0,-0.7181,0.6222400000000001
889,9,2,4,216,5.0,0.3182,0.26
890,23,1,6,305,2.0,-0.5423,0.7019200000000001
891,23,1,4,627,4.0,-0.4019,0.49576
892,4,2,4,30,5.0,-0.4215,0.4286
893,14,2,4,628,5.0,-0.6486,0.51944
894,13,1,4,411,4.0,0.3818,0.335
895,4,1,9,272,3.0,-0.25,0.51
896,6,1,4,218,3.0,-0.5423,0.6269200000000001
897,12,2,1,388,4.0,0.4404,0.135
898,3,2,3,629,3.0,-0.2263,0.5005200000000001
899,3,1,4,504,5.0,-0.4939,0.45756
900,9,1,1,630,4.0,-0.5096,0.33884
901,5,1,1,631,4.0,-0.5096,0.33884
902,7,1,1,172,2.0,0.0,0.285
903,15,2,1,501,4.0,-0.5096,0.33884
904,23,2,1,632,4.0,0.8481,0.135
905,12,1,1,190,4.0,0.0,0.135
906,14,1,5,250,3.0,0.3818,0.41
907,15,1,1,414,5.0,-0.5096,0.26384
908,9,2,1,350,5.0,0.2263,0.06
909,15,2,1,64,4.0,0.2732,0.135
910,22,1,4,65,4.0,-0.5423,0.55192
911,1,2,1,40,5.0,0.2924,0.06
912,23,1,1,633,4.0,-0.2008,0.21532
913,13,2,4,634,4.0,-0.5423,0.55192
914,5,1,1,166,4.0,0.0,0.135
915,5,2,7,635,1.0,-0.765,0.8660000000000001
916,6,1,1,245,4.0,0.0,0.135
917,15,2,1,212,4.0,0.4404,0.135
918,15,2,1,290,4.0,0.5719,0.135
919,11,1,1,636,4.0,0.5719,0.135
920,2,1,7,637,1.0,-0.5574,0.7829600000000001
921,4,2,6,567,3.0,-0.0757,0.44028
922,19,2,3,39,1.0,0.0,0.56
923,22,2,5,293,4.0,-0.8777,0.68608
924,4,1,1,123,4.0,0.34,0.135
925,22,1,7,638,2.0,0.1531,0.485
926,1,1,1,639,5.0,0.5859,0.06
927,6,2,7,640,2.0,0.4019,0.485
928,15,2,4,641,1.0,-0.4215,0.7286000000000001
929,4,2,4,642,2.0,-0.4215,0.6536
930,12,2,4,458,2.0,-0.7269,0.77576
931,13,2,1,643,4.0,0.0258,0.135
932,4,1,1,237,5.0,0.2263,0.06
933,11,1,4,339,5.0,-0.3182,0.38728
934,5,1,4,588,5.0,-0.4019,0.42076
935,12,1,2,102,3.0,0.2263,0.41
936,2,1,3,523,5.0,0.7783,0.26
937,22,1,1,269,4.0,0.3182,0.135
938,23,1,1,314,1.0,0.128,0.36
939,8,2,1,644,4.0,0.6486,0.135
940,3,1,1,645,4.0,-0.5096,0.33884
941,9,2,1,563,4.0,0.4404,0.135
942,13,2,1,601,5.0,0.7003,0.06
943,2,1,1,646,5.0,0.5423,0.06
944,2,2,5,17,2.0,0.4588,0.485
945,2,2,6,647,3.0,0.0,0.41
946,6,1,1,648,5.0,-0.2486,0.15944
947,11,1,1,360,4.0,0.7579,0.135
948,15,2,4,649,4.0,-0.5423,0.55192
949,11,2,1,94,4.0,0.5719,0.135
950,1,1,2,32,2.0,0.0,0.485
951,4,2,1,329,5.0,0.5719,0.06
952,24,1,5,650,4.0,-0.4767,0.52568
953,6,2,4,651,4.0,-0.7717,0.64368
954,2,1,3,75,1.0,0.296,0.56
955,3,2,7,384,1.0,-0.7096,0.8438400000000001
956,12,1,4,249,3.0,-0.5423,0.6269200000000001
957,14,1,1,652,4.0,-0.5096,0.33884
958,6,1,6,653,1.0,0.4767,0.56
959,23,2,4,654,2.0,-0.5423,0.7019200000000001
960,8,1,1,147,4.0,0.2263,0.135
961,9,1,4,655,3.0,-0.5423,0.6269200000000001
962,4,2,2,362,2.0,-0.5096,0.6888400000000001
963,17,1,1,164,3.0,-0.5096,0.41384
964,14,2,1,656,5.0,0.5719,0.06
965,14,2,6,657,2.0,-0.5096,0.6888400000000001
966,15,2,6,31,3.0,0.0,0.41
967,2,2,1,658,3.0,0.4404,0.21
968,4,2,1,659,4.0,0.4215,0.135
969,22,1,5,514,4.0,0.5267,0.335
970,22,2,6,660,1.0,-0.5096,0.7638400000000001
971,3,1,4,50,4.0,-0.1531,0.39624
972,15,2,2,661,3.0,0.0,0.41
973,8,2,1,662,4.0,0.2263,0.135
974,23,2,4,650,4.0,0.4404,0.335
975,3,2,1,427,5.0,-0.5096,0.26384
976,5,2,1,598,4.0,-0.296,0.2534
977,12,2,4,663,4.0,-0.4215,0.5036
978,5,1,6,135,1.0,-0.5423,0.77692
979,8,1,1,160,3.0,0.5719,0.21
980,11,2,6,664,3.0,-0.6705,0.6782000000000001
981,13,1,1,212,5.0,-0.7789,0.37156
982,22,1,1,665,1.0,0.1739,0.36
983,4,1,4,412,4.0,-0.4215,0.5036
984,3,1,3,666,3.0,-0.1531,0.47124
985,6,1,3,667,3.0,0.0,0.41
986,13,1,5,668,4.0,-0.3182,0.46228
987,22,2,4,650,1.0,-0.5423,0.77692
988,3,1,9,625,3.0,-0.4215,0.5786
989,12,1,1,550,4.0,-0.1764,0.20556
990,17,1,1,558,5.0,0.0788,0.06
991,5,1,4,184,4.0,-0.7506,0.63524
992,20,1,5,669,5.0,0.0,0.26
993,12,2,3,529,3.0,-0.3612,0.5544800000000001
994,8,1,1,670,5.0,-0.5096,0.26384
995,6,2,1,664,4.0,0.5033,0.135
996,8,1,9,662,3.0,-0.5423,0.6269200000000001
997,25,2,7,671,4.0,0.6369,0.335
998,11,1,4,506,5.0,-0.4588,0.44352
999,1,1,4,34,1.0,-0.4215,0.7286000000000001
1000,19,1,1,672,2.0,0.4201,0.285
1001,14,2,1,199,4.0,0.4404,0.135
1002,15,2,1,673,2.0,0.2263,0.285
1003,6,1,4,268,5.0,-0.4215,0.4286
1004,13,1,1,615,4.0,0.5719,0.135
1005,17,2,1,674,2.0,0.7579,0.285
1006,9,2,1,292,4.0,0.5719,0.135
1007,8,2,4,548,4.0,-0.4215,0.5036
1008,3,2,1,675,4.0,0.4404,0.135
1009,10,2,1,2,5.0,0.2263,0.06
1010,9,1,9,676,2.0,0.1779,0.485
1011,23,1,6,488,2.0,0.4767,0.485
1012,6,1,1,677,4.0,0.0,0.135
1013,8,2,3,678,2.0,-0.2008,0.56532
1014,15,2,5,646,5.0,-0.5096,0.46384
1015,1,1,1,327,5.0,-0.5096,0.26384
1016,6,2,7,679,3.0,-0.296,0.5284
1017,15,2,1,680,5.0,0.2263,0.06
1018,6,1,4,681,4.0,-0.5423,0.55192
1019,23,2,1,682,4.0,-0.7115,0.4196
1020,11,1,6,683,4.0,-0.5096,0.53884
1021,8,2,1,684,5.0,-0.2718,0.1687199999999999
1022,6,1,1,580,4.0,0.5719,0.135
1023,8,2,4,685,4.0,-0.4215,0.5036
1024,8,2,1,388,4.0,-0.6698,0.40292
1025,17,1,4,422,1.0,-0.4215,0.7286000000000001
1026,4,1,5,686,4.0,0.2263,0.335
1027,6,1,1,103,4.0,0.4939,0.135
1028,25,2,9,687,2.0,0.0,0.485
1029,15,1,1,226,3.0,0.2263,0.21
1030,4,1,1,283,4.0,0.4404,0.135
1031,11,2,8,397,4.0,0.4404,0.335
1032,4,2,1,688,5.0,-0.5096,0.26384
1033,9,1,5,607,5.0,0.7783,0.26
1034,3,1,1,591,4.0,0.4404,0.135
1035,12,1,3,475,5.0,0.1531,0.26
1036,4,2,1,689,5.0,0.4404,0.06
1037,14,1,4,52,4.0,-0.5423,0.55192
1038,15,2,9,690,2.0,-0.0772,0.51588
1039,13,2,5,632,4.0,-0.5423,0.55192
1040,3,1,1,691,5.0,0.5719,0.06
1041,13,1,1,692,4.0,0.2263,0.135
1042,6,2,2,693,3.0,-0.5096,0.6138400000000002
1043,4,1,4,534,4.0,-0.5423,0.55192
1044,9,1,7,694,3.0,-0.0772,0.44088
1045,2,2,1,633,4.0,0.2023,0.135
1046,4,2,1,173,1.0,0.6908,0.36
1047,5,2,11,695,4.0,-0.5719,0.56376
1048,13,2,1,476,4.0,0.5719,0.135
1049,3,2,2,203,3.0,-0.5096,0.6138400000000002
1050,10,2,1,696,2.0,0.4404,0.285
1051,11,1,1,199,5.0,0.4404,0.06
1052,14,2,3,564,2.0,0.5719,0.485
1053,12,1,6,471,3.0,-0.4019,0.5707600000000002
1054,4,2,6,146,1.0,0.0015,0.56
1055,24,1,1,187,2.0,0.4404,0.285
1056,9,2,4,266,4.0,0.1027,0.335
1057,12,1,5,489,4.0,0.2263,0.335
1058,5,1,5,128,4.0,-0.6597,0.5988800000000001
1059,9,2,7,697,3.0,-0.765,0.7160000000000002
1060,7,1,5,218,1.0,0.0,0.56
1061,13,2,1,698,4.0,0.128,0.135
1062,13,1,4,699,4.0,-0.5423,0.55192
1063,15,1,1,700,1.0,0.0,0.36
1064,17,2,5,305,2.0,0.4404,0.485
1065,1,2,4,358,5.0,-0.7033,0.54132
1066,23,2,1,542,4.0,0.4404,0.135
1067,2,1,5,380,4.0,-0.4588,0.5185200000000001
1068,5,2,5,602,4.0,0.8126,0.335
1069,13,1,1,701,4.0,0.743,0.135
1070,8,1,4,656,2.0,-0.5423,0.7019200000000001
1071,9,2,9,702,3.0,0.4404,0.41
1072,14,2,2,703,3.0,0.0,0.41
1073,17,2,5,443,5.0,0.5719,0.26
1074,23,2,1,661,3.0,0.4404,0.21
1075,6,2,4,188,4.0,-0.4215,0.5036
1076,18,2,1,704,3.0,0.2263,0.21
1077,17,1,7,156,4.0,-0.4939,0.53256
1078,9,2,4,115,4.0,-0.4215,0.5036
1079,10,1,1,705,1.0,0.4404,0.36
1080,3,2,5,332,5.0,-0.34,0.396
1081,5,2,5,198,3.0,0.4939,0.41
1082,5,1,7,706,2.0,-0.8314,0.8175600000000001
1083,13,1,9,507,1.0,0.2263,0.56
1084,23,2,6,707,3.0,0.296,0.41
1085,13,1,4,621,5.0,-0.4215,0.4286
1086,23,2,1,592,4.0,0.4404,0.135
1087,2,1,1,92,5.0,0.802,0.06
1088,1,1,2,482,3.0,-0.709,0.6936
1089,1,2,1,179,5.0,0.0,0.06
1090,16,2,3,83,5.0,0.0,0.26
1091,5,2,4,708,4.0,-0.4215,0.5036
1092,6,1,7,176,3.0,0.0258,0.41
1093,3,1,1,709,5.0,0.5719,0.06
1094,17,2,5,710,5.0,-0.5423,0.47692
1095,8,2,1,488,4.0,0.4404,0.135
1096,14,1,1,35,2.0,-0.2028,0.36612
1097,9,1,1,381,4.0,0.6124,0.135
1098,2,1,5,449,5.0,0.4404,0.26
1099,4,2,1,238,4.0,0.0,0.135
1100,13,1,1,434,4.0,0.4404,0.135
1101,19,2,9,173,5.0,0.0,0.26
1102,11,2,6,513,3.0,-0.4215,0.5786
1103,5,2,4,711,4.0,-0.3182,0.46228
1104,22,2,1,373,4.0,0.0,0.135
1105,11,2,5,292,5.0,0.0,0.26
1106,4,2,1,712,5.0,0.4404,0.06
1107,1,2,1,632,5.0,0.5719,0.06
1108,5,2,4,240,4.0,-0.0516,0.35564
1109,5,1,1,392,2.0,0.6808,0.285
1110,23,1,1,338,4.0,0.0,0.135
1111,3,1,6,273,3.0,-0.5096,0.6138400000000002
1112,5,2,7,713,4.0,-0.5423,0.55192
1113,14,1,1,436,5.0,-0.5096,0.26384
1114,13,1,2,3,3.0,0.0,0.41
1115,22,1,6,469,3.0,-0.8126,0.7350400000000001
1116,6,2,1,615,5.0,0.2263,0.06
1117,4,1,4,113,4.0,-0.5423,0.55192
1118,4,2,5,714,4.0,0.0,0.335
1119,14,2,1,103,4.0,-0.2584,0.23836
1120,9,2,3,261,5.0,-0.5096,0.46384
1121,12,2,6,715,2.0,0.2023,0.485
1122,8,1,1,534,4.0,0.2263,0.135
1123,6,1,1,99,4.0,0.5719,0.135
1124,11,1,1,27,3.0,0.0,0.21
1125,5,2,6,274,3.0,-0.8336,0.7434400000000001
1126,2,1,1,140,4.0,0.4404,0.135
1127,3,2,1,716,5.0,0.8074,0.06
1128,12,1,1,717,5.0,0.0,0.06
1129,4,2,1,175,4.0,0.0,0.135
1130,13,2,10,49,4.0,-0.4215,0.5036
1131,17,1,4,304,5.0,-0.7351,0.5540400000000001
1132,2,2,1,401,4.0,0.2263,0.135
1133,5,1,6,718,3.0,-0.2023,0.49092
1134,4,2,1,719,4.0,0.2263,0.135
1135,4,1,3,720,3.0,0.4404,0.41
1136,12,2,1,719,5.0,0.5719,0.06
1137,4,2,3,643,3.0,0.5859,0.41
1138,4,1,1,721,4.0,0.2263,0.135
1139,17,2,1,396,3.0,0.6597,0.21
1140,13,2,1,722,4.0,0.4404,0.135
1141,5,2,1,723,4.0,0.4404,0.135
1142,13,2,1,87,4.0,0.2263,0.135
1143,12,2,1,526,5.0,0.7351,0.06
1144,4,2,9,486,3.0,0.4404,0.41
1145,14,1,1,562,4.0,-0.2732,0.24428
1146,1,2,3,724,5.0,0.7579,0.26
1147,3,2,1,725,4.0,0.8126,0.135
1148,3,2,4,701,5.0,-0.4215,0.4286
1149,6,2,4,553,4.0,-0.765,0.641
1150,17,1,4,575,4.0,-0.5423,0.55192
1151,2,1,1,696,4.0,0.4019,0.135
1152,17,1,6,169,3.0,-0.5423,0.6269200000000001
1153,14,1,2,282,3.0,-0.4215,0.5786
1154,22,1,1,133,4.0,0.0,0.135
1155,5,1,6,516,1.0,0.4404,0.56
1156,13,1,1,588,2.0,0.6597,0.285
1157,23,2,2,726,1.0,0.8074,0.56
1158,15,2,1,409,5.0,0.4404,0.06
1159,9,2,1,251,4.0,0.7269,0.135
1160,14,2,2,108,2.0,0.0,0.485
1161,23,2,6,73,2.0,0.4404,0.485
1162,6,1,2,283,1.0,0.2263,0.56
1163,9,1,4,727,4.0,0.0516,0.335
1164,4,1,1,432,4.0,0.7351,0.135
1165,17,2,1,292,4.0,-0.5096,0.33884
1166,23,1,1,728,5.0,0.7096,0.06
1167,9,2,1,694,3.0,0.6705,0.21
1168,22,2,1,550,5.0,0.5719,0.06
1169,9,1,6,157,3.0,-0.2023,0.49092
1170,4,1,7,729,4.0,-0.4215,0.5036
1171,4,1,3,532,2.0,0.6908,0.485
1172,5,2,8,730,4.0,0.6486,0.335
1173,22,2,4,606,5.0,-0.7906,0.5762400000000001
1174,5,2,1,414,2.0,0.5927,0.285
1175,23,2,4,731,2.0,-0.4215,0.6536
1176,10,2,1,597,4.0,0.0,0.135
1177,2,1,1,659,4.0,-0.7181,0.42224
1178,3,1,1,732,4.0,0.0,0.135
1179,11,1,1,733,2.0,-0.6259,0.5353600000000001
1180,3,2,1,408,4.0,0.5719,0.135
1181,1,1,4,569,4.0,-0.4215,0.5036
1182,9,1,1,639,4.0,0.2263,0.135
1183,3,1,6,521,3.0,0.7845,0.41
1184,1,1,4,43,4.0,-0.4215,0.5036
1185,14,2,1,734,5.0,0.0,0.06
1186,17,2,6,735,2.0,0.4404,0.485
1187,21,1,5,564,4.0,-0.4767,0.52568
1188,15,1,4,113,4.0,-0.5423,0.55192
1189,1,1,1,27,5.0,0.2263,0.06
1190,23,1,1,736,4.0,-0.0243,0.14472
1191,5,2,5,18,5.0,-0.6124,0.5049600000000001
1192,17,1,1,103,4.0,0.7351,0.135
1193,8,2,1,453,4.0,0.6249,0.135
1194,6,1,1,213,1.0,0.7269,0.36
1195,6,2,4,737,1.0,-0.4215,0.7286000000000001
1196,13,1,3,136,2.0,0.0,0.485
1197,2,2,7,64,2.0,0.5994,0.485
1198,4,2,7,344,3.0,-0.7502,0.71008
1199,17,1,5,706,2.0,-0.4767,0.6756800000000001
1200,9,2,5,26,5.0,-0.4215,0.4286
1201,20,2,3,213,2.0,0.0,0.485
1202,3,1,1,738,4.0,-0.4929,0.33216
1203,4,2,6,225,3.0,0.6377,0.41
1204,18,2,5,255,5.0,-0.4767,0.45068
1205,6,2,4,185,4.0,-0.4215,0.5036
1206,17,2,1,645,4.0,0.5423,0.135
1207,15,2,9,158,2.0,-0.4215,0.6536
1208,5,1,4,340,4.0,-0.4215,0.5036
1209,6,2,4,353,3.0,-0.5171,0.61684
1210,12,1,1,597,5.0,0.4588,0.06
1211,6,2,5,739,5.0,-0.2732,0.36928
1212,9,2,1,740,4.0,0.296,0.135
1213,5,2,2,519,3.0,0.8176,0.41
1214,8,2,1,610,5.0,0.4404,0.06
1215,11,2,9,274,4.0,0.0,0.335
1216,5,2,1,741,4.0,0.2263,0.135
1217,8,2,4,742,3.0,-0.4019,0.5707600000000002
1218,3,2,4,201,4.0,-0.7502,0.6350800000000001
1219,14,1,1,743,5.0,0.2263,0.06
1220,13,1,1,277,4.0,0.5719,0.135
1221,20,2,1,44,2.0,0.0,0.285
1222,6,1,1,19,4.0,0.6705,0.135
1223,12,2,1,744,4.0,0.2263,0.135
1224,15,2,1,745,5.0,0.2263,0.06
1225,3,1,1,746,4.0,0.5719,0.135
1226,8,2,1,230,4.0,-0.5975,0.374
1227,4,2,4,449,4.0,-0.4215,0.5036
1228,13,2,1,71,4.0,0.0,0.135
1229,1,2,4,747,4.0,-0.3612,0.47948
1230,5,2,1,748,5.0,0.2263,0.06
1231,2,1,1,46,5.0,-0.5096,0.26384
1232,12,2,1,676,4.0,0.2263,0.135
1233,13,1,4,222,2.0,-0.2023,0.56592
1234,3,2,6,746,2.0,-0.6705,0.7532000000000001
1235,5,1,4,749,4.0,-0.4939,0.53256
1236,23,2,1,715,5.0,0.6908,0.06
1237,2,1,1,663,3.0,0.4588,0.21
1238,11,1,1,750,4.0,-0.0757,0.1652799999999999
1239,15,1,1,30,4.0,0.4019,0.135
1240,4,2,2,127,3.0,-0.5096,0.6138400000000002
1241,13,2,4,147,1.0,-0.4215,0.7286000000000001
1242,17,1,1,559,4.0,0.25,0.135
1243,10,2,5,167,2.0,-0.4767,0.6756800000000001
1244,6,1,7,751,1.0,-0.765,0.8660000000000001
1245,9,2,4,670,3.0,-0.5423,0.6269200000000001
1246,5,2,4,752,4.0,0.0258,0.335
1247,25,1,1,315,3.0,-0.1695,0.2778
1248,1,1,1,753,4.0,0.0,0.135
1249,13,1,1,458,4.0,0.5719,0.135
1250,2,1,1,754,4.0,0.5719,0.135
1251,12,1,3,755,4.0,-0.7506,0.63524
1252,3,1,4,756,5.0,-0.5423,0.47692
1253,6,1,1,417,5.0,0.0,0.06
1254,2,2,5,757,5.0,0.34,0.26
1255,13,1,1,46,4.0,0.0,0.135
1256,14,1,4,550,3.0,-0.5423,0.6269200000000001
1257,6,2,1,758,3.0,0.7579,0.21
1258,22,2,1,565,5.0,0.0,0.06
1259,8,2,6,469,3.0,0.0516,0.41
1260,14,1,5,759,2.0,0.7845,0.485
1261,14,1,1,298,4.0,-0.3182,0.26228
1262,3,2,1,83,4.0,0.2263,0.135
1263,2,1,4,578,4.0,-0.1531,0.39624
1264,2,1,4,760,5.0,-0.5423,0.47692
1265,23,1,3,456,3.0,-0.4215,0.5786
1266,15,2,1,489,3.0,0.2263,0.21
1267,9,1,1,413,5.0,0.2263,0.06
1268,5,2,7,521,2.0,-0.0516,0.50564
1269,3,2,1,761,5.0,0.2263,0.06
1270,5,1,6,39,3.0,-0.34,0.546
1271,4,1,1,75,5.0,0.0,0.06
1272,4,2,4,348,4.0,-0.5423,0.55192
1273,17,1,1,732,5.0,-0.5096,0.26384
1274,19,1,9,488,4.0,0.0,0.335
1275,15,1,4,571,5.0,-0.4215,0.4286
1276,22,2,1,762,2.0,0.6249,0.285
1277,16,1,6,763,3.0,0.4404,0.41
1278,3,1,1,764,1.0,0.7269,0.36
1279,1,2,6,519,2.0,-0.6486,0.74444
1280,3,2,1,113,4.0,0.2263,0.135
1281,17,2,1,765,5.0,0.4404,0.06
1282,4,2,4,502,4.0,-0.4215,0.5036
1283,15,2,2,766,3.0,-0.2732,0.51928
1284,8,2,1,307,1.0,0.6908,0.36
1285,4,1,4,358,4.0,0.3818,0.335
1286,5,1,1,692,4.0,0.7096,0.135
1287,6,2,1,281,4.0,0.8316,0.135
1288,22,1,1,767,5.0,0.7845,0.06
1289,8,2,7,438,3.0,0.4019,0.41
1290,17,1,1,768,5.0,0.0,0.06
1291,24,1,7,539,5.0,0.6369,0.26
1292,11,1,1,90,3.0,0.4201,0.21
1293,11,2,1,184,4.0,-0.6591,0.39864
1294,25,2,1,285,2.0,0.4201,0.285
1295,23,2,4,560,4.0,-0.4215,0.5036
1296,5,1,1,678,4.0,0.7506,0.135
1297,9,2,1,20,4.0,-0.5096,0.33884
1298,2,1,1,769,4.0,0.4404,0.135
1299,12,1,10,228,5.0,-0.4939,0.45756
1300,15,1,1,770,3.0,0.2263,0.21
1301,3,1,1,385,3.0,0.2263,0.21
1302,1,2,1,219,4.0,0.4019,0.135
1303,12,2,5,771,4.0,0.0,0.335
1304,23,2,1,340,4.0,0.7717,0.135
1305,5,1,1,772,5.0,0.5719,0.06
1306,15,1,5,384,4.0,0.0,0.335
1307,17,1,1,773,2.0,-0.5096,0.48884
1308,5,2,6,409,1.0,-0.6249,0.80996
1309,6,2,1,108,4.0,0.4404,0.135
1310,8,2,1,523,4.0,0.0,0.135
1311,14,1,9,348,2.0,0.5719,0.485
1312,4,1,1,423,2.0,0.5719,0.285
1313,4,1,5,709,4.0,0.0,0.335
1314,16,1,2,774,2.0,0.5859,0.485
1315,23,2,10,214,3.0,0.7845,0.41
1316,25,2,1,439,4.0,0.0,0.135
1317,8,2,1,337,1.0,0.2263,0.36
1318,8,2,6,775,2.0,-0.4019,0.6457600000000001
1319,9,1,4,662,3.0,-0.6369,0.66476
1320,1,1,1,325,4.0,0.0,0.135
1321,9,2,1,647,4.0,0.2263,0.135
1322,9,1,7,182,1.0,0.4588,0.56
1323,15,2,1,450,5.0,0.0,0.06
1324,14,1,1,377,5.0,0.6705,0.06
1325,17,2,1,776,4.0,0.2023,0.135
1326,23,2,8,777,4.0,0.4939,0.335
1327,3,1,4,778,3.0,-0.5423,0.6269200000000001
1328,15,1,2,779,2.0,0.6369,0.485
1329,23,1,4,393,3.0,-0.0772,0.44088
1330,5,1,1,780,4.0,0.2382,0.135
1331,4,2,1,530,2.0,0.2263,0.285
1332,22,1,5,781,2.0,0.5719,0.485
1333,2,2,1,782,5.0,0.5423,0.06
1334,23,2,1,783,5.0,-0.1516,0.12064
1335,5,1,1,372,4.0,-0.2162,0.22148
1336,12,1,6,784,3.0,-0.7351,0.70404
1337,15,2,6,658,2.0,0.0,0.485
1338,22,2,1,142,4.0,0.8093,0.135
1339,13,2,7,561,3.0,-0.296,0.5284
1340,17,1,4,556,2.0,-0.6124,0.7299600000000002
1341,22,1,1,761,5.0,0.5719,0.06
1342,17,2,5,227,4.0,-0.0772,0.36588
1343,11,1,1,375,4.0,0.0,0.135
1344,21,2,1,321,3.0,0.0,0.21
1345,22,1,6,725,1.0,0.5719,0.56
1346,17,2,1,500,5.0,-0.6167,0.30668
1347,19,1,1,785,4.0,0.4404,0.135
1348,4,2,4,786,5.0,0.5994,0.26
1349,16,1,1,145,2.0,0.4201,0.285
1350,15,1,5,706,3.0,-0.7003,0.6901200000000001
1351,2,1,2,787,2.0,0.4404,0.485
1352,4,1,4,713,4.0,-0.5423,0.55192
1353,1,2,1,575,4.0,-0.6479,0.39416
1354,1,1,1,165,2.0,0.2263,0.285
1355,6,1,7,788,2.0,-0.1779,0.55616
1356,15,1,4,345,5.0,0.0772,0.26
1357,9,1,5,430,5.0,0.25,0.26
1358,1,2,4,789,4.0,-0.0516,0.35564
1359,22,2,4,571,4.0,0.0772,0.335
1360,1,2,1,536,4.0,-0.6023,0.37592
1361,1,1,1,790,4.0,-0.5096,0.33884
1362,9,1,1,299,5.0,0.0,0.06
1363,11,1,10,348,4.0,0.5859,0.335
1364,14,2,4,791,4.0,-0.4215,0.5036
1365,6,2,1,750,3.0,0.25,0.21
1366,12,2,7,344,2.0,0.3182,0.485
1367,12,2,1,792,4.0,0.8519,0.135
1368,3,1,1,793,2.0,-0.5096,0.48884
1369,3,2,4,305,4.0,-0.4215,0.5036
1370,12,1,6,275,5.0,0.1043,0.26
1371,11,2,1,794,3.0,-0.1695,0.2778
1372,1,2,5,12,5.0,-0.4215,0.4286
1373,17,2,5,168,4.0,0.2023,0.335
1374,21,1,1,795,1.0,0.7778,0.36
1375,13,1,1,83,4.0,0.7579,0.135
1376,5,1,6,796,2.0,0.3612,0.485
1377,14,2,1,693,4.0,0.2263,0.135
1378,6,2,3,659,2.0,0.0,0.485
1379,10,2,6,731,3.0,0.4404,0.41
1380,18,1,1,159,5.0,0.4201,0.06
1381,6,2,4,797,4.0,-0.4215,0.5036
1382,6,2,9,125,1.0,0.5719,0.56
1383,14,1,6,42,4.0,-0.0516,0.35564
1384,1,2,7,729,1.0,-0.4767,0.75068
1385,18,1,1,747,5.0,0.0,0.06
1386,20,1,1,202,2.0,0.2263,0.285
1387,12,2,8,386,1.0,0.7269,0.56
1388,2,1,10,329,4.0,-0.7717,0.64368
1389,17,2,4,798,4.0,0.0,0.335
1390,15,2,4,108,4.0,-0.25,0.435
1391,17,2,1,794,3.0,0.2263,0.21
1392,13,1,6,774,3.0,-0.5096,0.6138400000000002
1393,7,1,9,28,5.0,0.7351,0.26
1394,14,2,4,233,5.0,-0.5423,0.47692
1395,8,2,11,793,4.0,0.4404,0.335
1396,23,1,1,594,5.0,0.4404,0.06
1397,3,1,4,284,4.0,-0.3182,0.46228
1398,8,2,4,799,5.0,-0.4215,0.4286
1399,3,2,4,554,4.0,0.1027,0.335
1400,17,1,6,561,5.0,0.4404,0.26
1401,17,1,5,613,3.0,-0.5423,0.6269200000000001
1402,2,1,9,169,3.0,0.2263,0.41
1403,8,1,7,278,5.0,0.0,0.26
1404,23,1,5,800,5.0,-0.5096,0.46384
1405,8,2,6,801,1.0,-0.2023,0.6409199999999999
1406,4,2,9,247,1.0,-0.5096,0.7638400000000001
1407,5,1,3,20,3.0,0.5719,0.41
1408,23,2,9,802,3.0,0.5719,0.41
1409,2,2,4,58,3.0,0.1027,0.41
1410,22,2,7,383,1.0,-0.0516,0.58064
1411,4,2,1,326,4.0,0.8074,0.135
1412,23,2,6,771,1.0,-0.1779,0.6311599999999999
1413,2,1,1,502,5.0,0.4404,0.06
1414,22,1,7,803,3.0,0.0772,0.41
1415,12,2,1,514,4.0,0.7351,0.135
1416,1,2,1,423,4.0,-0.296,0.2534
1417,4,2,4,256,3.0,-0.7326,0.7030400000000001
1418,12,1,1,804,5.0,0.0,0.06
1419,13,2,1,211,2.0,0.4404,0.285
1420,4,2,10,132,4.0,-0.4588,0.5185200000000001
1421,2,2,1,805,5.0,0.4215,0.06
1422,13,2,6,806,2.0,0.25,0.485
1423,3,1,1,297,5.0,0.4404,0.06
1424,9,2,4,84,4.0,-0.5423,0.55192
1425,11,2,2,563,2.0,-0.4215,0.6536
1426,22,1,1,431,1.0,0.5719,0.36
1427,12,1,1,807,5.0,0.7269,0.06
1428,1,1,4,674,4.0,-0.5423,0.55192
1429,4,2,1,281,5.0,0.5719,0.06
1430,2,2,1,808,5.0,0.2263,0.06
1431,23,1,5,37,3.0,0.5719,0.41
1432,5,2,1,247,5.0,0.7003,0.06
1433,3,2,1,421,5.0,0.2263,0.06
1434,3,1,9,809,3.0,-0.2263,0.5005200000000001
1435,8,1,9,412,1.0,0.5719,0.56
1436,4,1,7,810,3.0,-0.765,0.7160000000000002
1437,11,2,1,708,5.0,-0.5096,0.26384
1438,3,1,7,349,3.0,-0.7502,0.71008
1439,13,1,5,811,4.0,0.6705,0.335
1440,1,2,1,564,3.0,-0.5096,0.41384
1441,12,2,4,812,5.0,-0.8126,0.58504
1442,2,2,6,467,3.0,-0.1516,0.47064
1443,13,2,3,766,1.0,-0.4215,0.7286000000000001
1444,22,1,1,16,3.0,0.6249,0.21
1445,4,2,1,397,4.0,-0.0772,0.16588
1446,1,1,1,524,4.0,0.1531,0.135
1447,17,1,6,813,1.0,-0.0258,0.5703199999999999
1448,15,2,4,618,4.0,-0.5423,0.55192
1449,11,2,1,111,5.0,0.2263,0.06
1450,1,2,4,814,5.0,-0.6705,0.5282
1451,14,2,4,616,4.0,-0.2263,0.42552
1452,14,1,4,225,4.0,-0.1027,0.37608
1453,5,2,1,634,5.0,-0.5096,0.26384
1454,13,1,7,432,2.0,-0.1779,0.55616
1455,17,1,4,815,5.0,-0.5423,0.47692
1456,10,2,8,816,2.0,0.0,0.485
1457,24,1,1,688,3.0,0.2263,0.21
1458,24,2,8,347,3.0,0.0,0.41
1459,2,1,1,767,5.0,0.2263,0.06
1460,14,2,7,747,3.0,-0.0772,0.44088
1461,13,2,1,311,5.0,0.34,0.06
1462,19,1,1,337,4.0,0.0,0.135
1463,14,2,7,600,1.0,-0.7096,0.8438400000000001
1464,22,2,4,817,2.0,-0.4215,0.6536
1465,8,2,4,771,4.0,-0.5423,0.55192
1466,8,1,5,179,4.0,0.2263,0.335
1467,23,1,1,818,4.0,-0.5096,0.33884
1468,14,2,2,819,2.0,0.5106,0.485
1469,17,2,3,753,2.0,0.0,0.485
1470,15,2,1,438,2.0,0.2263,0.285
1471,3,2,1,739,5.0,-0.5096,0.26384
1472,5,2,1,820,5.0,0.0,0.06
1473,1,2,4,132,4.0,-0.2023,0.41592
1474,9,1,1,133,4.0,0.4404,0.135
1475,2,2,4,741,4.0,0.1027,0.335
1476,13,1,6,547,4.0,0.2263,0.335
1477,5,1,9,800,1.0,-0.2023,0.6409199999999999
1478,4,2,4,333,4.0,-0.5423,0.55192
1479,12,1,1,821,4.0,-0.5096,0.33884
1480,17,1,2,822,2.0,0.5719,0.485
1481,17,1,2,232,3.0,0.5859,0.41
1482,21,1,6,18,1.0,0.4404,0.56
1483,2,1,5,235,5.0,0.0,0.26
1484,11,1,6,823,3.0,0.5859,0.41
1485,4,1,7,741,3.0,-0.765,0.7160000000000002
1486,1,1,6,824,3.0,0.2263,0.41
1487,22,2,1,825,5.0,0.5267,0.06
1488,23,2,8,346,4.0,0.2263,0.335
1489,3,1,4,826,5.0,-0.5423,0.47692
1490,5,2,7,827,2.0,-0.765,0.7910000000000001
1491,22,2,1,544,5.0,-0.1012,0.10048
1492,15,2,6,756,3.0,0.1043,0.41
1493,9,1,4,318,4.0,-0.4215,0.5036
1494,15,2,1,828,2.0,-0.1516,0.34564
1495,5,2,9,481,3.0,0.2263,0.41
1496,22,1,4,829,5.0,-0.5423,0.47692
1497,13,1,4,830,3.0,-0.4215,0.5786
1498,8,1,4,124,3.0,-0.5423,0.6269200000000001
1499,11,1,1,831,4.0,0.4404,0.135
1500,2,1,5,832,4.0,-0.2008,0.41532
1501,25,2,1,152,5.0,0.4404,0.06
1502,2,2,4,621,4.0,-0.5423,0.55192
1503,2,1,1,108,4.0,0.5719,0.135
1504,6,1,6,108,1.0,0.4404,0.56
1505,13,1,1,435,5.0,0.0,0.06
1506,11,2,1,197,4.0,0.7506,0.135
1507,4,1,1,543,4.0,0.0,0.135
1508,14,2,4,613,2.0,-0.6808,0.75732
1509,3,2,1,833,4.0,-0.2837,0.24848
1510,2,2,1,137,4.0,0.7351,0.135
1511,3,2,9,834,3.0,-0.4215,0.5786
1512,15,1,6,825,4.0,-0.1817,0.40768
1513,5,1,1,835,4.0,0.2263,0.135
1514,23,2,1,152,5.0,0.7269,0.06
1515,9,1,5,610,5.0,-0.5606,0.48424
1516,12,1,6,123,3.0,0.4019,0.41
1517,17,2,9,251,3.0,-0.5096,0.6138400000000002
1518,3,1,7,289,1.0,-0.4939,0.75756
1519,9,2,2,369,1.0,0.4404,0.56
1520,17,2,5,264,4.0,-0.2336,0.42844
1521,3,2,5,655,4.0,0.0,0.335
1522,9,1,1,625,4.0,-0.1516,0.19564
1523,5,2,2,567,2.0,-0.5096,0.6888400000000001
1524,11,1,1,365,5.0,-0.4577,0.24308
1525,17,2,1,513,4.0,0.6369,0.135
1526,3,1,4,836,4.0,-0.7906,0.65124
1527,6,1,7,837,3.0,-0.1531,0.47124
1528,23,2,9,677,1.0,0.2263,0.56
1529,9,2,6,838,3.0,0.5719,0.41
1530,8,2,9,577,1.0,0.5719,0.56
1531,8,2,1,40,4.0,0.2782,0.135
1532,25,2,1,839,3.0,0.2263,0.21
1533,13,1,1,613,4.0,0.5719,0.135
1534,11,2,1,297,4.0,0.5719,0.135
1535,6,2,1,276,4.0,0.34,0.135
1536,4,2,5,67,5.0,0.5267,0.26
1537,4,2,3,348,3.0,0.0,0.41
1538,14,1,1,346,2.0,0.7906,0.285
1539,4,1,7,695,3.0,0.5859,0.41
1540,22,1,1,342,4.0,0.4588,0.135
1541,8,2,1,840,4.0,0.2263,0.135
1542,13,2,1,841,2.0,0.0,0.285
1543,24,2,1,479,5.0,0.0,0.06
1544,11,2,6,387,4.0,0.0,0.335
1545,13,2,4,835,5.0,-0.1531,0.32124
1546,23,1,1,822,5.0,0.1999,0.06
1547,12,2,1,619,4.0,0.296,0.135
1548,6,1,1,597,4.0,0.7089,0.135
1549,2,2,4,557,4.0,-0.8807,0.6872800000000001
1550,11,2,3,803,4.0,0.2732,0.335
1551,1,2,5,760,4.0,0.4404,0.335
1552,13,1,2,842,3.0,-0.5096,0.6138400000000002
1553,22,1,1,385,4.0,0.5719,0.135
1554,8,2,6,788,3.0,-0.5096,0.6138400000000002
1555,15,2,3,175,3.0,-0.6908,0.68632
1556,17,2,1,843,5.0,0.2263,0.06
1557,2,1,1,844,4.0,0.0,0.135
1558,22,1,1,749,3.0,0.4404,0.21
1559,2,1,5,694,4.0,-0.1531,0.39624
1560,17,2,1,845,3.0,-0.1695,0.2778
1561,1,1,9,55,3.0,0.2263,0.41
1562,14,2,1,846,5.0,0.7783,0.06
1563,3,1,1,847,5.0,0.5106,0.06
1564,23,2,4,39,5.0,-0.4215,0.4286
1565,22,2,1,715,4.0,0.5859,0.135
1566,3,2,4,731,4.0,-0.1531,0.39624
1567,5,2,1,100,4.0,0.0605,0.135
1568,12,1,3,572,4.0,0.4767,0.335
1569,13,1,1,281,5.0,-0.5096,0.26384
1570,5,1,1,47,5.0,0.0,0.06
1571,2,2,1,676,4.0,0.0,0.135
1572,2,2,3,329,1.0,0.2732,0.56
1573,22,2,6,490,4.0,-0.3724,0.48396
1574,11,2,1,374,3.0,0.2263,0.21
1575,3,1,4,848,4.0,-0.25,0.435
1576,15,2,1,849,4.0,0.3182,0.135
1577,2,1,6,801,3.0,-0.7351,0.70404
1578,23,1,1,307,4.0,0.5719,0.135
1579,17,2,7,850,3.0,-0.7502,0.71008
1580,8,1,3,752,3.0,0.4404,0.41
1581,13,2,1,828,5.0,0.3246,0.06
1582,18,2,1,101,1.0,-0.1695,0.4278
1583,16,1,1,384,2.0,0.4201,0.285
1584,6,1,2,208,2.0,-0.5096,0.6888400000000001
1585,6,2,7,540,3.0,-0.296,0.5284
1586,4,2,4,334,4.0,-0.7717,0.64368
1587,23,1,1,851,3.0,0.5719,0.21
1588,14,1,7,852,3.0,0.1531,0.41
1589,8,2,1,91,4.0,0.6908,0.135
1590,14,2,1,434,4.0,0.4404,0.135
1591,11,1,6,77,2.0,-0.1779,0.55616
1592,14,1,2,138,2.0,0.6124,0.485
1593,11,2,4,853,4.0,0.0258,0.335
1594,12,2,4,436,5.0,-0.4215,0.4286
1595,12,1,4,723,3.0,-0.4588,0.59352
1596,22,2,4,692,4.0,-0.765,0.641
1597,1,2,4,854,4.0,-0.5423,0.55192
1598,4,1,5,83,4.0,-0.5096,0.53884
1599,6,2,4,395,5.0,-0.4215,0.4286
1600,8,1,6,545,2.0,0.4404,0.485
1601,17,1,2,855,3.0,-0.6259,0.6603600000000001
1602,3,2,1,377,2.0,0.4404,0.285
1603,23,1,2,687,1.0,-0.5096,0.7638400000000001
1604,8,1,6,856,1.0,0.3612,0.56
1605,17,1,9,801,1.0,0.4588,0.56
1606,2,1,1,775,4.0,0.7579,0.135
1607,15,2,4,747,5.0,-0.6124,0.5049600000000001
1608,9,1,1,857,3.0,0.0,0.21
1609,6,2,6,858,3.0,0.4404,0.41
1610,17,1,1,695,3.0,-0.5096,0.41384
1611,17,1,6,231,1.0,-0.6705,0.8282
1612,14,1,7,157,3.0,-0.765,0.7160000000000002
1613,23,1,5,183,4.0,-0.4019,0.49576
1614,15,1,1,592,4.0,0.7269,0.135
1615,8,2,4,730,4.0,-0.5423,0.55192
1616,8,2,7,859,1.0,-0.7096,0.8438400000000001
1617,2,1,2,74,3.0,0.5719,0.41
1618,13,2,6,364,3.0,0.0516,0.41
1619,1,2,1,833,3.0,0.5719,0.21
1620,8,2,1,860,4.0,0.296,0.135
1621,11,1,4,268,2.0,-0.3818,0.6377200000000001
1622,9,2,9,861,2.0,0.7351,0.485
1623,1,1,6,374,5.0,0.4404,0.26
1624,4,2,4,862,5.0,-0.5423,0.47692
1625,5,2,1,200,5.0,0.5719,0.06
1626,19,1,1,483,2.0,0.0,0.285
1627,5,2,4,863,5.0,-0.4215,0.4286
1628,2,2,8,864,5.0,-0.5423,0.47692
1629,5,1,1,422,3.0,0.2263,0.21
1630,12,2,1,523,5.0,0.2263,0.06
1631,8,2,1,709,4.0,0.0,0.135
1632,3,2,1,784,4.0,-0.0772,0.16588
1633,13,1,7,865,3.0,0.1531,0.41
1634,5,2,3,866,3.0,0.6908,0.41
1635,25,1,6,391,2.0,0.4404,0.485
1636,15,1,1,451,5.0,0.2263,0.06
1637,3,1,2,867,3.0,0.5719,0.41
1638,13,1,4,868,3.0,-0.5423,0.6269200000000001
1639,4,1,1,234,3.0,0.2263,0.21
1640,22,2,3,213,2.0,0.5719,0.485
1641,2,1,1,332,4.0,0.4404,0.135
1642,8,2,1,41,5.0,0.7845,0.06
1643,23,2,1,795,4.0,-0.1012,0.17548
1644,15,2,4,432,3.0,0.7906,0.41
1645,17,1,1,367,4.0,0.4404,0.135
1646,15,1,9,135,3.0,-0.6908,0.68632
1647,13,2,1,817,5.0,0.4404,0.06
1648,3,2,4,189,5.0,-0.4215,0.4286
1649,2,1,1,560,5.0,0.4404,0.06
1650,4,1,4,730,5.0,-0.5423,0.47692
1651,17,1,2,505,1.0,-0.5423,0.77692
1652,17,1,1,439,2.0,0.4404,0.285
1653,22,1,7,418,2.0,-0.8126,0.8100400000000001
1654,12,1,6,869,2.0,-0.4019,0.6457600000000001
1655,6,2,4,870,3.0,-0.5994,0.6497600000000001
1656,23,2,9,713,3.0,-0.6908,0.68632
1657,5,1,4,326,4.0,-0.5423,0.55192
1658,6,2,1,695,4.0,-0.5096,0.33884
1659,1,1,2,513,2.0,-0.5423,0.7019200000000001
1660,7,1,2,871,1.0,0.5859,0.56
1661,15,1,4,169,4.0,-0.4215,0.5036
1662,13,2,6,872,3.0,-0.7923,0.72692
1663,5,1,1,523,4.0,-0.5096,0.33884
1664,4,1,1,873,4.0,0.2263,0.135
1665,8,2,4,370,5.0,-0.4215,0.4286
1666,11,1,6,523,2.0,0.25,0.485
1667,9,2,1,377,4.0,0.0,0.135
1668,11,2,1,400,5.0,0.0,0.06
1669,8,2,4,139,3.0,-0.4215,0.5786
1670,12,1,1,874,5.0,0.5994,0.06
1671,1,2,6,129,3.0,-0.4019,0.5707600000000002
1672,14,2,5,424,5.0,-0.25,0.36
1673,23,1,4,750,5.0,-0.5267,0.47068
1674,18,1,1,875,1.0,-0.1695,0.4278
1675,2,2,3,211,1.0,-0.5423,0.77692
1676,12,1,2,876,3.0,0.5719,0.41
1677,14,1,4,557,3.0,-0.4215,0.5786
1678,4,1,4,586,4.0,-0.128,0.3862
1679,22,1,1,90,4.0,-0.5096,0.33884
1680,12,1,4,336,5.0,-0.5423,0.47692
1681,22,2,4,194,4.0,-0.5423,0.55192
1682,5,1,4,806,4.0,-0.1531,0.39624
1683,13,1,3,464,1.0,-0.4215,0.7286000000000001
1684,9,1,10,877,2.0,-0.4215,0.6536
1685,15,2,9,878,2.0,0.7351,0.485
1686,24,2,5,568,4.0,0.0,0.335
1687,8,1,1,345,5.0,0.3353,0.06
1688,1,2,1,39,5.0,-0.7713,0.36852
1689,9,2,1,656,4.0,-0.5096,0.33884
1690,8,1,1,879,4.0,0.0,0.135
1691,1,1,1,384,4.0,0.7184,0.135
1692,3,1,4,873,5.0,0.1027,0.26
1693,6,1,7,772,2.0,-0.4767,0.6756800000000001
1694,11,2,1,627,4.0,0.6124,0.135
1695,23,1,4,12,3.0,-0.0258,0.4203199999999999
1696,15,1,1,211,5.0,0.2263,0.06
1697,8,2,1,880,3.0,0.0,0.21
1698,2,1,1,594,4.0,0.4939,0.135
1699,22,2,1,57,5.0,0.2263,0.06
1700,12,1,1,428,4.0,0.6705,0.135
1701,17,1,1,450,4.0,0.0,0.135
1702,11,1,1,468,5.0,0.7906,0.06
1703,14,2,4,536,4.0,-0.1531,0.39624
1704,17,1,7,44,2.0,0.6369,0.485
1705,17,1,5,78,4.0,0.0,0.335
1706,8,1,4,257,4.0,-0.5423,0.55192
1707,23,2,4,829,4.0,-0.5423,0.55192
1708,15,2,3,735,3.0,0.7579,0.41
1709,11,2,4,638,4.0,-0.4215,0.5036
1710,11,1,1,881,5.0,0.7269,0.06
1711,17,2,1,646,5.0,0.5267,0.06
1712,5,1,4,648,4.0,-0.5267,0.5456799999999999
1713,15,2,9,4,2.0,0.0,0.485
1714,11,1,1,334,1.0,0.2263,0.36
1715,9,2,1,882,4.0,-0.5216,0.34364
1716,8,1,1,49,4.0,-0.5267,0.34568
1717,6,2,5,351,4.0,0.0,0.335
1718,13,2,1,553,5.0,0.7579,0.06
1719,25,2,5,102,4.0,0.0,0.335
1720,14,2,1,385,4.0,0.0,0.135
1721,8,2,7,401,3.0,-0.0516,0.4306399999999999
1722,14,1,5,498,5.0,0.0,0.26
1723,17,1,1,365,5.0,0.4404,0.06
1724,6,2,1,883,4.0,0.6249,0.135
1725,14,1,9,25,3.0,-0.5096,0.6138400000000002
1726,20,2,9,827,1.0,0.0,0.56
1727,1,1,5,719,4.0,0.0,0.335
1728,17,1,1,884,5.0,0.0,0.06
1729,22,2,1,314,5.0,0.2263,0.06
1730,2,1,1,304,1.0,0.3612,0.36
1731,2,1,6,267,3.0,0.4404,0.41
1732,1,2,1,52,4.0,0.4404,0.135
1733,17,2,1,885,3.0,0.8555,0.21
1734,3,2,4,109,5.0,-0.5423,0.47692
1735,5,2,1,884,4.0,0.4404,0.135
1736,2,2,9,826,1.0,-0.3182,0.6872800000000001
1737,22,1,7,886,3.0,-0.7502,0.71008
1738,11,2,1,696,3.0,0.0,0.21
1739,8,2,4,606,4.0,-0.5423,0.55192
1740,17,1,2,810,3.0,-0.5096,0.6138400000000002
1741,23,2,4,142,4.0,-0.1531,0.39624
1742,17,1,4,669,4.0,-0.6249,0.5849600000000001
1743,11,2,1,31,5.0,0.6808,0.06
1744,3,1,1,187,4.0,-0.4929,0.33216
1745,6,2,5,868,4.0,-0.7779,0.6461600000000001
1746,3,2,1,355,4.0,0.4404,0.135
1747,11,1,7,887,2.0,-0.7096,0.76884
1748,23,1,3,291,1.0,-0.6197,0.8078800000000002
1749,2,2,8,91,4.0,-0.652,0.5958000000000001
1750,9,2,4,426,5.0,-0.2263,0.35052
1751,8,2,6,719,3.0,-0.4393,0.58572
1752,23,2,1,203,4.0,0.7845,0.135
1753,1,1,4,23,5.0,-0.4215,0.4286
1754,23,1,1,587,4.0,-0.2008,0.21532
1755,12,2,5,885,4.0,-0.3182,0.46228
1756,9,1,1,170,4.0,0.6908,0.135
1757,23,1,4,888,4.0,-0.4019,0.49576
1758,9,2,1,277,5.0,0.4404,0.06
1759,3,1,1,749,4.0,-0.5096,0.33884
1760,23,2,7,889,3.0,-0.765,0.7160000000000002
1761,22,1,5,662,4.0,0.2263,0.335
1762,11,2,1,890,2.0,0.4404,0.285
1763,23,2,1,261,3.0,0.0,0.21
1764,8,2,4,235,5.0,-0.4215,0.4286
1765,13,2,1,123,4.0,0.5423,0.135
1766,8,1,1,27,5.0,0.2263,0.06
1767,23,2,3,828,1.0,-0.5423,0.77692
1768,3,2,1,891,4.0,0.0,0.135
1769,12,1,7,187,1.0,-0.4929,0.75716
1770,4,2,4,892,4.0,-0.6808,0.6073200000000001
1771,17,2,4,893,4.0,-0.4215,0.5036
1772,13,1,5,295,5.0,-0.5719,0.48876
1773,5,1,1,387,4.0,0.1818,0.135
1774,9,2,4,249,4.0,-0.5423,0.55192
1775,8,1,5,894,4.0,0.5849,0.335
1776,1,2,7,166,5.0,0.6597,0.26
1777,6,2,7,895,3.0,-0.8271,0.7408400000000002
1778,12,1,6,34,3.0,-0.7351,0.70404
1779,17,1,3,664,1.0,0.2263,0.56
1780,5,1,6,896,4.0,-0.6908,0.6113200000000001
1781,9,2,8,664,4.0,-0.0516,0.35564
1782,11,1,1,681,4.0,0.2263,0.135
1783,8,2,1,521,4.0,-0.5096,0.33884
1784,6,2,1,262,2.0,0.2263,0.285
1785,12,2,1,354,4.0,0.5574,0.135
1786,6,1,7,693,5.0,0.34,0.26
1787,9,1,5,555,4.0,0.5719,0.335
1788,19,1,2,240,4.0,0.5859,0.335
1789,8,1,2,788,1.0,-0.4215,0.7286000000000001
1790,9,2,3,897,3.0,0.1027,0.41
1791,14,2,1,530,4.0,0.5719,0.135
1792,13,2,4,475,3.0,-0.5423,0.6269200000000001
1793,14,1,1,898,5.0,0.2263,0.06
1794,9,1,1,899,4.0,0.0,0.135
1795,3,2,4,31,4.0,0.4019,0.335
1796,25,2,1,420,1.0,0.7579,0.36
1797,8,1,5,137,4.0,0.1531,0.335
1798,4,2,4,175,4.0,-0.5423,0.55192
1799,1,2,1,900,5.0,0.2263,0.06
1800,2,2,4,623,4.0,-0.5423,0.55192
1801,9,1,4,17,4.0,-0.4215,0.5036
1802,12,1,2,596,2.0,-0.3182,0.6122799999999999
1803,9,2,4,711,4.0,-0.2023,0.41592
1804,9,2,6,559,2.0,-0.2023,0.56592
1805,2,1,4,433,4.0,-0.0516,0.35564
1806,12,1,10,681,4.0,0.4019,0.335
1807,25,2,10,294,5.0,0.5859,0.26
1808,24,2,2,657,1.0,0.5859,0.56
1809,14,1,4,571,4.0,-0.1779,0.40616
1810,2,1,7,901,2.0,-0.4215,0.6536
1811,9,2,1,845,4.0,0.4588,0.135
1812,15,2,5,601,4.0,0.7845,0.335
1813,13,1,1,271,4.0,0.0,0.135
1814,2,1,9,346,3.0,-0.5423,0.6269200000000001
1815,13,2,4,680,5.0,-0.3182,0.38728
1816,1,1,1,676,4.0,0.5719,0.135
1817,3,1,4,816,4.0,-0.4215,0.5036
1818,11,1,5,284,4.0,0.5859,0.335
1819,22,1,6,902,2.0,-0.7179,0.77216
1820,5,1,4,644,3.0,-0.5423,0.6269200000000001
1821,13,1,9,416,3.0,0.5859,0.41
1822,8,2,6,325,3.0,-0.4215,0.5786
1823,4,2,9,85,2.0,-0.6437,0.74248
1824,17,1,6,127,3.0,0.2263,0.41
1825,2,1,1,455,3.0,0.0,0.21
1826,3,2,1,250,4.0,0.2263,0.135
1827,1,2,9,376,1.0,-0.5096,0.7638400000000001
1828,1,1,6,903,3.0,-0.8225,0.7390000000000001
1829,9,1,6,673,1.0,-0.5267,0.77068
1830,15,2,1,309,5.0,0.5719,0.06
1831,22,2,3,89,1.0,0.2732,0.56
1832,17,1,3,829,1.0,-0.5096,0.7638400000000001
1833,17,1,6,904,3.0,0.5719,0.41
1834,6,1,4,16,5.0,-0.296,0.3784
1835,9,1,6,722,3.0,0.0258,0.41
1836,17,1,1,198,5.0,0.5719,0.06
1837,9,2,7,45,1.0,-0.0516,0.58064
1838,4,1,6,516,3.0,-0.6705,0.6782000000000001
1839,6,2,1,905,4.0,0.0,0.135
1840,2,1,1,906,3.0,0.5719,0.21
1841,9,2,5,761,2.0,-0.6969,0.76376
1842,20,2,5,30,3.0,-0.4767,0.6006800000000001
1843,11,1,6,358,2.0,0.0,0.485
1844,1,1,3,907,2.0,-0.5096,0.6888400000000001
1845,4,1,5,153,4.0,-0.1012,0.37548
1846,12,2,6,703,3.0,0.743,0.41
1847,4,1,4,604,4.0,-0.5423,0.55192
1848,6,2,1,753,4.0,0.4019,0.135
1849,18,1,6,908,1.0,0.4404,0.56
1850,5,1,4,207,4.0,-0.1779,0.40616
1851,11,1,5,805,4.0,-0.6808,0.6073200000000001
1852,4,1,7,525,1.0,-0.7096,0.8438400000000001
1853,15,2,10,909,3.0,0.5859,0.41
1854,12,2,4,883,4.0,-0.5423,0.55192
1855,8,1,1,910,5.0,-0.5096,0.26384
1856,15,1,1,665,4.0,0.8271,0.135
1857,16,2,5,675,3.0,-0.4767,0.6006800000000001
1858,11,2,6,402,3.0,-0.7179,0.69716
1859,12,1,1,911,4.0,-0.6602,0.39908
1860,15,1,4,568,4.0,-0.4215,0.5036
1861,1,2,1,698,4.0,-0.5096,0.33884
1862,8,2,2,469,3.0,-0.1531,0.47124
1863,15,1,1,912,5.0,-0.3296,0.19184
1864,5,2,1,871,5.0,-0.0516,0.08064
1865,3,2,5,793,4.0,-0.6369,0.5897600000000001
1866,4,1,1,207,5.0,0.4404,0.06
1867,8,2,4,913,4.0,-0.4215,0.5036
1868,13,1,1,458,5.0,0.0,0.06
1869,4,1,7,452,3.0,-0.765,0.7160000000000002
1870,20,1,1,914,4.0,0.0,0.135
1871,12,2,4,167,1.0,-0.5423,0.77692
1872,23,2,1,34,5.0,0.0,0.06
1873,8,1,6,498,2.0,-0.6705,0.7532000000000001
1874,1,2,4,42,4.0,-0.6705,0.6032
1875,15,1,3,223,3.0,0.2263,0.41
1876,18,1,2,306,3.0,0.5859,0.41
1877,17,1,4,110,3.0,-0.4215,0.5786
1878,2,1,6,143,2.0,-0.5096,0.6888400000000001
1879,15,1,6,882,3.0,0.5719,0.41
1880,22,2,2,555,2.0,-0.4215,0.6536
1881,3,2,1,698,5.0,0.296,0.06
1882,8,2,3,915,3.0,0.1027,0.41
1883,14,1,1,370,5.0,0.4404,0.06
1884,5,2,1,916,1.0,0.128,0.36
1885,15,1,5,244,4.0,-0.4215,0.5036
1886,11,1,6,917,1.0,-0.6705,0.8282
1887,11,1,4,588,4.0,-0.4215,0.5036
1888,15,2,2,821,1.0,0.4404,0.56
1889,5,2,1,61,5.0,0.4404,0.06
1890,13,2,1,671,4.0,0.0,0.135
1891,8,2,1,610,4.0,0.8126,0.135
1892,23,1,4,767,5.0,-0.5423,0.47692
1893,5,2,1,868,3.0,0.4445,0.21
1894,1,2,5,752,3.0,0.0772,0.41
1895,23,1,7,588,3.0,0.3182,0.41
1896,6,1,1,39,4.0,0.0,0.135
1897,1,1,1,918,3.0,-0.5448,0.42792
1898,5,2,1,340,4.0,-0.5096,0.33884
1899,15,1,10,919,4.0,0.4939,0.335
1900,15,1,1,920,4.0,0.5719,0.135
1901,23,2,1,159,4.0,0.0,0.135
1902,4,2,5,921,1.0,-0.1406,0.6162400000000001
1903,3,1,7,922,3.0,-0.4767,0.6006800000000001
1904,1,2,6,389,2.0,0.5719,0.485
1905,15,1,1,747,4.0,-0.5096,0.33884
1906,4,2,1,176,5.0,0.7506,0.06
1907,12,1,1,121,5.0,0.2263,0.06
1908,17,2,1,907,2.0,-0.5096,0.48884
1909,12,1,6,187,3.0,-0.5423,0.6269200000000001
1910,6,2,3,212,3.0,-0.5719,0.63876
1911,5,2,1,529,5.0,0.2263,0.06
1912,13,2,3,14,3.0,0.5719,0.41
1913,1,1,1,706,5.0,0.5267,0.06
1914,12,2,1,501,4.0,0.2263,0.135
1915,9,2,1,584,5.0,0.0,0.06
1916,5,1,1,154,5.0,0.5719,0.06
1917,15,1,9,600,3.0,0.6249,0.41
1918,9,2,1,501,3.0,0.2263,0.21
1919,9,1,1,747,4.0,0.4404,0.135
1920,8,1,1,818,4.0,0.6486,0.135
1921,9,1,1,102,4.0,-0.6591,0.39864
1922,6,1,4,163,4.0,-0.5423,0.55192
1923,13,1,1,778,5.0,0.5267,0.06
1924,3,2,1,923,3.0,0.4404,0.21
1925,9,1,5,297,5.0,0.5267,0.26
1926,3,2,4,629,5.0,0.34,0.26
1927,12,1,10,572,4.0,0.4939,0.335
1928,15,1,9,200,1.0,-0.4215,0.7286000000000001
1929,11,2,6,924,1.0,0.5719,0.56
1930,13,1,5,925,5.0,-0.4577,0.44308
1931,14,1,1,640,3.0,0.8176,0.21
1932,8,1,1,926,5.0,-0.3612,0.20448
1933,9,2,1,682,4.0,0.8316,0.135
1934,3,2,5,567,5.0,0.4404,0.26
1935,5,2,1,757,1.0,0.7845,0.36
1936,13,1,1,363,5.0,-0.5096,0.26384
1937,6,1,5,841,5.0,-0.3412,0.39648
1938,15,2,7,670,3.0,-0.0516,0.4306399999999999
1939,3,1,9,576,3.0,-0.7011,0.6904399999999999
1940,23,2,4,859,4.0,-0.5423,0.55192
1941,5,2,4,46,5.0,-0.5423,0.47692
1942,17,2,1,682,1.0,0.7778,0.36
1943,3,2,5,927,4.0,0.7351,0.335
1944,9,2,4,110,4.0,-0.4215,0.5036
1945,21,2,9,254,5.0,0.7351,0.26
1946,9,2,3,347,2.0,-0.4215,0.6536
1947,17,1,1,511,3.0,0.4404,0.21
1948,9,1,7,928,3.0,-0.7502,0.71008
1949,9,2,1,761,4.0,-0.4767,0.32568
1950,9,2,4,560,4.0,-0.5423,0.55192
1951,9,2,6,895,5.0,0.0,0.26
1952,18,2,6,897,3.0,0.4404,0.41
1953,2,2,4,95,4.0,-0.1779,0.40616
1954,12,1,1,412,5.0,0.2263,0.06
1955,2,1,1,494,5.0,-0.0516,0.08064
1956,1,2,1,929,5.0,0.5423,0.06
1957,2,2,4,399,5.0,-0.2263,0.35052
1958,4,2,1,284,4.0,0.296,0.135
1959,4,1,4,76,3.0,-0.5423,0.6269200000000001
1960,6,1,5,667,5.0,-0.5423,0.47692
1961,11,1,1,859,4.0,0.2263,0.135
1962,6,1,3,506,3.0,0.5719,0.41
1963,1,2,1,930,5.0,0.4404,0.06
1964,5,2,10,650,4.0,-0.5096,0.53884
1965,20,2,5,303,3.0,-0.4767,0.6006800000000001
1966,14,1,7,663,2.0,-0.7502,0.78508
1967,11,1,4,931,1.0,-0.4215,0.7286000000000001
1968,12,1,7,270,2.0,-0.4767,0.6756800000000001
1969,12,1,1,346,4.0,0.5859,0.135
1970,3,1,9,676,3.0,0.4404,0.41
1971,11,2,1,466,1.0,-0.5096,0.5638400000000001
1972,11,2,4,521,4.0,-0.4767,0.52568
1973,9,2,1,932,4.0,0.0,0.135
1974,5,1,1,933,4.0,0.0,0.135
1975,5,2,1,180,4.0,0.4404,0.135
1976,1,2,1,923,4.0,0.0,0.135
1977,8,1,1,579,4.0,0.3818,0.135
1978,13,2,2,291,1.0,-0.5423,0.77692
1979,11,1,4,22,4.0,-0.5423,0.55192
1980,4,2,4,229,5.0,0.1531,0.26
1981,2,2,1,603,3.0,0.5719,0.21
1982,3,2,4,814,3.0,-0.4215,0.5786
1983,22,1,3,609,4.0,0.4404,0.335
1984,11,1,1,55,5.0,0.6705,0.06
1985,1,2,2,575,1.0,0.2732,0.56
1986,3,1,2,646,3.0,-0.5423,0.6269200000000001
1987,15,2,1,98,1.0,0.0,0.36
1988,2,2,2,934,3.0,0.4777,0.41
1989,17,2,6,935,5.0,0.6369,0.26
1990,23,1,5,692,5.0,0.7579,0.26
1991,22,2,4,402,1.0,-0.3182,0.6872800000000001
1992,1,1,4,527,4.0,-0.4215,0.5036
1993,13,2,2,936,3.0,0.4404,0.41
1994,4,2,4,937,4.0,-0.5423,0.55192
1995,17,2,1,91,4.0,0.4019,0.135
1996,14,1,9,931,2.0,-0.4215,0.6536
1997,13,1,4,211,3.0,-0.34,0.546
1998,11,2,1,590,4.0,0.4404,0.135
1999,20,2,9,593,3.0,0.0,0.41
2000,17,2,8,650,4.0,-0.2718,0.44372
2001,22,2,1,694,5.0,0.5994,0.06
2002,11,2,4,938,4.0,-0.5423,0.55192
2003,9,2,7,362,3.0,-0.296,0.5284
2004,4,1,1,369,5.0,0.0772,0.06
2005,9,2,2,912,1.0,-0.62,0.808
2006,15,1,7,90,3.0,-0.0516,0.4306399999999999
2007,3,1,1,199,4.0,0.4404,0.135
2008,17,1,1,111,5.0,0.2263,0.06
2009,6,1,4,401,1.0,-0.5423,0.77692
2010,13,1,6,939,2.0,0.0,0.485
2011,11,2,1,13,4.0,-0.5096,0.33884
2012,8,2,4,379,5.0,-0.5423,0.47692
2013,6,2,5,225,5.0,0.3182,0.26
2014,15,2,4,871,5.0,-0.0094,0.26376
2015,5,1,4,609,4.0,-0.4215,0.5036
2016,12,1,8,940,5.0,0.0,0.26
2017,12,2,1,41,5.0,-0.5096,0.26384
2018,3,2,1,754,4.0,0.5719,0.135
2019,6,2,1,118,3.0,0.5719,0.21
2020,2,1,1,780,4.0,0.1779,0.135
2021,3,2,8,261,4.0,0.4588,0.335
2022,11,2,11,941,4.0,0.5994,0.335
2023,8,1,1,820,5.0,0.5719,0.06
2024,13,2,6,666,1.0,-0.7179,0.8471600000000001
2025,9,2,1,676,4.0,0.5719,0.135
2026,5,2,1,942,4.0,0.5719,0.135
2027,14,2,4,269,3.0,-0.4215,0.5786
2028,21,2,1,679,1.0,0.2263,0.36
2029,2,2,1,697,5.0,0.4404,0.06
2030,8,1,5,915,4.0,-0.25,0.435
2031,6,2,1,87,5.0,0.0,0.06
2032,3,1,9,764,2.0,-0.34,0.621
2033,5,2,1,943,4.0,0.5719,0.135
2034,9,2,3,876,3.0,-0.5423,0.6269200000000001
2035,14,1,4,49,5.0,-0.4215,0.4286
2036,15,2,5,160,4.0,0.5859,0.335
2037,17,1,1,708,5.0,0.4404,0.06
2038,8,2,4,598,4.0,-0.4215,0.5036
2039,2,2,6,601,2.0,0.0516,0.485
2040,14,1,1,122,4.0,-0.1027,0.17608
2041,23,2,1,60,5.0,0.7845,0.06
2042,15,2,1,277,5.0,-0.1764,0.13056
2043,11,1,2,651,1.0,-0.7179,0.8471600000000001
2044,5,2,1,75,5.0,0.4404,0.06
2045,9,1,4,317,4.0,-0.1779,0.40616
2046,15,2,4,104,5.0,-0.5423,0.47692
2047,9,2,6,437,2.0,0.0,0.485
2048,1,2,1,351,5.0,-0.5096,0.26384
2049,3,2,1,681,4.0,-0.5096,0.33884
2050,4,2,4,168,4.0,-0.4215,0.5036
2051,15,2,1,874,1.0,0.7778,0.36
2052,16,2,1,92,1.0,0.0,0.36
2053,23,2,4,533,5.0,-0.5423,0.47692
2054,11,2,1,126,4.0,-0.5096,0.33884
2055,5,1,3,944,3.0,0.4404,0.41
2056,22,2,5,153,5.0,0.0,0.26
2057,12,2,1,337,5.0,0.0,0.06
2058,8,1,9,786,1.0,-0.5423,0.77692
2059,4,1,1,636,4.0,0.5719,0.135
2060,12,1,1,422,4.0,0.6908,0.135
2061,9,1,3,404,2.0,-0.5096,0.6888400000000001
2062,14,1,4,721,4.0,-0.5423,0.55192
2063,9,2,1,293,1.0,0.2263,0.36
2064,2,1,1,179,3.0,0.5719,0.21
2065,16,2,1,945,3.0,0.0,0.21
2066,3,1,7,946,2.0,-0.0516,0.50564
2067,12,2,5,216,5.0,-0.6249,0.50996
2068,23,1,2,947,3.0,0.2263,0.41
2069,12,1,7,570,3.0,0.1531,0.41
2070,15,1,1,527,4.0,-0.0516,0.15564
2071,4,1,5,107,4.0,0.7906,0.335
2072,21,2,1,902,4.0,0.4404,0.135
2073,17,1,4,96,5.0,-0.4215,0.4286
2074,3,2,1,330,4.0,0.4404,0.135
2075,22,2,7,301,5.0,0.4588,0.26
2076,5,1,7,265,3.0,0.6597,0.41
2077,1,2,1,948,4.0,0.4404,0.135
2078,12,2,5,110,5.0,0.0,0.26
2079,12,1,1,949,4.0,-0.2249,0.22496
2080,6,2,6,645,1.0,-0.7003,0.84012
2081,5,2,1,950,4.0,0.2263,0.135
2082,22,1,6,195,3.0,0.25,0.41
2083,22,2,5,951,4.0,0.2263,0.335
2084,5,2,9,379,1.0,-0.5423,0.77692
2085,2,1,8,952,4.0,0.2263,0.335
2086,22,1,4,878,4.0,-0.25,0.435
2087,5,2,1,202,4.0,0.0,0.135
2088,9,1,6,953,4.0,0.5719,0.335
2089,6,2,1,612,4.0,0.0,0.135
2090,2,1,3,954,1.0,0.6808,0.56
2091,13,1,1,10,5.0,0.4767,0.06
2092,14,1,1,226,4.0,0.0,0.135
2093,12,1,4,705,4.0,-0.5423,0.55192
2094,22,2,6,481,3.0,-0.6908,0.68632
2095,9,2,3,955,4.0,-0.4215,0.5036
2096,2,1,5,723,4.0,-0.5423,0.55192
2097,11,2,5,48,5.0,0.4939,0.26
2098,11,1,1,660,5.0,0.0,0.06
2099,23,2,1,609,4.0,-0.0243,0.14472
2100,1,1,5,891,4.0,-0.6908,0.6113200000000001
2101,1,1,4,4,4.0,0.1027,0.335
2102,17,1,5,264,1.0,-0.4767,0.75068
2103,3,1,3,956,1.0,0.7184,0.56
2104,5,1,1,957,4.0,0.7906,0.135
2105,14,2,1,802,5.0,0.5859,0.06
2106,15,2,4,690,4.0,-0.7184,0.62236
2107,5,1,3,773,4.0,0.7351,0.335
2108,2,2,1,680,4.0,0.5719,0.135
2109,8,1,6,710,2.0,-0.5423,0.7019200000000001
2110,9,1,3,46,3.0,0.5994,0.41
2111,6,1,1,802,4.0,0.0772,0.135
2112,2,1,4,884,4.0,0.1027,0.335
2113,9,2,5,958,4.0,-0.2263,0.42552
2114,14,1,6,649,3.0,0.4404,0.41
2115,4,1,1,646,5.0,0.2263,0.06
2116,11,1,6,639,2.0,-0.5423,0.7019200000000001
2117,22,2,9,381,3.0,0.0,0.41
2118,8,2,1,938,2.0,-0.0772,0.31588
2119,13,2,1,584,4.0,-0.5096,0.33884
2120,9,1,9,324,4.0,0.0,0.335
2121,23,2,1,3,4.0,0.5719,0.135
2122,23,1,7,173,2.0,-0.296,0.6033999999999999
2123,12,2,1,567,4.0,0.0,0.135
2124,17,2,2,720,2.0,-0.497,0.6838
2125,14,1,1,959,4.0,0.3612,0.135
2126,12,2,2,88,3.0,0.6908,0.41
2127,2,2,3,874,1.0,0.5719,0.56
2128,4,1,1,615,4.0,-0.0243,0.14472
2129,19,2,5,499,1.0,-0.4767,0.75068
2130,21,1,8,816,4.0,0.0,0.335
2131,3,1,1,528,5.0,-0.0382,0.07528
2132,22,1,1,327,4.0,0.4404,0.135
2133,8,1,7,271,2.0,-0.765,0.7910000000000001
2134,8,2,6,234,4.0,0.2263,0.335
2135,23,1,6,736,1.0,-0.4215,0.7286000000000001
2136,12,2,6,960,1.0,0.2263,0.56
2137,17,2,10,342,4.0,0.5719,0.335
2138,17,2,1,123,3.0,0.2263,0.21
2139,2,1,3,877,2.0,0.2263,0.485
2140,6,1,1,324,5.0,0.3818,0.06
2141,17,2,6,623,3.0,-0.6705,0.6782000000000001
2142,22,1,1,949,4.0,0.0,0.135
2143,22,1,4,122,3.0,-0.4215,0.5786
2144,4,2,1,909,5.0,0.0,0.06
2145,17,2,2,829,3.0,0.4404,0.41
2146,1,2,4,961,5.0,-0.4215,0.4286
2147,12,1,5,895,4.0,0.0,0.335
2148,12,1,1,686,4.0,0.6369,0.135
2149,15,1,1,162,4.0,0.0,0.135
2150,13,1,1,643,3.0,-0.5096,0.41384
2151,3,2,1,259,4.0,-0.0516,0.15564
2152,2,1,1,154,3.0,0.2263,0.21
2153,5,1,6,39,3.0,-0.7351,0.70404
2154,11,1,4,377,5.0,-0.1027,0.30108
2155,20,1,1,687,1.0,0.0,0.36
2156,1,2,1,29,4.0,-0.4585,0.3184
2157,4,1,1,962,5.0,0.7845,0.06
2158,2,1,6,604,1.0,-0.6369,0.8147600000000002
2159,23,2,4,516,3.0,-0.4215,0.5786
2160,17,2,2,463,3.0,0.25,0.41
2161,23,2,1,611,5.0,-0.3599,0.20396
2162,8,1,1,658,2.0,0.1027,0.285
2163,14,2,1,351,4.0,0.4404,0.135
2164,9,2,1,776,5.0,0.0,0.06
2165,11,1,11,690,4.0,-0.6591,0.5986400000000001
2166,8,1,1,920,4.0,-0.5096,0.33884
2167,2,1,7,963,3.0,-0.296,0.5284
2168,11,1,9,964,2.0,0.0,0.485
2169,13,2,1,772,4.0,0.5719,0.135
2170,4,1,1,622,1.0,0.4404,0.36
2171,15,1,9,134,1.0,-0.1877,0.6350800000000001
2172,22,1,1,164,4.0,0.2263,0.135
2173,8,1,2,593,3.0,-0.5423,0.6269200000000001
2174,3,2,1,513,5.0,0.0,0.06
2175,13,1,6,907,1.0,0.2263,0.56
2176,4,1,1,230,4.0,-0.5096,0.33884
2177,22,1,5,445,5.0,0.3975,0.26
2178,8,2,1,121,4.0,-0.5096,0.33884
2179,1,1,9,777,3.0,-0.4215,0.5786
2180,12,1,3,500,2.0,-0.5423,0.7019200000000001
2181,9,1,4,407,4.0,0.5423,0.335
2182,8,1,1,400,5.0,0.4404,0.06
2183,14,1,1,627,3.0,0.3195,0.21
2184,23,2,6,32,2.0,0.25,0.485
2185,14,1,4,277,5.0,-0.6908,0.53632
2186,22,2,1,934,5.0,0.5719,0.06
2187,11,1,4,935,4.0,-0.1779,0.40616
2188,23,1,1,852,3.0,-0.1326,0.26304
2189,17,1,1,749,4.0,-0.1531,0.19624
2190,17,2,1,400,4.0,0.8176,0.135
2191,6,1,1,172,4.0,0.3182,0.135
2192,6,2,1,512,4.0,0.5267,0.135
2193,9,2,1,965,4.0,0.7693,0.135
2194,15,2,4,259,4.0,-0.5423,0.55192
2195,8,2,1,687,4.0,0.8703,0.135
2196,15,1,1,719,5.0,0.3818,0.06
2197,22,2,4,717,4.0,-0.4019,0.49576
2198,12,1,4,44,4.0,-0.5423,0.55192
2199,17,1,9,488,4.0,0.4404,0.335
2200,8,2,1,635,4.0,0.8658,0.135
2201,4,1,1,825,5.0,-0.3412,0.19648
2202,15,2,2,229,2.0,0.5859,0.485
2203,17,1,1,757,5.0,0.4404,0.06
2204,15,2,9,650,5.0,0.7351,0.26
2205,3,2,4,396,4.0,-0.5423,0.55192
2206,4,1,9,966,3.0,0.2263,0.41
2207,1,1,1,575,5.0,0.5719,0.06
2208,11,1,1,147,4.0,0.0,0.135
2209,12,2,7,61,1.0,0.1531,0.56
2210,12,1,5,967,5.0,0.0258,0.26
2211,13,1,1,74,4.0,0.5719,0.135
2212,9,1,3,428,3.0,0.4404,0.41
2213,17,1,1,968,3.0,0.0,0.21
2214,13,1,1,116,4.0,0.5719,0.135
2215,9,2,5,712,4.0,-0.128,0.3862
2216,8,1,1,952,4.0,0.6808,0.135
2217,11,2,6,762,1.0,-0.7184,0.8473600000000001
2218,4,1,2,655,2.0,0.5719,0.485
2219,13,1,4,969,4.0,0.2263,0.335
2220,5,1,1,680,3.0,0.4404,0.21
2221,23,1,6,116,4.0,0.0,0.335
2222,1,1,4,960,3.0,0.3182,0.41
2223,6,1,1,150,1.0,-0.5096,0.5638400000000001
2224,11,1,7,761,1.0,0.6369,0.56
2225,4,1,6,970,1.0,-0.2023,0.6409199999999999
2226,1,1,5,971,3.0,-0.7003,0.6901200000000001
2227,17,1,1,891,1.0,0.4939,0.36
2228,8,1,1,22,3.0,0.3182,0.21
2229,7,1,5,286,5.0,0.0,0.26
2230,6,1,1,747,5.0,0.5719,0.06
2231,15,2,4,394,5.0,0.34,0.26
2232,9,2,6,219,3.0,-0.4215,0.5786
2233,2,2,1,770,5.0,0.4404,0.06
2234,13,1,4,927,4.0,-0.2263,0.42552
2235,3,2,2,13,2.0,0.5719,0.485
2236,11,1,1,261,5.0,-0.5096,0.26384
2237,5,1,7,972,2.0,0.25,0.485
2238,17,2,6,137,3.0,-0.1764,0.48056
2239,8,1,2,533,1.0,-0.4215,0.7286000000000001
2240,23,2,1,648,4.0,0.2263,0.135
2241,22,2,1,411,4.0,0.2263,0.135
2242,14,2,1,705,4.0,0.5106,0.135
2243,1,1,1,22,4.0,0.8591,0.135
2244,8,1,6,950,3.0,-0.5423,0.6269200000000001
2245,4,2,1,973,5.0,0.7351,0.06
2246,4,1,6,974,2.0,0.2263,0.485
2247,6,1,1,903,5.0,0.2263,0.06
2248,3,1,4,857,4.0,0.1027,0.335
2249,15,2,6,384,3.0,0.5719,0.41
2250,4,1,7,337,1.0,-0.765,0.8660000000000001
2251,5,1,7,485,3.0,-0.1027,0.45108
2252,17,1,1,618,5.0,0.5106,0.06
2253,5,2,1,715,4.0,0.4404,0.135
2254,3,2,4,288,2.0,-0.5423,0.7019200000000001
2255,10,1,1,254,2.0,0.7778,0.285
2256,5,1,2,724,3.0,0.765,0.41
2257,11,1,1,761,4.0,0.4588,0.135
2258,5,2,5,608,5.0,0.0516,0.26
2259,20,2,7,123,3.0,0.6369,0.41
2260,3,2,5,42,4.0,0.6597,0.335
2261,9,1,2,794,2.0,0.128,0.485
2262,13,1,6,430,1.0,0.8225,0.56
2263,3,1,2,167,2.0,0.0,0.485
2264,10,2,5,606,3.0,-0.4767,0.6006800000000001
2265,5,1,1,445,4.0,0.0,0.135
2266,18,1,8,39,2.0,0.0,0.485
2267,8,2,1,137,5.0,-0.296,0.1784
2268,3,2,8,334,3.0,0.3612,0.41
2269,1,1,1,36,1.0,-0.5096,0.5638400000000001
2270,2,2,9,489,3.0,-0.5994,0.6497600000000001
2271,2,2,6,529,3.0,0.0516,0.41
2272,11,2,1,234,4.0,0.4404,0.135
2273,23,2,4,392,4.0,-0.7717,0.64368
2274,17,1,1,153,4.0,-0.6116,0.37964
2275,2,1,8,12,5.0,-0.0516,0.28064
2276,23,1,1,931,3.0,0.2263,0.21
2277,8,2,6,195,3.0,-0.5096,0.6138400000000002
2278,22,2,1,611,4.0,0.0,0.135
2279,2,2,1,778,4.0,0.765,0.135
2280,9,2,1,65,5.0,0.0772,0.06
2281,4,2,4,237,3.0,-0.5423,0.6269200000000001
2282,3,1,6,57,2.0,-0.4215,0.6536
2283,23,1,7,846,4.0,0.0,0.335
2284,4,1,1,824,5.0,0.6908,0.06
2285,6,2,5,631,4.0,0.25,0.335
2286,16,1,7,309,4.0,0.6369,0.335
2287,5,1,8,932,4.0,0.2263,0.335
2288,11,2,4,940,5.0,0.1027,0.26
2289,12,2,4,975,4.0,-0.5423,0.55192
2290,15,2,5,951,4.0,0.5719,0.335
2291,14,2,5,71,5.0,-0.7179,0.5471600000000001
2292,2,2,1,130,5.0,-0.0258,0.07032
2293,9,1,5,922,5.0,0.5719,0.26
2294,23,1,9,976,3.0,0.5719,0.41
2295,5,2,6,971,2.0,-0.5267,0.6956800000000001
2296,12,2,5,977,5.0,0.2263,0.26
2297,3,2,1,689,4.0,0.4404,0.135
2298,8,2,9,288,2.0,0.5719,0.485
2299,6,2,5,72,5.0,0.0516,0.26
2300,14,1,6,705,3.0,-0.5423,0.6269200000000001
2301,4,2,1,698,4.0,0.5719,0.135
2302,8,2,8,623,3.0,-0.8159,0.7363600000000001
2303,13,1,1,695,4.0,-0.3169,0.26176
2304,9,2,3,775,1.0,-0.128,0.6112
2305,23,1,1,644,4.0,0.5267,0.135
2306,13,2,4,284,5.0,-0.25,0.36
2307,20,2,1,481,2.0,0.7778,0.285
2308,7,2,1,415,4.0,0.4201,0.135
2309,6,2,9,619,3.0,-0.5096,0.6138400000000002
2310,8,2,7,355,1.0,-0.296,0.6784000000000001
2311,8,1,10,680,5.0,-0.0243,0.26972
2312,2,1,4,978,4.0,-0.4215,0.5036
2313,6,2,1,106,4.0,0.7269,0.135
2314,13,1,7,878,3.0,0.25,0.41
2315,9,1,1,524,4.0,0.4404,0.135
2316,5,1,1,186,3.0,0.765,0.21
2317,14,1,9,811,3.0,0.5719,0.41
2318,22,1,1,640,5.0,0.5719,0.06
2319,17,1,10,447,5.0,0.0,0.26
2320,12,1,1,474,5.0,0.5719,0.06
2321,13,1,1,445,5.0,0.5719,0.06
2322,11,1,9,328,1.0,-0.5423,0.77692
2323,2,2,6,979,1.0,-0.5096,0.7638400000000001
2324,6,2,1,597,5.0,0.4019,0.06
2325,17,2,6,530,3.0,-0.5096,0.6138400000000002
2326,5,2,3,712,3.0,-0.5096,0.6138400000000002
2327,22,2,1,716,5.0,-0.5096,0.26384
2328,5,1,1,980,4.0,0.6597,0.135
2329,11,1,1,444,5.0,0.2263,0.06
2330,11,2,7,562,2.0,-0.7502,0.78508
2331,12,1,1,217,4.0,0.1779,0.135
2332,6,2,1,30,5.0,-0.7964,0.37856
2333,5,1,1,124,1.0,0.5994,0.36
2334,17,1,1,650,4.0,0.25,0.135
2335,17,1,1,223,4.0,0.2023,0.135
2336,2,2,9,240,1.0,0.0,0.56
2337,3,1,1,981,5.0,0.3818,0.06
2338,12,1,6,69,3.0,0.4404,0.41
2339,12,1,1,594,4.0,0.836,0.135
2340,13,1,3,30,4.0,0.802,0.335
2341,8,1,4,594,3.0,0.0258,0.41
2342,12,2,4,405,4.0,-0.4215,0.5036
2343,3,2,1,628,4.0,0.4404,0.135
2344,4,1,9,832,3.0,0.0,0.41
2345,11,2,1,360,3.0,0.7778,0.21
2346,10,2,2,564,5.0,0.5859,0.26
2347,17,1,1,818,4.0,0.0,0.135
2348,3,2,1,277,4.0,0.4404,0.135
2349,11,2,1,691,3.0,0.7351,0.21
2350,15,1,1,982,4.0,-0.5096,0.33884
2351,8,2,4,62,5.0,0.0516,0.26
2352,15,1,4,7,4.0,-0.3612,0.47948
2353,24,2,1,243,1.0,-0.1695,0.4278
2354,17,1,1,8,5.0,0.5719,0.06
2355,2,2,4,830,4.0,-0.4215,0.5036
2356,11,1,1,166,1.0,-0.558,0.5831999999999999
2357,12,1,4,20,4.0,-0.4215,0.5036
2358,12,1,1,740,4.0,-0.5096,0.33884
2359,23,2,1,591,2.0,-0.128,0.3362
2360,5,2,1,781,5.0,-0.5096,0.26384
2361,22,2,6,730,2.0,-0.2023,0.56592
2362,6,2,1,925,5.0,0.4588,0.06
2363,13,1,1,282,5.0,0.0,0.06
2364,11,2,9,486,3.0,0.7269,0.41
2365,13,1,1,64,4.0,0.5719,0.135
2366,13,2,1,93,5.0,0.4404,0.06
2367,4,1,1,454,4.0,0.7184,0.135
2368,5,2,1,595,4.0,-0.5096,0.33884
2369,3,2,1,717,3.0,0.0772,0.21
2370,9,2,4,983,5.0,-0.296,0.3784
2371,3,2,6,344,3.0,-0.7179,0.69716
2372,4,2,1,162,4.0,0.6124,0.135
2373,1,1,1,381,4.0,0.5719,0.135
2374,1,2,1,343,5.0,-0.5096,0.26384
2375,5,2,10,407,5.0,-0.0351,0.27404
2376,5,1,1,343,3.0,-0.1516,0.27064
2377,17,1,1,817,4.0,0.5719,0.135
2378,15,1,4,984,5.0,0.25,0.26
2379,15,2,6,333,3.0,0.4404,0.41
2380,6,2,5,463,5.0,-0.7351,0.5540400000000001
2381,23,1,1,985,2.0,0.228,0.285
2382,6,2,5,635,5.0,-0.0772,0.29088
2383,9,1,1,677,4.0,-0.5096,0.33884
2384,6,2,1,986,4.0,0.1531,0.135
2385,15,1,1,101,5.0,0.7269,0.06
2386,15,1,3,476,1.0,0.4404,0.56
2387,14,2,1,707,4.0,0.4019,0.135
2388,15,2,5,250,5.0,-0.4215,0.4286
2389,1,1,9,498,2.0,-0.7502,0.78508
2390,8,1,1,775,5.0,-0.5096,0.26384
2391,16,2,9,505,1.0,0.7351,0.56
2392,14,2,4,987,5.0,0.3658,0.26
2393,13,2,9,79,2.0,0.5719,0.485
2394,14,1,6,959,2.0,0.5719,0.485
2395,3,1,1,988,4.0,0.0,0.135
2396,23,1,9,838,3.0,0.7351,0.41
2397,15,1,1,254,3.0,0.5719,0.21
2398,2,1,4,422,4.0,-0.1531,0.39624
2399,8,2,1,683,4.0,0.765,0.135
2400,17,2,4,22,5.0,-0.3182,0.38728
2401,2,1,6,75,3.0,0.2263,0.41
2402,22,2,1,289,2.0,-0.7181,0.5722400000000001
2403,1,1,1,30,5.0,0.2263,0.06
2404,8,2,4,989,1.0,-0.4215,0.7286000000000001
2405,1,1,5,620,5.0,-0.4019,0.42076
2406,1,1,1,787,4.0,0.2263,0.135
2407,5,2,4,715,5.0,-0.2263,0.35052
2408,17,2,1,990,4.0,0.4191,0.135
2409,8,2,4,324,5.0,-0.4215,0.4286
2410,15,2,1,958,5.0,-0.5096,0.26384
2411,22,1,4,135,1.0,-0.5423,0.77692
2412,13,1,6,920,3.0,0.0,0.41
2413,2,1,1,231,4.0,0.5719,0.135
2414,22,2,3,991,3.0,0.2263,0.41
2415,1,2,11,695,5.0,-0.6705,0.5282
2416,5,1,7,884,3.0,-0.0516,0.4306399999999999
2417,4,1,1,544,4.0,0.8519,0.135
2418,8,2,1,483,4.0,0.4404,0.135
2419,8,1,1,907,5.0,-0.6759,0.33036
2420,1,1,1,992,4.0,0.0,0.135
2421,14,2,7,736,4.0,-0.5423,0.55192
2422,8,1,2,977,1.0,0.25,0.56
2423,11,1,5,902,4.0,-0.5096,0.53884
2424,11,2,1,50,5.0,0.7783,0.06
2425,17,2,5,519,5.0,-0.296,0.3784
2426,1,1,5,863,3.0,-0.4019,0.5707600000000002
2427,12,1,5,636,4.0,0.1027,0.335
2428,11,1,4,419,3.0,0.0516,0.41
2429,9,2,6,423,3.0,-0.7096,0.69384
2430,5,1,4,54,4.0,-0.2023,0.41592
2431,2,1,9,138,2.0,-0.1779,0.55616
2432,1,1,3,544,3.0,-0.5096,0.6138400000000002
2433,11,1,2,126,3.0,-0.4215,0.5786
2434,15,2,5,786,3.0,-0.7076,0.6930400000000001
2435,15,1,2,74,1.0,-0.5096,0.7638400000000001
2436,1,1,1,6,5.0,0.6705,0.06
2437,11,2,4,772,4.0,-0.5423,0.55192
2438,9,2,6,826,3.0,0.25,0.41
2439,1,1,4,517,4.0,0.0772,0.335
2440,14,2,1,594,4.0,0.5106,0.135
2441,6,1,1,133,5.0,0.5719,0.06
2442,1,1,1,611,4.0,0.0,0.135
2443,12,2,2,523,3.0,0.4404,0.41
2444,9,2,1,20,3.0,0.5267,0.21
2445,1,1,8,920,5.0,-0.5719,0.48876
2446,22,2,6,521,3.0,0.4019,0.41
2447,9,2,6,993,2.0,-0.3182,0.6122799999999999
2448,8,2,1,994,3.0,-0.5096,0.41384
2449,23,1,5,887,4.0,-0.4215,0.5036
2450,1,1,1,577,5.0,0.4404,0.06
2451,15,2,6,935,2.0,0.2732,0.485
2452,9,1,1,526,4.0,0.4404,0.135
2453,9,1,1,176,5.0,-0.5667,0.28668
2454,23,2,6,291,2.0,-0.8645,0.8308
2455,11,2,1,53,5.0,0.2732,0.06
2456,18,1,1,190,3.0,0.0,0.21
2457,11,2,1,264,1.0,0.5719,0.36
2458,16,1,1,308,4.0,0.7778,0.135
2459,8,2,1,619,4.0,0.6705,0.135
2460,8,2,9,715,5.0,0.5574,0.26
2461,14,1,4,456,1.0,-0.5423,0.77692
2462,17,1,3,995,3.0,0.0258,0.41
2463,11,2,1,172,5.0,-0.5096,0.26384
2464,22,1,1,473,2.0,0.1295,0.285
2465,11,2,4,812,3.0,-0.5267,0.6206800000000001
2466,11,2,2,764,2.0,0.5719,0.485
2467,14,1,1,568,4.0,0.836,0.135
2468,5,2,4,938,5.0,-0.5423,0.47692
2469,11,2,5,943,4.0,0.5106,0.335
2470,15,2,3,721,3.0,-0.6591,0.67364
2471,22,1,4,996,5.0,-0.8225,0.589
2472,6,1,1,949,4.0,0.4404,0.135
2473,8,1,1,559,4.0,0.4939,0.135
2474,4,1,3,393,1.0,0.0,0.56
2475,12,2,1,610,3.0,0.6369,0.21
2476,14,1,9,287,2.0,-0.4215,0.6536
2477,1,1,4,599,4.0,-0.7096,0.6188400000000001
2478,5,1,3,573,3.0,-0.25,0.51
2479,9,1,9,329,3.0,0.4404,0.41
2480,19,2,5,401,3.0,0.0,0.41
2481,1,2,1,124,1.0,0.2263,0.36
2482,12,1,6,580,3.0,0.0516,0.41
2483,18,2,1,734,4.0,0.0,0.135
2484,5,2,1,997,4.0,0.0,0.135
2485,11,1,1,136,4.0,-0.5096,0.33884
2486,4,2,4,258,5.0,-0.0516,0.28064
2487,17,1,1,352,3.0,0.5267,0.21
2488,3,1,5,403,4.0,-0.4215,0.5036
2489,23,1,1,381,4.0,0.2263,0.135
2490,17,1,1,648,4.0,0.4404,0.135
2491,8,2,9,997,3.0,-0.5096,0.6138400000000002
2492,22,1,5,482,5.0,-0.1764,0.33056
2493,9,2,4,685,4.0,0.6486,0.335
2494,12,1,1,138,5.0,0.5719,0.06
2495,21,2,1,998,5.0,0.0,0.06
2496,17,1,9,884,4.0,0.0,0.335
2497,3,2,9,723,2.0,0.4939,0.485
2498,10,1,5,234,5.0,0.0,0.26
2499,9,1,1,999,4.0,0.1779,0.135
2500,4,2,1,550,4.0,0.5719,0.135
2501,17,2,4,948,5.0,-0.1531,0.32124
2502,3,2,1,258,4.0,0.3182,0.135
2503,12,2,1,176,3.0,0.0,0.21
2504,14,2,4,666,4.0,-0.5423,0.55192
2505,4,1,1,357,5.0,-0.1139,0.10556
2506,4,1,3,808,3.0,0.6705,0.41
2507,22,1,1,702,4.0,-0.5096,0.33884
2508,17,1,6,91,3.0,-0.296,0.5284
2509,6,2,5,399,5.0,-0.2732,0.36928
2510,2,2,1,373,3.0,0.6486,0.21
2511,22,1,8,60,2.0,0.7579,0.485
2512,12,1,5,546,4.0,-0.6705,0.6032
2513,4,1,1,758,5.0,-0.5096,0.26384
2514,1,2,1,515,5.0,0.6808,0.06
2515,2,2,1,859,4.0,-0.5096,0.33884
2516,8,2,1,1000,4.0,0.1027,0.135
2517,14,2,2,75,3.0,0.4404,0.41
2518,9,2,1,414,5.0,0.5719,0.06
2519,13,1,1,768,4.0,0.5719,0.135
2520,1,1,9,810,3.0,-0.5423,0.6269200000000001
2521,11,1,1,756,4.0,-0.5096,0.33884
2522,11,2,1,415,4.0,0.6249,0.135
2523,4,1,1,1001,5.0,0.0,0.06
2524,9,2,4,862,5.0,-0.4215,0.4286
2525,22,1,4,1002,1.0,-0.4215,0.7286000000000001
2526,9,1,4,157,5.0,-0.4215,0.4286
2527,3,1,2,823,3.0,-0.5423,0.6269200000000001
2528,8,1,9,448,3.0,0.7506,0.41
2529,12,1,1,843,4.0,0.8481,0.135
2530,5,1,7,664,3.0,0.0516,0.41
2531,2,2,1,992,5.0,0.5719,0.06
2532,17,2,3,320,2.0,0.0,0.485
2533,22,2,1,838,3.0,-0.5096,0.41384
2534,9,1,1,519,4.0,0.5267,0.135
2535,17,1,1,1003,4.0,0.0772,0.135
2536,2,1,3,607,3.0,-0.5096,0.6138400000000002
2537,1,1,1,132,2.0,0.0,0.285
2538,11,2,4,755,4.0,-0.4215,0.5036
2539,8,2,6,686,3.0,-0.4019,0.5707600000000002
2540,22,2,5,1004,5.0,0.4404,0.26
2541,5,2,5,519,4.0,0.0,0.335
2542,4,2,1,570,2.0,0.7003,0.285
2543,11,2,4,409,4.0,-0.5423,0.55192
2544,9,2,1,838,4.0,0.6597,0.135
2545,7,1,1,784,2.0,0.0,0.285
2546,13,1,1,882,4.0,-0.5096,0.33884
2547,2,2,1,344,5.0,-0.6362,0.31448
2548,1,2,4,895,4.0,-0.4215,0.5036
2549,9,2,1,755,4.0,0.4939,0.135
2550,9,1,1,860,4.0,0.6621,0.135
2551,12,2,5,232,5.0,0.4404,0.26
2552,5,2,4,300,4.0,-0.5423,0.55192
2553,13,1,9,1005,2.0,-0.5423,0.7019200000000001
2554,5,2,6,1006,3.0,-0.7691,0.7176400000000001
2555,4,1,1,137,5.0,-0.5096,0.26384
2556,12,1,4,790,5.0,-0.296,0.3784
2557,23,1,9,341,2.0,-0.4215,0.6536
2558,3,2,1,686,5.0,-0.5096,0.26384
2559,14,2,10,887,5.0,-0.5719,0.48876
2560,1,1,4,911,4.0,-0.3818,0.48772
2561,3,1,4,603,5.0,-0.5719,0.48876
2562,15,2,4,133,5.0,-0.5423,0.47692
2563,15,1,4,217,5.0,-0.34,0.396
2564,1,1,4,201,3.0,-0.4215,0.5786
2565,23,2,1,913,5.0,0.6908,0.06
2566,4,2,5,849,5.0,0.4404,0.26
2567,3,2,2,607,1.0,-0.4215,0.7286000000000001
2568,12,1,6,555,3.0,-0.4215,0.5786
2569,2,1,1,180,4.0,-0.5096,0.33884
2570,23,1,1,830,4.0,0.0,0.135
2571,8,1,7,72,4.0,-0.0757,0.36528
2572,15,2,4,467,3.0,-0.4215,0.5786
2573,8,1,7,524,2.0,0.1531,0.485
2574,3,1,1,32,5.0,0.5719,0.06
2575,13,1,9,237,3.0,-0.5423,0.6269200000000001
2576,11,2,4,382,4.0,-0.5994,0.5747600000000002
2577,13,1,1,605,3.0,0.4019,0.21
2578,15,1,2,1007,2.0,-0.5096,0.6888400000000001
2579,11,2,7,355,1.0,-0.4767,0.75068
2580,19,1,6,261,1.0,0.4404,0.56
2581,15,1,9,893,2.0,0.0,0.485
2582,12,2,1,786,5.0,0.4404,0.06
2583,6,2,1,522,2.0,0.0,0.285
2584,11,2,1,401,5.0,0.0,0.06
2585,3,2,5,801,4.0,0.0972,0.335
2586,13,1,4,116,3.0,-0.4215,0.5786
2587,12,2,9,986,3.0,0.2263,0.41
2588,11,1,4,846,5.0,-0.5423,0.47692
2589,2,2,4,434,4.0,-0.6369,0.5897600000000001
2590,8,2,1,19,5.0,0.5719,0.06
2591,9,2,1,510,4.0,0.6249,0.135
2592,1,1,6,545,3.0,-0.0772,0.44088
2593,16,2,8,384,1.0,0.0,0.56
2594,23,2,3,143,2.0,-0.5096,0.6888400000000001
2595,17,1,6,555,4.0,0.0,0.335
2596,9,2,4,762,5.0,0.4939,0.26
2597,17,2,1,235,4.0,0.2263,0.135
2598,25,2,7,576,5.0,0.6369,0.26
2599,9,2,7,341,4.0,-0.5096,0.53884
2600,1,1,6,954,4.0,-0.0258,0.34532
2601,4,1,10,519,4.0,0.128,0.335
2602,20,2,8,69,1.0,0.0,0.56
2603,23,1,6,858,3.0,-0.6705,0.6782000000000001
2604,5,1,4,276,5.0,-0.4215,0.4286
2605,12,2,2,908,2.0,0.5267,0.485
2606,5,1,4,13,4.0,0.2263,0.335
2607,5,2,7,361,3.0,-0.296,0.5284
2608,8,2,6,7,3.0,-0.4215,0.5786
2609,9,1,5,379,2.0,0.0,0.485
2610,23,2,1,882,4.0,0.6369,0.135
2611,15,2,1,545,4.0,-0.2718,0.24372
2612,9,2,6,377,3.0,0.3612,0.41
2613,9,2,1,80,5.0,0.0,0.06
2614,20,1,9,997,1.0,0.7351,0.56
2615,8,1,4,8,5.0,-0.4215,0.4286
2616,9,2,1,556,4.0,0.0,0.135
2617,22,1,1,593,4.0,0.5267,0.135
2618,12,2,6,649,2.0,0.4404,0.485
2619,4,2,1,54,5.0,0.3612,0.06
2620,9,2,1,733,1.0,0.7906,0.36
2621,6,1,1,1008,4.0,-0.5096,0.33884
2622,2,2,5,554,5.0,-0.1531,0.32124
2623,6,1,4,6,5.0,-0.2732,0.36928
2624,12,2,5,403,4.0,-0.5258,0.54532
2625,23,2,5,403,4.0,-0.5096,0.53884
2626,23,2,4,924,4.0,-0.2732,0.44428
2627,22,1,1,733,5.0,0.0,0.06
2628,4,1,9,127,2.0,-0.5096,0.6888400000000001
2629,23,2,1,1009,5.0,-0.3599,0.20396
2630,1,1,9,762,2.0,0.5719,0.485
2631,2,2,5,579,4.0,-0.6759,0.6053600000000001
2632,3,2,4,1010,3.0,-0.5423,0.6269200000000001
2633,15,1,4,46,4.0,-0.2023,0.41592
2634,3,1,4,606,4.0,-0.1779,0.40616
2635,4,1,1,582,4.0,0.0,0.135
2636,15,1,4,932,4.0,-0.5423,0.55192
2637,23,2,7,422,3.0,-0.6369,0.66476
2638,22,1,1,973,4.0,0.4404,0.135
2639,1,1,4,924,4.0,-0.1531,0.39624
2640,2,1,1,380,4.0,0.5719,0.135
2641,2,2,4,507,3.0,-0.5423,0.6269200000000001
2642,23,1,1,243,5.0,0.4404,0.06
2643,11,2,4,183,4.0,-0.5423,0.55192
2644,11,2,6,767,1.0,0.0,0.56
2645,8,2,1,338,3.0,0.0,0.21
2646,12,2,5,379,2.0,0.25,0.485
2647,12,2,1,902,5.0,0.2263,0.06
2648,2,2,5,607,3.0,0.5719,0.41
2649,2,2,1,552,3.0,0.5719,0.21
2650,22,1,1,984,5.0,0.6808,0.06
2651,19,1,8,353,3.0,0.0,0.41
2652,15,2,4,444,4.0,-0.5994,0.5747600000000002
2653,6,1,4,709,4.0,-0.5423,0.55192
2654,12,1,3,184,2.0,0.4767,0.485
2655,11,1,4,486,5.0,-0.4215,0.4286
2656,22,1,1,896,4.0,-0.5096,0.33884
2657,5,2,6,346,3.0,-0.5975,0.649
2658,12,2,1,21,3.0,0.8442,0.21
2659,4,2,6,439,2.0,0.4588,0.485
2660,8,1,6,199,3.0,-0.2263,0.5005200000000001
2661,8,2,4,411,5.0,-0.1779,0.33116
2662,11,2,4,426,4.0,-0.4215,0.5036
2663,12,2,5,542,4.0,-0.2006,0.41524
2664,15,2,1,486,5.0,0.2263,0.06
2665,9,2,2,238,1.0,-0.6834,0.8333600000000001
2666,22,1,5,704,4.0,-0.5423,0.55192
2667,24,2,6,677,2.0,0.4404,0.485
2668,12,2,1,993,1.0,0.0772,0.36
2669,9,2,5,626,4.0,0.7964,0.335
2670,3,2,1,437,4.0,-0.5096,0.33884
2671,1,2,1,756,3.0,0.4404,0.21
2672,17,2,1,134,5.0,0.2263,0.06
2673,17,1,1,893,1.0,0.0,0.36
2674,2,1,6,463,4.0,0.1531,0.335
2675,7,1,1,769,1.0,0.7579,0.36
2676,14,1,1,742,5.0,-0.1516,0.12064
2677,17,2,4,428,4.0,-0.4215,0.5036
2678,9,1,4,267,4.0,0.25,0.335
2679,23,2,4,1011,4.0,-0.1027,0.37608
2680,4,2,5,782,4.0,0.5267,0.335
2681,5,2,5,891,4.0,0.8126,0.335
2682,12,1,1,350,4.0,0.0,0.135
2683,13,2,1,534,4.0,0.6124,0.135
2684,14,2,4,458,4.0,-0.4215,0.5036
2685,9,1,5,825,5.0,-0.4215,0.4286
2686,6,1,4,557,4.0,-0.5423,0.55192
2687,17,1,6,102,3.0,-0.2584,0.51336
2688,11,2,3,908,1.0,0.4019,0.56
2689,22,2,1,368,5.0,0.0,0.06
2690,22,2,1,114,4.0,0.3182,0.135
2691,11,2,8,1008,4.0,-0.4577,0.5180800000000001
2692,9,1,1,941,4.0,-0.6979,0.41416
2693,22,2,1,160,5.0,0.5994,0.06
2694,5,1,7,646,2.0,-0.7096,0.76884
2695,6,1,4,375,4.0,-0.5423,0.55192
2696,17,2,1,508,3.0,-0.2023,0.29092
2697,11,1,9,12,3.0,-0.4215,0.5786
2698,11,2,1,832,3.0,0.2263,0.21
2699,9,1,4,563,4.0,-0.128,0.3862
2700,19,1,1,981,1.0,0.0,0.36
2701,9,1,1,856,5.0,0.5994,0.06
2702,3,2,7,131,2.0,0.4019,0.485
2703,6,2,3,431,3.0,0.4404,0.41
2704,1,1,4,813,4.0,-0.4215,0.5036
2705,13,1,5,300,5.0,0.4404,0.26
2706,15,2,5,802,4.0,-0.5096,0.53884
2707,1,2,1,756,5.0,-0.4577,0.24308
2708,23,1,4,87,4.0,-0.4215,0.5036
2709,3,2,6,718,3.0,-0.7179,0.69716
2710,1,1,1,583,4.0,-0.5096,0.33884
2711,11,1,2,193,4.0,0.5859,0.335
2712,23,2,4,210,4.0,-0.4215,0.5036
2713,1,1,6,754,2.0,-0.6705,0.7532000000000001
2714,17,1,1,243,5.0,0.6249,0.06
2715,3,2,1,729,4.0,0.0,0.135
2716,14,2,6,845,3.0,-0.7351,0.70404
2717,5,2,6,865,1.0,0.2263,0.56
2718,16,1,1,237,5.0,0.0,0.06
2719,11,2,1,249,4.0,0.5719,0.135
2720,5,2,1,782,2.0,0.2263,0.285
2721,15,2,4,1012,5.0,-0.5423,0.47692
2722,25,1,1,9,5.0,0.7579,0.06
2723,5,2,1,160,1.0,0.4939,0.36
2724,17,1,1,518,5.0,0.8126,0.06
2725,8,2,1,149,4.0,-0.5096,0.33884
2726,9,2,1,151,5.0,0.0,0.06
2727,9,2,5,395,5.0,0.2263,0.26
2728,22,2,1,1013,4.0,0.0,0.135
2729,5,1,4,7,5.0,-0.25,0.36
2730,1,2,1,781,5.0,0.2023,0.06
2731,6,1,4,755,5.0,-0.5423,0.47692
2732,3,1,1,694,4.0,0.2263,0.135
2733,20,1,1,644,2.0,0.0,0.285
2734,5,2,1,657,4.0,0.4404,0.135
2735,2,2,1,293,4.0,0.2263,0.135
2736,16,2,1,947,2.0,0.7579,0.285
2737,3,2,6,77,1.0,0.25,0.56
2738,23,1,1,218,5.0,0.0,0.06
2739,2,1,1,113,4.0,0.6124,0.135
2740,24,1,6,1014,3.0,0.4404,0.41
2741,4,1,6,666,3.0,-0.2023,0.49092
2742,2,1,4,620,4.0,-0.6124,0.57996
2743,17,1,4,307,4.0,-0.5423,0.55192
2744,9,2,1,241,4.0,-0.5096,0.33884
2745,3,1,7,525,5.0,-0.0258,0.27032
2746,13,2,6,290,1.0,-0.7906,0.8762400000000001
2747,9,1,1,371,4.0,0.2263,0.135
2748,8,2,6,690,1.0,-0.5423,0.77692
2749,11,1,1,466,3.0,-0.1516,0.27064
2750,8,2,4,501,5.0,-0.4215,0.4286
2751,2,2,8,680,5.0,-0.4215,0.4286
2752,3,2,5,1015,3.0,0.5719,0.41
2753,3,2,7,355,1.0,-0.4588,0.74352
2754,5,1,7,307,5.0,-0.0516,0.28064
2755,14,1,3,756,3.0,0.2263,0.41
2756,1,1,4,72,2.0,-0.5423,0.7019200000000001
2757,3,2,1,680,5.0,0.5719,0.06
2758,9,1,1,142,4.0,0.5719,0.135
2759,1,1,1,380,5.0,0.1043,0.06
2760,12,2,5,783,4.0,0.2263,0.335
2761,23,1,1,291,4.0,-0.5096,0.33884
2762,6,2,1,247,5.0,0.0,0.06
2763,1,2,2,16,1.0,0.4215,0.56
2764,6,1,1,449,4.0,0.0,0.135
2765,17,2,1,697,4.0,0.4404,0.135
2766,13,1,1,364,2.0,0.4404,0.285
2767,2,2,3,85,1.0,0.5719,0.56
2768,14,2,4,612,4.0,-0.4215,0.5036
2769,12,2,7,791,1.0,-0.4767,0.75068
2770,12,1,1,329,4.0,-0.5096,0.33884
2771,5,2,1,509,2.0,0.5859,0.285
2772,23,1,6,121,1.0,0.5719,0.56
2773,4,2,1,893,4.0,0.0,0.135
2774,23,2,4,616,4.0,-0.4588,0.5185200000000001
2775,8,2,1,929,4.0,0.0,0.135
2776,1,1,4,123,5.0,-0.25,0.36
2777,18,2,5,824,4.0,0.0,0.335
2778,5,2,1,149,4.0,-0.5096,0.33884
2779,1,2,6,940,2.0,0.0516,0.485
2780,13,2,9,974,1.0,0.2263,0.56
2781,12,1,8,505,5.0,-0.5096,0.46384
2782,1,1,1,628,2.0,0.7184,0.285
2783,1,2,4,160,1.0,-0.3182,0.6872800000000001
2784,5,1,7,833,3.0,0.4215,0.41
2785,22,2,5,331,4.0,0.1027,0.335
2786,9,1,1,900,4.0,-0.5096,0.33884
2787,4,1,6,784,1.0,-0.1265,0.6106
2788,3,2,1,939,5.0,0.8126,0.06
2789,13,1,6,351,4.0,0.2263,0.335
2790,11,2,4,903,4.0,-0.7096,0.6188400000000001
2791,5,1,1,152,4.0,0.4404,0.135
2792,6,2,4,506,5.0,-0.4215,0.4286
2793,3,2,3,268,3.0,0.5719,0.41
2794,1,1,4,739,4.0,-0.7351,0.62904
2795,17,2,3,224,5.0,0.5106,0.26
2796,23,2,1,533,4.0,-0.3818,0.28772
2797,22,1,6,695,1.0,-0.5096,0.7638400000000001
2798,2,2,1,994,4.0,0.34,0.135
2799,17,1,1,654,4.0,0.0,0.135
2800,15,2,8,779,3.0,0.0,0.41
2801,15,2,6,598,2.0,0.0516,0.485
2802,16,2,1,168,3.0,0.0,0.21
2803,3,1,1,956,4.0,0.0,0.135
2804,15,1,3,981,5.0,0.0,0.26
2805,23,1,7,396,3.0,0.6486,0.41
2806,1,1,4,1016,5.0,-0.4215,0.4286
2807,17,2,5,421,4.0,-0.5423,0.55192
2808,14,2,5,792,4.0,-0.4215,0.5036
2809,5,1,9,39,4.0,-0.0134,0.34036
2810,24,2,1,316,2.0,0.4404,0.285
2811,23,1,1,259,4.0,0.2263,0.135
2812,6,1,2,26,3.0,0.4019,0.41
2813,12,1,3,427,3.0,0.0258,0.41
2814,24,1,1,1017,2.0,0.0,0.285
2815,3,1,4,70,4.0,-0.5423,0.55192
2816,6,1,3,348,3.0,-0.5423,0.6269200000000001
2817,18,2,1,811,5.0,0.7579,0.06
2818,2,2,6,232,1.0,-0.5414,0.7765600000000001
2819,12,2,9,122,2.0,-0.5096,0.6888400000000001
2820,11,1,1,245,4.0,-0.0757,0.1652799999999999
2821,9,2,7,870,1.0,0.802,0.56
2822,4,2,1,313,2.0,0.3818,0.285
2823,10,2,2,580,1.0,0.5859,0.56
2824,22,1,4,49,3.0,-0.4215,0.5786
2825,15,1,1,745,5.0,0.0,0.06
2826,4,2,4,326,4.0,0.0516,0.335
2827,23,2,6,663,2.0,0.3182,0.485
2828,12,1,5,495,3.0,-0.4939,0.6075600000000001
2829,12,2,1,454,4.0,0.2263,0.135
2830,13,2,7,747,1.0,-0.7502,0.86008
2831,12,2,1,98,5.0,-0.5096,0.26384
2832,12,2,6,441,4.0,-0.6808,0.6073200000000001
2833,12,1,1,844,5.0,0.4404,0.06
2834,4,1,1,1018,1.0,0.296,0.36
2835,8,1,1,1019,5.0,0.836,0.06
2836,9,1,1,139,5.0,0.6705,0.06
2837,11,1,1,378,4.0,0.3182,0.135
2838,13,1,1,849,5.0,-0.1516,0.12064
2839,23,2,1,856,5.0,0.2263,0.06
2840,11,2,1,507,4.0,0.4939,0.135
2841,17,2,5,984,5.0,0.2263,0.26
2842,5,1,1,860,5.0,0.5719,0.06
2843,15,1,6,979,1.0,-0.1531,0.62124
2844,3,2,2,347,2.0,0.4767,0.485
2845,4,2,5,756,5.0,-0.2263,0.35052
2846,9,1,1,255,5.0,-0.4939,0.25756
2847,9,2,9,831,3.0,0.2263,0.41
2848,12,1,1,92,4.0,-0.7502,0.43508
2849,13,1,4,80,1.0,0.1027,0.56
2850,17,2,1,775,5.0,-0.2732,0.1692799999999999
2851,2,1,4,844,3.0,-0.0772,0.44088
2852,6,2,1,352,5.0,0.0,0.06
2853,4,1,1,341,4.0,0.4939,0.135
2854,14,2,5,982,5.0,0.0,0.26
2855,17,2,1,876,4.0,0.4404,0.135
2856,4,1,1,824,5.0,0.0,0.06
2857,2,1,9,849,1.0,-0.2249,0.6499600000000001
2858,9,1,2,803,3.0,-0.5096,0.6138400000000002
2859,11,2,1,213,4.0,0.0,0.135
2860,13,1,1,643,5.0,0.4404,0.06
2861,15,2,3,281,3.0,-0.4215,0.5786
2862,3,1,4,253,3.0,-0.5423,0.6269200000000001
2863,23,1,1,716,4.0,0.2263,0.135
2864,5,2,2,596,3.0,0.4404,0.41
2865,3,1,4,542,4.0,0.296,0.335
2866,2,2,5,264,4.0,0.5719,0.335
2867,11,1,4,454,1.0,-0.4215,0.7286000000000001
2868,17,1,9,245,5.0,0.0,0.26
2869,5,1,3,350,1.0,0.296,0.56
2870,22,1,1,944,4.0,0.2263,0.135
2871,22,2,1,321,5.0,0.4404,0.06
2872,8,1,6,395,2.0,0.25,0.485
2873,9,2,1,789,4.0,0.5719,0.135
2874,1,2,1,1020,4.0,0.5719,0.135
2875,12,2,4,1021,5.0,-0.4215,0.4286
2876,6,2,1,226,3.0,0.7964,0.21
2877,14,2,9,432,3.0,-0.5096,0.6138400000000002
2878,14,1,6,338,2.0,0.2263,0.485
2879,3,1,2,291,3.0,-0.5096,0.6138400000000002
2880,6,1,1,528,4.0,0.0,0.135
2881,11,2,6,965,3.0,0.4404,0.41
2882,8,2,5,922,4.0,-0.7366,0.62964
2883,3,2,1,754,5.0,0.0,0.06
2884,15,2,1,725,5.0,0.5719,0.06
2885,2,1,6,495,2.0,-0.3089,0.60856
2886,6,1,7,618,2.0,-0.3182,0.6122799999999999
2887,5,2,1,706,5.0,0.2263,0.06
2888,4,1,5,288,4.0,-0.5096,0.53884
2889,16,1,2,5,4.0,0.5859,0.335
2890,8,2,1,808,4.0,0.2263,0.135
2891,4,2,7,350,1.0,0.6597,0.56
2892,5,2,7,68,3.0,0.1531,0.41
2893,2,2,1,126,5.0,0.0,0.06
2894,2,2,4,339,5.0,-0.3806,0.41224
2895,2,2,6,1022,2.0,-0.5423,0.7019200000000001
2896,12,1,4,590,4.0,-0.3818,0.48772
2897,5,2,1,426,4.0,-0.0516,0.15564
2898,23,1,5,870,4.0,-0.5423,0.55192
2899,15,2,6,601,2.0,0.4404,0.485
2900,8,2,1,249,5.0,0.5719,0.06
2901,1,1,1,439,4.0,-0.1531,0.19624
2902,1,1,1,1023,2.0,0.3182,0.285
2903,17,1,4,595,5.0,-0.7096,0.5438400000000001
2904,9,2,7,336,4.0,-0.5096,0.53884
2905,9,1,1,907,4.0,0.5719,0.135
2906,15,2,3,678,2.0,0.7579,0.485
2907,3,1,1,673,4.0,0.2263,0.135
2908,12,2,1,86,1.0,0.296,0.36
2909,13,1,1,988,1.0,-0.5096,0.5638400000000001
2910,13,2,1,465,4.0,0.3612,0.135
2911,9,2,1,393,3.0,-0.709,0.4936
2912,13,1,1,22,4.0,0.5719,0.135
2913,8,1,6,624,3.0,-0.8188,0.7375200000000002
2914,23,1,6,302,2.0,0.0516,0.485
2915,5,1,4,700,5.0,-0.4215,0.4286
2916,13,2,9,918,1.0,-0.5096,0.7638400000000001
2917,17,1,5,237,4.0,0.6705,0.335
2918,1,1,1,347,1.0,0.8779,0.36
2919,9,1,5,583,4.0,-0.5096,0.53884
2920,23,1,1,736,5.0,0.4404,0.06
2921,14,2,4,120,5.0,-0.4588,0.44352
2922,10,2,1,251,3.0,0.4201,0.21
2923,6,1,1,697,5.0,0.4404,0.06
2924,3,1,1,961,4.0,0.6705,0.135
2925,11,2,1,156,3.0,-0.0516,0.2306399999999999
2926,3,2,1,18,4.0,0.0,0.135
2927,12,1,1,522,4.0,-0.1764,0.20556
2928,21,2,3,553,4.0,0.0,0.335
2929,5,2,1,552,4.0,0.6369,0.135
2930,1,1,1,1024,5.0,0.5719,0.06
2931,18,1,10,486,4.0,0.5859,0.335
2932,23,2,3,613,3.0,0.0,0.41
2933,8,2,4,546,4.0,-0.3612,0.47948
2934,2,2,7,319,3.0,-0.296,0.5284
2935,5,1,8,909,5.0,-0.25,0.36
2936,3,1,6,1025,3.0,0.6369,0.41
2937,1,2,6,238,3.0,-0.6705,0.6782000000000001
2938,4,1,1,344,4.0,0.3818,0.135
2939,1,2,3,932,3.0,-0.5096,0.6138400000000002
2940,2,1,1,261,1.0,0.0,0.36
2941,11,1,1,369,5.0,0.7906,0.06
2942,3,2,6,1026,1.0,-0.128,0.6112
2943,17,2,1,540,5.0,-0.6591,0.32364
2944,15,2,1,402,5.0,0.2263,0.06
2945,3,1,1,101,4.0,-0.7003,0.41512
2946,1,1,4,267,4.0,0.25,0.335
2947,1,1,1,189,5.0,0.5574,0.06
2948,11,2,5,595,4.0,-0.2732,0.44428
2949,22,2,7,229,5.0,0.4588,0.26
2950,4,2,1,1027,2.0,-0.6908,0.56132
2951,5,1,1,902,4.0,0.4404,0.135
2952,1,1,1,328,3.0,0.4019,0.21
2953,8,2,7,614,3.0,0.1531,0.41
2954,22,1,4,1028,5.0,-0.4215,0.4286
2955,9,1,1,389,4.0,0.2263,0.135
2956,12,2,2,548,1.0,0.4215,0.56
2957,23,2,1,971,5.0,0.5719,0.06
2958,13,2,1,1029,3.0,0.6369,0.21
2959,4,1,1,990,3.0,-0.6902,0.48608
2960,13,1,3,176,2.0,-0.4215,0.6536
2961,2,1,8,26,5.0,0.0,0.26
2962,15,1,3,456,2.0,0.4404,0.485
2963,17,1,10,666,4.0,0.2263,0.335
2964,4,1,4,810,5.0,-0.4215,0.4286
2965,4,1,8,400,5.0,-0.5423,0.47692
2966,1,1,5,231,5.0,0.0788,0.26
2967,17,2,3,191,4.0,0.0,0.335
2968,5,1,4,141,4.0,-0.4215,0.5036
2969,14,1,5,704,4.0,-0.8269,0.6657600000000001
2970,11,1,1,535,1.0,0.2263,0.36
2971,8,2,6,709,1.0,0.5719,0.56
2972,12,2,1,277,5.0,0.4588,0.06
2973,13,1,4,949,5.0,-0.0772,0.29088
2974,5,2,2,78,3.0,0.6705,0.41
2975,17,1,1,222,4.0,0.2263,0.135
2976,13,2,1,630,2.0,0.4215,0.285
2977,4,1,9,213,3.0,-0.4215,0.5786
2978,11,2,1,683,1.0,0.0,0.36
2979,4,2,6,433,3.0,-0.5423,0.6269200000000001
2980,12,1,1,27,4.0,0.0,0.135
2981,4,1,1,676,4.0,-0.1764,0.20556
2982,8,1,1,273,5.0,-0.2732,0.1692799999999999
2983,11,1,6,87,3.0,-0.764,0.7156
2984,14,1,5,291,5.0,0.1779,0.26
2985,22,1,1,980,4.0,0.0,0.135
2986,2,2,2,813,3.0,0.6124,0.41
2987,6,1,5,708,5.0,0.5719,0.26
2988,1,1,6,652,3.0,-0.0772,0.44088
2989,23,2,4,644,4.0,-0.3612,0.47948
2990,17,1,1,425,5.0,0.5719,0.06
2991,5,2,7,332,2.0,-0.0516,0.50564
2992,5,1,5,434,5.0,0.128,0.26
2993,23,2,1,417,4.0,0.0,0.135
2994,17,1,4,998,5.0,-0.1779,0.33116
2995,11,2,5,183,5.0,0.0,0.26
2996,1,2,4,165,4.0,-0.2263,0.42552
2997,5,2,5,60,4.0,0.4939,0.335
2998,8,2,3,448,3.0,0.4404,0.41
2999,2,2,4,680,4.0,-0.5267,0.5456799999999999
3000,5,1,4,367,4.0,-0.1531,0.39624
3001,14,1,4,974,4.0,0.2023,0.335
3002,11,1,1,780,3.0,-0.7181,0.4972399999999999
3003,22,1,1,296,4.0,-0.652,0.3958
3004,22,2,4,267,4.0,-0.6007,0.57528
3005,9,2,1,549,5.0,0.6808,0.06
3006,3,1,1,521,2.0,0.5859,0.285
3007,11,1,9,1025,3.0,-0.4588,0.59352
3008,1,2,6,783,2.0,-0.4019,0.6457600000000001
3009,14,2,5,378,5.0,0.5719,0.26
3010,8,2,1,540,5.0,0.7003,0.06
3011,3,2,6,651,2.0,-0.6705,0.7532000000000001
3012,1,1,1,867,2.0,0.4404,0.285
3013,4,1,4,768,5.0,0.0258,0.26
3014,9,2,1,632,5.0,-0.5096,0.26384
3015,22,2,1,899,5.0,0.5719,0.06
3016,2,1,1,1030,4.0,-0.5096,0.33884
3017,11,2,1,619,5.0,0.2023,0.06
3018,8,2,1,696,4.0,0.0377,0.135
3019,11,1,4,975,4.0,-0.5423,0.55192
3020,17,2,1,641,4.0,0.0,0.135
3021,12,1,1,187,4.0,-0.7589,0.43856
3022,2,2,1,762,5.0,0.2263,0.06
3023,8,1,4,457,5.0,-0.5423,0.47692
3024,6,1,1,671,4.0,0.5859,0.135
3025,4,2,5,844,4.0,0.3182,0.335
3026,8,2,1,979,2.0,0.0258,0.285
3027,3,2,1,293,3.0,-0.5228,0.41912
3028,8,2,6,373,3.0,0.5719,0.41
3029,15,1,1,784,4.0,0.5719,0.135
3030,14,1,7,282,3.0,-0.765,0.7160000000000002
3031,1,2,6,862,3.0,0.6124,0.41
3032,17,2,1,830,3.0,0.0788,0.21
3033,15,1,7,3,4.0,0.3818,0.335
3034,12,1,4,1024,4.0,0.4588,0.335
3035,2,1,3,374,3.0,-0.4215,0.5786
3036,10,2,9,608,5.0,0.0,0.26
3037,9,1,1,1031,4.0,0.0,0.135
3038,9,1,1,967,5.0,0.5719,0.06
3039,23,2,1,650,4.0,0.7579,0.135
3040,15,2,2,888,3.0,-0.2755,0.5202
3041,18,2,9,290,3.0,0.0,0.41
3042,3,1,7,920,3.0,-0.8316,0.7426400000000002
3043,6,1,6,173,3.0,0.3612,0.41
3044,8,1,6,866,3.0,-0.0258,0.4203199999999999
3045,4,1,3,475,3.0,0.5719,0.41
3046,4,1,1,395,1.0,0.296,0.36
3047,8,2,1,747,5.0,-0.5096,0.26384
3048,3,1,5,226,3.0,-0.5096,0.6138400000000002
3049,2,1,5,297,3.0,-0.2232,0.49928
3050,3,2,1,871,5.0,0.5719,0.06
3051,14,1,9,366,3.0,0.5719,0.41
3052,20,1,1,117,3.0,0.4201,0.21
3053,12,2,1,293,5.0,-0.0516,0.08064
3054,15,2,7,32,4.0,-0.5096,0.53884
3055,6,1,1,916,5.0,-0.34,0.196
3056,3,2,7,382,1.0,-0.6369,0.8147600000000002
3057,11,2,4,33,1.0,-0.6249,0.80996
3058,15,1,1,618,4.0,0.7269,0.135
3059,5,1,11,777,2.0,-0.5096,0.6888400000000001
3060,9,2,4,686,4.0,-0.4215,0.5036
3061,16,2,9,461,2.0,0.0,0.485
3062,4,1,4,636,2.0,-0.4215,0.6536
3063,5,2,1,730,2.0,0.5859,0.285
3064,8,2,4,884,5.0,0.0772,0.26
3065,4,1,4,362,4.0,-0.5423,0.55192
3066,6,2,7,979,2.0,-0.0516,0.50564
3067,3,1,1,1009,4.0,0.5719,0.135
3068,5,2,1,206,4.0,0.2263,0.135
3069,5,1,4,944,5.0,-0.5423,0.47692
3070,12,2,4,857,4.0,-0.5423,0.55192
3071,12,2,3,279,3.0,0.8316,0.41
3072,15,2,5,14,4.0,-0.8032,0.65628
3073,12,1,1,23,4.0,0.5719,0.135
3074,1,2,4,501,5.0,-0.5423,0.47692
3075,15,1,2,142,3.0,0.0516,0.41
3076,13,1,7,123,1.0,0.0258,0.56
3077,9,1,5,1032,2.0,0.4404,0.485
3078,1,2,1,627,5.0,0.743,0.06
3079,12,2,7,65,2.0,0.2732,0.485
3080,9,1,1,63,4.0,-0.0516,0.15564
3081,9,1,6,686,4.0,0.25,0.335
3082,17,1,5,472,4.0,0.8442,0.335
3083,5,1,1,539,4.0,0.4404,0.135
3084,13,2,4,363,2.0,-0.5423,0.7019200000000001
3085,3,2,5,189,4.0,-0.2023,0.41592
3086,14,2,5,614,4.0,0.4404,0.335
3087,17,2,1,633,5.0,0.5719,0.06
3088,5,2,6,815,2.0,-0.4756,0.6752400000000001
3089,3,1,5,409,5.0,0.0,0.26
3090,17,2,4,552,5.0,-0.3612,0.40448
3091,5,2,1,776,4.0,-0.128,0.1862
3092,5,2,5,684,4.0,0.5719,0.335
3093,3,2,1,659,4.0,-0.2486,0.2344399999999999
3094,8,1,6,663,3.0,-0.5423,0.6269200000000001
3095,15,2,1,712,4.0,0.7579,0.135
3096,3,1,1,774,4.0,0.2263,0.135
3097,1,2,4,662,5.0,-0.6908,0.53632
3098,13,2,1,773,3.0,0.0,0.21
3099,2,1,3,14,2.0,0.7717,0.485
3100,1,1,9,362,3.0,0.5719,0.41
3101,22,1,1,406,4.0,-0.1531,0.19624
3102,5,1,1,794,5.0,-0.5096,0.26384
3103,6,2,5,518,5.0,-0.5096,0.46384
3104,22,1,4,114,5.0,-0.4215,0.4286
3105,3,2,1,619,5.0,-0.5423,0.27692
3106,13,1,1,839,5.0,0.4404,0.06
3107,11,2,6,267,3.0,0.5859,0.41
3108,1,2,5,474,4.0,0.5719,0.335
3109,23,2,1,991,3.0,-0.296,0.3283999999999999
3110,23,1,1,579,4.0,0.2263,0.135
3111,9,2,7,924,2.0,-0.4767,0.6756800000000001
3112,5,1,1,651,5.0,-0.4203,0.22812
3113,4,2,7,358,2.0,-0.4767,0.6756800000000001
3114,11,1,4,734,2.0,-0.4215,0.6536
3115,6,2,4,741,3.0,-0.4215,0.5786
3116,4,1,1,621,4.0,0.4404,0.135
3117,11,1,5,50,4.0,0.4404,0.335
3118,23,1,5,236,4.0,0.0258,0.335
3119,4,1,1,111,5.0,0.0,0.06
3120,17,1,1,75,5.0,0.4215,0.06
3121,23,2,1,48,4.0,0.4215,0.135
3122,3,2,10,28,5.0,0.5719,0.26
3123,19,2,1,646,1.0,0.4201,0.36
3124,11,2,5,464,4.0,0.7717,0.335
3125,8,1,1,605,5.0,0.6983,0.06
3126,17,2,2,213,2.0,0.0,0.485
3127,8,2,7,760,4.0,0.5719,0.335
3128,13,2,3,1033,3.0,-0.4215,0.5786
3129,14,2,5,370,4.0,0.8074,0.335
3130,1,1,1,332,3.0,0.4404,0.21
3131,1,1,2,1034,2.0,-0.4215,0.6536
3132,1,2,1,5,5.0,-0.5096,0.26384
3133,14,2,2,663,1.0,-0.2008,0.64032
3134,11,1,5,1035,4.0,-0.1531,0.39624
3135,12,2,4,937,2.0,-0.5423,0.7019200000000001
3136,5,2,2,714,3.0,0.5719,0.41
3137,1,2,1,330,4.0,0.6908,0.135
3138,5,2,4,991,3.0,-0.5423,0.6269200000000001
3139,22,2,10,318,4.0,-0.5096,0.53884
3140,14,1,1,996,5.0,0.2263,0.06
3141,17,2,3,545,1.0,0.4404,0.56
3142,8,1,1,424,4.0,0.6705,0.135
3143,9,1,1,614,4.0,-0.5096,0.33884
3144,15,2,1,938,4.0,0.1571,0.135
3145,9,2,3,1036,1.0,0.0,0.56
3146,11,2,10,844,1.0,0.5859,0.56
3147,8,1,9,669,1.0,0.0,0.56
3148,9,1,1,309,5.0,0.8957,0.06
3149,9,2,1,754,5.0,0.5574,0.06
3150,21,1,9,156,5.0,0.0,0.26
3151,1,1,1,1018,5.0,0.25,0.06
3152,8,1,6,391,2.0,-0.5106,0.6892400000000001
3153,11,1,5,440,4.0,0.0516,0.335
3154,9,2,1,1037,4.0,0.6705,0.135
3155,15,2,4,390,4.0,-0.5423,0.55192
3156,22,1,1,609,4.0,0.4215,0.135
3157,6,1,11,98,2.0,-0.5096,0.6888400000000001
3158,1,1,9,198,1.0,0.6597,0.56
3159,11,2,7,54,3.0,-0.765,0.7160000000000002
3160,15,1,1,183,5.0,-0.0516,0.08064
3161,9,2,10,152,5.0,0.0788,0.26
3162,4,2,5,728,4.0,0.296,0.335
3163,9,2,3,919,1.0,-0.4215,0.7286000000000001
3164,23,1,1,292,5.0,-0.5096,0.26384
3165,23,2,4,583,3.0,-0.3612,0.5544800000000001
3166,1,1,1,1038,3.0,-0.0516,0.2306399999999999
3167,17,2,6,616,2.0,-0.2023,0.56592
3168,5,2,6,138,4.0,0.8625,0.335
3169,14,1,1,18,5.0,0.7906,0.06
3170,4,1,9,190,3.0,0.0,0.41
3171,7,2,1,717,1.0,0.2263,0.36
3172,11,1,6,985,5.0,0.4404,0.26
3173,4,1,6,38,4.0,0.6808,0.335
3174,12,2,5,307,5.0,0.2263,0.26
3175,13,2,6,444,1.0,0.5719,0.56
3176,5,1,1,798,3.0,0.2263,0.21
3177,15,1,1,920,4.0,0.2263,0.135
3178,14,1,1,877,4.0,0.2263,0.135
3179,14,1,6,51,1.0,0.4404,0.56
3180,5,1,1,140,4.0,0.4404,0.135
3181,23,1,4,240,4.0,-0.1779,0.40616
3182,5,2,1,660,4.0,0.4939,0.135
3183,15,2,1,714,3.0,0.7717,0.21
3184,23,2,1,435,5.0,0.4404,0.06
3185,12,2,4,816,3.0,-0.4215,0.5786
3186,8,2,9,229,3.0,-0.2086,0.49344
3187,8,1,5,573,4.0,0.3818,0.335
3188,1,1,6,523,1.0,0.4404,0.56
3189,1,1,4,1039,5.0,-0.5859,0.49436
3190,1,2,1,637,1.0,0.5719,0.36
3191,6,1,1,444,2.0,-0.5258,0.49532
3192,15,2,7,574,1.0,0.1779,0.56
3193,15,2,4,540,4.0,-0.5267,0.5456799999999999
3194,23,1,1,486,2.0,0.5719,0.285
3195,23,2,1,145,5.0,0.0,0.06
3196,6,1,1,599,3.0,-0.5096,0.41384
3197,2,2,1,434,4.0,0.5859,0.135
3198,15,2,8,322,4.0,-0.1779,0.40616
3199,1,1,5,194,5.0,-0.7184,0.5473600000000001
3200,23,2,4,313,4.0,-0.1531,0.39624
3201,9,2,1,537,2.0,-0.7641,0.59064
3202,4,2,7,524,1.0,-0.7096,0.8438400000000001
3203,1,2,1,798,4.0,0.4404,0.135
3204,17,1,1,309,5.0,0.4404,0.06
3205,23,1,1,697,4.0,0.835,0.135
3206,8,2,4,164,4.0,-0.2023,0.41592
3207,12,2,7,872,2.0,0.1531,0.485
3208,12,1,4,198,1.0,0.5487,0.56
3209,3,2,6,892,1.0,-0.3818,0.71272
3210,12,2,6,882,1.0,-0.765,0.8660000000000001
3211,11,2,7,800,3.0,-0.7502,0.71008
3212,13,1,1,1040,3.0,-0.6681,0.47724
3213,3,1,6,738,1.0,0.34,0.56
3214,24,1,9,902,5.0,0.0,0.26
3215,8,2,4,483,2.0,-0.4215,0.6536
3216,6,2,1,855,4.0,0.4404,0.135
3217,1,1,5,509,1.0,-0.6249,0.80996
3218,14,2,3,832,2.0,0.765,0.485
3219,1,2,4,265,1.0,-0.5423,0.77692
3220,24,2,1,270,5.0,0.0,0.06
3221,23,2,1,866,5.0,0.5574,0.06
3222,8,1,6,714,3.0,-0.7179,0.69716
3223,9,2,7,905,3.0,-0.0516,0.4306399999999999
3224,14,1,3,297,4.0,-0.5096,0.53884
3225,23,1,1,31,3.0,0.8934,0.21
3226,2,1,1,443,5.0,0.0,0.06
3227,15,1,4,403,5.0,-0.0772,0.29088
3228,1,2,4,906,4.0,-0.5423,0.55192
3229,21,1,1,595,2.0,0.4201,0.285
3230,23,1,1,225,4.0,0.6249,0.135
3231,1,1,2,342,3.0,0.5574,0.41
3232,8,1,4,253,4.0,-0.4929,0.53216
3233,1,2,6,277,3.0,-0.1027,0.45108
3234,11,2,10,626,4.0,-0.0243,0.3447199999999999
3235,23,2,6,939,1.0,0.4404,0.56
3236,19,1,10,915,3.0,0.5859,0.41
3237,9,2,1,78,2.0,0.0,0.285
3238,4,1,7,87,3.0,-0.296,0.5284
3239,15,1,1,785,4.0,0.5574,0.135
3240,17,2,4,933,5.0,-0.4215,0.4286
3241,2,2,7,687,4.0,0.4404,0.335
3242,9,2,7,94,1.0,-0.6908,0.83632
3243,12,2,7,246,3.0,-0.0516,0.4306399999999999
3244,2,2,9,843,1.0,-0.4019,0.7207600000000001
3245,12,2,4,943,5.0,-0.0772,0.29088
3246,11,2,1,999,2.0,0.5719,0.285
3247,12,1,6,105,3.0,0.3182,0.41
3248,13,2,7,385,3.0,-0.34,0.546
3249,8,1,1,339,3.0,0.25,0.21
3250,5,1,5,105,5.0,0.5719,0.26
3251,6,2,2,729,2.0,-0.4215,0.6536
3252,14,1,1,984,4.0,-0.5975,0.374
3253,12,2,1,780,4.0,-0.5096,0.33884
3254,6,1,9,770,3.0,-0.4215,0.5786
3255,13,2,5,31,5.0,-0.5096,0.46384
3256,6,2,1,124,5.0,0.4404,0.06
3257,3,2,1,33,4.0,0.4939,0.135
3258,12,1,1,717,4.0,0.7351,0.135
3259,4,2,2,504,2.0,-0.5423,0.7019200000000001
3260,12,1,6,173,1.0,-0.7351,0.8540400000000001
3261,9,2,1,833,5.0,0.1779,0.06
3262,6,1,4,227,4.0,-0.25,0.435
3263,12,2,4,805,2.0,-0.4215,0.6536
3264,4,2,6,962,3.0,0.25,0.41
3265,6,1,3,376,5.0,0.6249,0.26
3266,15,1,1,814,4.0,0.0,0.135
3267,4,2,9,482,1.0,-0.0731,0.58924
3268,4,2,6,644,1.0,-0.7351,0.8540400000000001
3269,6,2,2,39,3.0,-0.8807,0.7622800000000001
3270,23,2,8,671,4.0,-0.5096,0.53884
3271,25,1,8,853,3.0,0.0,0.41
3272,2,2,9,618,3.0,-0.5423,0.6269200000000001
3273,1,2,4,478,2.0,0.0,0.485
3274,12,2,1,349,3.0,0.5719,0.21
3275,1,2,5,1012,2.0,0.5267,0.485
3276,11,1,1,20,5.0,0.7003,0.06
3277,13,2,1,913,5.0,0.2263,0.06
3278,22,1,1,986,4.0,0.4404,0.135
3279,2,1,1,134,5.0,0.0,0.06
3280,11,2,6,494,1.0,0.128,0.56
3281,3,2,6,436,2.0,0.4019,0.485
3282,4,2,1,975,4.0,0.8225,0.135
3283,4,1,1,168,4.0,0.6486,0.135
3284,9,1,6,978,4.0,-0.7481,0.6342400000000001
3285,9,1,7,459,3.0,-0.7096,0.69384
3286,6,2,1,921,4.0,-0.5096,0.33884
3287,22,1,1,358,1.0,0.6808,0.36
3288,14,2,1,1041,4.0,0.4404,0.135
3289,1,2,1,391,4.0,-0.1516,0.19564
3290,15,1,9,723,3.0,0.7003,0.41
3291,2,2,1,8,5.0,-0.8604,0.40416
3292,9,1,1,983,4.0,0.5719,0.135
3293,6,1,1,670,5.0,0.5719,0.06
3294,6,1,1,992,1.0,0.7579,0.36
3295,11,1,4,476,4.0,-0.296,0.4534
3296,14,2,1,319,5.0,0.4019,0.06
3297,1,1,9,238,3.0,-0.3071,0.53284
3298,5,1,1,454,1.0,0.4404,0.36
3299,11,2,4,227,4.0,0.2732,0.335
3300,15,1,4,18,4.0,-0.4215,0.5036
3301,4,1,5,929,4.0,0.6369,0.335
3302,4,2,1,353,5.0,-0.5096,0.26384
3303,22,2,1,820,5.0,0.5719,0.06
3304,14,1,6,273,2.0,0.0516,0.485
3305,9,2,4,501,4.0,-0.4215,0.5036
3306,15,2,5,456,4.0,-0.5851,0.56904
3307,13,1,7,48,2.0,-0.7502,0.78508
3308,12,2,1,387,4.0,0.5719,0.135
3309,21,2,1,962,3.0,0.0,0.21
3310,4,1,5,33,4.0,-0.5423,0.55192
3311,17,1,3,169,2.0,0.296,0.485
3312,14,1,1,260,4.0,-0.7115,0.4196
3313,17,1,1,395,4.0,-0.1764,0.20556
3314,11,1,4,158,4.0,-0.5994,0.5747600000000002
3315,5,1,1,161,4.0,0.296,0.135
3316,22,1,4,682,3.0,-0.25,0.51
3317,24,2,1,1042,5.0,0.0,0.06
3318,15,2,2,953,3.0,-0.1012,0.45048
3319,9,2,4,896,2.0,0.0772,0.485
3320,4,1,5,827,5.0,-0.4215,0.4286
3321,12,1,1,711,4.0,-0.3412,0.27148
3322,8,1,7,294,2.0,0.1531,0.485
3323,15,1,7,75,5.0,-0.5096,0.46384
3324,12,2,4,309,4.0,-0.5423,0.55192
3325,9,1,1,800,5.0,0.5719,0.06
3326,13,1,1,652,1.0,0.5106,0.36
3327,14,2,3,130,1.0,-0.5096,0.7638400000000001
3328,12,2,8,984,1.0,0.7269,0.56
3329,1,1,1,1025,2.0,0.4404,0.285
3330,3,2,1,435,4.0,-0.121,0.1834
3331,4,2,4,428,3.0,-0.4215,0.5786
3332,22,2,6,772,2.0,0.7506,0.485
3333,12,1,1,590,3.0,-0.1531,0.27124
3334,22,1,4,977,4.0,-0.5423,0.55192
3335,11,2,5,1043,5.0,-0.046,0.2784
3336,1,1,1,172,4.0,0.4404,0.135
3337,12,1,2,45,3.0,0.1531,0.41
3338,5,2,1,252,4.0,-0.5096,0.33884
3339,23,2,6,324,2.0,-0.4215,0.6536
3340,22,1,1,185,4.0,0.4767,0.135
3341,22,1,1,572,5.0,-0.1326,0.11304
3342,6,1,9,566,3.0,0.3818,0.41
3343,9,1,7,829,3.0,-0.4767,0.6006800000000001
3344,9,1,4,1013,4.0,-0.5423,0.55192
3345,23,2,1,585,4.0,0.2263,0.135
3346,12,1,3,269,1.0,0.9118,0.56
3347,4,2,1,71,3.0,-0.5096,0.41384
3348,3,1,1,163,5.0,-0.5096,0.26384
3349,14,2,1,382,4.0,0.4404,0.135
3350,5,2,2,1044,1.0,0.4404,0.56
3351,23,2,5,111,4.0,0.5859,0.335
3352,12,1,4,773,5.0,-0.0516,0.28064
3353,6,1,1,346,4.0,-0.5096,0.33884
3354,22,1,7,375,5.0,0.2263,0.26
3355,15,2,1,713,4.0,0.0,0.135
3356,17,1,5,442,3.0,0.8074,0.41
3357,11,2,1,994,4.0,0.0,0.135
3358,4,1,2,221,3.0,-0.128,0.4612
3359,4,2,4,422,2.0,-0.4215,0.6536
3360,23,1,1,761,4.0,-0.4203,0.30312
3361,2,2,4,414,3.0,-0.5423,0.6269200000000001
3362,12,1,5,539,4.0,-0.4215,0.5036
3363,12,2,3,494,2.0,-0.5423,0.7019200000000001
3364,4,2,9,135,2.0,0.1779,0.485
3365,3,2,1,122,3.0,0.8481,0.21
3366,5,2,1,366,4.0,-0.5096,0.33884
3367,12,2,2,689,2.0,-0.5267,0.6956800000000001
3368,5,2,1,368,4.0,0.743,0.135
3369,12,1,4,187,4.0,-0.5423,0.55192
3370,11,1,1,832,4.0,0.872,0.135
3371,8,1,3,17,3.0,-0.5423,0.6269200000000001
3372,17,1,1,508,4.0,0.4939,0.135
3373,12,2,3,673,4.0,-0.8126,0.66004
3374,17,1,2,678,3.0,-0.5096,0.6138400000000002
3375,14,2,2,15,1.0,0.0258,0.56
3376,11,1,1,445,4.0,-0.6902,0.41108
3377,4,1,1,672,4.0,-0.5096,0.33884
3378,12,1,1,735,3.0,0.0,0.21
3379,8,2,7,826,2.0,-0.5994,0.7247600000000001
3380,19,1,1,1025,4.0,0.0,0.135
3381,1,1,4,915,2.0,-0.5423,0.7019200000000001
3382,2,2,1,374,4.0,-0.5096,0.33884
3383,4,1,6,991,2.0,0.0772,0.485
3384,23,1,1,722,5.0,0.2263,0.06
3385,1,2,1,299,4.0,0.2263,0.135
3386,2,1,1,874,5.0,-0.8405,0.3962
3387,13,2,3,59,2.0,-0.5096,0.6888400000000001
3388,8,2,5,473,5.0,0.5862,0.26
3389,6,1,1,630,4.0,0.4416,0.135
3390,23,1,4,247,5.0,-0.3818,0.41272
3391,11,1,1,310,4.0,0.4404,0.135
3392,8,2,1,788,4.0,0.4019,0.135
3393,4,1,6,738,3.0,0.7184,0.41
3394,2,2,1,51,5.0,0.6369,0.06
3395,17,1,5,159,4.0,-0.7351,0.62904
3396,17,2,1,488,4.0,0.4019,0.135
3397,23,2,3,877,2.0,0.0274,0.485
3398,17,1,1,403,4.0,0.5719,0.135
3399,3,2,9,566,2.0,0.4939,0.485
3400,17,2,1,872,5.0,0.25,0.06
3401,2,2,4,708,4.0,0.4767,0.335
3402,15,1,1,435,4.0,0.5719,0.135
3403,8,1,5,927,4.0,-0.6802,0.6070800000000001
3404,22,2,1,901,5.0,0.2263,0.06
3405,14,2,1,160,5.0,0.0,0.06
3406,22,2,9,913,3.0,-0.5096,0.6138400000000002
3407,15,2,4,1014,4.0,-0.4215,0.5036
3408,12,1,4,1045,5.0,-0.4215,0.4286
3409,22,2,6,430,3.0,0.5719,0.41
3410,8,1,4,300,4.0,-0.4215,0.5036
3411,11,1,1,3,3.0,0.5719,0.21
3412,12,2,5,168,4.0,0.0,0.335
3413,15,2,1,793,4.0,0.743,0.135
3414,19,1,1,244,1.0,0.2263,0.36
3415,1,2,1,36,4.0,0.7717,0.135
3416,9,2,4,430,4.0,-0.5423,0.55192
3417,5,1,4,437,4.0,-0.4215,0.5036
3418,13,2,1,886,4.0,0.0,0.135
3419,17,2,1,646,5.0,0.5719,0.06
3420,6,2,1,1046,4.0,0.4404,0.135
3421,3,2,1,670,1.0,0.0,0.36
3422,15,2,1,7,4.0,0.5859,0.135
3423,4,1,4,746,4.0,0.0258,0.335
3424,23,1,7,316,3.0,-0.7502,0.71008
3425,13,1,1,721,4.0,0.5719,0.135
3426,2,2,1,1022,4.0,0.128,0.135
3427,5,2,1,110,4.0,0.2263,0.135
3428,14,1,4,292,4.0,-0.7906,0.65124
3429,2,2,1,668,4.0,0.743,0.135
3430,15,2,6,92,2.0,-0.8126,0.8100400000000001
3431,14,2,3,416,1.0,0.0,0.56
3432,11,1,1,263,4.0,0.2263,0.135
3433,1,2,1,469,4.0,0.5719,0.135
3434,15,2,5,380,4.0,-0.4939,0.53256
3435,2,1,1,229,5.0,0.6124,0.06
3436,12,1,1,110,3.0,-0.6348,0.46392
3437,23,1,3,776,2.0,-0.4215,0.6536
3438,2,2,1,789,5.0,-0.0258,0.07032
3439,17,2,1,139,4.0,0.2263,0.135
3440,17,2,1,481,4.0,0.743,0.135
3441,15,2,5,214,5.0,0.5574,0.26
3442,3,2,1,581,5.0,0.128,0.06
3443,2,2,1,391,1.0,0.3182,0.36
3444,23,1,7,680,5.0,-0.5096,0.46384
3445,9,2,1,443,4.0,0.4404,0.135
3446,21,1,1,749,5.0,0.0,0.06
3447,14,1,7,329,3.0,0.5574,0.41
3448,9,2,4,1047,3.0,-0.5423,0.6269200000000001
3449,2,2,5,805,4.0,-0.5423,0.55192
3450,9,2,4,417,5.0,-0.2263,0.35052
3451,15,1,4,686,4.0,-0.4215,0.5036
3452,5,1,9,1021,2.0,0.5719,0.485
3453,22,1,1,203,5.0,0.1779,0.06
3454,14,1,1,258,4.0,-0.5096,0.33884
3455,5,2,1,296,5.0,0.0,0.06
3456,14,2,10,993,5.0,-0.5096,0.46384
3457,13,2,1,778,5.0,-0.1531,0.12124
3458,5,1,1,633,3.0,0.7003,0.21
3459,11,2,2,325,2.0,-0.5096,0.6888400000000001
3460,9,1,9,234,1.0,-0.4215,0.7286000000000001
3461,9,2,9,637,2.0,-0.5423,0.7019200000000001
3462,23,1,9,799,3.0,0.2263,0.41
3463,8,2,6,100,4.0,0.0,0.335
3464,11,1,7,685,4.0,0.0,0.335
3465,5,1,4,939,5.0,0.1027,0.26
3466,12,1,4,129,5.0,0.2732,0.26
3467,18,1,9,473,5.0,0.7351,0.26
3468,22,1,4,1006,1.0,-0.4215,0.7286000000000001
3469,12,2,1,390,3.0,0.7003,0.21
3470,23,2,1,1013,4.0,0.4404,0.135
3471,2,1,4,296,5.0,0.7184,0.26
3472,8,1,1,53,4.0,0.0,0.135
3473,6,1,3,5,3.0,-0.4215,0.5786
3474,17,1,8,937,3.0,0.0,0.41
3475,6,2,5,331,5.0,-0.5096,0.46384
3476,23,1,5,309,4.0,0.6908,0.335
3477,13,1,1,856,1.0,0.0,0.36
3478,9,1,5,861,5.0,-0.862,0.6048
3479,9,2,2,487,3.0,0.4404,0.41
3480,6,1,5,1048,4.0,0.8126,0.335
3481,15,2,5,860,2.0,-0.4767,0.6756800000000001
3482,17,1,3,295,3.0,-0.3182,0.53728
3483,2,1,7,524,3.0,-0.7682,0.7172800000000001
3484,14,2,4,149,4.0,-0.5423,0.55192
3485,15,2,5,600,4.0,0.7003,0.335
3486,5,2,4,354,2.0,-0.5267,0.6956800000000001
3487,17,1,10,559,4.0,0.2263,0.335
3488,2,1,4,222,4.0,-0.4215,0.5036
3489,8,1,4,94,4.0,-0.4215,0.5036
3490,2,1,1,961,4.0,0.7845,0.135
3491,8,2,9,110,2.0,0.4728,0.485
3492,23,1,3,584,5.0,-0.5423,0.47692
3493,13,2,1,171,4.0,0.2023,0.135
3494,8,1,2,393,3.0,0.2023,0.41
3495,17,1,5,747,4.0,0.0,0.335
3496,9,2,5,1023,5.0,0.5423,0.26
3497,2,1,4,914,3.0,-0.5423,0.6269200000000001
3498,23,1,1,872,4.0,0.2263,0.135
3499,22,2,9,838,2.0,0.7717,0.485
3500,5,1,9,639,2.0,-0.5096,0.6888400000000001
3501,4,1,1,228,4.0,0.0,0.135
3502,17,2,1,731,4.0,-0.2249,0.22496
3503,13,2,6,392,2.0,-0.6705,0.7532000000000001
3504,12,2,9,470,4.0,0.4404,0.335
3505,8,2,6,964,1.0,-0.4019,0.7207600000000001
3506,8,2,1,285,5.0,-0.0243,0.06972
3507,23,1,1,755,4.0,0.4939,0.135
3508,5,1,3,122,3.0,0.8316,0.41
3509,22,1,1,1001,4.0,0.7003,0.135
3510,4,1,7,709,3.0,-0.296,0.5284
3511,2,2,4,917,4.0,-0.4215,0.5036
3512,17,1,4,1049,4.0,-0.8089,0.65856
3513,3,2,4,880,3.0,-0.4939,0.6075600000000001
3514,13,1,4,589,5.0,-0.6808,0.53232
3515,4,2,5,607,5.0,0.743,0.26
3516,2,2,3,578,2.0,0.2023,0.485
3517,12,2,7,869,4.0,-0.4215,0.5036
3518,11,1,5,631,4.0,0.6597,0.335
3519,5,2,4,756,3.0,-0.2023,0.49092
3520,4,1,1,221,4.0,0.0,0.135
3521,15,2,1,532,5.0,0.3612,0.06
3522,22,2,1,923,5.0,-0.4272,0.23088
3523,12,1,5,603,5.0,-0.5994,0.49976
3524,3,2,7,1001,3.0,-0.1027,0.45108
3525,13,1,1,774,5.0,0.0,0.06
3526,22,1,5,58,3.0,-0.5423,0.6269200000000001
3527,22,2,1,297,4.0,-0.5096,0.33884
3528,4,1,1,137,5.0,-0.7779,0.37116
3529,2,1,4,506,4.0,-0.0772,0.36588
3530,15,2,2,338,2.0,0.5859,0.485
3531,7,1,10,212,5.0,0.5859,0.26
3532,12,1,5,604,5.0,-0.2023,0.34092
3533,1,2,1,1050,4.0,0.3612,0.135
3534,17,1,1,1051,4.0,0.6908,0.135
3535,22,2,5,177,4.0,-0.2023,0.41592
3536,1,1,1,729,4.0,0.0,0.135
3537,11,1,1,874,5.0,-0.4367,0.23468
3538,6,1,5,726,3.0,-0.3818,0.5627200000000001
3539,18,2,7,750,2.0,0.6369,0.485
3540,19,1,1,281,2.0,0.0,0.285
3541,1,2,3,603,3.0,-0.144,0.4676
3542,1,1,6,1052,3.0,0.7964,0.41
3543,15,1,1,1053,4.0,0.5719,0.135
3544,9,2,4,986,5.0,-0.5423,0.47692
3545,8,1,1,520,5.0,0.5719,0.06
3546,6,1,1,44,5.0,0.7906,0.06
3547,3,1,1,1054,4.0,0.0,0.135
3548,17,1,1,1055,5.0,0.2263,0.06
3549,9,1,7,972,3.0,-0.7096,0.69384
3550,3,2,7,942,4.0,0.0,0.335
3551,22,1,1,761,4.0,-0.5096,0.33884
3552,17,2,7,428,3.0,0.1531,0.41
3553,22,2,1,631,3.0,-0.4588,0.39352
3554,23,1,6,895,3.0,-0.6705,0.6782000000000001
3555,14,2,1,914,4.0,0.4404,0.135
3556,23,1,1,455,3.0,0.4404,0.21
3557,8,1,6,32,3.0,-0.25,0.51
3558,6,2,1,776,2.0,0.2263,0.285
3559,1,1,4,194,5.0,0.1531,0.26
3560,8,1,5,221,5.0,0.6705,0.26
3561,5,1,1,117,2.0,0.4404,0.285
3562,8,2,7,716,2.0,-0.7502,0.78508
3563,21,2,1,432,4.0,-0.1695,0.2028
3564,6,2,6,233,1.0,0.4404,0.56
3565,15,2,1,71,4.0,0.7351,0.135
3566,11,2,6,651,4.0,0.2263,0.335
3567,17,1,6,372,3.0,0.25,0.41
3568,6,1,1,969,4.0,-0.5096,0.33884
3569,17,2,5,1015,5.0,0.2263,0.26
3570,15,2,2,854,1.0,0.8316,0.56
3571,9,2,7,682,2.0,0.2732,0.485
3572,12,2,7,444,5.0,0.7269,0.26
3573,6,1,6,748,3.0,0.507,0.41
3574,23,2,5,926,5.0,-0.5096,0.46384
3575,8,1,5,891,5.0,0.6808,0.26
3576,4,1,1,1038,4.0,0.25,0.135
3577,15,1,1,292,4.0,0.0,0.135
3578,8,2,1,406,3.0,0.6124,0.21
3579,11,1,1,1038,4.0,-0.2025,0.216
3580,25,1,1,580,1.0,-0.1695,0.4278
3581,4,2,1,829,4.0,0.2263,0.135
3582,17,1,1,801,5.0,0.7783,0.06
3583,9,2,5,30,5.0,-0.4939,0.45756
3584,9,2,4,672,3.0,0.4019,0.41
3585,3,1,2,517,3.0,-0.7481,0.7092400000000001
3586,13,1,5,722,1.0,0.2263,0.56
3587,4,1,2,90,3.0,0.0772,0.41
3588,6,1,4,697,5.0,-0.4215,0.4286
3589,11,2,1,237,3.0,0.2263,0.21
3590,14,2,1,333,3.0,0.2263,0.21
3591,11,1,7,331,1.0,-0.296,0.6784000000000001
3592,11,1,1,48,4.0,0.4939,0.135
3593,13,1,4,942,4.0,-0.4215,0.5036
3594,14,2,1,62,3.0,-0.5096,0.41384
3595,8,2,1,657,4.0,-0.3182,0.26228
3596,1,2,5,805,3.0,-0.0844,0.44376
3597,3,2,8,573,5.0,0.4404,0.26
3598,9,2,7,316,4.0,-0.5096,0.53884
3599,13,1,1,860,4.0,0.4404,0.135
3600,22,2,6,1022,3.0,0.0516,0.41
3601,15,1,4,519,2.0,-0.4215,0.6536
3602,23,1,9,109,4.0,-0.34,0.471
3603,6,2,4,638,4.0,-0.4939,0.53256
3604,4,1,1,446,4.0,0.7884,0.135
3605,1,1,4,863,4.0,-0.4215,0.5036
3606,5,2,1,80,3.0,0.2263,0.21
3607,23,2,1,1019,5.0,-0.05,0.08
3608,5,1,5,921,4.0,0.5719,0.335
3609,6,1,1,704,4.0,0.0,0.135
3610,12,2,1,624,4.0,0.5719,0.135
3611,4,1,5,650,2.0,0.6894,0.485
3612,3,2,1,809,5.0,0.743,0.06
3613,5,2,1,658,5.0,-0.5096,0.26384
3614,22,2,1,844,5.0,0.5267,0.06
3615,12,2,5,535,5.0,0.6597,0.26
3616,8,1,5,807,5.0,0.5719,0.26
3617,4,2,9,399,1.0,0.128,0.56
3618,23,1,1,388,5.0,-0.2946,0.17784
3619,1,1,1,542,2.0,0.4404,0.285
3620,13,2,1,1056,4.0,-0.5096,0.33884
3621,13,1,1,1013,4.0,0.2023,0.135
3622,23,1,6,1057,4.0,0.128,0.335
3623,2,1,6,560,3.0,0.4404,0.41
3624,17,2,1,271,4.0,0.4404,0.135
3625,4,1,8,662,5.0,-0.4215,0.4286
3626,22,1,1,316,5.0,0.4404,0.06
3627,12,1,4,540,5.0,-0.296,0.3784
3628,9,2,1,798,4.0,0.7184,0.135
3629,3,2,1,438,4.0,0.5719,0.135
3630,3,1,11,394,4.0,-0.4215,0.5036
3631,22,2,1,601,1.0,-0.5096,0.5638400000000001
3632,12,2,1,503,2.0,0.2023,0.285
3633,5,2,7,260,2.0,-0.7502,0.78508
3634,2,1,1,678,5.0,0.4404,0.06
3635,7,1,1,209,2.0,0.4404,0.285
3636,23,1,9,239,3.0,0.7096,0.41
3637,4,1,4,702,4.0,-0.0516,0.35564
3638,24,1,1,658,5.0,0.7778,0.06
3639,1,2,4,1055,4.0,0.296,0.335
3640,3,2,4,982,4.0,-0.3818,0.48772
3641,4,1,5,719,4.0,0.7906,0.335
3642,19,1,1,848,1.0,0.0,0.36
3643,5,2,4,580,5.0,-0.0258,0.27032
3644,11,1,5,718,5.0,0.2263,0.26
3645,23,2,1,44,4.0,0.8176,0.135
3646,17,2,1,237,5.0,0.4404,0.06
3647,13,2,11,84,5.0,0.2263,0.26
3648,8,2,3,906,2.0,-0.2008,0.56532
3649,17,2,6,1058,3.0,0.5719,0.41
3650,13,1,6,279,3.0,0.25,0.41
3651,3,1,5,561,4.0,0.4404,0.335
3652,12,2,2,463,2.0,0.34,0.485
3653,17,2,2,486,3.0,0.2263,0.41
3654,22,2,4,725,4.0,-0.4215,0.5036
3655,14,1,1,914,4.0,0.4404,0.135
3656,1,2,1,1006,2.0,0.2263,0.285
3657,11,1,1,519,5.0,-0.0772,0.09088
3658,5,1,1,521,2.0,-0.0757,0.3152799999999999
3659,13,2,1,842,5.0,0.4404,0.06
3660,3,1,1,368,4.0,0.4404,0.135
3661,22,2,3,389,3.0,-0.5423,0.6269200000000001
3662,17,1,1,1059,4.0,0.8461,0.135
3663,6,2,1,912,4.0,0.7783,0.135
3664,12,2,1,429,4.0,0.2263,0.135
3665,17,2,9,849,3.0,-0.4215,0.5786
3666,23,2,1,954,4.0,0.6808,0.135
3667,5,1,4,243,5.0,-0.5423,0.47692
3668,11,2,1,150,1.0,-0.1695,0.4278
3669,4,2,5,23,5.0,0.7334,0.26
3670,6,1,1,251,4.0,0.765,0.135
3671,13,2,1,528,4.0,0.2263,0.135
3672,11,1,1,599,4.0,-0.1935,0.2124
3673,2,1,2,138,2.0,-0.5423,0.7019200000000001
3674,11,1,4,569,5.0,-0.0516,0.28064
3675,17,1,3,61,3.0,0.0,0.41
3676,14,1,4,633,3.0,-0.5423,0.6269200000000001
3677,15,1,4,414,4.0,-0.4215,0.5036
3678,23,2,6,267,2.0,-0.5096,0.6888400000000001
3679,17,1,3,648,3.0,-0.8481,0.7492400000000001
3680,15,1,7,411,3.0,0.2732,0.41
3681,8,1,9,954,3.0,0.2263,0.41
3682,9,2,4,973,4.0,-0.4215,0.5036
3683,4,2,1,514,4.0,0.0516,0.135
3684,15,1,1,350,5.0,0.4404,0.06
3685,9,1,5,677,3.0,0.6597,0.41
3686,22,2,1,934,5.0,0.7845,0.06
3687,6,2,5,231,4.0,-0.128,0.3862
3688,23,1,5,454,4.0,-0.4215,0.5036
3689,9,2,2,499,2.0,0.6908,0.485
3690,12,1,1,1045,5.0,0.4404,0.06
3691,23,2,1,145,5.0,-0.5667,0.28668
3692,23,1,1,845,4.0,0.5719,0.135
3693,23,2,4,1019,4.0,-0.7717,0.64368
3694,1,2,4,932,2.0,-0.4939,0.6825600000000001
3695,5,1,1,875,4.0,0.5719,0.135
3696,14,1,1,177,4.0,-0.5096,0.33884
3697,5,1,4,668,5.0,-0.5423,0.47692
3698,17,2,8,878,5.0,0.5719,0.26
3699,9,1,6,93,2.0,-0.4493,0.66472
3700,8,1,4,608,2.0,-0.5423,0.7019200000000001
3701,15,1,4,509,4.0,0.4404,0.335
3702,3,2,4,98,4.0,0.2023,0.335
3703,5,1,1,537,4.0,0.2263,0.135
3704,4,1,5,261,5.0,0.7906,0.26
3705,4,1,1,512,2.0,0.7003,0.285
3706,9,1,1,959,5.0,0.296,0.06
3707,4,2,3,131,1.0,0.0516,0.56
3708,4,2,7,540,3.0,-0.7759,0.7203600000000001
3709,8,2,9,1043,3.0,0.5574,0.41
3710,4,2,1,958,5.0,0.0,0.06
3711,8,2,7,123,5.0,-0.4215,0.4286
3712,5,1,8,399,3.0,0.7506,0.41
3713,22,2,9,21,2.0,0.4404,0.485
3714,9,2,1,187,5.0,0.1139,0.06
3715,1,2,2,325,3.0,0.2263,0.41
3716,8,1,1,301,5.0,0.4404,0.06
3717,4,1,5,38,4.0,-0.5096,0.53884
3718,8,1,1,896,4.0,0.2263,0.135
3719,23,2,1,220,4.0,-0.1027,0.17608
3720,1,2,1,39,5.0,0.2023,0.06
3721,1,2,4,36,5.0,-0.2023,0.34092
3722,4,2,1,801,4.0,-0.5096,0.33884
3723,14,1,1,484,5.0,0.2023,0.06
3724,4,1,1,578,5.0,-0.5096,0.26384
3725,11,2,5,587,5.0,0.0516,0.26
3726,15,2,1,850,4.0,0.0,0.135
3727,1,1,5,228,2.0,-0.0772,0.51588
3728,4,2,5,898,5.0,0.0,0.26
3729,17,2,2,749,3.0,0.4404,0.41
3730,12,1,1,1050,4.0,0.5719,0.135
3731,8,1,5,281,1.0,0.4404,0.56
3732,23,2,3,221,1.0,-0.1779,0.6311599999999999
3733,15,1,1,286,5.0,0.4404,0.06
3734,12,1,5,272,5.0,0.7964,0.26
3735,13,2,9,335,1.0,-0.5096,0.7638400000000001
3736,6,2,1,87,4.0,0.6249,0.135
3737,15,2,5,683,5.0,0.7003,0.26
3738,5,2,3,795,3.0,0.4404,0.41
3739,13,1,1,403,2.0,0.296,0.285
3740,5,1,1,368,4.0,0.0,0.135
3741,3,2,4,453,5.0,-0.4215,0.4286
3742,1,1,4,851,5.0,0.34,0.26
3743,5,2,1,509,4.0,0.5719,0.135
3744,23,1,5,301,4.0,-0.296,0.4534
3745,6,2,6,928,3.0,-0.7046,0.69184
3746,8,2,1,619,3.0,0.4588,0.21
3747,3,2,1,161,5.0,-0.0571,0.08284
3748,17,1,4,851,4.0,-0.4215,0.5036
3749,14,2,1,998,4.0,-0.5096,0.33884
3750,23,1,9,519,3.0,0.2263,0.41
3751,14,1,1,685,4.0,0.34,0.135
3752,4,1,6,812,1.0,0.5719,0.56
3753,15,1,1,196,4.0,-0.4168,0.30172
3754,3,1,7,797,3.0,0.0772,0.41
3755,4,1,1,53,5.0,0.5859,0.06
3756,2,1,5,595,4.0,0.836,0.335
3757,2,1,7,1060,3.0,-0.4767,0.6006800000000001
3758,11,1,1,111,5.0,0.4404,0.06
3759,4,2,1,109,5.0,-0.1516,0.12064
3760,4,1,1,44,4.0,-0.5096,0.33884
3761,12,1,2,666,2.0,-0.5096,0.6888400000000001
3762,6,2,6,684,3.0,-0.5096,0.6138400000000002
3763,3,1,4,180,4.0,0.3612,0.335
3764,23,1,1,872,3.0,0.8934,0.21
3765,22,2,4,254,3.0,-0.25,0.51
3766,6,1,6,642,4.0,0.5719,0.335
3767,5,1,4,966,5.0,-0.5423,0.47692
3768,3,1,6,585,1.0,0.0,0.56
3769,6,2,1,141,5.0,0.8402,0.06
3770,4,1,1,902,4.0,0.2263,0.135
3771,14,2,9,739,1.0,0.0,0.56
3772,3,1,1,235,5.0,0.4404,0.06
3773,13,2,1,604,4.0,0.4588,0.135
3774,11,1,1,145,2.0,0.0,0.285
3775,17,2,2,894,3.0,0.2263,0.41
3776,2,1,1,353,4.0,0.4404,0.135
3777,4,1,1,976,4.0,0.6249,0.135
3778,2,2,6,1015,2.0,-0.6705,0.7532000000000001
3779,13,1,1,530,4.0,0.5719,0.135
3780,15,2,1,235,4.0,0.0772,0.135
3781,11,2,1,897,4.0,-0.1764,0.20556
3782,5,1,3,252,1.0,-0.0772,0.5908800000000001
3783,9,2,5,888,5.0,0.0788,0.26
3784,5,2,4,1051,4.0,0.34,0.335
3785,3,1,5,113,5.0,0.4404,0.26
3786,23,1,1,891,4.0,0.0,0.135
3787,4,2,1,875,4.0,0.4404,0.135
3788,3,1,1,648,3.0,-0.128,0.2612
3789,1,1,9,795,3.0,-0.4215,0.5786
3790,2,2,9,285,1.0,-0.5423,0.77692
3791,11,2,4,539,5.0,-0.4215,0.4286
3792,20,2,1,129,4.0,0.7579,0.135
3793,19,2,1,251,2.0,0.7579,0.285
3794,1,1,5,785,3.0,0.3612,0.41
3795,3,1,1,338,4.0,0.2732,0.135
3796,1,2,4,897,5.0,-0.0772,0.29088
3797,8,1,1,647,2.0,-0.1295,0.3368
3798,1,2,5,805,5.0,0.4404,0.26
3799,4,2,9,291,1.0,-0.0516,0.58064
3800,11,1,5,917,1.0,0.0,0.56
3801,3,1,9,626,2.0,-0.4215,0.6536
3802,3,1,1,258,4.0,0.2263,0.135
3803,18,2,1,487,1.0,0.0,0.36
3804,1,2,1,1028,5.0,-0.2008,0.14032
3805,5,2,1,369,4.0,0.5719,0.135
3806,13,2,5,911,5.0,0.4939,0.26
3807,13,1,9,909,2.0,-0.2718,0.59372
3808,4,2,2,740,3.0,-0.4215,0.5786
3809,1,2,1,644,2.0,0.34,0.285
3810,11,2,9,207,3.0,-0.5096,0.6138400000000002
3811,23,2,1,205,4.0,0.5719,0.135
3812,22,2,1,135,5.0,0.2263,0.06
3813,9,1,10,54,3.0,0.0,0.41
3814,14,2,5,1055,4.0,0.1027,0.335
3815,15,2,1,314,5.0,-0.4847,0.25388
3816,14,1,1,243,3.0,0.765,0.21
3817,6,1,6,1061,1.0,0.2263,0.56
3818,4,1,1,710,5.0,0.0516,0.06
3819,22,1,3,464,3.0,-0.6124,0.65496
3820,11,1,1,253,4.0,-0.5096,0.33884
3821,23,1,6,655,3.0,0.0516,0.41
3822,22,2,5,905,4.0,0.1531,0.335
3823,8,2,4,1062,3.0,0.0258,0.41
3824,8,2,4,58,5.0,-0.3182,0.38728
3825,22,2,5,387,4.0,0.743,0.335
3826,1,1,4,24,4.0,-0.5423,0.55192
3827,3,2,6,1056,3.0,0.2263,0.41
3828,12,1,1,227,4.0,0.5719,0.135
3829,2,2,3,360,4.0,-0.3818,0.48772
3830,3,1,9,2,3.0,0.4588,0.41
3831,14,1,4,615,5.0,-0.4215,0.4286
3832,4,2,2,1063,2.0,0.7351,0.485
3833,11,2,4,1064,3.0,-0.7096,0.69384
3834,4,1,1,773,4.0,0.4404,0.135
3835,13,2,4,863,4.0,-0.5423,0.55192
3836,23,2,8,55,4.0,-0.128,0.3862
3837,12,2,1,574,5.0,0.0,0.06
3838,5,2,3,654,3.0,0.2263,0.41
3839,1,1,1,656,4.0,-0.5096,0.33884
3840,12,2,6,767,1.0,-0.4939,0.75756
3841,8,1,5,402,4.0,0.5106,0.335
3842,21,1,1,650,2.0,0.2263,0.285
3843,5,1,4,883,5.0,-0.4215,0.4286
3844,1,2,1,545,3.0,0.2263,0.21
3845,3,2,1,633,3.0,0.4404,0.21
3846,22,2,5,998,3.0,-0.5267,0.6206800000000001
3847,9,1,1,7,5.0,0.0,0.06
3848,23,1,7,432,4.0,0.0,0.335
3849,22,1,6,415,2.0,-0.6369,0.73976
3850,23,1,1,800,4.0,-0.2008,0.21532
3851,3,1,3,341,2.0,0.2263,0.485
3852,1,2,4,588,4.0,-0.6249,0.5849600000000001
3853,2,2,2,88,3.0,0.2263,0.41
3854,9,1,1,94,4.0,0.4404,0.135
3855,17,1,4,785,5.0,-0.4215,0.4286
3856,8,2,7,829,2.0,-0.0516,0.50564
3857,15,1,1,719,4.0,0.4019,0.135
3858,23,1,4,171,4.0,-0.296,0.4534
3859,9,1,4,1056,4.0,-0.5423,0.55192
3860,13,2,2,97,3.0,0.4404,0.41
3861,6,2,5,1029,5.0,-0.2732,0.36928
3862,1,1,4,185,5.0,-0.5423,0.47692
3863,9,2,6,877,1.0,0.25,0.56
3864,11,2,1,803,5.0,-0.0772,0.09088
3865,4,2,7,879,3.0,0.1027,0.41
3866,2,1,4,1065,3.0,0.1779,0.41
3867,2,1,5,487,3.0,-0.1764,0.48056
3868,8,2,1,20,3.0,0.5267,0.21
3869,15,1,7,991,5.0,0.0516,0.26
3870,24,2,3,971,3.0,0.0,0.41
3871,14,1,2,843,3.0,0.4404,0.41
3872,2,1,4,539,4.0,-0.0258,0.34532
3873,13,1,4,155,2.0,0.4019,0.485
3874,13,1,7,495,4.0,0.4404,0.335
3875,15,2,1,611,4.0,0.2406,0.135
3876,6,1,1,1066,4.0,0.128,0.135
3877,2,1,5,81,3.0,0.5719,0.41
3878,15,2,4,306,4.0,-0.4215,0.5036
3879,15,2,1,34,4.0,0.4019,0.135
3880,13,1,10,701,3.0,0.2263,0.41
3881,15,1,7,574,3.0,-0.296,0.5284
3882,11,1,1,643,4.0,0.5423,0.135
3883,17,1,1,359,4.0,0.7506,0.135
3884,22,1,2,154,1.0,0.4404,0.56
3885,9,2,1,886,5.0,0.4019,0.06
3886,5,1,1,202,4.0,0.1818,0.135
3887,9,1,5,224,5.0,-0.862,0.6048
3888,18,1,5,855,2.0,-0.4767,0.6756800000000001
3889,12,1,4,464,4.0,-0.296,0.4534
3890,2,2,4,262,5.0,-0.5423,0.47692
3891,15,2,3,333,3.0,-0.5423,0.6269200000000001
3892,23,2,4,712,4.0,-0.1531,0.39624
3893,8,1,4,704,3.0,-0.6597,0.67388
3894,4,2,1,351,4.0,0.5574,0.135
3895,14,1,3,1067,3.0,-0.1779,0.48116
3896,23,2,9,871,3.0,-0.5423,0.6269200000000001
3897,14,2,1,1068,3.0,-0.5096,0.41384
3898,6,1,9,960,3.0,-0.5096,0.6138400000000002
3899,8,1,1,1046,4.0,0.6705,0.135
3900,11,1,1,219,5.0,0.5719,0.06
3901,11,1,1,15,2.0,0.4201,0.285
3902,8,1,1,23,5.0,0.5994,0.06
3903,15,1,1,401,4.0,-0.5096,0.33884
3904,22,1,6,221,1.0,0.0516,0.56
3905,17,2,1,1030,1.0,0.5859,0.36
3906,5,2,1,766,1.0,0.6369,0.36
3907,9,2,1,488,5.0,0.0,0.06
3908,18,1,3,241,4.0,0.0,0.335
3909,17,2,1,619,5.0,0.2263,0.06
3910,8,1,3,309,1.0,0.0,0.56
3911,8,1,4,832,3.0,-0.5423,0.6269200000000001
3912,13,1,1,100,4.0,0.4404,0.135
3913,6,2,10,13,4.0,0.7845,0.335
3914,11,1,4,113,4.0,0.1027,0.335
3915,24,1,1,376,3.0,0.0,0.21
3916,8,1,1,927,4.0,0.4404,0.135
3917,25,2,9,99,1.0,0.7351,0.56
3918,1,2,9,878,1.0,0.25,0.56
3919,6,1,4,943,4.0,-0.4215,0.5036
3920,17,1,1,481,4.0,0.4404,0.135
3921,17,2,1,357,4.0,0.4939,0.135
3922,5,2,6,224,4.0,0.0,0.335
3923,8,1,4,572,2.0,0.4404,0.485
3924,4,2,4,94,4.0,-0.5423,0.55192
3925,12,1,1,592,4.0,0.25,0.135
3926,8,2,6,616,3.0,0.0,0.41
3927,17,1,1,919,5.0,-0.5096,0.26384
3928,14,2,9,500,3.0,0.2263,0.41
3929,23,2,3,287,2.0,-0.4215,0.6536
3930,6,2,9,478,3.0,0.4404,0.41
3931,13,2,4,634,4.0,-0.765,0.641
3932,8,2,5,582,4.0,0.5719,0.335
3933,1,2,1,795,5.0,0.4404,0.06
3934,5,2,1,943,5.0,0.4404,0.06
3935,15,1,9,201,3.0,0.5719,0.41
3936,4,2,4,613,5.0,-0.5423,0.47692
3937,17,1,1,204,4.0,-0.5096,0.33884
3938,14,2,1,494,4.0,-0.6116,0.37964
3939,11,1,1,958,3.0,0.4404,0.21
3940,9,1,1,155,5.0,0.4588,0.06
3941,3,2,6,981,2.0,0.0516,0.485
3942,17,1,6,1040,5.0,-0.4215,0.4286
3943,8,1,1,986,4.0,0.2263,0.135
3944,13,2,1,627,5.0,0.0,0.06
3945,2,1,4,746,5.0,-0.5423,0.47692
3946,5,1,1,713,4.0,-0.5975,0.374
3947,12,1,4,257,4.0,0.3182,0.335
3948,5,1,1,241,1.0,0.836,0.36
3949,2,2,9,645,2.0,0.0,0.485
3950,2,2,6,251,3.0,0.25,0.41
3951,1,1,7,1002,1.0,-0.4939,0.75756
3952,8,1,5,459,5.0,0.5719,0.26
3953,1,1,1,751,4.0,0.2263,0.135
3954,13,1,6,855,2.0,-0.5423,0.7019200000000001
3955,8,2,1,302,5.0,0.2263,0.06
3956,6,2,7,36,3.0,0.1531,0.41
3957,15,1,1,619,4.0,0.6369,0.135
3958,1,2,4,774,5.0,0.0516,0.26
3959,17,1,2,866,3.0,-0.4215,0.5786
3960,17,2,7,240,4.0,-0.2263,0.42552
3961,8,1,2,509,3.0,-0.4019,0.5707600000000002
3962,23,2,3,1061,3.0,-0.128,0.4612
3963,15,1,1,987,4.0,0.5719,0.135
3964,22,2,9,1069,3.0,0.5106,0.41
3965,23,2,1,45,5.0,-0.1516,0.12064
3966,17,2,1,473,5.0,-0.5096,0.26384
3967,2,1,5,398,4.0,0.7845,0.335
3968,23,2,4,983,3.0,-0.4215,0.5786
3969,9,1,4,467,5.0,-0.5423,0.47692
3970,23,2,1,417,4.0,0.3798,0.135
3971,23,2,1,875,4.0,0.0,0.135
3972,12,1,1,228,4.0,0.5719,0.135
3973,1,1,6,903,3.0,0.0,0.41
3974,22,1,3,405,3.0,-0.5096,0.6138400000000002
3975,13,1,4,527,5.0,-0.5423,0.47692
3976,12,1,1,926,3.0,0.4404,0.21
3977,22,1,2,408,1.0,-0.6681,0.82724
3978,3,2,1,677,5.0,0.4404,0.06
3979,4,1,6,44,1.0,0.5994,0.56
3980,12,1,1,236,2.0,0.2263,0.285
3981,4,1,6,279,2.0,-0.5423,0.7019200000000001
3982,9,1,4,211,4.0,-0.5423,0.55192
3983,4,1,1,109,4.0,0.7096,0.135
3984,4,1,1,881,4.0,-0.3599,0.27896
3985,1,2,3,449,2.0,-0.2924,0.60196
3986,23,2,2,466,3.0,-0.5096,0.6138400000000002
3987,13,2,4,892,5.0,-0.6486,0.51944
3988,13,1,1,561,4.0,0.7351,0.135
3989,6,1,2,94,2.0,-0.5423,0.7019200000000001
3990,15,2,1,744,1.0,0.5719,0.36
3991,13,2,9,434,3.0,0.0,0.41
3992,9,2,4,901,4.0,-0.3612,0.47948
3993,4,1,6,541,1.0,0.7845,0.56
3994,14,1,7,627,2.0,-0.0516,0.50564
3995,2,2,6,1068,2.0,-0.4215,0.6536
3996,17,1,4,605,5.0,0.2263,0.26
3997,23,2,9,1017,3.0,-0.5423,0.6269200000000001
3998,3,1,1,650,4.0,0.5719,0.135
3999,22,2,1,623,3.0,0.2263,0.21
4000,13,1,11,1054,5.0,-0.2732,0.36928
4001,15,2,6,137,2.0,0.2263,0.485
4002,13,2,1,1070,3.0,0.7184,0.21
4003,15,1,4,790,3.0,-0.4215,0.5786
4004,11,2,1,1015,4.0,0.6124,0.135
4005,2,2,5,276,1.0,0.3182,0.56
4006,10,1,8,818,4.0,0.0,0.335
4007,5,2,4,1026,2.0,-0.4215,0.6536
4008,11,2,6,526,3.0,-0.6698,0.6779200000000001
4009,6,1,1,1071,5.0,0.6908,0.06
4010,6,1,5,280,5.0,0.5719,0.26
4011,9,1,1,33,4.0,0.0516,0.135
4012,22,1,1,134,2.0,0.1027,0.285
4013,23,2,6,909,1.0,-0.7351,0.8540400000000001
4014,12,1,7,740,4.0,0.0,0.335
4015,11,1,8,552,4.0,0.128,0.335
4016,24,2,1,574,5.0,0.4201,0.06
4017,23,1,5,960,2.0,-0.7845,0.7988
4018,4,2,4,938,3.0,-0.4215,0.5786
4019,13,1,5,517,4.0,-0.5423,0.55192
4020,9,1,1,502,4.0,0.0772,0.135
4021,6,1,1,99,3.0,0.0516,0.21
4022,11,2,9,569,2.0,-0.6908,0.76132
4023,15,1,4,509,3.0,-0.5423,0.6269200000000001
4024,8,2,1,641,3.0,-0.5096,0.41384
4025,6,2,1,351,4.0,0.0,0.135
4026,1,1,3,1055,3.0,0.4939,0.41
4027,17,2,4,723,5.0,-0.0258,0.27032
4028,5,1,1,656,4.0,0.6249,0.135
4029,4,1,6,172,2.0,-0.4215,0.6536
4030,6,1,1,768,4.0,0.0,0.135
4031,21,1,1,1033,3.0,0.7579,0.21
4032,9,2,1,399,4.0,0.7269,0.135
4033,8,1,7,835,2.0,-0.7964,0.80356
4034,11,1,1,129,5.0,0.4939,0.06
4035,12,2,9,388,4.0,-0.5096,0.53884
4036,13,1,1,239,5.0,0.0,0.06
4037,4,2,6,247,3.0,0.7845,0.41
4038,4,1,1,43,2.0,0.2263,0.285
4039,12,1,9,1065,3.0,-0.4215,0.5786
4040,22,2,9,1067,1.0,0.4404,0.56
4041,23,1,1,125,1.0,0.5719,0.36
4042,12,2,9,530,3.0,0.4404,0.41
4043,15,2,1,305,5.0,0.3182,0.06
4044,11,2,5,1053,4.0,-0.3818,0.48772
4045,3,1,1,396,3.0,0.2263,0.21
4046,9,2,1,278,2.0,0.4939,0.285
4047,12,1,1,228,5.0,0.4404,0.06
4048,4,1,6,81,1.0,0.0516,0.56
4049,11,1,1,880,5.0,0.2263,0.06
4050,1,1,9,1001,2.0,-0.6501,0.7450399999999999
4051,11,1,1,755,4.0,0.6249,0.135
4052,14,1,1,223,5.0,0.1779,0.06
4053,15,2,3,488,2.0,-0.34,0.621
4054,6,1,4,315,4.0,-0.34,0.471
4055,3,2,9,263,3.0,0.4404,0.41
4056,3,1,1,935,4.0,0.5106,0.135
4057,4,1,6,252,1.0,0.3182,0.56
4058,3,2,7,619,2.0,0.5719,0.485
4059,3,1,1,916,4.0,0.5423,0.135
4060,22,2,1,182,4.0,0.5719,0.135
4061,2,1,6,943,3.0,-0.4215,0.5786
4062,3,1,1,633,4.0,0.4404,0.135
4063,8,1,1,300,4.0,-0.6979,0.41416
4064,17,2,4,1033,5.0,-0.4215,0.4286
4065,8,2,4,312,5.0,-0.6908,0.53632
4066,2,2,1,663,5.0,0.5719,0.06
4067,11,1,5,225,4.0,0.5719,0.335
4068,23,1,1,977,4.0,0.25,0.135
4069,5,1,3,680,3.0,-0.4215,0.5786
4070,22,2,3,879,3.0,0.1719,0.41
4071,8,1,2,105,2.0,0.4404,0.485
4072,11,2,5,763,1.0,0.0772,0.56
4073,22,2,1,184,4.0,0.4404,0.135
4074,11,1,1,753,3.0,0.5719,0.21
4075,22,2,1,325,5.0,0.3612,0.06
4076,11,2,4,434,2.0,-0.5423,0.7019200000000001
4077,6,1,1,758,4.0,-0.5096,0.33884
4078,15,2,2,73,3.0,-0.6124,0.65496
4079,22,2,1,577,4.0,0.4404,0.135
4080,23,1,4,861,5.0,-0.6908,0.53632
4081,4,1,1,944,5.0,-0.5096,0.26384
4082,6,1,1,608,4.0,0.3818,0.135
4083,11,1,5,664,5.0,0.0,0.26
4084,15,1,1,1004,4.0,-0.1516,0.19564
4085,2,2,6,5,3.0,-0.1386,0.46544
4086,1,2,1,1055,4.0,-0.4929,0.33216
4087,14,2,3,895,3.0,-0.5096,0.6138400000000002
4088,15,2,6,365,3.0,0.0,0.41
4089,14,2,1,779,4.0,0.4404,0.135
4090,12,2,1,764,4.0,0.2263,0.135
4091,1,2,4,630,5.0,-0.4215,0.4286
4092,11,2,6,445,3.0,0.5719,0.41
4093,2,1,1,321,4.0,-0.571,0.3634
4094,5,1,1,618,4.0,0.2263,0.135
4095,11,2,5,995,4.0,0.765,0.335
4096,13,2,6,383,3.0,-0.2732,0.51928
4097,1,1,4,554,4.0,-0.4215,0.5036
4098,11,1,5,155,5.0,-0.5423,0.47692
4099,22,2,1,180,4.0,0.5719,0.135
4100,4,2,9,374,4.0,-0.5096,0.53884
4101,23,2,8,23,4.0,0.4939,0.335
4102,25,1,1,1020,2.0,0.0,0.285
4103,11,2,3,767,1.0,-0.1531,0.62124
4104,7,1,1,462,5.0,0.4201,0.06
4105,8,2,3,633,2.0,-0.4215,0.6536
4106,15,2,1,433,1.0,0.4404,0.36
4107,8,1,4,362,3.0,-0.5423,0.6269200000000001
4108,2,1,1,470,1.0,-0.4203,0.5281199999999999
4109,6,1,1,546,5.0,0.1027,0.06
4110,9,2,4,823,4.0,-0.6124,0.57996
4111,15,2,4,34,5.0,0.1027,0.26
4112,4,2,1,246,4.0,0.4404,0.135
4113,17,1,2,802,2.0,-0.2283,0.5763199999999999
4114,12,2,1,975,4.0,0.5719,0.135
4115,4,2,9,403,2.0,-0.4215,0.6536
4116,9,2,4,364,4.0,-0.5423,0.55192
4117,4,1,5,505,5.0,-0.5423,0.47692
4118,4,1,4,983,1.0,-0.5423,0.77692
4119,9,2,3,512,3.0,0.4404,0.41
4120,12,1,1,199,4.0,0.6369,0.135
4121,1,2,1,976,5.0,0.4404,0.06
4122,9,2,11,224,3.0,-0.25,0.51
4123,15,1,1,115,4.0,0.6124,0.135
4124,15,2,1,781,5.0,0.765,0.06
4125,14,2,2,381,3.0,-0.5096,0.6138400000000002
4126,3,2,2,917,3.0,0.6486,0.41
4127,9,2,10,105,4.0,0.4939,0.335
4128,23,2,1,332,4.0,0.0,0.135
4129,17,2,8,793,4.0,-0.3182,0.46228
4130,15,1,1,38,3.0,0.4404,0.21
4131,9,1,4,900,5.0,-0.0772,0.29088
4132,2,1,1,754,4.0,0.5719,0.135
4133,17,2,1,478,4.0,-0.5096,0.33884
4134,23,1,4,987,4.0,-0.5423,0.55192
4135,8,2,1,736,4.0,0.2263,0.135
4136,11,1,1,301,5.0,0.6908,0.06
4137,1,1,4,1044,3.0,-0.4215,0.5786
4138,2,2,6,334,2.0,0.0258,0.485
4139,22,2,5,828,4.0,0.5719,0.335
4140,11,1,1,610,2.0,0.4404,0.285
4141,8,2,1,1033,4.0,0.5719,0.135
4142,4,1,1,727,4.0,0.4404,0.135
4143,8,1,1,22,4.0,0.2263,0.135
4144,5,1,1,665,3.0,0.0,0.21
4145,4,2,4,817,4.0,-0.4215,0.5036
4146,5,1,1,385,4.0,0.5719,0.135
4147,13,2,4,554,4.0,-0.5423,0.55192
4148,4,2,6,147,1.0,0.6486,0.56
4149,9,1,6,775,2.0,0.0516,0.485
4150,12,2,1,582,5.0,-0.5096,0.26384
4151,9,2,4,1009,1.0,-0.5423,0.77692
4152,2,1,1,134,4.0,0.0,0.135
4153,15,2,6,789,2.0,0.4404,0.485
4154,1,1,4,843,2.0,0.0258,0.485
4155,8,1,4,213,5.0,-0.1779,0.33116
4156,4,2,1,83,1.0,0.5719,0.36
4157,13,1,1,527,4.0,0.4404,0.135
4158,5,2,5,147,4.0,0.4404,0.335
4159,9,2,4,397,5.0,-0.7351,0.5540400000000001
4160,18,2,1,154,1.0,0.7579,0.36
4161,1,1,5,592,4.0,-0.5423,0.55192
4162,8,1,1,668,5.0,0.5719,0.06
4163,11,2,1,513,5.0,0.2263,0.06
4164,19,1,1,920,2.0,-0.1695,0.3528
4165,13,1,6,257,3.0,0.25,0.41
4166,9,2,5,112,4.0,0.0258,0.335
4167,1,2,1,169,3.0,0.5719,0.21
4168,11,2,1,1072,4.0,-0.5096,0.33884
4169,12,1,4,357,2.0,-0.0258,0.49532
4170,12,1,4,35,4.0,-0.0258,0.34532
4171,2,2,1,275,4.0,-0.4404,0.31116
4172,8,2,4,574,5.0,0.25,0.26
4173,11,1,1,252,4.0,0.2263,0.135
4174,11,2,2,740,3.0,-0.5423,0.6269200000000001
4175,9,1,2,658,3.0,0.5719,0.41
4176,9,2,6,1073,1.0,0.7269,0.56
4177,5,2,4,65,4.0,-0.5423,0.55192
4178,11,1,1,190,4.0,0.8885,0.135
4179,17,1,1,1041,4.0,0.0,0.135
4180,11,2,3,636,3.0,-0.6435,0.6674
4181,2,1,1,478,5.0,0.8625,0.06
4182,11,2,1,931,4.0,0.4404,0.135
4183,11,2,6,753,3.0,0.5719,0.41
4184,3,1,5,742,5.0,-0.4215,0.4286
4185,9,2,1,124,5.0,0.2732,0.06
4186,14,1,1,497,4.0,0.0274,0.135
4187,1,2,1,20,5.0,0.0,0.06
4188,2,1,1,675,4.0,0.4859,0.135
4189,24,1,1,668,1.0,0.7778,0.36
4190,11,2,1,906,4.0,0.4019,0.135
4191,23,1,7,63,3.0,0.4019,0.41
4192,2,2,4,169,4.0,-0.0516,0.35564
4193,12,1,3,77,3.0,0.0258,0.41
4194,17,1,4,424,5.0,-0.5423,0.47692
4195,4,2,7,341,5.0,0.5719,0.26
4196,3,1,1,34,3.0,0.0,0.21
4197,4,2,6,440,2.0,0.5719,0.485
4198,12,2,4,914,4.0,-0.4215,0.5036
4199,1,1,4,49,5.0,-0.128,0.3112
4200,14,2,6,218,3.0,0.2263,0.41
4201,3,2,1,951,4.0,0.4019,0.135
4202,23,2,7,1035,2.0,-0.4767,0.6756800000000001
4203,4,1,5,1059,4.0,0.7717,0.335
4204,18,2,9,160,1.0,0.7351,0.56
4205,15,1,5,312,5.0,0.0,0.26
4206,23,1,4,825,4.0,-0.4215,0.5036
4207,8,2,4,941,4.0,-0.5423,0.55192
4208,11,1,6,227,2.0,-0.4404,0.66116
4209,9,2,2,897,1.0,0.5719,0.56
4210,2,2,4,18,4.0,-0.1027,0.37608
4211,23,1,1,820,5.0,0.7506,0.06
4212,17,2,1,724,4.0,0.4404,0.135
4213,12,2,1,991,5.0,0.7351,0.06
4214,13,2,6,778,1.0,-0.4939,0.75756
4215,5,1,6,294,2.0,0.1027,0.485
4216,8,2,4,1074,5.0,-0.4215,0.4286
4217,6,2,1,1052,3.0,0.7906,0.21
4218,3,2,1,593,5.0,0.2263,0.06
4219,6,1,8,486,4.0,0.8074,0.335
4220,4,2,1,727,5.0,-0.5096,0.26384
4221,5,1,1,701,3.0,0.7003,0.21
4222,13,1,4,583,1.0,0.3612,0.56
4223,9,2,3,322,1.0,0.2263,0.56
4224,4,2,5,1060,4.0,-0.5096,0.53884
4225,23,1,6,331,1.0,0.128,0.56
4226,14,2,2,52,1.0,0.2263,0.56
4227,6,2,3,35,5.0,-0.4939,0.45756
4228,5,1,2,961,3.0,-0.5096,0.6138400000000002
4229,9,1,9,532,1.0,0.2263,0.56
4230,13,2,4,66,4.0,-0.5719,0.56376
4231,13,2,5,727,4.0,0.4404,0.335
4232,11,1,3,615,3.0,0.2263,0.41
4233,16,2,10,728,4.0,0.5859,0.335
4234,9,1,4,186,4.0,-0.128,0.3862
4235,15,2,1,491,3.0,0.0,0.21
4236,4,2,1,895,4.0,0.4404,0.135
4237,14,2,4,317,4.0,-0.2263,0.42552
4238,14,1,5,923,4.0,-0.0772,0.36588
4239,1,2,6,14,1.0,0.6908,0.56
4240,11,2,4,421,4.0,-0.4215,0.5036
4241,11,2,4,742,4.0,0.7003,0.335
4242,4,1,1,327,5.0,0.5719,0.06
4243,15,2,7,968,3.0,-0.765,0.7160000000000002
4244,8,2,3,1075,3.0,0.2023,0.41
4245,3,1,2,359,1.0,0.0,0.56
4246,15,1,4,148,3.0,-0.4215,0.5786
4247,17,1,6,227,2.0,0.0,0.485
4248,4,2,7,860,1.0,-0.0516,0.58064
4249,3,1,1,319,4.0,0.2263,0.135
4250,2,1,1,148,4.0,0.0,0.135
4251,3,2,1,444,4.0,0.5267,0.135
4252,12,2,1,697,3.0,0.0,0.21
4253,14,2,7,67,3.0,-0.4767,0.6006800000000001
4254,1,2,1,786,4.0,-0.3612,0.27948
4255,8,1,1,83,5.0,0.2263,0.06
4256,3,2,4,360,5.0,-0.296,0.3784
4257,5,1,1,283,4.0,-0.3612,0.27948
4258,17,2,4,848,5.0,0.0516,0.26
4259,15,1,6,834,2.0,0.4404,0.485
4260,1,1,9,934,1.0,-0.5423,0.77692
4261,9,2,9,168,2.0,-0.0018,0.48572
4262,23,2,5,900,5.0,0.1226,0.26
4263,13,2,5,953,5.0,0.2732,0.26
4264,24,2,9,670,3.0,0.7351,0.41
4265,6,2,4,883,4.0,0.7003,0.335
4266,15,2,1,584,4.0,0.5719,0.135
4267,17,1,3,599,3.0,0.4019,0.41
4268,12,1,1,1020,4.0,-0.0243,0.14472
4269,8,1,2,52,2.0,-0.5096,0.6888400000000001
4270,8,2,9,462,3.0,-0.5423,0.6269200000000001
4271,8,1,7,834,4.0,-0.5423,0.55192
4272,6,2,6,937,2.0,-0.6802,0.75708
4273,1,1,5,874,4.0,0.0,0.335
4274,12,1,1,695,4.0,-0.5096,0.33884
4275,8,2,2,911,2.0,0.3612,0.485
4276,12,2,1,898,3.0,-0.0772,0.2408799999999999
4277,5,1,4,951,4.0,-0.4215,0.5036
4278,12,2,1,609,4.0,0.5574,0.135
4279,22,1,4,806,5.0,-0.4215,0.4286
4280,15,2,1,501,4.0,0.0,0.135
4281,22,2,1,862,1.0,0.7269,0.36
4282,2,1,3,795,2.0,0.4404,0.485
4283,4,1,1,521,4.0,-0.1012,0.17548
4284,8,2,1,625,4.0,0.4404,0.135
4285,14,1,5,431,4.0,0.8785,0.335
4286,20,1,1,574,3.0,0.7778,0.21
4287,6,2,1,415,4.0,0.6908,0.135
4288,4,1,1,818,4.0,-0.1516,0.19564
4289,13,1,1,87,5.0,-0.1027,0.10108
4290,21,2,10,1063,5.0,0.5859,0.26
4291,12,1,1,675,4.0,-0.1516,0.19564
4292,22,1,1,459,4.0,0.5719,0.135
4293,14,2,7,578,5.0,0.5719,0.26
4294,3,2,1,144,4.0,-0.5096,0.33884
4295,1,2,2,80,3.0,-0.431,0.5824
4296,9,1,1,812,5.0,0.3612,0.06
4297,15,1,9,687,5.0,-0.5423,0.47692
4298,5,2,1,47,5.0,0.6908,0.06
4299,5,2,6,774,3.0,-0.7351,0.70404
4300,2,1,4,647,4.0,-0.0516,0.35564
4301,2,2,1,521,3.0,0.4404,0.21
4302,1,1,4,381,5.0,-0.5423,0.47692
4303,22,2,3,654,3.0,-0.5096,0.6138400000000002
4304,4,2,2,208,3.0,-0.5423,0.6269200000000001
4305,9,2,1,567,3.0,-0.2732,0.31928
4306,17,1,1,356,3.0,-0.5096,0.41384
4307,8,2,9,556,4.0,0.4404,0.335
4308,9,1,1,995,5.0,0.5719,0.06
4309,2,2,4,921,4.0,-0.5423,0.55192
4310,5,2,4,586,4.0,-0.5423,0.55192
4311,13,2,1,387,5.0,0.0,0.06
4312,5,2,4,354,3.0,-0.2023,0.49092
4313,13,1,4,660,1.0,0.5574,0.56
4314,8,1,4,764,4.0,-0.2023,0.41592
4315,9,1,1,808,5.0,-0.4079,0.22316
4316,15,1,2,546,3.0,-0.4215,0.5786
4317,13,1,4,343,5.0,-0.5423,0.47692
4318,15,2,1,272,4.0,0.0,0.135
4319,6,2,1,935,5.0,0.7579,0.06
4320,1,1,5,383,4.0,0.4404,0.335
4321,8,1,1,335,4.0,0.2263,0.135
4322,9,1,6,213,3.0,-0.4404,0.58616
4323,13,2,7,466,3.0,-0.8074,0.7329600000000001
4324,2,2,1,476,5.0,0.0,0.06
4325,12,1,1,308,5.0,0.4404,0.06
4326,22,2,9,1076,1.0,0.4767,0.56
4327,4,2,1,744,4.0,-0.5096,0.33884
4328,5,2,1,931,4.0,0.4939,0.135
4329,4,2,1,1023,5.0,-0.6259,0.31036
4330,4,1,4,364,4.0,-0.5423,0.55192
4331,13,1,1,622,5.0,-0.6435,0.3174
4332,5,1,1,218,1.0,-0.5096,0.5638400000000001
4333,4,2,4,662,5.0,-0.1779,0.33116
4334,9,1,4,511,5.0,-0.2023,0.34092
4335,6,2,1,570,4.0,0.0,0.135
4336,1,1,9,451,2.0,-0.5096,0.6888400000000001
4337,6,2,1,263,4.0,0.2263,0.135
4338,22,2,2,729,3.0,-0.5423,0.6269200000000001
4339,2,2,6,354,2.0,-0.2023,0.56592
4340,3,2,4,199,4.0,-0.5423,0.55192
4341,13,2,6,581,1.0,0.1779,0.56
4342,11,2,2,1001,2.0,0.0,0.485
4343,13,2,4,229,5.0,-0.7845,0.5738000000000001
4344,6,2,1,567,4.0,0.0,0.135
4345,13,2,1,163,5.0,0.5719,0.06
4346,15,2,5,242,1.0,-0.4215,0.7286000000000001
4347,23,1,1,360,5.0,0.7003,0.06
4348,9,2,1,236,5.0,0.7269,0.06
4349,1,2,1,1052,3.0,0.4404,0.21
4350,11,2,1,487,2.0,0.1779,0.285
4351,14,1,1,25,4.0,0.5719,0.135
4352,13,1,9,1005,2.0,0.2263,0.485
4353,14,2,1,708,4.0,0.0,0.135
4354,1,1,1,968,4.0,0.2235,0.135
4355,3,1,9,563,4.0,0.7003,0.335
4356,1,1,6,371,3.0,-0.5096,0.6138400000000002
4357,17,2,1,611,5.0,-0.3818,0.21272
4358,12,1,1,462,4.0,-0.34,0.271
4359,3,1,1,489,4.0,0.6124,0.135
4360,13,2,4,732,3.0,-0.4215,0.5786
4361,14,1,4,76,5.0,-0.4767,0.45068
4362,13,2,1,952,5.0,0.804,0.06
4363,17,2,5,310,3.0,0.0788,0.41
4364,9,2,6,727,1.0,0.5719,0.56
4365,5,1,1,679,4.0,0.5719,0.135
4366,9,2,1,1041,4.0,0.4019,0.135
4367,15,2,1,152,3.0,0.5574,0.21
4368,4,1,1,293,4.0,0.1295,0.135
4369,13,2,3,19,4.0,-0.5423,0.55192
4370,14,1,6,951,3.0,0.8316,0.41
4371,22,2,1,67,5.0,0.8176,0.06
4372,4,2,4,286,5.0,-0.1779,0.33116
4373,2,2,2,1076,3.0,-0.5096,0.6138400000000002
4374,6,1,1,1044,4.0,0.4404,0.135
4375,3,2,4,237,1.0,-0.1027,0.6010800000000001
4376,8,2,7,105,5.0,0.2263,0.26
4377,5,1,6,291,3.0,0.3612,0.41
4378,5,2,10,629,4.0,0.3182,0.335
4379,25,2,1,486,2.0,0.2263,0.285
4380,15,2,6,82,3.0,-0.4215,0.5786
4381,6,2,1,1039,4.0,0.4404,0.135
4382,4,1,1,447,4.0,0.5719,0.135
4383,5,2,4,107,4.0,-0.1531,0.39624
4384,6,1,2,482,2.0,-0.5423,0.7019200000000001
4385,3,1,1,207,4.0,0.2263,0.135
4386,14,2,1,282,5.0,0.8176,0.06
4387,15,1,1,13,4.0,0.2023,0.135
4388,24,2,5,566,5.0,0.0,0.26
4389,6,2,3,1006,4.0,0.1531,0.335
4390,9,2,6,164,3.0,0.2732,0.41
4391,5,2,5,888,4.0,0.7964,0.335
4392,2,1,1,297,5.0,-0.5096,0.26384
4393,11,2,1,388,4.0,-0.5096,0.33884
4394,2,1,7,826,1.0,-0.34,0.696
4395,5,1,1,198,4.0,-0.128,0.1862
4396,2,1,6,403,3.0,-0.4215,0.5786
4397,1,1,7,66,2.0,-0.765,0.7910000000000001
4398,17,1,1,1029,5.0,-0.5096,0.26384
4399,5,1,4,183,4.0,0.6808,0.335
4400,1,2,9,1077,1.0,0.5719,0.56
4401,4,2,1,1078,4.0,-0.5267,0.34568
4402,4,2,4,360,4.0,0.0516,0.335
4403,17,1,6,222,1.0,-0.5986,0.7994400000000002
4404,9,2,1,978,5.0,0.4215,0.06
4405,22,1,1,684,4.0,0.2263,0.135
4406,8,2,3,22,2.0,-0.6808,0.75732
4407,23,1,8,752,4.0,0.8176,0.335
4408,22,2,1,727,3.0,0.4404,0.21
4409,14,2,1,674,4.0,0.25,0.135
4410,8,2,4,1027,4.0,-0.0516,0.35564
4411,11,1,1,684,4.0,0.2732,0.135
4412,25,2,3,384,5.0,0.0,0.26
4413,11,2,3,483,4.0,-0.2718,0.44372
4414,14,1,3,1006,3.0,0.4404,0.41
4415,5,1,4,341,1.0,-0.296,0.6784000000000001
4416,1,2,4,1024,4.0,-0.5423,0.55192
4417,14,2,6,626,2.0,-0.2023,0.56592
4418,5,1,3,812,3.0,0.4404,0.41
4419,6,1,1,129,4.0,0.4404,0.135
4420,13,1,1,171,4.0,0.8074,0.135
4421,18,2,1,871,5.0,0.4404,0.06
4422,12,1,1,133,4.0,0.6808,0.135
4423,18,2,1,912,5.0,0.4201,0.06
4424,4,1,4,545,5.0,0.2263,0.26
4425,9,2,1,211,5.0,-0.2008,0.14032
4426,24,1,8,451,3.0,0.0,0.41
4427,8,2,5,420,4.0,0.4404,0.335
4428,14,2,5,702,5.0,0.5719,0.26
4429,6,1,2,235,3.0,0.0,0.41
4430,17,1,1,1012,4.0,-0.1531,0.19624
4431,6,2,1,586,3.0,0.8316,0.21
4432,8,1,4,298,4.0,-0.34,0.471
4433,7,2,7,67,3.0,0.6369,0.41
4434,12,2,9,1014,3.0,-0.7115,0.6946000000000001
4435,2,1,1,974,4.0,0.7845,0.135
4436,4,2,6,257,2.0,0.34,0.485
4437,15,1,1,61,4.0,0.4404,0.135
4438,15,2,4,48,5.0,-0.5423,0.47692
4439,17,2,5,1079,4.0,0.5719,0.335
4440,17,2,1,41,2.0,0.765,0.285
4441,9,2,10,1047,5.0,0.0788,0.26
4442,13,1,5,830,5.0,-0.5423,0.47692
4443,1,1,6,80,1.0,-0.7179,0.8471600000000001
4444,15,1,7,649,5.0,0.891,0.26
4445,7,1,9,566,5.0,0.0,0.26
4446,6,1,4,675,5.0,-0.5423,0.47692
4447,12,1,1,258,5.0,0.4019,0.06
4448,15,2,2,664,3.0,-0.6908,0.68632
4449,6,1,1,960,4.0,0.4588,0.135
4450,15,2,1,888,3.0,0.4404,0.21
4451,23,2,5,645,5.0,0.5859,0.26
4452,8,2,10,257,5.0,0.1027,0.26
4453,1,2,1,226,5.0,-0.0516,0.08064
4454,15,2,4,1025,4.0,-0.5423,0.55192
4455,12,1,4,50,5.0,-0.5859,0.49436
4456,3,1,7,521,3.0,-0.4767,0.6006800000000001
4457,3,1,1,475,5.0,0.4404,0.06
4458,9,2,1,467,4.0,0.2263,0.135
4459,14,2,9,636,4.0,0.0,0.335
4460,8,2,4,233,5.0,-0.0516,0.28064
4461,5,1,4,151,5.0,-0.4215,0.4286
4462,1,2,5,239,5.0,0.0,0.26
4463,15,2,7,62,3.0,-0.7502,0.71008
4464,8,2,1,814,4.0,0.0,0.135
4465,4,2,4,1000,5.0,-0.5423,0.47692
4466,17,1,5,615,4.0,0.4404,0.335
4467,6,1,1,966,5.0,0.0,0.06
4468,2,1,4,635,3.0,-0.0258,0.4203199999999999
4469,12,1,1,820,1.0,0.0,0.36
4470,2,1,1,161,4.0,0.0,0.135
4471,13,2,7,237,2.0,0.2263,0.485
4472,14,2,4,1080,5.0,-0.5423,0.47692
4473,2,2,4,429,5.0,-0.5423,0.47692
4474,8,2,1,824,4.0,0.4019,0.135
4475,19,2,1,252,1.0,0.4404,0.36
4476,6,1,1,478,4.0,0.4404,0.135
4477,1,2,6,58,3.0,-0.5423,0.6269200000000001
4478,4,2,11,67,1.0,0.0,0.56
4479,7,2,9,201,1.0,0.0,0.56
4480,14,1,1,234,3.0,0.2263,0.21
4481,17,1,5,656,5.0,0.6597,0.26
4482,8,2,9,822,1.0,-0.5423,0.77692
4483,14,1,4,695,4.0,-0.34,0.471
4484,22,2,1,688,5.0,0.4019,0.06
4485,1,2,5,59,4.0,0.7189,0.335
4486,3,2,7,553,1.0,-0.765,0.8660000000000001
4487,11,2,1,739,4.0,0.5719,0.135
4488,1,1,5,642,1.0,-0.5096,0.7638400000000001
4489,9,1,6,482,3.0,-0.4019,0.5707600000000002
4490,9,1,4,724,4.0,-0.4019,0.49576
4491,23,2,1,377,5.0,0.0,0.06
4492,6,1,4,787,4.0,-0.4215,0.5036
4493,9,2,1,425,5.0,-0.0516,0.08064
4494,9,1,1,505,5.0,-0.1265,0.1106
4495,6,2,4,982,4.0,-0.5423,0.55192
4496,8,1,2,968,3.0,-0.5096,0.6138400000000002
4497,11,2,1,33,5.0,0.5719,0.06
4498,2,1,1,406,5.0,0.0,0.06
4499,3,1,1,290,4.0,0.4404,0.135
4500,8,1,1,367,5.0,-0.6602,0.32408
4501,6,2,1,307,3.0,-0.5999,0.4499599999999999
4502,1,1,4,17,5.0,-0.5423,0.47692
4503,2,2,4,702,4.0,-0.8074,0.6579600000000001
4504,13,1,1,511,4.0,-0.5096,0.33884
4505,12,1,2,53,1.0,-0.5423,0.77692
4506,2,1,1,469,4.0,0.2263,0.135
4507,14,1,3,764,2.0,0.4404,0.485
4508,4,1,9,470,2.0,0.0258,0.485
4509,25,2,2,850,2.0,0.5859,0.485
4510,4,1,7,978,3.0,-0.0516,0.4306399999999999
4511,1,1,1,615,3.0,0.0258,0.21
4512,8,2,6,654,2.0,-0.2023,0.56592
4513,13,1,1,1048,4.0,-0.5096,0.33884
4514,5,1,6,602,2.0,-0.5096,0.6888400000000001
4515,6,2,1,440,5.0,-0.5096,0.26384
4516,9,2,3,930,3.0,0.4404,0.41
4517,8,2,4,429,5.0,-0.5423,0.47692
4518,1,1,1,417,4.0,0.4939,0.135
4519,14,2,1,56,5.0,0.6808,0.06
4520,6,1,1,819,4.0,0.5719,0.135
4521,2,2,1,806,4.0,0.3182,0.135
4522,17,1,1,782,1.0,0.4404,0.36
4523,15,1,7,716,3.0,-0.296,0.5284
4524,6,2,5,207,3.0,-0.4215,0.5786
4525,6,1,2,628,3.0,0.0,0.41
4526,4,1,4,544,4.0,-0.4215,0.5036
4527,14,1,3,606,2.0,0.0,0.485
4528,3,1,1,744,4.0,0.8316,0.135
4529,8,2,11,922,5.0,-0.0772,0.29088
4530,8,2,1,865,5.0,0.0,0.06
4531,13,1,6,119,2.0,-0.5096,0.6888400000000001
4532,8,1,5,1046,4.0,0.7506,0.335
4533,17,1,1,530,4.0,0.0,0.135
4534,17,2,4,717,4.0,-0.4215,0.5036
4535,3,2,4,986,4.0,-0.5423,0.55192
4536,15,1,4,960,4.0,-0.5423,0.55192
4537,14,1,5,889,4.0,0.4404,0.335
4538,14,2,4,873,2.0,-0.4215,0.6536
4539,12,2,7,388,4.0,-0.7906,0.65124
4540,3,1,1,987,5.0,0.0,0.06
4541,19,1,1,47,4.0,0.7778,0.135
4542,25,1,1,257,2.0,0.0,0.285
4543,23,1,9,849,3.0,0.0,0.41
4544,17,1,10,670,5.0,-0.4215,0.4286
4545,5,1,7,281,3.0,-0.296,0.5284
4546,3,1,4,932,4.0,-0.1027,0.37608
4547,6,1,4,92,4.0,-0.5423,0.55192
4548,3,2,4,342,3.0,-0.4215,0.5786
4549,15,2,1,171,4.0,-0.7461,0.43344
4550,15,1,4,730,4.0,-0.4215,0.5036
4551,1,2,6,670,1.0,0.765,0.56
4552,13,1,5,761,5.0,-0.4215,0.4286
4553,12,2,4,1081,5.0,-0.765,0.5660000000000001
4554,17,2,1,251,5.0,0.8074,0.06
4555,11,2,1,1003,5.0,0.4019,0.06
4556,14,2,6,26,4.0,0.0,0.335
4557,23,2,1,783,3.0,-0.7181,0.4972399999999999
4558,23,1,1,410,4.0,0.1779,0.135
4559,8,2,4,326,3.0,-0.4939,0.6075600000000001
4560,13,2,4,66,5.0,-0.128,0.3112
4561,21,2,9,379,1.0,0.7351,0.56
4562,9,1,1,345,4.0,0.4404,0.135
4563,1,2,2,185,2.0,-0.5096,0.6888400000000001
4564,17,1,5,436,5.0,0.6597,0.26
4565,1,1,1,233,5.0,0.5859,0.06
4566,9,2,1,794,4.0,0.5859,0.135
4567,14,1,1,906,5.0,0.4404,0.06
4568,22,2,1,468,4.0,0.8779,0.135
4569,4,1,1,853,5.0,-0.34,0.196
4570,14,1,1,1034,5.0,0.0,0.06
4571,2,2,5,1079,4.0,0.0,0.335
4572,6,2,1,482,4.0,0.0,0.135
4573,22,1,1,170,4.0,-0.5096,0.33884
4574,11,1,1,255,4.0,-0.3923,0.29192
4575,14,1,7,865,2.0,0.0772,0.485
4576,3,2,6,837,1.0,0.2732,0.56
4577,5,2,1,285,3.0,0.5719,0.21
4578,23,2,2,601,2.0,-0.0772,0.51588
4579,3,2,1,101,5.0,0.4404,0.06
4580,20,1,9,831,1.0,0.7351,0.56
4581,6,1,1,58,4.0,0.7096,0.135
4582,25,1,9,792,2.0,0.7351,0.485
4583,5,2,1,451,5.0,0.5859,0.06
4584,4,1,9,668,2.0,0.6908,0.485
4585,13,2,4,504,4.0,-0.1779,0.40616
4586,4,1,1,925,5.0,0.5719,0.06
4587,4,1,1,269,4.0,0.3182,0.135
4588,3,2,5,904,2.0,0.1531,0.485
4589,15,1,6,664,2.0,0.1027,0.485
4590,22,1,6,286,3.0,0.4404,0.41
4591,5,1,9,425,3.0,-0.5096,0.6138400000000002
4592,14,1,7,26,3.0,-0.7502,0.71008
4593,11,2,6,1082,1.0,0.0,0.56
4594,1,2,1,995,2.0,0.5994,0.285
4595,22,2,5,335,3.0,0.875,0.41
4596,6,1,5,1019,4.0,0.8126,0.335
4597,14,1,1,605,5.0,0.4404,0.06
4598,9,1,4,33,4.0,0.2023,0.335
4599,5,1,7,337,2.0,0.25,0.485
4600,5,1,7,771,3.0,-0.8103,0.7341200000000001
4601,22,1,5,926,5.0,-0.5096,0.46384
4602,11,1,4,1014,4.0,-0.6956,0.61324
4603,23,2,1,522,4.0,0.7506,0.135
4604,2,2,1,923,4.0,-0.672,0.4038
4605,12,2,5,250,1.0,-0.5423,0.77692
4606,8,1,5,927,4.0,0.0,0.335
4607,8,1,4,715,5.0,0.2263,0.26
4608,4,1,9,1010,3.0,0.4404,0.41
4609,1,2,9,394,3.0,-0.4019,0.5707600000000002
4610,4,1,3,148,2.0,0.7024,0.485
4611,1,1,1,111,4.0,0.2263,0.135
4612,15,2,9,612,3.0,-0.4215,0.5786
4613,11,1,1,290,1.0,-0.5994,0.5997600000000001
4614,22,2,1,811,4.0,0.4939,0.135
4615,4,1,6,671,1.0,-0.4588,0.74352
4616,17,1,1,183,5.0,-0.5986,0.29944
4617,6,1,1,59,4.0,0.0,0.135
4618,9,2,1,410,4.0,0.2263,0.135
4619,4,1,4,1035,4.0,-0.4215,0.5036
4620,5,1,8,19,4.0,-0.4215,0.5036
4621,9,2,1,80,4.0,0.5719,0.135
4622,11,2,1,819,4.0,0.9201,0.135
4623,4,1,4,9,4.0,0.0258,0.335
4624,1,1,1,121,4.0,0.4404,0.135
4625,12,2,6,478,1.0,-0.4215,0.7286000000000001
4626,11,1,7,389,3.0,-0.4767,0.6006800000000001
4627,22,2,6,247,1.0,-0.5423,0.77692
4628,9,1,4,950,4.0,-0.5423,0.55192
4629,15,1,1,984,5.0,0.4404,0.06
4630,17,2,1,909,4.0,0.0,0.135
4631,9,2,6,776,1.0,-0.5423,0.77692
4632,9,1,4,218,1.0,-0.0,0.56
4633,4,2,1,836,5.0,0.7096,0.06
4634,11,1,5,605,2.0,0.128,0.485
4635,14,1,1,881,4.0,0.2263,0.135
4636,14,1,1,1057,3.0,0.3818,0.21
4637,6,2,1,352,1.0,0.8519,0.36
4638,1,1,1,1028,1.0,0.4404,0.36
4639,23,2,4,255,4.0,-0.4215,0.5036
4640,23,2,1,522,4.0,0.2732,0.135
4641,5,1,9,585,3.0,-0.5096,0.6138400000000002
4642,2,1,6,958,3.0,0.7845,0.41
4643,12,2,6,117,3.0,0.8074,0.41
4644,15,2,4,617,4.0,-0.4215,0.5036
4645,1,2,4,738,2.0,0.0,0.485
4646,17,2,6,926,3.0,0.5719,0.41
4647,5,1,4,1072,2.0,-0.1108,0.52932
4648,3,2,1,217,4.0,0.4215,0.135
4649,9,2,7,7,4.0,0.4404,0.335
4650,3,1,1,256,3.0,0.1027,0.21
4651,17,1,3,566,3.0,0.4404,0.41
4652,1,1,1,873,4.0,0.5423,0.135
4653,6,1,1,138,4.0,-0.6207,0.38328
4654,3,2,7,249,4.0,0.2263,0.335
4655,13,2,1,14,4.0,0.0,0.135
4656,6,1,4,662,5.0,-0.5267,0.47068
4657,9,1,7,393,2.0,-0.7096,0.76884
4658,4,2,1,188,4.0,0.4404,0.135
4659,5,2,1,86,5.0,0.2263,0.06
4660,6,1,1,690,3.0,0.5719,0.21
4661,1,1,3,1039,3.0,0.5106,0.41
4662,5,2,4,404,4.0,-0.1027,0.37608
4663,23,2,1,136,4.0,0.0,0.135
4664,14,1,1,587,4.0,0.3182,0.135
4665,5,2,1,674,4.0,0.7184,0.135
4666,9,2,2,1048,3.0,-0.2486,0.50944
4667,5,2,1,153,4.0,0.7522,0.135
4668,5,1,1,154,4.0,0.0,0.135
4669,5,2,5,216,4.0,-0.7366,0.62964
4670,6,1,1,767,5.0,0.5719,0.06
4671,23,2,6,65,2.0,0.5965,0.485
4672,1,1,5,1032,5.0,-0.4215,0.4286
4673,11,1,6,1004,3.0,-0.764,0.7156
4674,5,2,1,56,3.0,0.7717,0.21
4675,6,2,4,543,4.0,-0.4215,0.5036
4676,15,2,6,569,2.0,-0.4203,0.6531200000000001
4677,2,2,1,42,4.0,-0.5096,0.33884
4678,11,2,3,563,2.0,-0.4215,0.6536
4679,14,1,1,94,4.0,0.0531,0.135
4680,10,2,10,454,3.0,0.5859,0.41
4681,8,2,5,821,4.0,-0.5096,0.53884
4682,12,2,1,177,4.0,-0.357,0.2778
4683,1,2,9,93,3.0,0.0,0.41
4684,17,2,4,185,5.0,0.0516,0.26
4685,4,2,7,379,4.0,-0.4215,0.5036
4686,8,2,8,660,5.0,-0.6681,0.52724
4687,23,1,4,17,3.0,-0.0772,0.44088
4688,12,1,1,952,1.0,0.0,0.36
4689,3,1,5,1083,3.0,-0.4215,0.5786
4690,14,2,6,381,4.0,-0.4215,0.5036
4691,17,2,3,1084,1.0,0.6249,0.56
4692,2,2,1,161,3.0,0.2263,0.21
4693,9,1,1,415,4.0,0.5719,0.135
4694,23,2,2,726,2.0,-0.5423,0.7019200000000001
4695,22,1,1,769,5.0,0.4767,0.06
4696,5,1,2,589,3.0,0.5719,0.41
4697,13,2,1,752,4.0,-0.2008,0.21532
4698,1,1,1,1046,4.0,0.2263,0.135
4699,6,2,1,696,4.0,0.0,0.135
4700,4,1,1,840,1.0,-0.5096,0.5638400000000001
4701,15,1,1,192,5.0,0.4939,0.06
4702,17,1,9,110,5.0,0.7351,0.26
4703,23,1,1,446,4.0,0.0258,0.135
4704,22,1,1,832,4.0,0.7003,0.135
4705,1,2,7,431,2.0,0.1531,0.485
4706,4,2,5,437,4.0,-0.5096,0.53884
4707,8,1,5,954,5.0,0.7906,0.26
4708,23,1,8,692,4.0,0.2732,0.335
4709,6,2,4,313,5.0,0.4019,0.26
4710,6,1,7,64,1.0,-0.7269,0.85076
4711,23,2,1,188,4.0,0.5719,0.135
4712,22,1,1,986,5.0,-0.7179,0.34716
4713,2,1,1,476,4.0,0.4404,0.135
4714,12,2,4,222,5.0,-0.5423,0.47692
4715,15,1,1,75,4.0,-0.4864,0.32956
4716,5,1,1,162,2.0,0.6808,0.285
4717,20,1,1,927,4.0,0.0,0.135
4718,12,1,4,752,3.0,0.6597,0.41
4719,15,2,1,130,4.0,0.743,0.135
4720,14,2,1,202,4.0,0.7506,0.135
4721,5,2,4,674,4.0,-0.4215,0.5036
4722,15,1,4,925,3.0,-0.4215,0.5786
4723,17,2,2,177,3.0,-0.5423,0.6269200000000001
4724,14,2,6,213,2.0,0.0516,0.485
4725,9,1,1,824,3.0,0.1779,0.21
4726,11,2,1,564,4.0,-0.5096,0.33884
4727,1,2,4,625,4.0,-0.4215,0.5036
4728,11,1,4,553,4.0,-0.4215,0.5036
4729,9,1,1,553,4.0,0.0,0.135
4730,4,2,4,980,3.0,-0.4215,0.5786
4731,14,1,1,594,5.0,0.296,0.06
4732,4,2,4,254,5.0,-0.6908,0.53632
4733,4,2,1,128,2.0,0.8,0.285
4734,6,1,1,411,4.0,0.5859,0.135
4735,9,1,4,14,4.0,0.1027,0.335
4736,1,1,1,628,5.0,0.2263,0.06
4737,3,2,4,451,5.0,-0.4215,0.4286
4738,11,2,6,957,3.0,0.2263,0.41
4739,1,2,4,303,4.0,-0.5423,0.55192
4740,9,2,6,146,3.0,0.2732,0.41
4741,6,1,1,945,4.0,0.5267,0.135
4742,8,2,1,704,4.0,-0.2425,0.2319999999999999
4743,11,1,1,252,4.0,0.4939,0.135
4744,9,2,4,656,4.0,-0.2023,0.41592
4745,5,1,1,658,2.0,0.4404,0.285
4746,13,2,7,1011,2.0,0.4767,0.485
4747,4,2,4,561,2.0,-0.5423,0.7019200000000001
4748,6,1,1,714,4.0,0.3182,0.135
4749,6,1,1,455,5.0,0.2263,0.06
4750,13,2,4,203,1.0,-0.4939,0.75756
4751,4,2,1,843,5.0,0.8225,0.06
4752,6,1,7,570,3.0,-0.4767,0.6006800000000001
4753,11,2,1,579,2.0,-0.5096,0.48884
4754,11,1,11,558,5.0,-0.4585,0.4434
4755,2,1,4,3,5.0,-0.4215,0.4286
4756,9,2,1,809,4.0,-0.3724,0.28396
4757,22,1,9,126,3.0,-0.2263,0.5005200000000001
4758,11,1,1,212,4.0,0.0,0.135
4759,8,2,6,202,2.0,0.25,0.485
4760,12,1,1,810,5.0,0.2263,0.06
4761,23,2,1,329,4.0,0.5719,0.135
4762,8,2,6,105,3.0,-0.5096,0.6138400000000002
4763,17,2,7,858,3.0,0.4588,0.41
4764,17,1,1,103,5.0,0.4404,0.06
4765,8,1,1,114,4.0,0.0,0.135
4766,6,1,6,242,3.0,0.2263,0.41
4767,2,1,9,195,5.0,-0.6705,0.5282
4768,17,1,9,496,3.0,0.4404,0.41
4769,4,2,1,753,5.0,0.5719,0.06
4770,11,2,1,321,3.0,0.3612,0.21
4771,14,2,9,383,3.0,0.0,0.41
4772,1,1,3,958,1.0,0.7579,0.56
4773,5,2,1,677,1.0,0.7845,0.36
4774,6,2,1,785,5.0,0.0516,0.06
4775,15,1,1,203,5.0,0.4201,0.06
4776,12,2,1,761,4.0,0.7964,0.135
4777,22,2,11,749,5.0,0.2263,0.26
4778,1,1,1,594,4.0,0.0258,0.135
4779,2,1,9,500,3.0,-0.5096,0.6138400000000002
4780,1,2,1,464,4.0,0.4404,0.135
4781,11,2,4,624,4.0,0.5106,0.335
4782,9,1,1,338,5.0,0.3182,0.06
4783,8,2,2,1057,2.0,-0.5096,0.6888400000000001
4784,17,1,8,724,2.0,0.1027,0.485
4785,6,1,1,1019,4.0,0.2732,0.135
4786,4,2,4,1085,4.0,-0.5423,0.55192
4787,15,1,4,613,4.0,-0.6742,0.6046800000000001
4788,17,2,1,869,4.0,-0.2718,0.24372
4789,11,2,9,107,3.0,0.6369,0.41
4790,3,1,1,153,5.0,0.8979,0.06
4791,1,1,6,921,5.0,-0.6908,0.53632
4792,5,2,1,254,4.0,-0.5096,0.33884
4793,3,1,5,158,4.0,0.4767,0.335
4794,9,1,1,178,3.0,0.0,0.21
4795,3,2,4,688,4.0,0.2263,0.335
4796,20,2,1,10,4.0,0.0,0.135
4797,3,2,4,686,4.0,-0.4767,0.52568
4798,8,1,4,455,4.0,-0.5423,0.55192
4799,17,2,4,871,4.0,-0.8658,0.6813200000000001
4800,23,2,1,438,5.0,0.4404,0.06
4801,2,1,2,652,3.0,0.1779,0.41
4802,6,2,5,854,4.0,0.8242,0.335
4803,12,1,9,938,5.0,-0.6249,0.50996
4804,6,2,6,149,2.0,0.4404,0.485
4805,6,1,2,1056,3.0,0.2023,0.41
4806,11,2,1,963,4.0,0.2263,0.135
4807,12,2,2,1043,3.0,-0.5423,0.6269200000000001
4808,3,2,7,47,3.0,-0.1027,0.45108
4809,11,2,2,95,3.0,0.4404,0.41
4810,5,2,1,173,4.0,0.4767,0.135
4811,3,1,1,505,5.0,-0.5096,0.26384
4812,3,2,1,401,5.0,0.2263,0.06
4813,12,2,1,439,5.0,0.4404,0.06
4814,12,1,1,206,4.0,-0.5096,0.33884
4815,15,2,3,551,3.0,0.5106,0.41
4816,14,1,6,96,3.0,0.5719,0.41
4817,4,2,6,1066,3.0,-0.7179,0.69716
4818,1,2,5,1069,1.0,-0.5096,0.7638400000000001
4819,12,1,1,336,4.0,0.2263,0.135
4820,9,1,4,754,4.0,-0.6369,0.5897600000000001
4821,14,2,1,699,4.0,0.2263,0.135
4822,6,1,6,845,4.0,-0.5423,0.55192
4823,17,1,6,31,3.0,0.2263,0.41
4824,17,1,5,798,4.0,-0.4215,0.5036
4825,8,1,4,394,4.0,-0.5423,0.55192
4826,23,2,6,1074,3.0,-0.6705,0.6782000000000001
4827,13,1,6,1059,3.0,-0.6124,0.65496
4828,3,1,7,203,3.0,0.1531,0.41
4829,3,2,1,303,5.0,0.7906,0.06
4830,14,1,3,621,1.0,0.7184,0.56
4831,17,1,5,177,4.0,0.6124,0.335
4832,4,2,1,1020,4.0,-0.296,0.2534
4833,12,1,1,598,4.0,0.2263,0.135
4834,6,1,6,456,1.0,-0.2008,0.64032
4835,13,2,1,704,4.0,0.7845,0.135
4836,1,1,4,76,4.0,-0.5423,0.55192
4837,15,1,4,720,5.0,-0.0772,0.29088
4838,6,2,6,1036,3.0,-0.5096,0.6138400000000002
4839,5,1,1,849,4.0,0.2263,0.135
4840,1,2,1,731,2.0,0.4404,0.285
4841,4,1,7,711,1.0,-0.549,0.7796000000000001
4842,13,2,1,372,5.0,0.5994,0.06
4843,6,2,4,428,5.0,-0.1531,0.32124
4844,15,1,7,102,1.0,-0.5106,0.76424
4845,13,2,5,58,5.0,-0.1531,0.32124
4846,6,1,4,185,4.0,-0.5423,0.55192
4847,8,1,1,655,4.0,0.25,0.135
4848,12,2,1,1027,4.0,0.2263,0.135
4849,6,1,4,64,4.0,-0.7033,0.61632
4850,2,2,1,856,4.0,0.6124,0.135
4851,1,2,4,286,5.0,-0.34,0.396
4852,1,2,1,715,4.0,0.5719,0.135
4853,2,2,1,579,3.0,-0.5096,0.41384
4854,17,2,1,481,5.0,-0.5096,0.26384
4855,22,1,1,159,5.0,0.5423,0.06
4856,8,2,1,444,5.0,0.2263,0.06
4857,17,2,1,642,4.0,-0.1516,0.19564
4858,2,1,1,982,1.0,-0.4203,0.5281199999999999
4859,15,2,7,998,1.0,0.6369,0.56
4860,8,1,6,1086,3.0,-0.1531,0.47124
4861,22,1,1,670,4.0,0.5267,0.135
4862,3,1,1,335,4.0,0.6124,0.135
4863,9,2,1,1031,4.0,0.4404,0.135
4864,9,2,1,511,3.0,0.2263,0.21
4865,4,1,7,825,3.0,-0.6711,0.6784400000000002
4866,11,2,5,364,4.0,-0.4767,0.52568
4867,12,2,4,837,2.0,-0.4215,0.6536
4868,17,2,4,646,4.0,0.7713,0.335
4869,8,2,10,22,5.0,0.4404,0.26
4870,6,2,9,324,3.0,-0.2946,0.52784
4871,2,2,5,812,3.0,0.4404,0.41
4872,17,2,1,862,4.0,0.4404,0.135
4873,1,2,4,72,5.0,-0.765,0.5660000000000001
4874,9,1,4,651,5.0,0.1779,0.26
4875,14,1,5,476,4.0,-0.7564,0.6375600000000001
4876,11,2,1,316,4.0,0.1288,0.135
4877,22,1,6,283,3.0,-0.5423,0.6269200000000001
4878,23,1,1,165,5.0,0.4404,0.06
4879,15,2,1,774,4.0,0.2263,0.135
4880,11,2,1,298,4.0,0.6884,0.135
4881,22,1,1,980,4.0,0.2263,0.135
4882,11,2,1,1078,5.0,0.5719,0.06
4883,2,1,5,84,5.0,0.25,0.26
4884,23,1,3,78,3.0,0.765,0.41
4885,11,2,1,858,5.0,0.7845,0.06
4886,2,2,1,183,4.0,0.6369,0.135
4887,1,2,1,700,3.0,0.7506,0.21
4888,14,2,9,438,5.0,0.5719,0.26
4889,2,2,6,324,1.0,-0.8685,0.9074
4890,1,1,1,1030,5.0,0.2263,0.06
4891,8,2,9,308,1.0,0.4404,0.56
4892,11,1,6,205,4.0,0.2263,0.335
4893,21,1,1,386,3.0,0.4201,0.21
4894,15,2,6,64,3.0,-0.5096,0.6138400000000002
4895,12,1,4,599,4.0,0.0516,0.335
4896,23,2,10,913,5.0,-0.4588,0.44352
4897,12,1,2,411,1.0,0.0,0.56
4898,11,1,1,932,1.0,0.7778,0.36
4899,11,2,2,324,1.0,0.0258,0.56
4900,9,1,7,682,3.0,-0.0516,0.4306399999999999
4901,9,2,5,94,4.0,-0.1027,0.37608
4902,5,1,1,978,3.0,0.5719,0.21
4903,15,2,1,65,4.0,0.7506,0.135
4904,22,1,1,1087,4.0,0.0,0.135
4905,3,2,3,570,3.0,0.1027,0.41
4906,4,1,2,313,2.0,0.0,0.485
4907,11,1,5,829,4.0,-0.0511,0.35544
4908,4,2,9,1012,1.0,-0.5423,0.77692
4909,15,2,7,1088,3.0,-0.7407,0.70628
4910,23,2,3,98,2.0,0.1531,0.485
4911,22,2,6,293,1.0,-0.5096,0.7638400000000001
4912,9,2,4,171,5.0,-0.25,0.36
4913,3,1,1,1071,4.0,0.2263,0.135
4914,13,2,7,761,3.0,-0.6249,0.6599600000000001
4915,1,2,1,450,4.0,-0.5096,0.33884
4916,23,2,4,884,5.0,-0.5423,0.47692
4917,5,1,1,820,4.0,0.6124,0.135
4918,14,2,6,427,3.0,0.2263,0.41
4919,13,1,5,618,5.0,0.5719,0.26
4920,15,1,2,938,2.0,-0.5423,0.7019200000000001
4921,14,2,6,90,3.0,0.5719,0.41
4922,9,1,6,187,1.0,0.0,0.56
4923,4,2,1,902,4.0,0.2263,0.135
4924,3,2,1,943,1.0,0.3182,0.36
4925,12,2,1,372,3.0,0.0,0.21
4926,1,1,5,662,4.0,0.5859,0.335
4927,12,2,1,812,4.0,-0.4819,0.32776
4928,6,2,1,562,4.0,-0.4767,0.32568
4929,4,1,2,881,2.0,-0.3071,0.6078399999999999
4930,2,2,4,1026,5.0,-0.5423,0.47692
4931,1,1,1,273,4.0,0.6124,0.135
4932,17,1,6,160,4.0,0.7783,0.335
4933,2,1,1,416,4.0,-0.7536,0.43644
4934,15,1,1,846,5.0,0.2263,0.06
4935,17,2,1,778,2.0,0.765,0.285
4936,4,1,1,652,4.0,0.4588,0.135
4937,4,2,4,82,4.0,-0.0258,0.34532
4938,3,1,1,1003,4.0,0.8689,0.135
4939,4,1,1,526,4.0,0.4404,0.135
4940,8,1,6,304,2.0,-0.2023,0.56592
4941,1,1,4,665,5.0,-0.5994,0.49976
4942,22,1,4,313,4.0,-0.4215,0.5036
4943,6,2,5,267,4.0,-0.4215,0.5036
4944,14,2,1,837,5.0,0.4404,0.06
4945,17,1,4,807,4.0,-0.5423,0.55192
4946,1,1,3,549,3.0,0.5859,0.41
4947,12,1,1,411,4.0,-0.7598,0.43892
4948,13,2,1,744,5.0,0.2732,0.06
4949,9,1,6,966,1.0,-0.7351,0.8540400000000001
4950,4,1,5,761,4.0,-0.5719,0.56376
4951,8,2,3,223,2.0,0.0,0.485
4952,3,2,9,907,2.0,0.0,0.485
4953,14,1,1,56,4.0,0.5719,0.135
4954,4,1,5,1032,4.0,0.34,0.335
4955,3,2,1,274,4.0,-0.6908,0.41132
4956,4,1,6,579,3.0,-0.7179,0.69716
4957,17,1,6,925,1.0,-0.4215,0.7286000000000001
4958,8,2,1,929,4.0,0.2263,0.135
4959,8,2,1,717,3.0,-0.0859,0.24436
4960,6,2,1,168,5.0,0.2263,0.06
4961,6,1,4,900,5.0,-0.4215,0.4286
4962,4,2,3,997,2.0,0.0,0.485
4963,8,1,10,604,4.0,0.0,0.335
4964,11,1,5,958,4.0,-0.5096,0.53884
4965,23,1,1,874,5.0,-0.6202,0.30808
4966,4,2,1,1089,5.0,-0.34,0.196
4967,11,1,1,1071,2.0,0.7579,0.285
4968,22,1,1,969,5.0,-0.0731,0.08924
4969,5,1,9,299,3.0,-0.2023,0.49092
4970,14,1,6,340,3.0,-0.5423,0.6269200000000001
4971,1,2,2,635,2.0,-0.5096,0.6888400000000001
4972,13,1,10,514,4.0,-0.4215,0.5036
4973,1,2,5,999,5.0,0.5719,0.26
4974,23,1,1,548,5.0,0.5859,0.06
4975,4,1,4,297,5.0,-0.4215,0.4286
4976,14,1,4,111,4.0,-0.3612,0.47948
4977,4,1,1,1078,4.0,0.4404,0.135
4978,9,2,1,124,5.0,0.0,0.06
4979,13,2,1,929,4.0,-0.5096,0.33884
4980,11,2,3,509,2.0,0.0,0.485
4981,4,2,5,162,4.0,-0.743,0.6322000000000001
4982,6,1,1,358,4.0,-0.5096,0.33884
4983,5,2,1,588,4.0,0.4404,0.135
4984,17,1,4,506,4.0,-0.6249,0.5849600000000001
4985,6,2,1,782,4.0,0.5719,0.135
4986,13,2,1,741,4.0,-0.296,0.2534
4987,2,1,1,1071,4.0,0.5818,0.135
4988,4,2,5,377,5.0,-0.5267,0.47068
4989,9,2,3,939,4.0,0.6249,0.335
4990,12,2,6,948,1.0,-0.7351,0.8540400000000001
4991,2,2,1,619,5.0,0.6705,0.06
4992,11,2,4,1049,4.0,-0.5423,0.55192
4993,4,2,5,134,5.0,0.6808,0.26
4994,4,1,3,883,2.0,0.2263,0.485
4995,3,1,1,1019,5.0,0.3818,0.06
4996,13,1,4,473,5.0,-0.4215,0.4286
4997,3,2,5,648,4.0,0.34,0.335
4998,9,2,9,790,3.0,0.2263,0.41
4999,4,1,5,796,5.0,-0.2263,0.35052
5000,3,2,1,793,4.0,0.2263,0.135
5001,12,1,4,794,4.0,-0.4215,0.5036
5002,14,2,6,613,3.0,-0.5994,0.6497600000000001
5003,14,1,1,748,5.0,0.4404,0.06
5004,9,2,1,637,1.0,0.5719,0.36
5005,12,1,4,533,4.0,-0.4215,0.5036
5006,14,2,1,345,5.0,0.2263,0.06
5007,4,1,4,135,1.0,-0.25,0.6600000000000001
5008,1,1,4,922,4.0,-0.8126,0.66004
5009,9,1,1,1064,1.0,-0.128,0.4112
5010,14,1,4,339,4.0,-0.7906,0.65124
5011,13,1,9,1014,3.0,-0.6435,0.6674
5012,12,2,4,1085,4.0,-0.4215,0.5036
5013,2,2,1,686,3.0,-0.0258,0.22032
5014,17,2,8,922,1.0,0.0,0.56
5015,13,2,3,982,3.0,0.4939,0.41
5016,8,2,1,894,5.0,0.5719,0.06
5017,9,2,7,117,3.0,-0.7096,0.69384
5018,6,2,9,1010,1.0,0.0,0.56
5019,9,1,1,788,4.0,0.5859,0.135
5020,11,2,9,394,1.0,-0.4215,0.7286000000000001
5021,12,2,1,407,5.0,0.5719,0.06
5022,22,1,9,795,2.0,-0.4215,0.6536
5023,11,2,4,534,4.0,-0.7353,0.6291200000000001
5024,2,2,1,67,5.0,0.1154,0.06
5025,9,2,1,382,5.0,0.0,0.06
5026,8,1,3,1074,3.0,0.5719,0.41
5027,23,1,6,578,1.0,0.0,0.56
5028,6,1,1,859,4.0,-0.4215,0.3036
5029,23,1,5,17,4.0,0.8689,0.335
5030,8,1,1,106,5.0,0.0,0.06
5031,4,2,2,838,3.0,-0.6698,0.6779200000000001
5032,6,1,3,651,3.0,-0.0772,0.44088
5033,17,1,1,224,3.0,0.4767,0.21
5034,23,1,4,379,4.0,-0.5423,0.55192
5035,8,1,4,857,4.0,-0.4215,0.5036
5036,22,1,4,1071,4.0,0.0,0.335
5037,15,1,9,266,3.0,0.0,0.41
5038,1,1,1,455,5.0,0.0,0.06
5039,15,2,4,890,5.0,0.34,0.26
5040,6,1,4,537,4.0,-0.7184,0.62236
5041,17,2,8,796,2.0,0.0,0.485
5042,13,2,5,1018,4.0,-0.2247,0.42488
5043,11,1,6,409,5.0,0.4404,0.26
5044,14,1,6,53,1.0,0.25,0.56
5045,6,1,4,248,4.0,-0.4215,0.5036
5046,5,2,9,692,3.0,-0.5096,0.6138400000000002
5047,22,1,4,779,4.0,-0.4215,0.5036
5048,4,1,2,953,2.0,0.2263,0.485
5049,5,2,5,780,2.0,-0.7244,0.7747600000000001
5050,15,2,1,968,5.0,0.5719,0.06
5051,6,2,1,833,4.0,0.7964,0.135
5052,3,2,6,979,2.0,-0.3612,0.62948
5053,8,2,7,1024,2.0,-0.5423,0.7019200000000001
5054,13,2,4,877,5.0,-0.3612,0.40448
5055,11,1,4,525,2.0,0.5106,0.485
5056,22,1,7,797,3.0,-0.296,0.5284
5057,8,1,1,902,4.0,0.5574,0.135
5058,23,1,1,747,4.0,0.5574,0.135
5059,13,2,4,866,3.0,-0.6124,0.65496
5060,23,2,6,804,2.0,-0.5267,0.6956800000000001
5061,1,1,7,1046,3.0,-0.4767,0.6006800000000001
5062,8,1,1,504,5.0,0.4404,0.06
5063,2,2,10,1062,3.0,-0.6998,0.6899200000000001
5064,11,1,1,481,5.0,-0.5096,0.26384
5065,5,2,1,396,4.0,0.4404,0.135
5066,11,1,7,373,2.0,-0.7502,0.78508
5067,22,1,1,726,4.0,0.4019,0.135
5068,6,1,6,989,1.0,-0.128,0.6112
5069,9,1,8,20,2.0,0.5719,0.485
5070,12,1,6,661,1.0,-0.4019,0.7207600000000001
5071,22,2,1,403,2.0,0.4404,0.285
5072,14,1,9,84,3.0,-0.5096,0.6138400000000002
5073,13,2,1,941,5.0,0.128,0.06
5074,9,2,4,911,5.0,0.1027,0.26
5075,15,2,4,659,4.0,-0.5267,0.5456799999999999
5076,17,2,1,831,4.0,0.4404,0.135
5077,5,1,1,837,4.0,0.1531,0.135
5078,3,2,1,274,1.0,0.3182,0.36
5079,1,2,7,1063,1.0,-0.7096,0.8438400000000001
5080,13,1,1,102,1.0,-0.5096,0.5638400000000001
5081,3,2,1,1067,3.0,-0.5096,0.41384
5082,2,1,1,152,5.0,0.6124,0.06
5083,6,1,8,452,4.0,0.8074,0.335
5084,17,2,4,527,5.0,-0.5423,0.47692
5085,23,1,5,515,4.0,-0.7179,0.62216
5086,22,1,1,1067,4.0,0.5267,0.135
5087,25,2,1,635,4.0,0.0,0.135
5088,12,2,1,979,5.0,0.7269,0.06
5089,17,1,4,816,3.0,-0.4215,0.5786
5090,2,1,1,717,3.0,0.5719,0.21
5091,17,1,1,973,4.0,0.5719,0.135
5092,12,2,1,1082,4.0,0.4939,0.135
5093,13,1,1,185,4.0,0.2263,0.135
5094,4,2,1,917,4.0,-0.1265,0.1856
5095,6,2,1,617,4.0,0.4404,0.135
5096,14,1,1,585,5.0,-0.5975,0.299
5097,4,1,6,360,2.0,-0.5423,0.7019200000000001
5098,11,2,5,661,4.0,0.6204,0.335
5099,11,1,1,933,4.0,0.3182,0.135
5100,8,2,1,730,5.0,0.8271,0.06
5101,9,2,6,55,1.0,-0.25,0.6600000000000001
5102,2,1,6,493,2.0,0.25,0.485
5103,16,1,1,640,5.0,0.0,0.06
5104,6,1,4,493,4.0,0.0258,0.335
5105,2,2,1,730,4.0,0.0,0.135
5106,21,1,8,32,5.0,0.0,0.26
5107,22,1,1,819,1.0,-0.5096,0.5638400000000001
5108,9,2,1,210,5.0,0.0,0.06
5109,2,2,6,895,1.0,0.25,0.56
5110,5,2,6,618,3.0,-0.2023,0.49092
5111,4,1,10,771,4.0,0.2023,0.335
5112,15,1,4,111,5.0,0.4588,0.26
5113,2,1,5,960,2.0,-0.5423,0.7019200000000001
5114,3,1,4,785,4.0,-0.5423,0.55192
5115,3,1,5,1043,2.0,0.1965,0.485
5116,2,2,4,901,4.0,-0.5423,0.55192
5117,13,1,6,747,1.0,0.4404,0.56
5118,1,1,1,441,4.0,0.0,0.135
5119,22,2,4,303,5.0,-0.25,0.36
5120,14,1,2,729,2.0,0.4404,0.485
5121,4,1,1,545,4.0,0.7717,0.135
5122,22,2,1,327,5.0,-0.5096,0.26384
5123,6,1,1,188,5.0,-0.5096,0.26384
5124,8,2,7,62,2.0,-0.8591,0.82864
5125,4,2,1,909,5.0,0.5719,0.06
5126,2,1,1,296,1.0,0.4404,0.36
5127,12,1,3,1029,2.0,-0.2023,0.56592
5128,3,2,9,230,3.0,0.5719,0.41
5129,13,2,9,70,1.0,-0.5423,0.77692
5130,8,2,5,285,4.0,0.8074,0.335
5131,8,1,4,556,2.0,-0.7506,0.7852400000000002
5132,5,2,1,455,3.0,0.0,0.21
5133,11,2,1,469,5.0,0.8442,0.06
5134,11,2,2,838,3.0,0.4404,0.41
5135,22,2,1,79,5.0,0.5719,0.06
5136,13,1,6,270,3.0,0.5719,0.41
5137,14,2,1,758,5.0,0.0,0.06
5138,2,1,1,276,4.0,-0.5096,0.33884
5139,3,1,5,407,4.0,0.2263,0.335
5140,1,1,7,719,1.0,-0.8249,0.8899600000000001
5141,8,1,1,1026,4.0,0.2263,0.135
5142,9,1,6,1090,2.0,0.0516,0.485
5143,6,2,4,311,4.0,-0.5423,0.55192
5144,6,1,1,1046,5.0,0.2263,0.06
5145,17,1,9,176,3.0,0.5719,0.41
5146,22,2,1,140,4.0,0.5994,0.135
5147,23,2,9,601,2.0,0.4404,0.485
5148,23,2,4,752,5.0,-0.3182,0.38728
5149,2,2,4,967,4.0,0.6124,0.335
5150,8,1,7,568,3.0,-0.128,0.4612
5151,23,1,4,75,5.0,-0.296,0.3784
5152,5,1,1,658,5.0,0.0,0.06
5153,1,2,6,785,1.0,-0.6705,0.8282
5154,17,2,7,1044,5.0,0.4404,0.26
5155,2,1,4,652,1.0,-0.5423,0.77692
5156,3,2,3,203,1.0,0.2263,0.56
5157,3,1,1,544,4.0,-0.5096,0.33884
5158,19,1,9,385,2.0,0.7351,0.485
5159,14,1,4,695,4.0,-0.4215,0.5036
5160,4,1,4,683,2.0,0.0516,0.485
5161,11,1,1,387,2.0,0.4404,0.285
5162,8,1,1,641,4.0,0.8481,0.135
5163,1,1,7,190,5.0,-0.5423,0.47692
5164,14,1,4,24,5.0,-0.5423,0.47692
5165,8,1,3,487,3.0,0.0258,0.41
5166,5,1,6,509,3.0,-0.6705,0.6782000000000001
5167,23,2,6,478,1.0,-0.5096,0.7638400000000001
5168,23,2,1,552,4.0,0.0,0.135
5169,11,2,10,1048,4.0,0.2263,0.335
5170,2,1,3,709,3.0,0.3612,0.41
5171,9,1,1,630,4.0,0.0,0.135
5172,8,1,4,106,4.0,-0.4215,0.5036
5173,17,2,1,954,4.0,-0.5096,0.33884
5174,11,1,1,636,4.0,0.2263,0.135
5175,1,1,1,422,4.0,-0.1516,0.19564
5176,13,1,7,890,3.0,0.4019,0.41
5177,2,1,1,584,5.0,-0.0516,0.08064
5178,1,2,2,579,1.0,0.2732,0.56
5179,3,2,7,467,2.0,-0.4767,0.6756800000000001
5180,5,1,1,2,4.0,-0.2263,0.22552
5181,14,1,4,1020,4.0,-0.6908,0.6113200000000001
5182,9,1,1,103,1.0,0.6908,0.36
5183,12,1,4,921,4.0,-0.4215,0.5036
5184,11,2,6,199,1.0,0.2023,0.56
5185,1,1,11,662,4.0,-0.5423,0.55192
5186,3,2,7,563,3.0,-0.5608,0.63432
5187,4,2,6,115,3.0,-0.2023,0.49092
5188,13,2,6,441,3.0,-0.2023,0.49092
5189,9,1,1,672,4.0,0.765,0.135
5190,9,1,1,87,4.0,-0.0516,0.15564
5191,9,1,1,519,4.0,0.3818,0.135
5192,11,1,1,810,4.0,-0.5096,0.33884
5193,11,1,1,119,5.0,0.5719,0.06
5194,3,1,4,526,4.0,-0.25,0.435
5195,13,2,5,831,4.0,0.4404,0.335
5196,15,1,7,355,4.0,-0.4215,0.5036
5197,12,1,1,316,4.0,0.7096,0.135
5198,14,1,5,91,4.0,0.5106,0.335
5199,14,1,1,38,4.0,0.743,0.135
5200,15,2,1,407,5.0,0.7003,0.06
5201,2,2,8,613,5.0,0.6908,0.26
5202,5,2,7,906,1.0,-0.296,0.6784000000000001
5203,4,1,4,347,5.0,-0.743,0.5572
5204,6,1,1,789,4.0,0.5719,0.135
5205,1,1,5,284,4.0,-0.2249,0.42496
5206,11,2,1,602,4.0,0.2732,0.135
5207,4,1,2,1020,3.0,-0.5423,0.6269200000000001
5208,11,1,1,516,4.0,0.0,0.135
5209,1,1,3,18,4.0,0.2263,0.335
5210,15,2,1,904,4.0,0.7184,0.135
5211,2,1,4,326,4.0,-0.4215,0.5036
5212,1,1,1,374,3.0,0.5719,0.21
5213,8,1,4,555,4.0,-0.5423,0.55192
5214,23,2,2,799,1.0,0.0,0.56
5215,19,2,10,593,3.0,0.5859,0.41
5216,3,1,6,661,3.0,-0.5423,0.6269200000000001
5217,2,1,6,1029,3.0,0.6908,0.41
5218,13,2,5,265,4.0,-0.1531,0.39624
5219,13,2,4,840,4.0,0.802,0.335
5220,13,1,5,454,5.0,0.4404,0.26
5221,2,2,2,76,3.0,-0.4449,0.58796
5222,1,1,1,638,4.0,0.5719,0.135
5223,11,2,4,888,5.0,-0.5423,0.47692
5224,9,1,1,359,4.0,0.4404,0.135
5225,13,2,1,86,5.0,0.5994,0.06
5226,12,2,9,156,3.0,-0.5423,0.6269200000000001
5227,2,1,5,690,4.0,0.3349,0.335
5228,15,1,1,778,5.0,-0.5096,0.26384
5229,17,2,3,103,2.0,-0.4215,0.6536
5230,11,1,6,624,3.0,-0.4019,0.5707600000000002
5231,4,2,6,269,4.0,0.4588,0.335
5232,11,1,6,819,2.0,0.4404,0.485
5233,23,2,7,22,2.0,-0.765,0.7910000000000001
5234,4,1,11,4,5.0,0.8316,0.26
5235,3,2,1,21,4.0,-0.6802,0.40708
5236,3,2,1,535,5.0,0.4404,0.06
5237,14,1,5,652,5.0,0.7584,0.26
5238,2,2,2,933,3.0,-0.4577,0.59308
5239,11,1,1,273,4.0,0.2263,0.135
5240,11,1,1,745,5.0,0.3818,0.06
5241,3,2,5,244,3.0,0.5719,0.41
5242,17,2,1,577,5.0,0.0,0.06
5243,15,2,8,1063,5.0,0.0,0.26
5244,23,1,1,545,4.0,-0.5096,0.33884
5245,13,2,1,110,5.0,0.2263,0.06
5246,23,1,1,309,4.0,-0.5096,0.33884
5247,15,1,1,866,4.0,0.2382,0.135
5248,3,1,5,652,5.0,0.0,0.26
5249,11,2,1,176,4.0,0.296,0.135
5250,3,1,1,829,5.0,0.7003,0.06
5251,22,2,1,107,5.0,-0.1516,0.12064
5252,2,2,1,112,4.0,0.4404,0.135
5253,8,1,1,511,4.0,0.4404,0.135
5254,8,2,6,991,2.0,-0.34,0.621
5255,9,2,9,352,2.0,0.4404,0.485
5256,13,2,9,982,1.0,0.5719,0.56
5257,5,1,5,272,4.0,-0.7641,0.6406400000000001
5258,8,2,1,486,4.0,0.0,0.135
5259,13,2,2,644,3.0,-0.4215,0.5786
5260,17,1,1,769,3.0,0.0,0.21
5261,14,1,9,673,3.0,0.5719,0.41
5262,15,2,6,195,2.0,0.5719,0.485
5263,9,2,1,152,4.0,0.2263,0.135
5264,1,2,1,270,4.0,0.0,0.135
5265,8,1,4,867,4.0,-0.5423,0.55192
5266,1,2,1,1010,4.0,-0.5096,0.33884
5267,10,1,1,939,4.0,0.0,0.135
5268,19,2,7,252,5.0,0.6369,0.26
5269,3,1,6,821,2.0,-0.7351,0.77904
5270,15,2,6,384,2.0,0.0516,0.485
5271,13,1,2,989,3.0,0.5574,0.41
5272,15,2,1,743,5.0,0.4404,0.06
5273,2,2,9,717,3.0,-0.4215,0.5786
5274,3,1,1,499,3.0,0.5719,0.21
5275,1,1,1,54,3.0,0.296,0.21
5276,3,2,4,1049,4.0,-0.4215,0.5036
5277,17,2,1,206,4.0,0.2263,0.135
5278,9,2,7,176,3.0,-0.7502,0.71008
5279,14,1,1,96,5.0,0.4404,0.06
5280,1,2,4,866,4.0,-0.4215,0.5036
5281,22,2,9,462,2.0,0.2263,0.485
5282,11,2,1,629,5.0,0.5719,0.06
5283,17,2,3,720,3.0,-0.5423,0.6269200000000001
5284,12,1,4,628,4.0,-0.2023,0.41592
5285,23,1,9,1047,3.0,-0.4215,0.5786
5286,6,2,4,871,5.0,-0.4215,0.4286
5287,2,1,4,282,4.0,-0.5423,0.55192
5288,5,2,6,869,1.0,0.0,0.56
5289,2,2,1,844,1.0,0.7003,0.36
5290,2,1,6,319,3.0,-0.7269,0.70076
5291,13,2,1,638,5.0,0.0,0.06
5292,17,2,4,684,4.0,-0.4215,0.5036
5293,14,1,5,636,3.0,0.0258,0.41
5294,11,1,1,14,4.0,-0.5096,0.33884
5295,11,1,5,868,4.0,-0.5423,0.55192
5296,8,2,1,1065,5.0,0.4939,0.06
5297,15,1,1,318,5.0,0.0,0.06
5298,11,1,4,527,3.0,-0.6908,0.68632
5299,20,2,2,1089,2.0,0.5859,0.485
5300,23,1,1,339,4.0,0.5719,0.135
5301,8,1,9,860,2.0,0.2263,0.485
5302,9,2,1,698,5.0,-0.2486,0.15944
5303,2,1,10,397,5.0,0.5719,0.26
5304,15,2,6,717,4.0,-0.2263,0.42552
5305,12,1,2,44,3.0,0.6997,0.41
5306,3,1,4,266,5.0,-0.5423,0.47692
5307,15,1,1,299,4.0,-0.6591,0.39864
5308,12,2,1,471,2.0,0.5719,0.285
5309,1,1,1,98,4.0,0.0,0.135
5310,11,1,2,839,3.0,0.6486,0.41
5311,1,2,1,892,5.0,0.7351,0.06
5312,4,1,3,317,5.0,0.34,0.26
5313,9,2,3,152,3.0,-0.2023,0.49092
5314,9,1,9,904,3.0,0.128,0.41
5315,12,2,4,234,5.0,-0.5423,0.47692
5316,5,2,9,994,3.0,-0.4215,0.5786
5317,8,1,1,115,4.0,0.296,0.135
5318,11,2,1,408,4.0,0.4404,0.135
5319,3,1,1,519,5.0,-0.1516,0.12064
5320,15,1,4,571,3.0,-0.4215,0.5786
5321,22,1,1,797,5.0,-0.128,0.1112
5322,3,1,1,813,4.0,-0.2263,0.22552
5323,1,1,4,414,5.0,0.1779,0.26
5324,23,2,4,663,1.0,-0.1531,0.62124
5325,17,2,6,502,3.0,-0.0516,0.4306399999999999
5326,2,2,4,154,3.0,0.0,0.41
5327,1,2,3,145,1.0,-0.4215,0.7286000000000001
5328,17,2,1,920,4.0,0.0,0.135
5329,15,1,4,722,4.0,-0.5423,0.55192
5330,2,1,1,1021,4.0,0.2023,0.135
5331,5,1,4,990,5.0,-0.4215,0.4286
5332,2,1,1,668,5.0,0.836,0.06
5333,11,2,7,26,3.0,-0.765,0.7160000000000002
5334,8,2,1,952,5.0,0.6808,0.06
5335,23,2,1,347,5.0,-0.0243,0.06972
5336,1,1,4,182,5.0,-0.0772,0.29088
5337,4,2,1,717,4.0,-0.1265,0.1856
5338,4,2,3,65,3.0,0.1043,0.41
5339,14,1,4,381,5.0,-0.5423,0.47692
5340,11,1,4,250,4.0,-0.5423,0.55192
5341,14,1,1,67,4.0,0.4404,0.135
5342,15,2,1,753,5.0,-0.5096,0.26384
5343,17,1,4,1084,4.0,-0.7063,0.6175200000000001
5344,4,1,5,619,5.0,0.5719,0.26
5345,1,1,3,282,3.0,-0.1027,0.45108
5346,4,2,1,70,5.0,0.4404,0.06
5347,6,2,7,271,5.0,0.2263,0.26
5348,23,2,1,977,5.0,0.2263,0.06
5349,15,1,2,434,3.0,-0.5096,0.6138400000000002
5350,13,1,6,175,2.0,0.0,0.485
5351,2,2,4,444,5.0,-0.5106,0.46424
5352,4,2,4,993,4.0,-0.0772,0.36588
5353,2,1,1,554,5.0,0.5719,0.06
5354,3,2,1,405,4.0,0.4404,0.135
5355,6,2,1,830,4.0,0.0,0.135
5356,1,2,5,1005,3.0,0.4404,0.41
5357,5,2,1,277,4.0,0.4404,0.135
5358,11,1,1,72,5.0,0.7845,0.06
5359,4,2,1,153,4.0,0.0772,0.135
5360,11,2,4,389,3.0,-0.4215,0.5786
5361,2,1,6,717,3.0,0.4404,0.41
5362,6,1,1,466,4.0,0.5719,0.135
5363,13,1,1,653,3.0,0.8316,0.21
5364,9,2,4,800,4.0,-0.5423,0.55192
5365,1,2,1,856,4.0,0.2263,0.135
5366,12,1,1,709,5.0,0.2263,0.06
5367,22,1,2,248,1.0,-0.1877,0.6350800000000001
5368,4,1,1,699,3.0,0.6124,0.21
5369,11,1,1,1090,4.0,0.0,0.135
5370,1,2,1,248,4.0,0.5719,0.135
5371,15,2,6,567,2.0,0.6908,0.485
5372,2,1,9,118,1.0,0.34,0.56
5373,11,1,5,721,5.0,0.5719,0.26
5374,15,1,1,682,4.0,0.2263,0.135
5375,4,2,4,921,4.0,-0.4215,0.5036
5376,9,2,3,29,3.0,0.4939,0.41
5377,11,2,4,632,4.0,-0.0258,0.34532
5378,8,2,1,242,5.0,0.4404,0.06
5379,9,1,6,2,1.0,-0.4215,0.7286000000000001
5380,1,1,6,599,4.0,-0.0258,0.34532
5381,6,1,1,559,2.0,-0.0772,0.31588
5382,12,1,1,594,4.0,0.0,0.135
5383,5,1,4,164,4.0,-0.0018,0.33572
5384,4,1,1,25,3.0,0.6705,0.21
5385,8,2,6,462,3.0,0.0,0.41
5386,1,2,6,831,3.0,-0.2023,0.49092
5387,17,1,1,348,4.0,0.4404,0.135
5388,8,1,1,426,4.0,0.6705,0.135
5389,11,2,4,639,5.0,-0.5267,0.47068
5390,6,2,1,172,5.0,-0.8236,0.38944
5391,14,2,8,1044,3.0,-0.6705,0.6782000000000001
5392,8,2,3,243,3.0,0.7003,0.41
5393,8,1,5,697,5.0,-0.5423,0.47692
5394,3,2,4,841,5.0,-0.296,0.3784
5395,4,1,6,36,3.0,0.607,0.41
5396,4,2,5,785,5.0,0.2263,0.26
5397,9,1,1,1060,3.0,0.4404,0.21
5398,12,1,1,580,4.0,0.5719,0.135
5399,4,2,8,1051,4.0,0.3818,0.335
5400,6,1,1,590,4.0,0.7906,0.135
5401,1,2,1,264,5.0,0.296,0.06
5402,2,2,7,8,2.0,-0.8316,0.8176400000000001
5403,17,1,6,571,2.0,0.6908,0.485
5404,5,2,4,170,5.0,-0.5994,0.49976
5405,23,1,1,350,5.0,0.4404,0.06
5406,8,1,1,781,4.0,0.5719,0.135
5407,1,1,4,1046,5.0,-0.4939,0.45756
5408,5,1,9,726,3.0,-0.1779,0.48116
5409,11,1,1,948,4.0,0.3612,0.135
5410,2,1,9,726,3.0,-0.5096,0.6138400000000002
5411,15,1,1,54,5.0,0.1635,0.06
5412,17,1,1,572,1.0,0.4201,0.36
5413,12,2,1,1023,4.0,0.5719,0.135
5414,15,2,3,494,3.0,0.4404,0.41
5415,2,1,5,654,5.0,0.25,0.26
5416,15,1,1,263,5.0,-0.5096,0.26384
5417,8,2,9,127,3.0,-0.1027,0.45108
5418,5,1,1,884,5.0,0.5719,0.06
5419,4,1,6,908,2.0,0.4404,0.485
5420,9,2,1,593,5.0,0.2396,0.06
5421,13,2,5,412,4.0,-0.2247,0.42488
5422,9,1,1,271,5.0,0.6249,0.06
5423,8,1,6,213,3.0,0.7506,0.41
5424,23,2,5,917,5.0,0.4019,0.26
5425,14,1,4,99,5.0,-0.4215,0.4286
5426,5,1,1,622,5.0,0.5719,0.06
5427,5,1,1,155,4.0,0.5106,0.135
5428,4,2,4,7,5.0,-0.4215,0.4286
5429,8,2,1,403,2.0,0.4404,0.285
5430,1,2,4,728,4.0,-0.4019,0.49576
5431,14,2,1,816,4.0,0.5719,0.135
5432,12,1,1,922,4.0,0.3818,0.135
5433,1,1,1,790,3.0,0.9081,0.21
5434,4,2,1,742,4.0,0.2263,0.135
5435,3,2,1,4,5.0,0.7506,0.06
5436,12,2,1,57,5.0,0.2263,0.06
5437,15,2,3,149,1.0,0.5574,0.56
5438,1,1,4,442,5.0,0.2263,0.26
5439,4,1,1,625,5.0,-0.5096,0.26384
5440,1,1,9,632,1.0,0.0,0.56
5441,2,1,1,187,4.0,0.0772,0.135
5442,12,1,4,701,4.0,-0.4215,0.5036
5443,4,2,4,414,5.0,-0.6705,0.5282
5444,13,2,6,939,1.0,-0.1531,0.62124
5445,9,1,1,187,5.0,0.2263,0.06
5446,8,2,1,456,4.0,0.7003,0.135
5447,3,1,1,603,4.0,0.2263,0.135
5448,1,1,6,171,3.0,-0.4019,0.5707600000000002
5449,5,1,9,870,3.0,-0.5423,0.6269200000000001
5450,15,2,7,373,5.0,0.6369,0.26
5451,1,2,4,791,4.0,-0.5423,0.55192
5452,3,1,1,1020,3.0,0.5859,0.21
5453,23,2,1,374,5.0,0.4404,0.06
5454,5,2,1,980,2.0,0.2263,0.285
5455,6,2,4,726,5.0,-0.6597,0.52388
5456,13,2,6,289,1.0,0.296,0.56
5457,23,2,1,549,4.0,0.296,0.135
5458,4,2,6,627,2.0,-0.7351,0.77904
5459,1,2,1,978,4.0,0.4019,0.135
5460,13,2,1,936,5.0,0.6378,0.06
5461,1,1,2,661,1.0,-0.5096,0.7638400000000001
5462,3,1,2,486,2.0,-0.4215,0.6536
5463,22,1,1,558,4.0,-0.5448,0.35292
5464,3,2,4,685,4.0,-0.5423,0.55192
5465,3,2,5,972,4.0,0.2263,0.335
5466,15,1,3,348,2.0,0.2263,0.485
5467,22,1,1,936,4.0,-0.5448,0.35292
5468,5,2,7,295,4.0,0.4404,0.335
5469,22,2,5,546,4.0,0.8313,0.335
5470,9,1,4,1045,4.0,-0.4215,0.5036
5471,9,2,9,827,1.0,0.5719,0.56
5472,6,1,5,1041,4.0,0.5719,0.335
5473,23,2,1,851,5.0,0.3182,0.06
5474,17,1,1,791,5.0,0.2023,0.06
5475,11,2,5,181,4.0,0.0,0.335
5476,3,1,5,154,5.0,0.0,0.26
5477,11,1,1,469,5.0,0.7003,0.06
5478,13,2,5,49,3.0,-0.4215,0.5786
5479,8,2,6,470,2.0,-0.5096,0.6888400000000001
5480,14,2,1,11,4.0,-0.1265,0.1856
5481,11,1,5,520,4.0,-0.3182,0.46228
5482,3,2,1,130,3.0,0.2023,0.21
5483,15,1,1,954,5.0,-0.5096,0.26384
5484,14,2,4,307,4.0,-0.5423,0.55192
5485,12,1,2,513,1.0,-0.2732,0.6692800000000001
5486,12,1,6,641,3.0,0.0,0.41
5487,19,1,9,906,2.0,0.7351,0.485
5488,4,2,1,1022,5.0,0.7351,0.06
5489,11,2,1,997,5.0,0.6249,0.06
5490,17,2,9,330,5.0,0.4404,0.26
5491,4,2,4,215,4.0,-0.5423,0.55192
5492,12,1,1,281,5.0,0.4404,0.06
5493,1,1,1,931,5.0,0.0,0.06
5494,11,1,6,254,3.0,0.3182,0.41
5495,8,1,1,992,5.0,-0.296,0.1784
5496,2,1,5,149,4.0,-0.128,0.3862
5497,23,2,4,646,5.0,0.4404,0.26
5498,14,2,4,452,3.0,-0.4215,0.5786
5499,9,2,4,641,5.0,-0.4215,0.4286
5500,13,2,7,521,2.0,0.7964,0.485
5501,11,1,1,584,4.0,0.0,0.135
5502,8,2,6,232,2.0,0.25,0.485
5503,2,2,3,357,4.0,-0.3818,0.48772
5504,23,1,3,375,2.0,-0.7717,0.7936800000000002
5505,16,1,1,727,2.0,0.0,0.285
5506,6,1,4,355,5.0,-0.1531,0.32124
5507,8,2,6,70,3.0,-0.4019,0.5707600000000002
5508,8,2,4,474,4.0,-0.5423,0.55192
5509,14,2,4,1084,4.0,-0.4215,0.5036
5510,9,2,1,166,4.0,0.5994,0.135
5511,3,2,1,459,3.0,0.0,0.21
5512,4,2,1,1039,4.0,0.2263,0.135
5513,23,1,4,692,5.0,-0.765,0.5660000000000001
5514,5,1,1,913,4.0,0.0,0.135
5515,4,1,1,754,3.0,0.5719,0.21
5516,8,2,1,201,3.0,-0.5096,0.41384
5517,8,1,3,99,3.0,-0.5994,0.6497600000000001
5518,14,1,9,949,3.0,0.2263,0.41
5519,11,1,3,1079,1.0,0.4939,0.56
5520,15,1,4,685,3.0,-0.4215,0.5786
5521,22,1,1,865,4.0,0.2023,0.135
5522,11,1,1,363,4.0,0.7096,0.135
5523,5,2,4,904,4.0,-0.4215,0.5036
5524,13,2,9,334,5.0,0.5719,0.26
5525,23,2,4,43,5.0,0.0,0.26
5526,2,1,5,312,4.0,0.4404,0.335
5527,23,1,1,195,3.0,0.4215,0.21
5528,17,1,1,426,5.0,0.5719,0.06
5529,6,2,1,356,4.0,0.5859,0.135
5530,9,1,1,1091,5.0,0.4404,0.06
5531,2,1,6,630,1.0,-0.6705,0.8282
5532,1,2,4,205,4.0,-0.3071,0.45784
5533,22,1,4,817,5.0,0.0258,0.26
5534,13,1,9,335,2.0,-0.5096,0.6888400000000001
5535,3,1,4,1073,4.0,-0.128,0.3862
5536,3,2,4,271,4.0,-0.0772,0.36588
5537,5,2,8,1028,5.0,-0.7906,0.5762400000000001
5538,12,1,4,1074,4.0,-0.34,0.471
5539,3,2,9,544,3.0,-0.7579,0.71316
5540,12,2,1,410,5.0,0.4404,0.06
5541,23,1,4,850,5.0,-0.2732,0.36928
5542,4,1,6,988,3.0,-0.6705,0.6782000000000001
5543,14,2,1,1002,4.0,-0.5096,0.33884
5544,10,1,1,628,3.0,0.7579,0.21
5545,2,1,1,250,4.0,0.3818,0.135
5546,14,1,4,683,2.0,-0.5423,0.7019200000000001
5547,14,2,6,101,3.0,-0.5423,0.6269200000000001
5548,4,2,1,874,5.0,-0.5096,0.26384
5549,4,2,5,1013,5.0,0.6124,0.26
5550,9,2,6,249,3.0,-0.7502,0.71008
5551,4,1,1,764,5.0,0.5994,0.06
5552,4,1,2,581,1.0,0.2263,0.56
5553,9,2,1,275,2.0,0.7906,0.285
5554,9,1,1,487,5.0,0.4404,0.06
5555,23,1,1,402,1.0,0.2263,0.36
5556,9,2,6,246,4.0,0.0,0.335
5557,6,2,1,1064,4.0,0.5719,0.135
5558,5,1,3,114,2.0,-0.7115,0.7696000000000001
5559,6,1,1,32,4.0,-0.7502,0.43508
5560,23,1,6,89,3.0,-0.6705,0.6782000000000001
5561,5,1,4,256,4.0,0.0516,0.335
5562,13,1,1,434,4.0,-0.6369,0.38976
5563,22,2,1,220,4.0,-0.5096,0.33884
5564,11,2,1,562,5.0,0.4404,0.06
5565,12,2,3,1026,3.0,0.4404,0.41
5566,22,1,3,614,2.0,0.6808,0.485
5567,17,1,6,293,3.0,0.0,0.41
5568,4,1,1,334,5.0,0.2023,0.06
5569,9,1,6,94,1.0,0.5719,0.56
5570,7,1,1,459,3.0,-0.1695,0.2778
5571,1,2,1,71,4.0,0.4404,0.135
5572,6,1,9,539,1.0,0.296,0.56
5573,1,1,1,376,3.0,0.2732,0.21
5574,6,1,5,817,3.0,0.4215,0.41
5575,11,2,4,776,2.0,-0.4019,0.6457600000000001
5576,22,2,1,647,4.0,0.6249,0.135
5577,23,1,1,982,4.0,0.0,0.135
5578,9,2,1,1062,4.0,0.4404,0.135
5579,5,2,4,594,5.0,-0.5423,0.47692
5580,23,2,5,547,5.0,-0.6249,0.50996
5581,14,1,1,128,5.0,-0.7181,0.34724
5582,11,2,3,252,3.0,0.4404,0.41
5583,20,1,1,98,3.0,0.4404,0.21
5584,3,2,6,56,3.0,-0.6705,0.6782000000000001
5585,22,2,4,705,5.0,-0.4767,0.45068
5586,12,2,3,827,4.0,0.4404,0.335
5587,14,2,1,201,4.0,-0.6759,0.40536
5588,2,2,1,760,5.0,0.7269,0.06
5589,15,2,4,990,4.0,-0.7269,0.6257600000000001
5590,6,1,1,344,5.0,-0.2732,0.1692799999999999
5591,12,1,6,747,3.0,0.7579,0.41
5592,6,2,6,401,3.0,0.2263,0.41
5593,4,1,1,972,5.0,0.6597,0.06
5594,3,2,6,491,3.0,0.5719,0.41
5595,11,2,1,636,5.0,0.1798,0.06
5596,11,2,1,928,4.0,0.0,0.135
5597,2,2,6,85,3.0,0.4404,0.41
5598,8,2,4,645,4.0,-0.5423,0.55192
5599,9,2,1,377,4.0,0.0,0.135
5600,23,2,1,647,5.0,0.4404,0.06
5601,22,2,5,53,3.0,-0.2023,0.49092
5602,23,1,2,529,3.0,0.2263,0.41
5603,8,2,4,217,5.0,0.1027,0.26
5604,5,2,1,847,5.0,-0.3089,0.18356
5605,12,1,2,746,3.0,-0.4215,0.5786
5606,9,1,10,587,4.0,-0.5859,0.5693600000000001
5607,8,2,1,189,4.0,0.2263,0.135
5608,15,2,6,665,1.0,0.5719,0.56
5609,6,2,1,566,4.0,0.5719,0.135
5610,11,2,1,169,4.0,-0.5096,0.33884
5611,5,2,1,858,4.0,0.25,0.135
5612,17,2,4,660,1.0,-0.4215,0.7286000000000001
5613,12,1,1,774,4.0,0.5719,0.135
5614,4,2,1,648,4.0,0.4404,0.135
5615,22,1,2,673,3.0,0.5719,0.41
5616,8,1,4,954,2.0,-0.6858,0.75932
5617,15,1,2,668,1.0,0.0,0.56
5618,14,2,1,47,4.0,0.4404,0.135
5619,13,2,3,734,3.0,0.2263,0.41
5620,2,2,1,794,4.0,-0.5096,0.33884
5621,15,1,1,475,5.0,0.0,0.06
5622,9,1,4,339,3.0,-0.4215,0.5786
5623,1,2,5,478,4.0,-0.5423,0.55192
5624,3,1,1,978,4.0,0.4404,0.135
5625,2,2,5,1019,4.0,-0.4215,0.5036
5626,3,1,4,1037,5.0,-0.5423,0.47692
5627,17,1,3,465,2.0,0.5719,0.485
5628,14,1,1,600,4.0,-0.6698,0.40292
5629,11,2,1,754,3.0,0.0,0.21
5630,9,1,4,726,4.0,-0.2263,0.42552
5631,8,2,4,1064,4.0,0.5719,0.335
5632,11,2,9,782,1.0,-0.128,0.6112
5633,13,2,4,926,4.0,-0.4215,0.5036
5634,14,1,2,1070,3.0,0.4404,0.41
5635,5,2,6,771,5.0,0.6808,0.26
5636,1,1,1,103,3.0,0.296,0.21
5637,6,2,1,740,2.0,0.0,0.285
5638,3,1,4,771,5.0,-0.4215,0.4286
5639,14,2,4,309,2.0,-0.3612,0.62948
5640,15,2,1,707,3.0,0.2263,0.21
5641,12,2,4,828,3.0,-0.2023,0.49092
5642,14,1,4,714,5.0,-0.6808,0.53232
5643,8,1,4,46,4.0,-0.4215,0.5036
5644,5,1,5,440,5.0,-0.5423,0.47692
5645,23,2,2,1021,1.0,0.2263,0.56
5646,23,1,6,336,2.0,0.2263,0.485
5647,9,1,1,861,4.0,-0.4767,0.32568
5648,1,1,1,1091,1.0,0.4215,0.36
5649,1,2,4,342,4.0,-0.5423,0.55192
5650,11,2,5,969,4.0,0.7269,0.335
5651,2,2,1,516,4.0,0.7845,0.135
5652,22,2,7,595,3.0,-0.6242,0.65968
5653,11,1,1,419,2.0,0.6808,0.285
5654,12,1,1,337,5.0,0.765,0.06
5655,23,2,5,382,4.0,0.5719,0.335
5656,22,1,4,981,5.0,-0.802,0.5808
5657,17,1,4,507,5.0,-0.1779,0.33116
5658,11,2,5,261,5.0,-0.5096,0.46384
5659,12,1,4,775,4.0,-0.5859,0.5693600000000001
5660,11,1,8,21,1.0,0.0,0.56
5661,4,1,5,430,5.0,0.5719,0.26
5662,13,1,1,243,4.0,-0.1012,0.17548
5663,23,1,1,1009,5.0,0.765,0.06
5664,14,1,1,3,4.0,-0.1516,0.19564
5665,5,2,4,667,1.0,-0.1531,0.62124
5666,2,2,1,1092,4.0,-0.6641,0.40064
5667,23,2,1,1,4.0,0.4767,0.135
5668,14,1,5,702,2.0,-0.6901,0.7610399999999999
5669,2,1,3,770,3.0,0.0772,0.41
5670,5,1,2,609,3.0,0.0,0.41
5671,15,2,4,737,5.0,-0.5423,0.47692
5672,5,2,5,663,3.0,0.0,0.41
5673,5,2,1,934,5.0,0.2263,0.06
5674,3,1,1,692,4.0,0.7906,0.135
5675,1,1,1,1011,5.0,0.2263,0.06
5676,7,2,1,799,2.0,0.7778,0.285
5677,4,2,1,132,5.0,0.2263,0.06
5678,2,1,1,689,4.0,0.4404,0.135
5679,16,1,1,258,5.0,0.2263,0.06
5680,3,1,1,783,3.0,0.0,0.21
5681,5,1,1,1063,4.0,0.0,0.135
5682,23,1,4,594,2.0,-0.5423,0.7019200000000001
5683,23,1,1,959,4.0,-0.1265,0.1856
5684,17,1,5,909,3.0,0.4333,0.41
5685,12,2,1,395,4.0,0.4404,0.135
5686,17,2,7,156,3.0,0.2732,0.41
5687,4,2,4,620,5.0,-0.5994,0.49976
5688,23,1,3,986,3.0,0.8442,0.41
5689,22,1,1,257,3.0,-0.4767,0.40068
5690,13,1,5,610,4.0,0.296,0.335
5691,5,1,1,509,4.0,-0.5267,0.34568
5692,18,1,5,34,1.0,0.0,0.56
5693,1,2,3,580,2.0,-0.1531,0.5462400000000001
5694,3,1,1,706,4.0,0.2263,0.135
5695,4,2,4,440,4.0,-0.5423,0.55192
5696,12,2,1,678,5.0,-0.128,0.1112
5697,11,2,1,304,3.0,-0.0772,0.2408799999999999
5698,22,2,1,482,4.0,-0.128,0.1862
5699,3,1,3,449,3.0,-0.34,0.546
5700,2,2,3,482,5.0,-0.5096,0.46384
5701,17,2,4,127,5.0,-0.5423,0.47692
5702,22,2,8,548,1.0,0.2263,0.56
5703,22,1,4,61,5.0,-0.8431,0.59724
5704,9,2,1,410,4.0,-0.5096,0.33884
5705,4,2,1,722,5.0,-0.5096,0.26384
5706,5,2,4,1003,4.0,-0.5423,0.55192
5707,14,1,5,1063,4.0,0.7003,0.335
5708,16,1,1,113,5.0,0.0,0.06
5709,6,1,1,101,5.0,-0.6759,0.33036
5710,1,1,6,974,1.0,-0.5096,0.7638400000000001
5711,4,2,1,555,5.0,0.6808,0.06
5712,11,2,9,20,1.0,-0.5423,0.77692
5713,14,1,1,804,4.0,0.4949,0.135
5714,12,1,1,67,4.0,0.4404,0.135
5715,14,1,11,961,5.0,0.8658,0.26
5716,17,2,1,450,3.0,0.128,0.21
5717,6,1,1,685,4.0,-0.5423,0.35192
5718,13,1,4,1074,2.0,-0.4215,0.6536
5719,3,2,4,282,4.0,-0.4215,0.5036
5720,4,2,1,562,4.0,0.0772,0.135
5721,8,1,7,412,3.0,-0.8885,0.7654000000000001
5722,23,1,6,347,3.0,0.5267,0.41
5723,17,1,5,461,1.0,0.6908,0.56
5724,4,2,9,55,2.0,-0.4215,0.6536
5725,22,2,1,172,5.0,0.2263,0.06
5726,9,1,1,643,5.0,0.4939,0.06
5727,1,2,1,996,4.0,0.2023,0.135
5728,17,2,2,641,3.0,0.5719,0.41
5729,2,1,1,826,4.0,0.7506,0.135
5730,23,1,6,1007,1.0,-0.4019,0.7207600000000001
5731,2,1,5,319,4.0,0.5719,0.335
5732,9,1,1,428,5.0,0.765,0.06
5733,5,2,1,636,4.0,-0.3387,0.27048
5734,25,1,5,755,4.0,-0.4767,0.52568
5735,8,2,9,995,2.0,0.765,0.485
5736,3,2,5,1014,5.0,0.1154,0.26
5737,9,2,1,219,5.0,0.5423,0.06
5738,23,2,1,974,5.0,0.2263,0.06
5739,6,2,1,973,3.0,0.0,0.21
5740,13,2,1,186,4.0,0.25,0.135
5741,2,2,1,1090,4.0,0.7096,0.135
5742,17,2,1,251,5.0,-0.5096,0.26384
5743,14,1,2,374,3.0,-0.5423,0.6269200000000001
5744,11,2,4,307,4.0,-0.4215,0.5036
5745,22,2,1,63,4.0,0.6597,0.135
5746,23,2,1,742,4.0,-0.7244,0.42476
5747,5,1,5,987,5.0,-0.2023,0.34092
5748,19,1,5,303,5.0,-0.4767,0.45068
5749,13,1,4,970,4.0,0.1531,0.335
5750,3,1,1,302,4.0,-0.7481,0.43424
5751,12,2,4,1030,5.0,-0.5423,0.47692
5752,13,2,2,214,3.0,0.5267,0.41
5753,2,1,1,690,5.0,0.0,0.06
5754,15,1,5,821,4.0,-0.0516,0.35564
5755,11,1,5,222,5.0,0.2263,0.26
5756,5,2,6,870,4.0,-0.085,0.369
5757,1,2,2,701,2.0,0.2263,0.485
5758,11,2,1,946,4.0,0.2263,0.135
5759,4,1,3,933,2.0,0.5719,0.485
5760,9,1,1,741,4.0,-0.1531,0.19624
5761,2,1,9,515,3.0,0.2263,0.41
5762,5,2,1,840,4.0,0.0,0.135
5763,23,2,1,714,4.0,-0.128,0.1862
5764,11,1,4,170,4.0,-0.5994,0.5747600000000002
5765,8,1,10,447,1.0,-0.1779,0.6311599999999999
5766,11,1,4,49,4.0,0.1531,0.335
5767,5,1,1,263,4.0,-0.34,0.271
5768,6,2,1,720,4.0,0.4404,0.135
5769,6,1,1,579,4.0,0.0,0.135
5770,17,1,1,968,2.0,0.2263,0.285
5771,14,1,5,806,4.0,-0.5994,0.5747600000000002
5772,14,2,3,523,1.0,0.5719,0.56
5773,14,1,1,380,5.0,0.7003,0.06
5774,14,2,3,402,3.0,-0.5423,0.6269200000000001
5775,8,2,8,293,5.0,-0.5423,0.47692
5776,22,2,1,686,4.0,0.5719,0.135
5777,4,2,5,964,5.0,-0.5096,0.46384
5778,15,2,1,533,4.0,0.3612,0.135
5779,11,2,1,1041,5.0,0.2263,0.06
5780,14,1,4,78,3.0,-0.765,0.7160000000000002
5781,5,1,1,1061,4.0,0.2263,0.135
5782,8,2,1,514,5.0,0.4404,0.06
5783,5,2,11,43,4.0,-0.5719,0.56376
5784,2,2,5,522,5.0,0.4404,0.26
5785,2,1,4,1023,3.0,-0.4215,0.5786
5786,11,1,6,902,3.0,-0.5096,0.6138400000000002
5787,4,1,1,107,5.0,0.5719,0.06
5788,2,1,5,522,4.0,-0.1531,0.39624
5789,1,2,9,312,3.0,-0.4767,0.6006800000000001
5790,13,1,2,827,2.0,-0.5423,0.7019200000000001
5791,13,1,5,322,2.0,0.1295,0.485
5792,15,2,1,13,1.0,0.7778,0.36
5793,15,1,5,109,4.0,0.4404,0.335
5794,1,1,4,269,4.0,-0.4215,0.5036
5795,23,1,4,378,4.0,-0.4215,0.5036
5796,23,1,5,781,4.0,0.2682,0.335
5797,17,2,7,853,3.0,-0.765,0.7160000000000002
5798,5,1,1,351,4.0,0.4588,0.135
5799,12,2,2,1069,3.0,0.4404,0.41
5800,17,2,6,656,3.0,0.2263,0.41
5801,2,1,1,374,4.0,-0.5096,0.33884
5802,23,1,1,753,5.0,-0.0258,0.07032
5803,14,1,5,638,4.0,0.4404,0.335
5804,15,2,2,608,2.0,0.5719,0.485
5805,8,2,1,114,4.0,0.0,0.135
5806,2,1,1,774,4.0,0.4404,0.135
5807,11,1,2,197,2.0,0.5859,0.485
5808,1,1,6,1032,2.0,-0.5096,0.6888400000000001
5809,1,2,7,525,1.0,-0.765,0.8660000000000001
5810,6,2,4,575,5.0,-0.4215,0.4286
5811,5,2,9,996,3.0,0.2263,0.41
5812,14,2,1,265,4.0,0.0,0.135
5813,12,1,6,346,3.0,-0.5096,0.6138400000000002
5814,12,2,1,712,5.0,0.0,0.06
5815,17,1,5,912,2.0,0.4404,0.485
5816,3,2,1,315,4.0,-0.5096,0.33884
5817,14,2,1,581,5.0,0.5719,0.06
5818,5,2,1,323,4.0,0.2263,0.135
5819,15,1,1,529,5.0,0.2263,0.06
5820,11,2,1,104,4.0,0.4215,0.135
5821,23,2,1,647,5.0,0.0516,0.06
5822,6,2,2,727,2.0,0.0772,0.485
5823,13,1,1,367,4.0,0.0,0.135
5824,3,1,4,962,5.0,-0.4215,0.4286
5825,22,1,1,32,4.0,-0.1877,0.21008
5826,12,2,8,571,5.0,-0.4215,0.4286
5827,17,1,1,772,4.0,-0.0772,0.16588
5828,12,2,10,521,5.0,-0.4215,0.4286
5829,11,2,5,876,4.0,-0.5096,0.53884
5830,2,2,3,630,4.0,-0.6167,0.58168
5831,8,1,5,900,5.0,0.3182,0.26
5832,14,2,6,993,1.0,-0.7351,0.8540400000000001
5833,6,1,4,25,3.0,-0.5423,0.6269200000000001
5834,3,2,1,216,3.0,0.0,0.21
5835,2,2,2,458,1.0,0.1043,0.56
5836,2,1,1,881,5.0,0.4404,0.06
5837,23,1,4,1029,5.0,-0.765,0.5660000000000001
5838,5,1,1,1080,4.0,0.2732,0.135
5839,5,2,1,658,2.0,0.5719,0.285
5840,9,1,5,355,4.0,-0.5096,0.53884
5841,14,1,1,479,3.0,-0.7641,0.5156400000000001
5842,23,2,1,644,2.0,-0.6698,0.55292
5843,23,2,8,410,4.0,0.25,0.335
5844,5,2,11,360,5.0,0.4404,0.26
5845,14,2,5,32,5.0,0.0,0.26
5846,17,1,4,201,2.0,0.1027,0.485
5847,3,2,1,344,4.0,0.0516,0.135
5848,2,2,1,561,5.0,0.2263,0.06
5849,17,2,1,203,4.0,0.5719,0.135
5850,15,2,1,680,5.0,0.4404,0.06
5851,8,1,7,272,2.0,-0.765,0.7910000000000001
5852,17,1,10,303,4.0,-0.4215,0.5036
5853,15,2,6,2,2.0,0.4215,0.485
5854,13,2,1,232,2.0,0.5719,0.285
5855,15,1,1,915,5.0,-0.6759,0.33036
5856,3,2,1,415,3.0,0.4019,0.21
5857,13,1,5,677,4.0,0.4404,0.335
5858,17,2,8,904,5.0,0.2263,0.26
5859,3,1,1,824,5.0,0.6705,0.06
5860,8,1,2,58,2.0,0.5719,0.485
5861,3,1,5,810,4.0,0.4019,0.335
5862,15,2,1,825,4.0,0.6908,0.135
5863,11,1,6,577,2.0,0.6705,0.485
5864,1,2,4,175,5.0,-0.5859,0.49436
5865,8,2,9,65,2.0,0.7269,0.485
5866,5,2,5,428,3.0,-0.4215,0.5786
5867,22,2,9,975,2.0,-0.0516,0.50564
5868,5,2,6,931,1.0,-0.3818,0.71272
5869,2,2,7,527,3.0,0.1531,0.41
5870,13,1,1,134,5.0,0.5719,0.06
5871,11,2,4,1019,4.0,-0.4215,0.5036
5872,4,1,7,238,2.0,-0.7526,0.7860400000000001
5873,13,1,6,271,1.0,0.2263,0.56
5874,11,1,1,700,3.0,0.1531,0.21
5875,6,1,1,751,2.0,0.0,0.285
5876,3,2,7,577,2.0,-0.4767,0.6756800000000001
5877,8,2,6,790,3.0,0.2263,0.41
5878,1,2,1,915,5.0,0.4404,0.06
5879,11,1,1,117,4.0,0.6249,0.135
5880,5,1,6,675,3.0,0.1531,0.41
5881,1,1,1,44,4.0,0.2263,0.135
5882,1,1,4,162,4.0,-0.4215,0.5036
5883,3,2,1,267,4.0,0.7003,0.135
5884,1,2,1,1092,5.0,0.3818,0.06
5885,3,1,4,1042,4.0,-0.4215,0.5036
5886,19,2,2,209,5.0,0.5859,0.26
5887,5,1,2,120,2.0,-0.34,0.621
5888,3,1,7,685,5.0,-0.4215,0.4286
5889,5,1,1,368,4.0,0.4767,0.135
5890,1,2,2,906,3.0,-0.5096,0.6138400000000002
5891,2,1,1,92,5.0,0.0,0.06
5892,4,1,1,109,4.0,0.1154,0.135
5893,25,2,1,519,3.0,0.7778,0.21
5894,3,1,1,749,4.0,0.5719,0.135
5895,12,2,1,19,5.0,0.4404,0.06
5896,2,1,4,677,4.0,-0.4215,0.5036
5897,13,2,1,1029,4.0,0.7184,0.135
5898,3,1,3,848,3.0,0.2263,0.41
5899,11,2,1,930,5.0,0.4404,0.06
5900,9,1,9,956,2.0,-0.2732,0.5942799999999999
5901,3,1,6,64,2.0,-0.128,0.5362
5902,2,2,1,141,4.0,0.891,0.135
5903,12,2,4,747,5.0,-0.4215,0.4286
5904,2,2,1,777,1.0,-0.0243,0.36972
5905,13,1,5,241,4.0,-0.5423,0.55192
5906,9,2,5,44,4.0,-0.5423,0.55192
5907,9,1,4,539,1.0,-0.5423,0.77692
5908,22,1,6,390,3.0,0.2023,0.41
5909,23,2,4,677,4.0,-0.34,0.471
5910,4,2,6,141,3.0,0.6249,0.41
5911,23,2,1,917,5.0,0.2023,0.06
5912,12,2,1,790,3.0,0.5719,0.21
5913,13,1,9,598,2.0,0.2263,0.485
5914,9,2,2,762,3.0,-0.5096,0.6138400000000002
5915,18,1,8,737,3.0,0.0,0.41
5916,5,1,1,194,3.0,0.2263,0.21
5917,9,2,4,957,5.0,-0.765,0.5660000000000001
5918,7,1,1,489,3.0,0.7579,0.21
5919,2,1,7,1066,3.0,-0.7096,0.69384
5920,6,1,1,369,1.0,0.34,0.36
5921,12,2,4,239,5.0,-0.4215,0.4286
5922,12,1,1,736,4.0,-0.5096,0.33884
5923,9,2,9,102,1.0,0.2263,0.56
5924,11,1,1,705,4.0,0.2263,0.135
5925,2,1,1,1033,3.0,0.5719,0.21
5926,9,1,4,392,5.0,0.2263,0.26
5927,13,2,2,22,1.0,-0.6124,0.8049600000000001
5928,9,2,9,148,3.0,0.4404,0.41
5929,22,2,2,288,3.0,0.2023,0.41
5930,13,1,4,1013,5.0,-0.5423,0.47692
5931,15,2,6,345,3.0,-0.4031,0.57124
5932,15,1,4,528,4.0,-0.2732,0.44428
5933,1,2,8,778,5.0,0.4404,0.26
5934,8,1,1,507,3.0,-0.5096,0.41384
5935,1,2,6,955,2.0,-0.7179,0.77216
5936,9,1,4,639,3.0,-0.5423,0.6269200000000001
5937,17,1,3,492,3.0,-0.5448,0.62792
5938,14,1,1,1019,3.0,0.5719,0.21
5939,11,1,1,530,5.0,0.5719,0.06
5940,15,2,9,290,3.0,0.296,0.41
5941,13,2,2,383,2.0,0.2263,0.485
5942,5,2,1,702,5.0,0.7927,0.06
5943,25,2,1,774,4.0,0.4201,0.135
5944,11,1,3,636,1.0,0.0,0.56
5945,13,1,1,824,2.0,0.2263,0.285
5946,1,1,3,578,3.0,0.4404,0.41
5947,22,1,6,333,1.0,0.0516,0.56
5948,13,2,5,570,4.0,0.2263,0.335
5949,5,2,1,805,1.0,0.802,0.36
5950,3,2,3,1001,3.0,0.2263,0.41
5951,4,1,1,814,4.0,0.3612,0.135
5952,1,1,5,42,5.0,-0.5096,0.46384
5953,11,2,1,593,5.0,0.0,0.06
5954,5,1,1,961,5.0,0.4404,0.06
5955,12,2,4,932,4.0,-0.765,0.641
5956,6,2,7,83,3.0,-0.7096,0.69384
5957,23,2,7,108,5.0,-0.4215,0.4286
5958,11,2,4,63,3.0,-0.5423,0.6269200000000001
5959,12,1,1,678,5.0,0.34,0.06
5960,8,2,1,1084,3.0,0.0,0.21
5961,6,2,1,263,5.0,0.34,0.06
5962,9,2,5,1064,4.0,0.7717,0.335
5963,12,1,1,1065,4.0,0.7351,0.135
5964,15,2,6,929,1.0,0.1779,0.56
5965,2,2,1,271,5.0,0.0,0.06
5966,12,1,4,722,4.0,-0.5423,0.55192
5967,23,2,1,749,3.0,-0.5096,0.41384
5968,11,1,1,1080,4.0,-0.5096,0.33884
5969,17,2,4,91,5.0,-0.4215,0.4286
5970,15,1,7,35,5.0,0.891,0.26
5971,6,1,1,171,4.0,0.5719,0.135
5972,17,1,1,321,5.0,0.6124,0.06
5973,23,1,4,247,3.0,-0.5423,0.6269200000000001
5974,15,1,1,54,4.0,0.5267,0.135
5975,6,1,4,101,4.0,-0.4939,0.53256
5976,2,1,5,97,3.0,0.5719,0.41
5977,1,2,7,1087,3.0,-0.765,0.7160000000000002
5978,14,1,3,49,2.0,0.2263,0.485
5979,13,2,4,35,5.0,-0.4215,0.4286
5980,4,2,4,1036,4.0,0.0516,0.335
5981,3,2,5,706,1.0,-0.4215,0.7286000000000001
5982,13,2,6,363,2.0,-0.7179,0.77216
5983,12,1,9,102,3.0,0.5719,0.41
5984,15,1,4,414,4.0,-0.6124,0.57996
5985,1,2,1,1011,4.0,0.5859,0.135
5986,15,1,7,885,2.0,0.1531,0.485
5987,8,1,3,580,3.0,-0.5096,0.6138400000000002
5988,23,2,1,149,4.0,-0.5096,0.33884
5989,22,2,4,220,5.0,-0.743,0.5572
5990,20,2,1,691,5.0,0.0,0.06
5991,8,2,6,992,3.0,-0.4019,0.5707600000000002
5992,13,1,10,226,4.0,-0.5423,0.55192
5993,17,2,8,17,3.0,-0.2263,0.5005200000000001
5994,5,1,1,992,4.0,0.5719,0.135
5995,23,2,1,147,4.0,0.0,0.135
5996,6,2,4,703,5.0,-0.4215,0.4286
5997,4,1,2,992,3.0,0.4404,0.41
5998,6,2,9,45,2.0,0.4404,0.485
5999,17,1,5,186,4.0,0.5574,0.335
6000,22,2,7,649,3.0,-0.3182,0.53728
6001,3,1,1,286,5.0,0.5994,0.06
6002,5,1,1,863,4.0,-0.709,0.4186
6003,9,1,1,946,3.0,0.8126,0.21
6004,6,1,7,19,5.0,0.5719,0.26
6005,8,1,5,240,3.0,-0.5423,0.6269200000000001
6006,1,2,1,939,3.0,0.2263,0.21
6007,5,2,1,382,5.0,0.7845,0.06
6008,6,1,3,509,3.0,-0.2732,0.51928
6009,10,1,1,413,2.0,0.7778,0.285
6010,8,2,1,602,5.0,0.5719,0.06
6011,4,1,2,699,2.0,-0.5423,0.7019200000000001
6012,12,2,6,199,1.0,0.0,0.56
6013,1,1,4,1061,5.0,-0.4215,0.4286
6014,15,1,1,785,2.0,0.4728,0.285
6015,15,2,5,137,2.0,-0.5096,0.6888400000000001
6016,5,2,1,605,3.0,0.5719,0.21
6017,1,1,4,838,5.0,-0.4215,0.4286
6018,6,2,1,502,4.0,0.4404,0.135
6019,23,2,1,633,4.0,0.8074,0.135
6020,22,2,2,62,3.0,0.4588,0.41
6021,13,1,1,941,4.0,0.5719,0.135
6022,13,1,5,390,4.0,0.3182,0.335
6023,4,1,1,330,4.0,0.1531,0.135
6024,8,2,5,10,4.0,0.34,0.335
6025,5,1,1,553,4.0,0.4939,0.135
6026,14,2,4,977,4.0,-0.4215,0.5036
6027,3,1,6,605,3.0,-0.2023,0.49092
6028,11,2,1,741,4.0,-0.5096,0.33884
6029,8,1,4,936,2.0,-0.4215,0.6536
6030,13,1,2,76,3.0,-0.5096,0.6138400000000002
6031,6,1,6,887,3.0,-0.7179,0.69716
6032,1,2,5,57,4.0,0.8176,0.335
6033,3,1,4,782,5.0,-0.5423,0.47692
6034,6,1,6,1068,3.0,-0.7179,0.69716
6035,11,1,4,650,4.0,-0.5423,0.55192
6036,15,1,3,537,2.0,0.6369,0.485
6037,6,2,9,637,3.0,0.5719,0.41
6038,22,2,1,951,5.0,-0.4203,0.22812
6039,9,2,4,466,5.0,-0.4215,0.4286
6040,12,1,1,290,4.0,0.6705,0.135
6041,15,1,7,460,1.0,-0.8441,0.89764
6042,22,1,6,915,3.0,-0.4215,0.5786
6043,2,1,9,497,2.0,0.5719,0.485
6044,5,1,4,342,5.0,0.1027,0.26
6045,4,1,7,182,4.0,-0.5423,0.55192
6046,1,2,4,306,5.0,-0.0772,0.29088
6047,15,1,7,1092,3.0,-0.765,0.7160000000000002
6048,14,2,1,1008,4.0,0.0,0.135
6049,6,1,1,79,2.0,0.5719,0.285
6050,5,1,7,142,3.0,-0.8589,0.75356
6051,9,1,1,426,4.0,0.5719,0.135
6052,11,1,1,313,4.0,0.743,0.135
6053,22,2,5,296,4.0,0.0276,0.335
6054,23,2,4,271,3.0,-0.4939,0.6075600000000001
6055,11,2,6,818,3.0,-0.4929,0.6071600000000001
6056,17,2,2,757,3.0,-0.7779,0.72116
6057,23,2,1,264,4.0,-0.6759,0.40536
6058,2,1,5,433,4.0,-0.9104,0.69916
6059,8,1,1,295,3.0,0.0,0.21
6060,4,2,1,897,4.0,0.5719,0.135
6061,23,2,1,660,5.0,0.7845,0.06
6062,17,1,1,491,2.0,0.4404,0.285
6063,5,1,8,212,3.0,0.5719,0.41
6064,14,2,3,1026,1.0,-0.4215,0.7286000000000001
6065,8,2,6,920,1.0,0.5719,0.56
6066,15,1,1,186,5.0,-0.0516,0.08064
6067,3,1,8,998,2.0,0.8126,0.485
6068,2,1,1,576,4.0,0.7717,0.135
6069,4,2,4,481,4.0,-0.5423,0.55192
6070,2,1,3,1081,2.0,0.0,0.485
6071,4,1,4,454,5.0,-0.3182,0.38728
6072,15,2,1,191,5.0,0.0,0.06
6073,17,1,3,437,2.0,0.4404,0.485
6074,6,1,6,243,5.0,0.0,0.26
6075,23,1,4,633,5.0,-0.5423,0.47692
6076,5,1,1,329,4.0,0.3612,0.135
6077,13,1,5,383,4.0,0.0,0.335
6078,15,2,9,630,4.0,0.6908,0.335
6079,8,2,6,705,3.0,-0.296,0.5284
6080,17,2,6,916,1.0,0.2263,0.56
6081,8,1,1,1071,4.0,-0.0772,0.16588
6082,22,1,1,806,3.0,-0.4019,0.37076
6083,12,1,9,36,2.0,-0.5423,0.7019200000000001
6084,12,1,5,1089,5.0,0.4404,0.26
6085,13,1,3,199,2.0,0.802,0.485
6086,8,1,1,1048,4.0,0.3182,0.135
6087,2,2,6,84,2.0,-0.5423,0.7019200000000001
6088,7,1,1,931,1.0,0.0,0.36
6089,5,1,4,933,3.0,-0.4215,0.5786
6090,14,2,4,52,4.0,-0.5423,0.55192
6091,11,2,9,678,3.0,0.5719,0.41
6092,17,1,3,583,2.0,0.128,0.485
6093,4,2,5,1069,4.0,0.7506,0.335
6094,17,2,1,93,5.0,0.5719,0.06
6095,13,2,1,964,5.0,0.0,0.06
6096,23,2,5,212,4.0,-0.5423,0.55192
6097,23,2,6,545,3.0,-0.5423,0.6269200000000001
6098,3,2,5,204,4.0,0.0,0.335
6099,13,2,4,848,4.0,-0.3612,0.47948
6100,9,2,9,62,1.0,0.4404,0.56
6101,1,1,1,698,4.0,0.6908,0.135
6102,1,1,1,392,1.0,0.128,0.36
6103,9,2,9,390,1.0,0.5719,0.56
6104,3,2,5,745,4.0,0.128,0.335
6105,9,1,1,885,4.0,0.7845,0.135
6106,2,1,1,321,4.0,0.0,0.135
6107,9,1,1,516,4.0,0.2263,0.135
6108,5,1,1,741,5.0,0.2263,0.06
6109,5,1,2,395,3.0,0.2263,0.41
6110,4,2,1,900,5.0,-0.5216,0.26864
6111,8,1,6,936,3.0,0.0258,0.41
6112,22,2,6,1066,3.0,0.6486,0.41
6113,17,1,6,900,3.0,-0.2249,0.49996
6114,12,1,9,854,2.0,0.5267,0.485
6115,22,2,9,567,1.0,0.4767,0.56
6116,15,2,7,723,3.0,-0.7502,0.71008
6117,4,2,3,1093,3.0,0.3612,0.41
6118,6,1,7,84,4.0,0.8074,0.335
6119,9,1,1,787,5.0,0.5719,0.06
6120,8,1,4,232,4.0,0.0772,0.335
6121,9,1,7,592,3.0,-0.296,0.5284
6122,8,2,1,912,4.0,0.7717,0.135
6123,9,2,1,54,4.0,0.5719,0.135
6124,2,2,1,877,3.0,0.5719,0.21
6125,9,2,5,958,5.0,0.0,0.26
6126,17,1,5,828,4.0,0.836,0.335
6127,8,2,5,606,5.0,0.5994,0.26
6128,23,1,3,710,2.0,-0.5096,0.6888400000000001
6129,9,1,1,133,4.0,0.7845,0.135
6130,1,2,6,380,2.0,-0.8586,0.8284400000000001
6131,6,1,2,509,3.0,-0.7347,0.7038800000000001
6132,15,2,6,677,3.0,0.0258,0.41
6133,3,1,6,725,1.0,0.4939,0.56
6134,9,1,5,314,5.0,-0.2486,0.35944
6135,17,2,1,998,3.0,0.0015,0.21
6136,12,2,4,125,4.0,-0.296,0.4534
6137,25,1,1,779,3.0,0.0,0.21
6138,17,2,1,794,4.0,-0.5096,0.33884
6139,6,2,1,864,5.0,0.5719,0.06
6140,22,2,4,543,1.0,-0.7779,0.8711600000000002
6141,11,2,4,950,3.0,-0.1779,0.48116
6142,11,2,8,452,4.0,0.5719,0.335
6143,15,1,1,510,4.0,0.6908,0.135
6144,1,1,7,709,3.0,0.1531,0.41
6145,8,1,4,803,3.0,-0.483,0.6032
6146,4,1,5,713,4.0,0.5574,0.335
6147,15,1,3,776,2.0,-0.5423,0.7019200000000001
6148,14,1,6,838,1.0,0.0,0.56
6149,12,1,8,8,4.0,-0.6902,0.6110800000000001
6150,6,1,1,216,4.0,-0.5096,0.33884
6151,23,2,6,1017,2.0,-0.7179,0.77216
6152,6,2,4,1020,4.0,0.1779,0.335
6153,1,1,2,547,1.0,0.2732,0.56
6154,12,2,5,775,5.0,-0.4215,0.4286
6155,14,2,1,176,2.0,0.2263,0.285
6156,22,2,4,194,4.0,-0.0772,0.36588
6157,13,2,4,476,4.0,-0.2263,0.42552
6158,9,1,1,118,3.0,0.6249,0.21
6159,9,1,3,273,3.0,0.0258,0.41
6160,13,2,1,844,4.0,0.2263,0.135
6161,11,2,4,393,5.0,-0.128,0.3112
6162,3,1,6,230,3.0,0.5719,0.41
6163,9,2,1,1046,4.0,-0.5096,0.33884
6164,3,2,1,948,5.0,0.5994,0.06
6165,13,2,7,40,3.0,-0.0516,0.4306399999999999
6166,12,2,1,829,1.0,-0.34,0.496
6167,8,1,1,160,4.0,0.7906,0.135
6168,15,1,4,901,2.0,0.0258,0.485
6169,5,2,1,1018,4.0,0.0,0.135
6170,8,2,1,404,4.0,0.6956,0.135
6171,17,1,2,801,1.0,0.4019,0.56
6172,11,2,4,146,4.0,-0.4588,0.5185200000000001
6173,1,1,7,595,1.0,-0.5719,0.7887600000000001
6174,15,2,4,1075,4.0,-0.4215,0.5036
6175,8,1,7,823,3.0,-0.6597,0.67388
6176,5,1,1,1072,5.0,0.5719,0.06
6177,15,2,1,640,4.0,0.6801,0.135
6178,11,2,1,319,4.0,0.4404,0.135
6179,22,2,4,390,2.0,-0.4215,0.6536
6180,9,2,5,290,3.0,0.0276,0.41
6181,17,2,1,258,1.0,0.7351,0.36
6182,14,2,5,328,4.0,0.6705,0.335
6183,5,1,1,125,3.0,0.5719,0.21
6184,3,2,9,961,3.0,-0.0772,0.44088
6185,23,2,1,865,4.0,-0.5096,0.33884
6186,15,2,3,838,1.0,0.3612,0.56
6187,13,2,9,336,3.0,0.2263,0.41
6188,17,2,4,160,4.0,0.3612,0.335
6189,1,1,4,490,4.0,-0.6486,0.5944400000000001
6190,9,1,9,759,3.0,-0.4215,0.5786
6191,3,2,1,425,4.0,0.4404,0.135
6192,8,1,6,1088,3.0,0.25,0.41
6193,4,2,1,498,4.0,0.6369,0.135
6194,2,2,4,856,4.0,-0.296,0.4534
6195,13,2,7,547,3.0,-0.4767,0.6006800000000001
6196,2,2,4,88,4.0,-0.6124,0.57996
6197,8,1,3,273,3.0,-0.2023,0.49092
6198,9,1,7,1076,1.0,-0.7096,0.8438400000000001
6199,22,1,1,511,1.0,-0.5096,0.5638400000000001
6200,1,1,1,972,3.0,0.875,0.21
6201,5,2,5,190,4.0,0.5423,0.335
6202,9,1,6,574,3.0,0.7906,0.41
6203,1,2,1,962,3.0,-0.5096,0.41384
6204,4,2,1,200,3.0,-0.5096,0.41384
6205,15,2,1,836,5.0,0.7906,0.06
6206,14,1,4,663,5.0,-0.6597,0.52388
6207,5,2,4,855,4.0,-0.5423,0.55192
6208,15,2,2,112,3.0,0.4404,0.41
6209,22,2,9,156,4.0,-0.4215,0.5036
6210,22,1,1,1005,3.0,0.5719,0.21
6211,22,1,1,450,5.0,0.2263,0.06
6212,23,2,1,628,4.0,0.0,0.135
6213,2,2,6,507,2.0,-0.2486,0.5844400000000001
6214,3,2,1,514,5.0,0.0,0.06
6215,2,1,1,861,5.0,0.8316,0.06
6216,15,1,1,737,4.0,0.7717,0.135
6217,4,2,1,515,4.0,0.6808,0.135
6218,13,2,1,697,4.0,0.1027,0.135
6219,23,2,1,853,4.0,0.6705,0.135
6220,4,1,3,370,1.0,0.5719,0.56
6221,23,2,9,33,3.0,0.2263,0.41
6222,22,2,1,358,5.0,0.4404,0.06
6223,17,1,1,725,5.0,-0.5096,0.26384
6224,22,2,1,179,1.0,0.2023,0.36
6225,23,1,6,284,3.0,-0.5096,0.6138400000000002
6226,4,2,4,627,4.0,-0.4215,0.5036
6227,1,2,1,449,4.0,0.7717,0.135
6228,8,1,6,367,3.0,0.4404,0.41
6229,6,2,2,2,3.0,-0.6147,0.65588
6230,3,2,1,417,4.0,0.4404,0.135
6231,9,2,5,74,4.0,-0.5423,0.55192
6232,23,1,4,1063,3.0,-0.5423,0.6269200000000001
6233,22,2,1,238,4.0,0.5719,0.135
6234,13,2,4,965,4.0,0.1027,0.335
6235,17,2,11,1078,4.0,0.5106,0.335
6236,14,2,4,1051,5.0,-0.4404,0.43616
6237,3,2,4,108,5.0,-0.5423,0.47692
6238,9,2,6,309,2.0,-0.2023,0.56592
6239,6,1,5,329,4.0,-0.25,0.435
6240,5,1,1,901,4.0,0.7184,0.135
6241,9,2,9,881,3.0,0.4404,0.41
6242,2,2,1,349,4.0,0.4404,0.135
6243,9,2,5,340,5.0,-0.5423,0.47692
6244,4,1,5,625,3.0,-0.4215,0.5786
6245,8,2,1,929,4.0,0.7717,0.135
6246,4,2,4,513,5.0,-0.1779,0.33116
6247,2,1,1,433,5.0,0.6486,0.06
6248,5,1,1,6,5.0,0.6808,0.06
6249,23,2,1,1005,5.0,0.25,0.06
6250,17,2,1,904,4.0,0.0,0.135
6251,2,1,1,287,3.0,-0.5096,0.41384
6252,8,1,6,711,1.0,-0.7179,0.8471600000000001
6253,3,1,3,19,3.0,0.0,0.41
6254,15,2,9,374,2.0,0.0,0.485
6255,24,1,9,835,2.0,0.0,0.485
6256,15,1,1,29,3.0,0.3182,0.21
6257,12,2,2,328,2.0,0.5719,0.485
6258,1,2,10,745,5.0,-0.5423,0.47692
6259,17,1,2,1007,1.0,0.5859,0.56
6260,17,2,4,794,5.0,-0.1531,0.32124
6261,22,1,3,812,2.0,0.6808,0.485
6262,3,2,5,21,1.0,0.0,0.56
6263,4,1,1,988,3.0,-0.5096,0.41384
6264,9,2,4,948,4.0,0.0258,0.335
6265,9,2,4,421,4.0,-0.4215,0.5036
6266,3,1,6,943,3.0,-0.5096,0.6138400000000002
6267,5,2,4,8,5.0,-0.4215,0.4286
6268,3,1,2,1094,3.0,-0.5423,0.6269200000000001
6269,13,2,1,1026,5.0,0.5719,0.06
6270,5,2,1,354,4.0,0.5719,0.135
6271,13,2,1,712,5.0,0.0,0.06
6272,1,2,1,1067,4.0,0.2263,0.135
6273,12,2,4,316,5.0,0.1531,0.26
6274,22,1,7,65,3.0,-0.1779,0.48116
6275,9,1,5,505,4.0,0.4404,0.335
6276,23,2,1,626,4.0,0.1779,0.135
6277,12,1,1,358,5.0,-0.4508,0.24032
6278,9,1,6,270,4.0,0.6597,0.335
6279,13,1,2,737,3.0,0.0258,0.41
6280,9,1,3,616,2.0,-0.2732,0.5942799999999999
6281,8,2,1,725,4.0,0.0,0.135
6282,9,1,4,974,4.0,-0.5423,0.55192
6283,14,1,4,511,4.0,-0.2023,0.41592
6284,17,2,4,610,3.0,-0.7845,0.7238
6285,8,2,9,307,3.0,0.4404,0.41
6286,13,1,1,904,4.0,0.2263,0.135
6287,2,2,4,943,5.0,-0.5423,0.47692
6288,17,1,6,866,3.0,0.0,0.41
6289,12,1,9,739,4.0,-0.5423,0.55192
6290,12,1,4,801,5.0,-0.5423,0.47692
6291,2,1,1,401,5.0,0.4404,0.06
6292,11,2,1,371,4.0,0.0,0.135
6293,13,1,1,555,5.0,-0.3387,0.19548
6294,23,2,1,441,5.0,0.2263,0.06
6295,12,1,10,645,4.0,0.4939,0.335
6296,15,1,4,353,5.0,-0.3071,0.38284
6297,11,1,3,6,4.0,0.2263,0.335
6298,17,1,11,870,5.0,-0.0258,0.27032
6299,14,2,5,827,4.0,0.4404,0.335
6300,8,1,1,535,5.0,0.6705,0.06
6301,12,1,1,1082,5.0,0.765,0.06
6302,2,2,1,376,4.0,0.6249,0.135
6303,23,1,1,1090,4.0,0.4404,0.135
6304,23,2,1,347,5.0,0.0,0.06
6305,9,1,1,70,5.0,-0.5096,0.26384
6306,5,1,5,946,5.0,-0.5096,0.46384
6307,14,2,3,1037,3.0,0.2732,0.41
6308,1,1,5,22,3.0,0.4404,0.41
6309,3,2,4,872,5.0,0.5859,0.26
6310,2,2,1,597,4.0,-0.5096,0.33884
6311,24,1,5,353,1.0,-0.4767,0.75068
6312,17,1,4,567,4.0,-0.128,0.3862
6313,2,2,4,60,4.0,0.4404,0.335
6314,4,2,4,657,5.0,-0.4215,0.4286
6315,8,2,10,297,5.0,-0.5096,0.46384
6316,17,1,1,217,4.0,0.0772,0.135
6317,9,2,6,94,3.0,0.25,0.41
6318,15,1,1,46,5.0,-0.3296,0.19184
6319,23,1,5,712,4.0,-0.5096,0.53884
6320,5,1,9,752,1.0,0.4404,0.56
6321,9,1,1,646,1.0,0.2263,0.36
6322,13,2,6,336,1.0,0.5719,0.56
6323,17,2,1,560,3.0,-0.1695,0.2778
6324,15,2,9,1048,2.0,-0.0772,0.51588
6325,6,1,2,432,3.0,0.5574,0.41
6326,4,1,4,16,5.0,0.128,0.26
6327,3,1,7,542,3.0,-0.8316,0.7426400000000002
6328,2,2,1,594,4.0,0.6486,0.135
6329,2,2,9,1003,3.0,0.5267,0.41
6330,11,2,4,234,5.0,-0.5423,0.47692
6331,11,1,1,600,4.0,0.0258,0.135
6332,23,1,5,557,5.0,-0.5096,0.46384
6333,2,2,1,588,2.0,0.3612,0.285
6334,9,1,1,1062,4.0,-0.0516,0.15564
6335,4,1,1,288,4.0,0.1265,0.135
6336,5,2,7,522,4.0,0.5719,0.335
6337,17,2,3,4,3.0,0.6705,0.41
6338,12,1,3,468,2.0,-0.2023,0.56592
6339,9,1,7,495,3.0,-0.6808,0.68232
6340,15,1,1,380,4.0,0.5719,0.135
6341,17,2,4,985,4.0,-0.128,0.3862
6342,9,1,1,1085,5.0,0.296,0.06
6343,9,1,3,41,3.0,0.5719,0.41
6344,2,1,10,807,4.0,0.5719,0.335
6345,8,1,4,315,4.0,-0.4939,0.53256
6346,14,2,1,1041,5.0,0.5719,0.06
6347,3,2,5,778,4.0,0.4576,0.335
6348,11,1,1,495,5.0,-0.1139,0.10556
6349,14,1,1,137,4.0,-0.3182,0.26228
6350,5,1,1,740,4.0,0.2263,0.135
6351,5,1,7,485,2.0,-0.7096,0.76884
6352,12,2,9,1047,3.0,-0.4215,0.5786
6353,23,1,6,51,2.0,0.0516,0.485
6354,22,2,4,206,4.0,-0.4215,0.5036
6355,5,1,1,767,4.0,0.0,0.135
6356,8,2,1,391,4.0,-0.6698,0.40292
6357,11,2,4,641,4.0,-0.1531,0.39624
6358,9,2,6,422,2.0,0.0516,0.485
6359,2,1,3,835,1.0,0.2263,0.56
6360,19,2,5,59,3.0,0.0,0.41
6361,11,2,4,1064,4.0,-0.4215,0.5036
6362,9,1,1,412,4.0,0.2263,0.135
6363,9,1,1,505,5.0,0.0516,0.06
6364,1,2,5,18,4.0,0.0,0.335
6365,9,1,2,1077,2.0,0.0772,0.485
6366,4,2,7,891,1.0,0.6597,0.56
6367,1,1,4,881,1.0,0.0772,0.56
6368,9,1,5,595,4.0,0.7579,0.335
6369,17,2,7,857,4.0,-0.25,0.435
6370,3,2,4,775,3.0,-0.6124,0.65496
6371,12,2,1,155,3.0,-0.6591,0.47364
6372,3,2,1,1065,3.0,0.4404,0.21
6373,1,1,1,181,1.0,0.4404,0.36
6374,18,1,1,165,5.0,0.7778,0.06
6375,17,1,6,986,3.0,-0.25,0.51
6376,15,2,4,464,2.0,0.6808,0.485
6377,23,1,4,228,3.0,0.25,0.41
6378,2,2,4,333,4.0,-0.6124,0.57996
6379,2,1,1,922,3.0,0.6124,0.21
6380,6,2,1,693,4.0,-0.5096,0.33884
6381,14,2,1,1040,1.0,0.4939,0.36
6382,11,2,4,993,5.0,-0.4215,0.4286
6383,12,2,5,409,4.0,0.4404,0.335
6384,14,1,1,827,4.0,0.3818,0.135
6385,4,1,6,1056,3.0,0.0516,0.41
6386,13,2,1,657,3.0,0.0,0.21
6387,2,1,6,586,1.0,-0.7179,0.8471600000000001
6388,2,2,5,892,5.0,-0.4215,0.4286
6389,8,1,1,725,4.0,-0.25,0.235
6390,11,2,2,1011,2.0,0.4404,0.485
6391,5,2,4,290,4.0,-0.5719,0.56376
6392,6,1,1,25,5.0,-0.5096,0.26384
6393,6,1,4,51,1.0,-0.5423,0.77692
6394,8,1,1,7,2.0,0.0,0.285
6395,8,2,10,437,4.0,0.0,0.335
6396,4,2,6,283,3.0,-0.3818,0.5627200000000001
6397,13,1,10,1052,4.0,0.0516,0.335
6398,3,2,5,938,5.0,-0.743,0.5572
6399,8,1,1,776,5.0,0.3182,0.06
6400,13,2,6,871,1.0,-0.7351,0.8540400000000001
6401,3,2,6,950,3.0,0.8126,0.41
6402,15,1,4,519,2.0,-0.5423,0.7019200000000001
6403,4,1,6,1062,2.0,-0.3818,0.6377200000000001
6404,5,2,6,952,3.0,-0.5096,0.6138400000000002
6405,13,1,1,763,4.0,0.5719,0.135
6406,11,2,6,679,3.0,-0.4215,0.5786
6407,5,2,1,233,5.0,0.5574,0.06
6408,1,1,6,485,3.0,-0.4215,0.5786
6409,8,2,1,916,4.0,0.2263,0.135
6410,4,1,4,997,4.0,0.2732,0.335
6411,2,2,1,136,4.0,-0.6591,0.39864
6412,15,2,7,693,4.0,0.5719,0.335
6413,13,2,3,817,3.0,0.4404,0.41
6414,3,2,5,340,4.0,-0.4215,0.5036
6415,6,1,6,1019,3.0,0.25,0.41
6416,13,2,1,1039,5.0,0.25,0.06
6417,12,1,4,1042,3.0,-0.5423,0.6269200000000001
6418,8,1,4,683,5.0,-0.5423,0.47692
6419,9,1,3,468,2.0,-0.5096,0.6888400000000001
6420,20,2,10,527,1.0,0.5859,0.56
6421,8,2,9,296,3.0,0.4404,0.41
6422,15,2,1,899,3.0,0.4215,0.21
6423,14,2,1,552,4.0,-0.7184,0.42236
6424,5,1,1,1088,5.0,0.5719,0.06
6425,3,1,1,120,4.0,0.6705,0.135
6426,9,1,4,873,2.0,-0.6908,0.76132
6427,9,1,1,54,5.0,0.4404,0.06
6428,5,1,1,701,5.0,0.5994,0.06
6429,6,2,4,978,5.0,-0.4215,0.4286
6430,4,1,4,361,1.0,0.0,0.56
6431,15,1,5,1,5.0,0.4404,0.26
6432,12,2,4,754,4.0,-0.5423,0.55192
6433,1,1,5,753,3.0,0.4939,0.41
6434,13,2,1,498,4.0,0.765,0.135
6435,10,1,1,322,2.0,0.0,0.285
6436,12,2,2,975,3.0,-0.3182,0.53728
6437,1,1,1,879,4.0,0.8625,0.135
6438,4,1,1,894,4.0,0.2263,0.135
6439,6,1,11,689,3.0,0.5719,0.41
6440,11,2,6,708,3.0,-0.6705,0.6782000000000001
6441,2,1,5,924,4.0,0.4404,0.335
6442,23,1,6,771,3.0,-0.128,0.4612
6443,14,1,5,898,4.0,0.765,0.335
6444,13,2,9,840,2.0,0.2682,0.485
6445,1,1,4,35,4.0,-0.4215,0.5036
6446,11,1,4,70,4.0,-0.5423,0.55192
6447,22,2,1,449,4.0,0.5106,0.135
6448,9,2,4,995,3.0,-0.4019,0.5707600000000002
6449,13,2,1,724,4.0,0.2263,0.135
6450,15,1,5,672,4.0,0.2263,0.335
6451,6,2,4,697,1.0,-0.2263,0.65052
6452,8,1,1,863,3.0,0.7269,0.21
6453,11,2,9,933,1.0,0.0,0.56
6454,5,2,6,307,2.0,-0.6597,0.74888
6455,8,2,4,414,4.0,-0.5423,0.55192
6456,9,2,1,630,4.0,0.2263,0.135
6457,9,2,1,635,4.0,0.6705,0.135
6458,17,1,7,1016,2.0,-0.7502,0.78508
6459,17,1,1,570,5.0,-0.6759,0.33036
6460,15,2,2,655,2.0,0.4404,0.485
6461,21,2,10,809,3.0,0.5859,0.41
6462,1,1,1,106,4.0,0.4588,0.135
6463,8,1,1,826,3.0,0.6124,0.21
6464,4,2,4,15,5.0,-0.4215,0.4286
6465,15,1,1,219,4.0,0.4939,0.135
6466,13,1,1,688,4.0,0.4404,0.135
6467,2,2,4,506,5.0,-0.5423,0.47692
6468,17,2,1,96,5.0,0.2263,0.06
6469,9,2,2,690,3.0,0.2263,0.41
6470,14,2,1,178,4.0,-0.5096,0.33884
6471,3,2,6,256,3.0,-0.7902,0.7260800000000001
6472,1,2,1,759,3.0,0.0,0.21
6473,11,1,1,1051,4.0,0.0,0.135
6474,11,1,6,688,2.0,-0.4019,0.6457600000000001
6475,4,1,2,159,2.0,-0.5423,0.7019200000000001
6476,2,1,4,897,3.0,0.0258,0.41
6477,5,1,4,376,4.0,-0.2023,0.41592
6478,5,2,1,854,2.0,0.0,0.285
6479,2,1,6,496,1.0,-0.5423,0.77692
6480,13,1,5,385,4.0,0.0,0.335
6481,9,1,5,254,5.0,0.25,0.26
6482,18,1,3,799,1.0,0.0,0.56
6483,4,2,1,472,4.0,0.5423,0.135
6484,5,2,3,61,2.0,-0.3182,0.6122799999999999
6485,12,2,9,645,3.0,-0.4449,0.58796
6486,23,1,6,159,2.0,0.25,0.485
6487,2,2,3,582,3.0,-0.5908,0.64632
6488,6,2,1,45,5.0,0.3612,0.06
6489,8,2,1,398,4.0,0.7506,0.135
6490,13,1,2,954,3.0,0.0,0.41
6491,12,2,4,231,5.0,-0.1531,0.32124
6492,25,1,5,672,5.0,0.0,0.26
6493,22,1,1,400,3.0,0.4404,0.21
6494,3,1,1,703,5.0,-0.5096,0.26384
6495,3,1,1,319,3.0,0.5719,0.21
6496,17,1,4,990,4.0,-0.5859,0.5693600000000001
6497,9,2,1,959,4.0,0.5423,0.135
6498,17,1,3,505,3.0,-0.3182,0.53728
6499,17,1,1,547,5.0,0.5719,0.06
6500,5,2,1,1066,4.0,0.5719,0.135
6501,6,1,1,981,3.0,0.34,0.21
6502,3,1,5,676,4.0,-0.4215,0.5036
6503,17,1,1,560,4.0,-0.6116,0.37964
6504,8,2,1,253,4.0,0.8074,0.135
6505,5,2,5,93,5.0,0.2263,0.26
6506,2,1,1,742,4.0,0.1027,0.135
6507,23,2,1,601,4.0,0.0,0.135
6508,12,2,1,136,5.0,-0.5096,0.26384
6509,5,2,1,801,4.0,0.5719,0.135
6510,3,2,2,529,1.0,0.5106,0.56
6511,5,2,1,398,4.0,0.25,0.135
6512,3,1,1,1055,4.0,-0.5096,0.33884
6513,13,2,9,1008,3.0,0.5719,0.41
6514,11,2,1,612,3.0,0.0,0.21
6515,23,2,1,43,5.0,0.5719,0.06
6516,8,1,4,778,3.0,-0.5423,0.6269200000000001
6517,9,1,2,694,1.0,-0.4215,0.7286000000000001
6518,1,2,4,288,5.0,-0.5423,0.47692
6519,6,2,9,1056,2.0,0.4404,0.485
6520,5,1,5,1043,5.0,-0.4588,0.44352
6521,17,2,1,1095,4.0,-0.764,0.4406
6522,9,1,1,813,5.0,0.4404,0.06
6523,13,1,1,138,3.0,0.0,0.21
6524,3,1,1,227,1.0,0.4404,0.36
6525,1,2,4,526,4.0,0.1027,0.335
6526,9,2,3,495,2.0,-0.4215,0.6536
6527,12,2,1,639,4.0,0.4404,0.135
6528,3,2,1,671,4.0,0.5106,0.135
6529,9,2,1,521,4.0,0.5106,0.135
6530,3,1,7,448,2.0,-0.296,0.6033999999999999
6531,3,1,1,880,5.0,0.5859,0.06
6532,22,1,6,867,2.0,-0.4019,0.6457600000000001
6533,17,1,1,851,5.0,0.0,0.06
6534,9,1,1,17,4.0,0.5719,0.135
6535,4,1,6,625,3.0,-0.6705,0.6782000000000001
6536,1,1,6,1023,2.0,-0.7096,0.76884
6537,9,2,4,581,2.0,-0.5423,0.7019200000000001
6538,3,1,1,864,4.0,0.0,0.135
6539,17,2,4,14,4.0,0.0772,0.335
6540,7,2,1,847,1.0,0.0,0.36
6541,2,2,5,74,2.0,0.7562,0.485
6542,6,1,9,157,2.0,-0.4215,0.6536
6543,11,2,6,597,3.0,0.7269,0.41
6544,22,2,2,842,3.0,-0.5096,0.6138400000000002
6545,6,2,5,1077,4.0,0.4404,0.335
6546,17,1,1,778,3.0,0.2382,0.21
6547,23,2,1,417,4.0,0.7506,0.135
6548,11,1,1,382,2.0,-0.6259,0.5353600000000001
6549,3,1,1,316,4.0,0.0,0.135
6550,13,2,1,306,4.0,0.0,0.135
6551,14,2,1,349,4.0,0.2263,0.135
6552,6,2,3,199,2.0,0.6705,0.485
6553,3,2,1,292,5.0,0.128,0.06
6554,6,1,3,696,3.0,-0.5994,0.6497600000000001
6555,22,1,2,656,2.0,0.0,0.485
6556,9,1,6,607,3.0,-0.6705,0.6782000000000001
6557,6,1,6,749,2.0,-0.5414,0.70156
6558,5,1,5,493,4.0,-0.5423,0.55192
6559,1,1,7,252,2.0,-0.765,0.7910000000000001
6560,23,2,2,979,2.0,0.4404,0.485
6561,13,2,8,534,4.0,0.2263,0.335
6562,25,2,9,1064,3.0,0.0,0.41
6563,1,1,1,219,4.0,0.0258,0.135
6564,22,2,4,587,4.0,0.0772,0.335
6565,11,2,6,16,3.0,-0.5096,0.6138400000000002
6566,4,1,9,1020,2.0,-0.4939,0.6825600000000001
6567,8,1,1,293,4.0,0.2263,0.135
6568,23,1,6,427,3.0,-0.1531,0.47124
6569,22,2,1,396,4.0,0.7845,0.135
6570,13,1,2,772,2.0,0.4404,0.485
6571,14,2,1,724,4.0,0.0,0.135
6572,19,1,6,763,2.0,0.4404,0.485
6573,11,2,1,319,4.0,0.6808,0.135
6574,4,1,4,684,1.0,-0.5423,0.77692
6575,5,1,1,400,4.0,-0.5096,0.33884
6576,6,2,1,921,5.0,0.6369,0.06
6577,5,1,1,100,4.0,-0.3875,0.29
6578,15,1,4,638,4.0,-0.4215,0.5036
6579,4,1,3,712,3.0,-0.5096,0.6138400000000002
6580,22,1,1,372,4.0,-0.3875,0.29
6581,9,1,1,934,4.0,-0.4577,0.31808
6582,8,1,1,782,5.0,-0.5096,0.26384
6583,13,2,1,1050,4.0,0.8316,0.135
6584,23,1,1,153,5.0,0.1764,0.06
6585,2,2,2,715,3.0,0.4404,0.41
6586,5,2,1,898,4.0,0.7351,0.135
6587,3,1,1,603,5.0,0.2023,0.06
6588,23,1,7,377,3.0,0.4588,0.41
6589,14,1,2,72,1.0,0.5719,0.56
6590,1,1,1,736,3.0,-0.0772,0.2408799999999999
6591,21,1,1,371,5.0,-0.1695,0.1278
6592,8,2,8,458,3.0,-0.4215,0.5786
6593,15,2,1,272,4.0,-0.5096,0.33884
6594,3,2,1,689,4.0,0.5719,0.135
6595,13,1,1,285,3.0,0.5267,0.21
6596,6,1,1,772,4.0,0.5719,0.135
6597,1,2,1,666,4.0,0.0,0.135
6598,22,1,1,1043,4.0,-0.6259,0.38536
6599,4,2,1,166,4.0,-0.0243,0.14472
6600,15,1,4,252,4.0,-0.1531,0.39624
6601,5,1,6,726,3.0,-0.4019,0.5707600000000002
6602,8,2,9,415,2.0,0.765,0.485
6603,13,2,4,470,2.0,-0.4215,0.6536
6604,12,1,1,89,4.0,0.0,0.135
6605,22,1,1,712,5.0,-0.5096,0.26384
6606,12,2,5,543,4.0,0.0,0.335
6607,4,1,6,778,3.0,-0.5096,0.6138400000000002
6608,20,2,1,541,5.0,-0.1695,0.1278
6609,22,1,9,994,3.0,0.5719,0.41
6610,9,1,9,65,3.0,0.6369,0.41
6611,11,1,2,996,3.0,-0.2263,0.5005200000000001
6612,23,2,6,105,3.0,-0.6705,0.6782000000000001
6613,5,1,3,893,3.0,-0.7713,0.71852
6614,3,1,4,945,3.0,-0.0258,0.4203199999999999
6615,12,2,1,828,4.0,0.0,0.135
6616,12,1,5,511,5.0,0.4404,0.26
6617,23,2,5,958,5.0,-0.5627,0.48508
6618,1,2,2,1091,2.0,0.6249,0.485
6619,8,2,9,815,3.0,0.5719,0.41
6620,4,2,4,681,5.0,0.4844,0.26
6621,14,2,4,129,5.0,0.1779,0.26
6622,5,2,4,854,4.0,-0.4215,0.5036
6623,9,1,6,244,1.0,-0.3089,0.68356
6624,8,1,2,419,2.0,0.5719,0.485
6625,15,2,1,453,3.0,0.7845,0.21
6626,4,2,6,407,3.0,-0.6698,0.6779200000000001
6627,3,2,2,685,2.0,0.3612,0.485
6628,12,2,6,1008,4.0,-0.2732,0.44428
6629,12,2,1,610,4.0,0.6249,0.135
6630,22,1,4,835,4.0,-0.5423,0.55192
6631,15,1,4,290,5.0,-0.34,0.396
6632,14,1,1,307,5.0,-0.0243,0.06972
6633,5,2,6,773,1.0,0.5719,0.56
6634,15,1,4,245,4.0,-0.5423,0.55192
6635,13,1,1,142,4.0,0.2263,0.135
6636,6,1,4,388,3.0,0.0,0.41
6637,17,1,2,726,1.0,-0.5096,0.7638400000000001
6638,5,1,1,344,4.0,0.4404,0.135
6639,4,2,4,713,3.0,-0.1531,0.47124
6640,9,2,1,1071,4.0,-0.7912,0.45148
6641,4,2,7,99,2.0,-0.296,0.6033999999999999
6642,15,1,1,428,4.0,0.4939,0.135
6643,22,2,1,343,4.0,-0.6602,0.39908
6644,12,1,6,406,3.0,0.7579,0.41
6645,9,1,4,992,4.0,-0.2023,0.41592
6646,22,2,1,682,5.0,0.0,0.06
6647,13,1,1,952,5.0,-0.5919,0.29676
6648,14,2,1,24,4.0,0.4404,0.135
6649,3,2,9,885,3.0,-0.5096,0.6138400000000002
6650,22,2,4,707,5.0,-0.5423,0.47692
6651,1,2,1,55,5.0,0.5719,0.06
6652,9,1,1,435,2.0,0.2263,0.285
6653,15,1,8,512,4.0,-0.5096,0.53884
6654,12,2,2,1072,3.0,0.5719,0.41
6655,23,1,5,628,5.0,-0.6705,0.5282
6656,23,2,6,945,3.0,-0.2023,0.49092
6657,5,2,1,197,2.0,-0.3182,0.41228
6658,4,2,1,464,2.0,0.8126,0.285
6659,22,2,1,186,5.0,0.0,0.06
6660,6,1,7,116,3.0,-0.7502,0.71008
6661,11,1,9,239,3.0,-0.4215,0.5786
6662,3,2,1,1002,4.0,-0.5096,0.33884
6663,6,2,1,416,4.0,0.4939,0.135
6664,23,2,4,653,5.0,-0.6369,0.5147600000000001
6665,11,2,4,211,5.0,-0.6848,0.53392
6666,15,1,3,732,3.0,0.2263,0.41
6667,8,1,9,849,2.0,0.0,0.485
6668,6,2,9,250,3.0,-0.6369,0.66476
6669,3,2,1,851,5.0,-0.6259,0.31036
6670,17,2,4,413,5.0,0.1779,0.26
6671,15,2,1,921,5.0,0.2263,0.06
6672,23,1,1,653,4.0,0.4404,0.135
6673,11,2,1,184,5.0,0.0,0.06
6674,1,2,4,159,4.0,-0.5423,0.55192
6675,3,2,4,629,2.0,-0.4939,0.6825600000000001
6676,2,1,1,198,5.0,0.2263,0.06
6677,9,2,1,822,5.0,0.6249,0.06
6678,9,2,3,531,3.0,0.6249,0.41
6679,14,2,1,956,3.0,-0.5334,0.42336
6680,2,1,9,529,2.0,0.2263,0.485
6681,12,2,4,1030,5.0,-0.5994,0.49976
6682,22,2,3,718,4.0,-0.1027,0.37608
6683,9,1,1,28,4.0,0.2263,0.135
6684,6,1,1,597,5.0,0.5719,0.06
6685,17,2,1,723,4.0,0.0,0.135
6686,11,1,2,212,2.0,0.2263,0.485
6687,15,2,1,130,4.0,-0.5096,0.33884
6688,12,2,1,720,4.0,0.7269,0.135
6689,4,1,6,54,3.0,0.4404,0.41
6690,1,2,1,451,1.0,0.5719,0.36
6691,22,1,7,775,3.0,-0.5267,0.6206800000000001
6692,2,1,7,646,1.0,-0.296,0.6784000000000001
6693,5,2,1,372,4.0,0.7906,0.135
6694,14,1,3,234,3.0,0.2263,0.41
6695,11,2,5,875,5.0,0.0,0.26
6696,2,2,4,755,4.0,-0.5423,0.55192
6697,1,2,1,863,4.0,0.2263,0.135
6698,9,2,5,353,5.0,-0.1531,0.32124
6699,6,2,1,956,2.0,0.1295,0.285
6700,3,2,6,97,2.0,-0.6167,0.7316800000000001
6701,11,2,3,346,2.0,0.7351,0.485
6702,15,2,1,49,5.0,0.0,0.06
6703,11,1,6,731,3.0,-0.2023,0.49092
6704,8,2,1,753,4.0,0.5719,0.135
6705,22,2,6,1044,3.0,0.0516,0.41
6706,6,1,1,843,4.0,0.0,0.135
6707,2,2,1,74,3.0,-0.5994,0.44976
6708,9,1,3,241,2.0,0.2263,0.485
6709,5,1,5,418,4.0,0.1027,0.335
6710,15,2,1,69,4.0,0.3004,0.135
6711,3,1,5,452,5.0,0.5423,0.26
6712,1,1,1,631,5.0,0.2263,0.06
6713,11,2,6,553,3.0,0.0,0.41
6714,14,1,4,1060,3.0,-0.0516,0.4306399999999999
6715,22,2,4,1023,4.0,-0.5423,0.55192
6716,13,2,6,278,4.0,0.4404,0.335
6717,12,1,1,182,3.0,0.2263,0.21
6718,15,2,7,358,5.0,0.4404,0.26
6719,13,2,1,481,3.0,0.7506,0.21
6720,9,2,3,393,1.0,-0.5423,0.77692
6721,2,1,7,234,1.0,-0.296,0.6784000000000001
6722,13,1,4,459,4.0,-0.5423,0.55192
6723,12,1,7,910,2.0,-0.7502,0.78508
6724,23,2,1,816,4.0,0.4767,0.135
6725,1,1,2,144,2.0,0.5719,0.485
6726,17,1,5,259,4.0,-0.5448,0.5529200000000001
6727,23,1,1,286,4.0,-0.0243,0.14472
6728,22,2,1,55,3.0,-0.4588,0.39352
6729,13,2,1,337,3.0,0.7351,0.21
6730,12,1,1,809,4.0,0.5994,0.135
6731,11,2,4,919,5.0,-0.6597,0.52388
6732,8,2,1,692,4.0,0.5859,0.135
6733,22,1,7,334,1.0,0.4019,0.56
6734,15,2,1,232,5.0,0.296,0.06
6735,5,1,9,592,3.0,-0.2249,0.49996
6736,4,2,3,789,3.0,-0.4215,0.5786
6737,1,1,4,42,5.0,-0.4215,0.4286
6738,14,2,1,310,2.0,0.2023,0.285
6739,22,2,9,465,3.0,0.5859,0.41
6740,8,1,1,348,4.0,0.6369,0.135
6741,14,1,4,678,4.0,-0.0516,0.35564
6742,8,1,1,158,4.0,0.2263,0.135
6743,5,2,3,315,3.0,-0.25,0.51
6744,17,2,4,9,5.0,-0.5423,0.47692
6745,13,1,6,577,5.0,0.5719,0.26
6746,15,1,6,921,3.0,-0.0516,0.4306399999999999
6747,1,1,4,23,4.0,-0.5423,0.55192
6748,17,2,1,412,5.0,0.5719,0.06
6749,2,1,1,605,4.0,0.0,0.135
6750,15,1,1,414,1.0,-0.1027,0.40108
6751,3,1,3,473,3.0,0.0,0.41
6752,8,1,1,1016,1.0,0.4404,0.36
6753,5,1,9,363,3.0,-0.5859,0.64436
6754,8,1,1,752,5.0,0.0,0.06
6755,4,2,5,125,4.0,-0.5096,0.53884
6756,9,2,1,406,4.0,0.0516,0.135
6757,1,2,6,876,2.0,-0.1265,0.5356
6758,13,1,6,421,1.0,-0.2023,0.6409199999999999
6759,9,2,4,207,4.0,-0.0258,0.34532
6760,1,1,6,1054,3.0,0.4588,0.41
6761,8,1,3,92,3.0,-0.765,0.7160000000000002
6762,4,1,6,163,1.0,-0.6705,0.8282
6763,9,1,1,851,4.0,0.296,0.135
6764,25,1,8,662,2.0,0.0,0.485
6765,13,1,4,445,4.0,-0.4215,0.5036
6766,9,2,7,180,3.0,-0.6249,0.6599600000000001
6767,11,1,1,692,3.0,0.2263,0.21
6768,17,2,4,118,4.0,0.1027,0.335
6769,9,1,1,559,4.0,0.8271,0.135
6770,9,1,9,141,1.0,0.4019,0.56
6771,3,1,4,460,5.0,-0.5423,0.47692
6772,22,2,5,1090,4.0,0.7269,0.335
6773,8,2,1,987,4.0,0.0772,0.135
6774,11,1,5,844,5.0,0.5994,0.26
6775,5,2,1,662,4.0,-0.1516,0.19564
6776,13,1,5,156,2.0,0.4404,0.485
6777,6,1,2,696,3.0,0.5719,0.41
6778,5,1,9,755,3.0,-0.6698,0.6779200000000001
6779,14,1,3,989,3.0,0.3818,0.41
6780,3,2,5,410,3.0,-0.4939,0.6075600000000001
6781,17,2,4,692,3.0,-0.4404,0.58616
6782,5,2,4,133,4.0,-0.296,0.4534
6783,22,2,1,437,2.0,0.0788,0.285
6784,8,2,1,623,5.0,0.4404,0.06
6785,22,2,4,360,4.0,-0.5423,0.55192
6786,12,2,1,567,5.0,0.4404,0.06
6787,17,1,1,159,5.0,0.6249,0.06
6788,1,1,6,384,2.0,0.0,0.485
6789,4,2,7,385,2.0,-0.765,0.7910000000000001
6790,5,2,1,327,4.0,0.0,0.135
6791,4,2,5,642,4.0,0.1566,0.335
6792,8,1,4,65,3.0,-0.2263,0.5005200000000001
6793,14,1,1,712,4.0,0.5719,0.135
6794,12,2,1,627,4.0,0.5267,0.135
6795,5,2,5,634,4.0,0.8235,0.335
6796,17,2,1,954,4.0,0.6969,0.135
6797,12,2,1,628,4.0,0.2263,0.135
6798,5,1,6,168,1.0,0.0516,0.56
6799,12,1,9,376,3.0,0.4404,0.41
6800,8,1,7,223,2.0,-0.7502,0.78508
6801,8,1,3,1016,2.0,0.2263,0.485
6802,8,1,7,602,1.0,-0.296,0.6784000000000001
6803,1,2,6,119,2.0,0.2263,0.485
6804,9,2,1,130,4.0,0.4404,0.135
6805,15,2,10,803,4.0,0.8225,0.335
6806,22,1,3,277,1.0,-0.0516,0.58064
6807,1,2,3,146,2.0,0.7964,0.485
6808,4,2,1,853,3.0,-0.5096,0.41384
6809,17,2,6,509,3.0,0.5719,0.41
6810,3,1,6,121,4.0,0.0,0.335
6811,5,1,7,840,3.0,-0.7502,0.71008
6812,14,2,6,647,1.0,0.4019,0.56
6813,12,1,6,326,2.0,-0.5994,0.7247600000000001
6814,9,1,6,119,3.0,-0.3612,0.5544800000000001
6815,15,1,1,821,5.0,0.2263,0.06
6816,22,1,1,926,5.0,0.0,0.06
6817,6,1,5,189,4.0,0.0,0.335
6818,15,2,1,371,5.0,-0.4774,0.25096
6819,8,2,4,686,5.0,-0.8176,0.58704
6820,1,1,1,249,5.0,0.7351,0.06
6821,4,1,1,902,3.0,0.7003,0.21
6822,9,2,4,748,5.0,-0.3182,0.38728
6823,4,1,1,333,5.0,0.4404,0.06
6824,2,2,1,662,5.0,0.0772,0.06
6825,17,1,2,814,1.0,-0.4215,0.7286000000000001
6826,17,1,5,882,2.0,-0.5096,0.6888400000000001
6827,3,2,1,280,4.0,0.7717,0.135
6828,15,1,4,809,4.0,0.0258,0.335
6829,3,1,1,957,2.0,0.4404,0.285
6830,5,2,7,370,3.0,-0.7502,0.71008
6831,1,2,1,191,4.0,0.1779,0.135
6832,5,1,2,970,3.0,0.4404,0.41
6833,8,1,1,508,4.0,0.2263,0.135
6834,6,2,4,216,4.0,-0.0129,0.34016
6835,11,2,4,1043,4.0,0.5719,0.335
6836,9,2,2,939,2.0,0.4588,0.485
6837,3,1,1,909,4.0,-0.6479,0.39416
6838,12,1,4,964,4.0,-0.6124,0.57996
6839,9,2,1,24,4.0,0.5719,0.135
6840,17,1,4,501,4.0,-0.6908,0.6113200000000001
6841,5,1,1,809,4.0,0.5719,0.135
6842,8,2,1,229,4.0,0.0772,0.135
6843,12,2,1,242,5.0,0.0,0.06
6844,15,1,3,70,4.0,-0.4215,0.5036
6845,17,1,4,409,4.0,-0.5423,0.55192
6846,8,2,6,331,1.0,-0.2023,0.6409199999999999
6847,1,2,3,427,2.0,-0.5096,0.6888400000000001
6848,23,2,4,49,4.0,-0.1531,0.39624
6849,3,1,5,310,5.0,0.6808,0.26
6850,23,2,9,431,3.0,-0.5096,0.6138400000000002
6851,15,2,1,960,4.0,0.6808,0.135
6852,2,2,4,632,5.0,-0.5423,0.47692
6853,9,2,4,990,4.0,-0.4215,0.5036
6854,8,1,5,104,4.0,0.6534,0.335
6855,2,2,1,521,4.0,0.0772,0.135
6856,13,1,4,863,4.0,-0.5423,0.55192
6857,11,1,1,300,5.0,0.6124,0.06
6858,11,1,7,207,3.0,0.1531,0.41
6859,12,2,1,981,4.0,0.6808,0.135
6860,11,2,1,1057,4.0,0.0,0.135
6861,1,2,4,102,1.0,-0.2732,0.6692800000000001
6862,12,1,2,183,3.0,0.4404,0.41
6863,8,1,1,1044,4.0,0.3612,0.135
6864,23,1,1,701,1.0,0.683,0.36
6865,17,2,1,910,4.0,0.7003,0.135
6866,12,2,1,391,3.0,0.5719,0.21
6867,12,1,1,140,5.0,0.7579,0.06
6868,14,1,1,912,4.0,0.0,0.135
6869,17,2,7,369,2.0,-0.7096,0.76884
6870,12,2,3,861,4.0,-0.5423,0.55192
6871,3,2,2,539,3.0,-0.5423,0.6269200000000001
6872,8,1,4,426,4.0,-0.5423,0.55192
6873,6,2,1,256,4.0,0.2263,0.135
6874,14,2,4,446,5.0,-0.5423,0.47692
6875,8,1,1,783,4.0,-0.2008,0.21532
6876,9,1,1,353,4.0,0.0,0.135
6877,6,2,7,694,2.0,-0.6597,0.74888
6878,6,2,6,424,5.0,-0.5096,0.46384
6879,13,1,1,890,3.0,0.5719,0.21
6880,2,2,6,611,3.0,-0.5096,0.6138400000000002
6881,1,1,4,432,5.0,-0.4215,0.4286
6882,3,1,4,565,4.0,-0.128,0.3862
6883,8,2,1,889,4.0,0.7184,0.135
6884,13,2,1,151,4.0,0.5719,0.135
6885,8,2,1,1013,4.0,-0.5096,0.33884
6886,13,1,6,182,2.0,-0.2023,0.56592
6887,2,2,5,446,5.0,0.3818,0.26
6888,12,2,1,268,4.0,0.7351,0.135
6889,4,2,1,880,4.0,0.5719,0.135
6890,8,2,1,738,4.0,0.2732,0.135
6891,8,1,1,68,4.0,0.5719,0.135
6892,1,2,4,532,5.0,-0.4215,0.4286
6893,22,2,2,425,1.0,0.6249,0.56
6894,17,1,1,271,4.0,0.0,0.135
6895,15,2,1,1013,4.0,0.4019,0.135
6896,9,1,1,803,3.0,0.1043,0.21
6897,1,1,9,637,1.0,0.4404,0.56
6898,5,1,1,593,4.0,0.8591,0.135
6899,2,1,1,506,4.0,0.2263,0.135
6900,22,2,2,871,1.0,0.5719,0.56
6901,14,2,1,459,4.0,-0.2008,0.21532
6902,4,2,1,103,5.0,0.743,0.06
6903,17,1,1,356,4.0,0.0,0.135
6904,3,2,1,527,3.0,0.5719,0.21
6905,15,2,5,432,5.0,-0.5423,0.47692
6906,8,1,1,259,4.0,-0.0772,0.16588
6907,11,2,1,604,5.0,0.2263,0.06
6908,13,1,1,1032,5.0,0.2263,0.06
6909,2,1,1,588,4.0,0.6921,0.135
6910,13,1,1,356,5.0,0.4404,0.06
6911,3,1,4,804,3.0,-0.6124,0.65496
6912,11,1,5,701,3.0,0.5719,0.41
6913,23,1,6,322,2.0,-0.0243,0.49472
6914,5,1,1,403,5.0,0.5719,0.06
6915,4,2,7,739,3.0,-0.7096,0.69384
6916,23,2,1,500,4.0,-0.128,0.1862
6917,4,2,1,1075,4.0,-0.6259,0.38536
6918,2,2,6,887,3.0,-0.5096,0.6138400000000002
6919,2,1,5,731,4.0,-0.7351,0.62904
6920,12,1,1,327,4.0,0.5719,0.135
6921,12,2,8,635,4.0,0.4404,0.335
6922,17,1,1,468,4.0,0.5859,0.135
6923,14,2,1,868,2.0,-0.5096,0.48884
6924,10,2,3,268,3.0,0.0,0.41
6925,2,1,4,814,4.0,-0.5994,0.5747600000000002
6926,4,2,4,467,4.0,-0.0772,0.36588
6927,17,2,6,291,1.0,0.6908,0.56
6928,14,1,1,737,4.0,0.0,0.135
6929,3,2,1,238,4.0,0.0,0.135
6930,15,1,1,124,4.0,0.7269,0.135
6931,3,1,1,995,5.0,0.7003,0.06
6932,4,1,4,771,4.0,-0.4215,0.5036
6933,5,1,1,947,4.0,0.4404,0.135
6934,15,1,5,579,5.0,0.0,0.26
6935,23,1,4,626,5.0,-0.5423,0.47692
6936,8,2,6,471,3.0,-0.7579,0.71316
6937,5,2,1,603,5.0,0.5574,0.06
6938,23,2,4,133,4.0,-0.128,0.3862
6939,4,1,1,438,4.0,0.5106,0.135
6940,15,1,1,351,4.0,0.5719,0.135
6941,9,1,1,932,5.0,0.4404,0.06
6942,1,2,1,150,4.0,0.7269,0.135
6943,15,2,6,431,1.0,-0.7179,0.8471600000000001
6944,4,1,8,964,5.0,-0.5096,0.46384
6945,23,1,4,388,4.0,-0.7553,0.6371200000000001
6946,23,1,1,939,4.0,0.2263,0.135
6947,6,2,1,167,4.0,-0.5096,0.33884
6948,14,1,1,44,4.0,0.0,0.135
6949,3,1,11,818,4.0,0.0,0.335
6950,11,1,4,834,5.0,0.5106,0.26
6951,4,2,4,372,4.0,-0.5423,0.55192
6952,4,1,1,615,4.0,-0.5096,0.33884
6953,8,2,1,248,4.0,-0.6759,0.40536
6954,13,1,2,671,3.0,0.2263,0.41
6955,22,1,6,687,3.0,0.7845,0.41
6956,3,2,2,160,3.0,0.3818,0.41
6957,9,2,7,450,1.0,0.1531,0.56
6958,11,1,1,288,4.0,0.5423,0.135
6959,15,2,1,861,4.0,0.743,0.135
6960,23,2,3,343,3.0,0.5719,0.41
6961,23,1,1,710,5.0,0.4019,0.06
6962,14,1,5,985,4.0,-0.1779,0.40616
6963,9,2,3,175,3.0,0.0,0.41
6964,5,2,4,95,4.0,-0.0772,0.36588
6965,3,2,10,160,5.0,0.0,0.26
6966,8,1,6,925,5.0,-0.7779,0.5711600000000001
6967,3,1,4,370,4.0,-0.4215,0.5036
6968,11,1,3,113,3.0,-0.5096,0.6138400000000002
6969,6,2,1,875,4.0,0.0,0.135
6970,15,1,1,734,3.0,0.6249,0.21
6971,17,1,1,861,3.0,0.4404,0.21
6972,8,2,7,1005,3.0,-0.3612,0.5544800000000001
6973,11,1,1,755,5.0,-0.7877,0.37508
6974,4,2,5,264,4.0,-0.6486,0.5944400000000001
6975,13,1,1,275,4.0,0.5719,0.135
6976,5,1,1,74,1.0,0.8225,0.36
6977,14,1,1,1009,4.0,0.5574,0.135
6978,11,1,1,832,5.0,-0.5096,0.26384
6979,12,2,1,274,5.0,-0.0757,0.09028
6980,9,2,10,500,5.0,-0.5096,0.46384
6981,2,2,1,105,5.0,0.3612,0.06
6982,6,2,1,260,5.0,0.4404,0.06
6983,4,1,1,478,5.0,-0.5096,0.26384
6984,4,2,6,755,3.0,-0.4215,0.5786
6985,13,1,1,413,4.0,0.0,0.135
6986,8,2,4,194,5.0,-0.2023,0.34092
6987,17,1,8,67,5.0,-0.3818,0.41272
6988,11,2,1,1043,5.0,0.5719,0.06
6989,6,1,9,770,1.0,-0.34,0.696
6990,22,2,5,620,4.0,0.25,0.335
6991,8,1,9,1064,2.0,0.2263,0.485
6992,13,1,4,612,4.0,-0.4215,0.5036
6993,15,1,5,608,5.0,0.4404,0.26
6994,15,2,6,509,2.0,0.0,0.485
6995,8,1,4,951,4.0,-0.3612,0.47948
6996,1,1,4,181,5.0,0.2023,0.26
6997,3,2,1,272,5.0,-0.5096,0.26384
6998,14,1,1,295,4.0,-0.5096,0.33884
6999,6,2,1,425,4.0,-0.25,0.235
7000,12,2,1,59,4.0,0.4588,0.135
7001,22,1,4,170,4.0,-0.5423,0.55192
7002,4,2,4,315,4.0,-0.0258,0.34532
7003,5,1,3,580,3.0,0.0,0.41
7004,13,1,5,893,4.0,0.0258,0.335
7005,23,2,1,1066,4.0,0.2023,0.135
7006,17,1,5,269,3.0,0.4333,0.41
7007,2,2,6,1034,4.0,0.1027,0.335
7008,4,1,4,1011,4.0,-0.4215,0.5036
7009,13,2,1,838,5.0,0.25,0.06
7010,4,1,9,985,3.0,-0.5423,0.6269200000000001
7011,1,2,1,929,4.0,0.5719,0.135
7012,6,1,3,273,3.0,0.5719,0.41
7013,3,1,6,672,2.0,0.0,0.485
7014,23,2,4,766,3.0,0.2263,0.41
7015,22,1,1,12,2.0,-0.5096,0.48884
7016,17,1,1,883,4.0,0.6908,0.135
7017,11,2,1,345,5.0,0.6249,0.06
7018,13,1,2,731,3.0,0.4404,0.41
7019,17,2,7,762,2.0,0.4404,0.485
7020,12,1,1,795,3.0,-0.6348,0.46392
7021,11,1,1,412,4.0,0.5719,0.135
7022,3,1,4,471,4.0,-0.6369,0.5897600000000001
7023,6,2,5,1051,5.0,0.4019,0.26
7024,2,2,1,621,3.0,0.5719,0.21
7025,11,2,6,731,4.0,0.2263,0.335
7026,13,2,1,528,4.0,0.5719,0.135
7027,24,2,1,775,1.0,-0.1695,0.4278
7028,1,2,1,223,5.0,0.0,0.06
7029,9,1,1,587,5.0,0.296,0.06
7030,15,2,1,165,5.0,-0.2732,0.1692799999999999
7031,14,2,2,1058,2.0,0.5719,0.485
7032,14,2,4,730,5.0,-0.0772,0.29088
7033,12,2,1,511,4.0,0.4588,0.135
7034,23,2,1,821,5.0,0.5719,0.06
7035,14,2,1,1026,5.0,0.5719,0.06
7036,4,1,1,111,5.0,0.2263,0.06
7037,9,2,9,109,1.0,-0.5096,0.7638400000000001
7038,15,1,1,579,4.0,0.4404,0.135
7039,14,1,1,855,4.0,0.2263,0.135
7040,25,2,2,414,2.0,0.5859,0.485
7041,17,1,4,536,4.0,-0.4215,0.5036
7042,23,1,9,298,3.0,0.8225,0.41
7043,6,1,4,916,5.0,0.0772,0.26
7044,1,2,1,103,5.0,0.0,0.06
7045,6,1,9,566,3.0,0.4404,0.41
7046,4,1,5,359,5.0,-0.4215,0.4286
7047,15,1,1,989,4.0,0.2263,0.135
7048,14,2,4,613,4.0,-0.34,0.471
7049,11,2,6,1028,4.0,0.2263,0.335
7050,13,2,4,469,4.0,-0.5423,0.55192
7051,13,2,1,750,4.0,0.8176,0.135
7052,22,1,1,71,4.0,0.4404,0.135
7053,15,1,1,891,4.0,-0.5096,0.33884
7054,9,2,4,500,4.0,-0.6908,0.6113200000000001
7055,22,2,6,769,2.0,-0.6705,0.7532000000000001
7056,17,2,1,876,4.0,-0.4577,0.31808
7057,23,1,1,1069,4.0,0.1043,0.135
7058,2,2,10,94,5.0,-0.5423,0.47692
7059,17,1,4,29,1.0,-0.3612,0.70448
7060,13,1,1,304,1.0,0.3291,0.36
7061,23,1,4,643,5.0,-0.6908,0.53632
7062,2,1,7,1061,2.0,-0.7502,0.78508
7063,4,1,1,538,2.0,0.6597,0.285
7064,12,2,5,304,4.0,0.5719,0.335
7065,4,1,5,1013,4.0,0.7717,0.335
7066,14,1,6,565,3.0,-0.5096,0.6138400000000002
7067,5,2,2,1084,3.0,0.4767,0.41
7068,3,2,1,51,3.0,0.2263,0.21
7069,3,1,1,686,4.0,0.4588,0.135
7070,4,2,4,174,2.0,-0.5423,0.7019200000000001
7071,3,2,9,247,3.0,0.4404,0.41
7072,23,1,5,594,1.0,0.2263,0.56
7073,3,2,1,1012,4.0,0.4019,0.135
7074,22,2,1,110,4.0,0.6249,0.135
7075,23,2,1,483,5.0,0.4404,0.06
7076,23,2,1,1000,3.0,0.5719,0.21
7077,14,1,1,348,5.0,0.5574,0.06
7078,2,1,4,233,3.0,-0.4215,0.5786
7079,5,1,1,32,4.0,0.4404,0.135
7080,9,2,1,1040,1.0,0.2263,0.36
7081,5,1,9,694,2.0,0.128,0.485
7082,4,2,9,740,2.0,0.0,0.485
7083,15,2,4,863,4.0,-0.5423,0.55192
7084,11,1,1,607,1.0,0.5719,0.36
7085,11,1,1,943,4.0,-0.5096,0.33884
7086,1,2,6,983,1.0,-0.2023,0.6409199999999999
7087,12,2,4,482,3.0,-0.2023,0.49092
7088,2,2,1,463,5.0,-0.5096,0.26384
7089,4,1,1,133,5.0,0.7845,0.06
7090,5,1,9,662,1.0,0.2263,0.56
7091,21,1,1,24,1.0,0.7778,0.36
7092,11,1,6,673,4.0,0.2263,0.335
7093,11,1,5,859,2.0,0.2263,0.485
7094,15,1,1,313,4.0,0.8008,0.135
7095,12,1,9,848,4.0,-0.5423,0.55192
7096,11,2,9,486,1.0,0.7351,0.56
7097,23,2,1,433,4.0,0.8225,0.135
7098,6,2,4,708,3.0,-0.5423,0.6269200000000001
7099,17,2,4,797,5.0,-0.5423,0.47692
7100,8,1,4,1048,4.0,-0.4939,0.53256
7101,11,2,1,432,5.0,0.0,0.06
7102,23,2,9,202,3.0,0.6486,0.41
7103,2,1,1,576,5.0,-0.2008,0.14032
7104,1,1,4,743,4.0,-0.5423,0.55192
7105,12,1,2,499,3.0,0.5719,0.41
7106,3,1,1,421,4.0,0.5423,0.135
7107,5,2,4,1055,5.0,-0.4215,0.4286
7108,9,2,4,95,5.0,0.4767,0.26
7109,2,2,6,811,2.0,-0.6362,0.7394799999999999
7110,2,1,1,819,3.0,0.4404,0.21
7111,17,1,1,518,4.0,0.3612,0.135
7112,4,1,4,324,2.0,-0.4215,0.6536
7113,4,1,9,608,3.0,0.5719,0.41
7114,6,2,7,275,3.0,-0.5096,0.6138400000000002
7115,2,2,1,324,4.0,0.5719,0.135
7116,13,2,1,177,5.0,0.4939,0.06
7117,9,2,1,1019,4.0,0.0,0.135
7118,12,2,3,270,2.0,0.0516,0.485
7119,17,1,1,329,4.0,0.0015,0.135
7120,4,2,1,822,5.0,0.0,0.06
7121,3,2,4,763,4.0,-0.6369,0.5897600000000001
7122,5,1,1,681,3.0,0.0,0.21
7123,4,1,2,708,3.0,0.2263,0.41
7124,23,2,1,894,4.0,0.5719,0.135
7125,17,1,7,764,4.0,-0.5606,0.55924
7126,3,1,1,361,5.0,0.2263,0.06
7127,4,2,1,909,4.0,0.1043,0.135
7128,9,2,1,165,3.0,0.0,0.21
7129,11,2,7,365,3.0,-0.765,0.7160000000000002
7130,22,1,3,840,1.0,-0.0516,0.58064
7131,23,1,4,53,5.0,-0.4215,0.4286
7132,12,2,1,317,4.0,0.5719,0.135
7133,2,1,1,225,5.0,0.4404,0.06
7134,23,2,1,710,5.0,-0.5096,0.26384
7135,9,2,4,825,2.0,-0.1027,0.52608
7136,22,1,6,519,3.0,-0.2023,0.49092
7137,5,2,7,182,2.0,0.1027,0.485
7138,4,1,4,288,4.0,-0.0258,0.34532
7139,9,2,7,836,2.0,-0.296,0.6033999999999999
7140,17,1,3,902,4.0,0.4404,0.335
7141,5,1,1,681,5.0,0.6597,0.06
7142,4,1,1,1081,3.0,-0.2732,0.31928
7143,13,2,1,528,3.0,0.0,0.21
7144,9,2,4,882,5.0,0.1779,0.26
7145,22,2,3,207,2.0,0.4404,0.485
7146,15,2,1,199,5.0,-0.2095,0.1437999999999999
7147,3,2,1,377,4.0,0.5719,0.135
7148,4,2,1,78,2.0,0.2263,0.285
7149,22,2,1,797,3.0,0.4404,0.21
7150,13,2,1,830,3.0,0.4939,0.21
7151,15,2,1,71,4.0,0.4404,0.135
7152,9,1,4,496,1.0,-0.6597,0.82388
7153,23,2,1,978,4.0,0.4215,0.135
7154,9,2,4,1047,4.0,-0.5267,0.5456799999999999
7155,23,1,7,109,1.0,-0.6808,0.83232
7156,13,1,2,631,3.0,0.2263,0.41
7157,23,1,7,993,1.0,-0.6705,0.8282
7158,9,2,1,1050,4.0,0.6124,0.135
7159,9,2,1,359,4.0,0.8074,0.135
7160,17,1,10,671,4.0,0.2263,0.335
7161,3,2,7,679,3.0,0.25,0.41
7162,12,1,1,1096,5.0,0.6461,0.06
7163,11,2,4,759,1.0,-0.5423,0.77692
7164,2,1,5,923,4.0,0.3976,0.335
7165,1,2,4,298,5.0,-0.4215,0.4286
7166,11,1,4,758,4.0,-0.5423,0.55192
7167,5,1,1,201,4.0,0.0,0.135
7168,5,1,6,772,3.0,-0.7179,0.69716
7169,24,2,9,832,3.0,0.7351,0.41
7170,13,2,1,671,5.0,0.4215,0.06
7171,17,1,6,248,2.0,-0.743,0.7822
7172,23,1,1,866,4.0,0.0,0.135
7173,19,1,1,873,2.0,0.2263,0.285
7174,13,1,4,837,4.0,-0.5423,0.55192
7175,4,2,4,506,4.0,-0.6808,0.6073200000000001
7176,8,1,1,604,5.0,0.872,0.06
7177,4,2,1,118,1.0,0.6705,0.36
7178,12,1,1,705,5.0,-0.5667,0.28668
7179,14,2,5,776,1.0,0.1779,0.56
7180,4,2,5,16,4.0,0.4226,0.335
7181,23,2,5,1049,4.0,0.1531,0.335
7182,9,1,1,192,4.0,0.0,0.135
7183,23,2,4,1063,5.0,-0.4215,0.4286
7184,11,2,1,826,4.0,-0.6124,0.37996
7185,22,2,1,413,4.0,0.4404,0.135
7186,15,2,1,604,5.0,0.8074,0.06
7187,11,1,1,870,4.0,-0.5096,0.33884
7188,4,1,1,333,5.0,0.5719,0.06
7189,14,1,3,1048,2.0,0.4404,0.485
7190,8,1,1,273,4.0,0.5267,0.135
7191,12,2,9,901,1.0,0.8074,0.56
7192,9,2,3,9,1.0,-0.7906,0.8762400000000001
7193,2,1,1,651,1.0,0.3612,0.36
7194,1,1,1,679,4.0,0.25,0.135
7195,8,1,1,190,4.0,-0.6602,0.39908
7196,14,1,6,396,3.0,0.2263,0.41
7197,11,1,6,865,1.0,-0.2023,0.6409199999999999
7198,2,1,3,1011,3.0,-0.4215,0.5786
7199,8,2,1,675,5.0,-0.0243,0.06972
7200,23,2,7,406,2.0,-0.7502,0.78508
7201,13,1,6,810,1.0,-0.2023,0.6409199999999999
7202,4,2,1,907,4.0,0.25,0.135
7203,9,2,1,839,4.0,0.0,0.135
7204,12,2,6,714,3.0,-0.6369,0.66476
7205,22,1,6,791,3.0,-0.5423,0.6269200000000001
7206,5,2,4,262,3.0,-0.5423,0.6269200000000001
7207,11,1,4,266,5.0,-0.2263,0.35052
7208,6,2,9,249,3.0,0.4767,0.41
7209,4,2,1,281,4.0,-0.5267,0.34568
7210,17,1,4,562,5.0,-0.2732,0.36928
7211,2,2,1,401,5.0,-0.4857,0.25428
7212,23,1,1,959,4.0,0.6369,0.135
7213,1,2,7,1055,4.0,-0.5096,0.53884
7214,5,1,6,577,3.0,-0.7351,0.70404
7215,12,2,4,470,4.0,-0.5423,0.55192
7216,11,2,1,308,4.0,-0.2946,0.25284
7217,11,2,3,125,1.0,-0.1531,0.62124
7218,3,2,1,708,4.0,0.4404,0.135
7219,5,2,5,411,5.0,0.34,0.26
7220,3,2,1,546,4.0,0.2263,0.135
7221,8,1,1,173,4.0,-0.357,0.2778
7222,4,1,9,940,3.0,-0.2023,0.49092
7223,23,2,4,753,5.0,0.1027,0.26
7224,14,1,1,9,5.0,-0.5096,0.26384
7225,5,2,6,67,3.0,-0.0258,0.4203199999999999
7226,11,1,4,92,4.0,-0.5423,0.55192
7227,1,1,1,69,2.0,0.7184,0.285
7228,14,2,4,1062,4.0,-0.024,0.3446
7229,8,1,4,342,4.0,-0.6643,0.6007200000000001
7230,12,1,1,1005,3.0,0.4404,0.21
7231,1,2,4,893,5.0,-0.5423,0.47692
7232,5,1,7,1018,3.0,-0.296,0.5284
7233,6,2,1,179,4.0,0.1027,0.135
7234,9,2,7,315,3.0,-0.4767,0.6006800000000001
7235,2,1,1,565,1.0,-0.1531,0.42124
7236,8,1,5,112,5.0,0.5719,0.26
