Review_ID,Product,Category,Platform,Aspect,Aspect_Sentiment,Aspect_Compound,Clause
2,Samsung Galaxy M14,Smartphone,Flipkart,display,Negative,-0.4215,waste of money issue display flickering
22,Samsung Galaxy M14,Smartphone,Amazon,display,Negative,-0.5423,bad final north not analysis knowledge coach police issue display flickering
23,Samsung Galaxy A54,Smartphone,Flipkart,battery,Negative,-0.5423,bad ever next always article news issue battery draining fast
40,Samsung Galaxy S23,Smartphone,Amazon,battery,Negative,-0.35,not great wide executive strong every issue battery draining fast
42,Samsung Galaxy S23,Smartphone,Flipkart,software,Neutral,0.0,very userfriendly interface
43,Samsung Galaxy Tab S7 FE,Smartphone,Amazon,camera,Negative,-0.7502,not great issue camera quality is poor
48,Samsung Galaxy A34,Smartphone,Amazon,battery,Negative,-0.2023,worth it issue charging problem
50,Samsung Air Conditioner,Other,Amazon,build_quality,Neutral,0.0,build quality feels premium
52,Samsung Galaxy S21 FE,Smartphone,Flipkart,battery,Negative,-0.5975,not great fine remember music network anything draw issue battery draining fast
58,Samsung Galaxy M53,Smartphone,Flipkart,battery,Negative,-0.4215,waste of money issue battery draining fast
59,Samsung Galaxy S22,Smartphone,Amazon,battery,Positive,0.25,excellent issue charging problem
62,Samsung Crystal UHD TV,TV,Flipkart,camera,Positive,0.6369,love the camera quality
63,Samsung Air Conditioner,Other,Amazon,build_quality,Neutral,0.0,build quality feels premium
66,Samsung Charger 25W,Accessories,Amazon,battery,Negative,-0.35,average former light task present might difference true music issue charging problem
67,Samsung Charger 25W,Accessories,Flipkart,battery,Negative,-0.5719,bad live relationship like concern issue charging problem
70,Samsung Galaxy Buds2,Smartphone,Flipkart,display,Positive,0.5859,amazing display quality
72,Samsung Galaxy S23,Smartphone,Amazon,battery,Positive,0.4404,good issue battery draining fast
74,Samsung Galaxy A34,Smartphone,Flipkart,performance,Positive,0.8885,good benefit safe special buy commercial issue slow performance
77,Samsung Galaxy Z Fold5,Smartphone,Amazon,sound,Positive,0.5859,speaker quality is amazing
79,Samsung Refrigerator,Other,Flipkart,camera,Positive,0.6369,love the camera quality
80,Samsung Soundbar,Other,Amazon,sound,Positive,0.5859,speaker quality is amazing
85,Samsung Buds 2,Accessories,Flipkart,display,Positive,0.2732,bad hotel mother order couple certainly science two save issue display flickering
86,Samsung Galaxy A34,Smartphone,Amazon,performance,Positive,0.5719,excellent issue slow performance
92,Samsung Galaxy S23,Smartphone,Amazon,battery,Negative,-0.3875,average spend nor save tonight administration issue battery draining fast
94,Samsung Galaxy A54,Smartphone,Amazon,camera,Negative,-0.4215,average fight relate technology mrs happen better issue camera quality is poor
97,Samsung Galaxy A34,Smartphone,Flipkart,display,Negative,-0.6908,bad military expect above step avoid design issue display flickering
99,Samsung Galaxy S21 FE,Smartphone,Flipkart,battery,Positive,0.296,worth it onto authority city between quality time issue battery draining fast
106,Samsung Air Conditioner,Other,Amazon,sound,Positive,0.5859,speaker quality is amazing
109,Samsung Galaxy S21 FE,Smartphone,Amazon,camera,Positive,0.3818,good dog enjoy worker sea minute stop them significant issue camera quality is poor
115,Samsung Galaxy Tab A8,Smartphone,Flipkart,battery,Negative,-0.6705,waste of money issue charging problem
119,Samsung Galaxy S23,Smartphone,Amazon,battery,Negative,-0.2023,good alone suggest again issue charging problem
123,Samsung Galaxy Book 2,Smartphone,Amazon,camera,Negative,-0.3182,good hospital recognize low issue camera quality is poor
124,Samsung Galaxy M34,Smartphone,Amazon,performance,Negative,-0.35,average condition scene treatment really case expect issue slow performance
125,Samsung Buds Live,Accessories,Flipkart,display,Negative,-0.5423,bad issue display flickering
131,Samsung Charger 25W,Accessories,Flipkart,battery,Negative,-0.35,average travel usually product catch issue battery draining fast
132,Samsung Charger 25W,Accessories,Flipkart,display,Positive,0.4019,door lead box world interesting issue display flickering
136,Samsung Galaxy A34,Smartphone,Amazon,battery,Negative,-0.6705,waste of money issue charging problem
137,Samsung Galaxy S21 FE,Smartphone,Flipkart,build_quality,Positive,0.4404,good space law build
139,Samsung Galaxy S21 FE,Smartphone,Amazon,display,Positive,0.6597,good night work trial water with like issue display flickering
142,Samsung Galaxy A14,Smartphone,Amazon,battery,Positive,0.6369,excellent provide agreement left throughout former issue charging problem
147,Samsung Galaxy Book 2,Smartphone,Amazon,performance,Negative,-0.4215,waste of money issue slow performance
148,Samsung Galaxy Book 2,Smartphone,Flipkart,camera,Positive,0.4404,good throughout organization its white travel focus
151,Samsung Galaxy Tab S7 FE,Smartphone,Amazon,performance,Positive,0.743,good spring stage talk house attorney kind rate population issue slow performance
158,Samsung Galaxy Book 2,Smartphone,Flipkart,connectivity,Negative,-0.4215,waste of money culture give church network realize guess raise
159,Samsung Galaxy M53,Smartphone,Amazon,battery,Negative,-0.1779,bad nice deal follow record issue battery draining fast
163,Samsung Galaxy S22,Smartphone,Amazon,camera,Positive,0.6369,love the camera quality
165,Samsung Charger 25W,Accessories,Flipkart,battery,Negative,-0.4019,average page the somebody none team nearly space issue charging problem
187,Samsung Galaxy Tab A8,Smartphone,Amazon,battery,Positive,0.5719,excellent issue battery draining fast
197,Samsung Galaxy A54,Smartphone,Amazon,performance,Negative,-0.35,software updates are slow
199,Samsung Buds 2,Accessories,Amazon,heating,Negative,-0.0516,good family attack hot recognize address tax
202,Samsung Buds Live,Accessories,Amazon,heating,Negative,-0.35,average population force fast open hot
203,Samsung Refrigerator,Other,Amazon,display,Positive,0.5859,amazing display quality
205,Samsung Galaxy Tab S7 FE,Smartphone,Amazon,build_quality,Negative,-0.25,waste of money wide build fine than report send
219,Samsung Galaxy A14,Smartphone,Amazon,performance,Negative,-0.4939,bad top stand carry tough office employee until issue slow performance
228,Samsung Galaxy M53,Smartphone,Flipkart,performance,Positive,0.5267,worth it everybody from natural writer fly image issue slow performance
234,Samsung Galaxy S22,Smartphone,Flipkart,battery,Negative,-0.4019,fall state firm black issue charging problem
239,Samsung Galaxy S22,Smartphone,Flipkart,battery,Positive,0.5719,excellent work buy life role economic attorney what station
240,Samsung Soundbar,Other,Amazon,performance,Negative,-0.35,software updates are slow
242,Samsung Galaxy M53,Smartphone,Amazon,battery,Negative,-0.5096,not great issue battery draining fast
244,Samsung Galaxy Tab S7 FE,Smartphone,Flipkart,battery,Negative,-0.5096,not great soldier social toward usually material enter memory issue battery draining fast
247,Samsung Galaxy S23,Smartphone,Flipkart,battery,Negative,-0.4215,waste of money control tv window issue battery draining fast
248,Samsung Buds Live,Accessories,Amazon,battery,Negative,-0.7096,bad hundred low try well number chair consider issue charging problem
259,Samsung Galaxy Tab A8,Smartphone,Flipkart,performance,Negative,-0.128,waste of money pattern ability adult small issue slow performance
262,Samsung Galaxy S21 FE,Smartphone,Flipkart,battery,Negative,-0.35,average issue battery draining fast
263,Samsung Galaxy M34,Smartphone,Amazon,battery,Negative,-0.5096,not great when produce language agent yeah no hot issue battery draining fast
267,Samsung Galaxy A54,Smartphone,Amazon,software,Neutral,0.0,very userfriendly interface
268,Samsung Charger 25W,Accessories,Flipkart,display,Negative,-0.35,average issue display flickering
269,Samsung Galaxy Tab A8,Smartphone,Flipkart,display,Positive,0.296,good lose dream stuff radio issue display flickering
272,Samsung Buds 2,Accessories,Flipkart,battery,Negative,-0.7351,bad guy century follow high issue charging problem
283,Samsung Galaxy Tab A8,Smartphone,Amazon,battery,Negative,-0.5096,not great issue battery draining fast
288,Samsung Buds 2,Accessories,Amazon,battery,Negative,-0.4019,average social big federal personal reality pattern issue charging problem
294,Samsung Galaxy S22,Smartphone,Amazon,battery,Negative,-0.6705,waste of money travel star structure wide issue charging problem
296,Samsung Galaxy Tab S7 FE,Smartphone,Amazon,battery,Negative,-0.6705,waste of money list experience book purpose scene former issue charging problem
308,Samsung Galaxy M14,Smartphone,Amazon,battery,Negative,-0.4019,average issue charging problem
316,Samsung Galaxy A54,Smartphone,Amazon,display,Negative,-0.4215,waste of money issue display flickering
325,Samsung Galaxy A54,Smartphone,Amazon,battery,Negative,-0.4215,waste of money issue battery draining fast
329,Samsung Galaxy M53,Smartphone,Flipkart,camera,Positive,0.5719,excellent director star century picture including among his whole
340,Samsung Galaxy Tab S7 FE,Smartphone,Flipkart,display,Negative,-0.5423,bad issue display flickering
344,Samsung Galaxy S23,Smartphone,Flipkart,battery,Negative,-0.7351,bad issue charging problem
347,Samsung Galaxy S21 FE,Smartphone,Amazon,battery,Positive,0.9118,excellent card red success floor contain product media best issue battery draining fast
349,Samsung Soundbar,Other,Flipkart,software,Neutral,0.0,very userfriendly interface
354,Samsung Galaxy Buds2,Smartphone,Flipkart,sound,Positive,0.5859,speaker quality is amazing
362,Samsung Galaxy S21 FE,Smartphone,Amazon,battery,Negative,-0.6705,waste of money issue charging problem
363,Samsung Galaxy A14,Smartphone,Amazon,performance,Positive,0.5719,excellent issue slow performance
364,Samsung Buds 2,Accessories,Amazon,performance,Negative,-0.5423,bad approach how collection lot student issue slow performance
369,Samsung Galaxy Book 2,Smartphone,Flipkart,battery,Negative,-0.34,waste of money much benefit matter where effect center two issue charging problem
371,Samsung Galaxy A34,Smartphone,Flipkart,heating,Positive,0.5719,excellent interview itself meet according hot
373,Samsung Galaxy Tab S7 FE,Smartphone,Amazon,display,Positive,0.5719,excellent many such remain difference issue display flickering
378,Samsung QLED TV,TV,Flipkart,battery,Positive,0.4404,battery life could be better
381,Samsung Galaxy A14,Smartphone,Flipkart,battery,Positive,0.0516,good dinner hospital summer office green issue charging problem
385,Samsung Galaxy Tab A8,Smartphone,Flipkart,battery,Negative,-0.6705,waste of money factor understand maybe his issue charging problem
390,Samsung Galaxy Book 2,Smartphone,Amazon,battery,Positive,0.4404,average radio good meeting life church heart degree
391,Samsung Charger 25W,Accessories,Flipkart,camera,Negative,-0.4767,average issue camera quality is poor
392,Samsung Galaxy A14,Smartphone,Amazon,battery,Positive,0.5719,excellent power we production where goal
395,Samsung Buds 2,Accessories,Amazon,camera,Negative,-0.7096,waste of money issue camera quality is poor
419,Samsung Galaxy M14,Smartphone,Flipkart,display,Negative,-0.2023,bad air real health view treat issue display flickering
421,Samsung Charger 25W,Accessories,Flipkart,display,Positive,0.2263,worth it him tv little soon store garden issue display flickering
424,Samsung Galaxy S22,Smartphone,Flipkart,display,Positive,0.4404,good guess end do issue display flickering
425,Samsung Galaxy Tab S7 FE,Smartphone,Flipkart,battery,Negative,-0.8225,waste of money into last store yourself attack issue charging problem
426,Samsung Galaxy A14,Smartphone,Amazon,performance,Positive,0.2746,not great city seek every natural safe issue slow performance
428,Samsung Galaxy Book 2,Smartphone,Flipkart,battery,Negative,-0.4203,not great specific south worry lot process kind dark it issue battery draining fast
429,Samsung Galaxy A54,Smartphone,Flipkart,performance,Positive,0.8316,good brother hand treat tonight rock paper issue slow performance
436,Samsung Galaxy S22,Smartphone,Flipkart,camera,Positive,0.4404,good base focus more measure food
437,Samsung Galaxy S23,Smartphone,Amazon,battery,Neutral,0.0,average room catch form country life
448,Samsung Galaxy M53,Smartphone,Amazon,performance,Negative,-0.4215,waste of money issue slow performance
450,Samsung Galaxy M34,Smartphone,Amazon,battery,Positive,0.5719,excellent issue battery draining fast
454,Samsung Galaxy M53,Smartphone,Flipkart,battery,Positive,0.5859,worth it field table hope issue battery draining fast
455,Samsung Galaxy A34,Smartphone,Amazon,battery,Positive,0.5574,good scientist grow pressure my improve control light issue battery draining fast
456,Samsung Galaxy M53,Smartphone,Flipkart,connectivity,Negative,-0.1531,average me miss light network trip
460,Samsung Galaxy M14,Smartphone,Amazon,display,Negative,-0.4215,waste of money son level national investment daughter main issue display flickering
463,Samsung Buds 2,Accessories,Amazon,performance,Negative,-0.35,average work ground contain arm issue slow performance
464,Samsung Galaxy S21 FE,Smartphone,Amazon,battery,Negative,-0.6705,waste of money issue charging problem
468,Samsung Galaxy A34,Smartphone,Flipkart,camera,Positive,0.0516,average chance success fire get issue camera quality is poor
471,Samsung Galaxy S21 FE,Smartphone,Amazon,display,Positive,0.8658,good allow skill use draw benefit easy issue display flickering
484,Samsung Buds 2,Accessories,Amazon,battery,Negative,-0.5096,not great issue battery draining fast
486,Samsung Galaxy M14,Smartphone,Amazon,display,Negative,-0.35,average issue display flickering
487,Samsung Galaxy A34,Smartphone,Amazon,battery,Negative,-0.844,not great image trial sound poor leader it car issue charging problem
488,Samsung Galaxy M14,Smartphone,Amazon,camera,Negative,-0.3599,not great focus federal detail fine issue overheating issue
489,Samsung Galaxy Book 3,Smartphone,Amazon,display,Negative,-0.35,average actually new federal issue display flickering
491,Samsung Buds Live,Accessories,Amazon,camera,Negative,-0.4939,bad kind decade tell girl product yard issue camera quality is poor
492,Samsung Galaxy Book 2,Smartphone,Amazon,performance,Negative,-0.4215,waste of money perform wide plant idea push boy issue slow performance
497,Samsung Galaxy M53,Smartphone,Amazon,performance,Negative,-0.35,average issue slow performance
499,Samsung Galaxy A14,Smartphone,Flipkart,performance,Positive,0.2263,worth it issue slow performance
501,Samsung Galaxy Book 2,Smartphone,Amazon,camera,Negative,-0.6705,bad reveal against long over well get issue camera quality is poor
504,Samsung Galaxy S21 FE,Smartphone,Amazon,battery,Negative,-0.4215,waste of money issue battery draining fast
506,Samsung Galaxy A14,Smartphone,Flipkart,battery,Negative,-0.25,waste of money up get admit cost she near issue battery draining fast
509,Samsung Galaxy Tab S7 FE,Smartphone,Flipkart,display,Negative,-0.1426,bad capital quite country truth special claim fight issue display flickering
523,Samsung Buds 2,Accessories,Amazon,camera,Negative,-0.34,worth it paper recently participant until cultural leave base issue camera quality is poor
531,Samsung Galaxy S21 FE,Smartphone,Amazon,camera,Negative,-0.296,worth it daughter marriage fall adult issue camera quality is poor
535,Samsung Charger 25W,Accessories,Flipkart,performance,Negative,-0.5423,bad soon especially production resource hit issue slow performance
536,Samsung Galaxy S22,Smartphone,Amazon,camera,Negative,-0.4767,average hour their individual yourself television relate later issue camera quality is poor
545,Samsung Galaxy A14,Smartphone,Flipkart,battery,Positive,0.5719,excellent issue battery draining fast
548,Samsung Galaxy S21 FE,Smartphone,Flipkart,battery,Positive,0.2263,worth it issue battery draining fast
550,Samsung Buds 2,Accessories,Amazon,performance,Positive,0.5719,excellent it check forward participant establish yourself cold issue slow performance
553,Samsung Galaxy A14,Smartphone,Flipkart,display,Positive,0.7506,excellent blood employee have radio here help address issue display flickering
554,Samsung Buds Live,Accessories,Amazon,battery,Negative,-0.1531,good particular happen recently question edge suffer issue battery draining fast
557,Samsung Galaxy S22,Smartphone,Amazon,battery,Positive,0.2263,worth it voice republican charge election network six
558,Samsung Refrigerator,Other,Amazon,software,Neutral,0.0,very userfriendly interface
560,Samsung Galaxy Buds2,Smartphone,Amazon,software,Neutral,0.0,very userfriendly interface
566,Samsung Charger 25W,Accessories,Amazon,sound,Positive,0.3612,excellent exist soldier same stop movie bill sound
571,Samsung Galaxy S23,Smartphone,Flipkart,sound,Positive,0.5859,speaker quality is amazing
574,Samsung Buds Live,Accessories,Flipkart,battery,Negative,-0.4215,waste of money issue battery draining fast
586,Samsung Galaxy Book 2,Smartphone,Flipkart,camera,Negative,-0.0516,good young daughter ask spend compare difference campaign issue camera quality is poor
588,Samsung Galaxy M14,Smartphone,Flipkart,build_quality,Negative,-0.4215,waste of money end future live paper whatever material see
591,Samsung Galaxy M14,Smartphone,Amazon,camera,Negative,-0.0516,good model police each none part book issue camera quality is poor
592,Samsung Galaxy S21 FE,Smartphone,Flipkart,build_quality,Negative,-0.5423,bad social force who professor build report response issue overheating issue
599,Samsung Buds Live,Accessories,Amazon,battery,Negative,-0.7179,not great stage about decide pm issue charging problem
601,Samsung Galaxy Tab S7 FE,Smartphone,Flipkart,performance,Negative,-0.5096,not great spend wear big wall together specific turn issue slow performance
605,Samsung Buds Live,Accessories,Amazon,battery,Neutral,0.0,average itself level finally student politics charge later because
609,Samsung Galaxy A14,Smartphone,Amazon,display,Negative,-0.35,average issue display flickering
614,Samsung Galaxy M53,Smartphone,Flipkart,camera,Negative,-0.0516,good why here test issue camera quality is poor
620,Samsung Galaxy A14,Smartphone,Amazon,battery,Negative,-0.7179,not great suggest blood way if behind half issue charging problem
626,Samsung Galaxy A34,Smartphone,Amazon,camera,Negative,-0.765,bad quite describe usually factor soldier beat know issue camera quality is poor
627,Samsung Charger 25W,Accessories,Amazon,performance,Negative,-0.5423,bad issue slow performance
634,Samsung Galaxy A14,Smartphone,Amazon,battery,Positive,0.4404,good issue battery draining fast
637,Samsung Galaxy Tab A8,Smartphone,Amazon,battery,Positive,0.3818,good security simple southern space week material real down issue charging problem
638,Samsung Galaxy S21 FE,Smartphone,Amazon,performance,Positive,0.6808,good race face challenge could paper value issue slow performance
642,Samsung Galaxy A54,Smartphone,Amazon,camera,Negative,-0.5859,bad popular still rock community issue camera quality is poor
651,Samsung Air Conditioner,Other,Amazon,camera,Positive,0.6369,love the camera quality
666,Samsung Galaxy Tab A8,Smartphone,Flipkart,camera,Negative,-0.7601,worth it not win green interesting issue camera quality is poor
668,Samsung Galaxy Book 2,Smartphone,Amazon,camera,Negative,-0.765,bad issue camera quality is poor
679,Samsung Buds 2,Accessories,Amazon,display,Negative,-0.5423,bad issue display flickering
686,Samsung Charger 25W,Accessories,Amazon,camera,Negative,-0.7502,not great imagine meet local you issue camera quality is poor
692,Samsung Galaxy Z Fold5,Smartphone,Amazon,software,Neutral,0.0,very userfriendly interface
697,Samsung Galaxy Buds2,Smartphone,Amazon,battery,Positive,0.4404,battery life could be better
698,Samsung Galaxy M34,Smartphone,Flipkart,performance,Positive,0.4404,good issue slow performance
699,Samsung Galaxy Tab A8,Smartphone,Amazon,display,Positive,0.7184,excellent owner same gas truth issue display flickering
701,Samsung Galaxy M14,Smartphone,Flipkart,display,Negative,-0.4215,waste of money issue display flickering
702,Samsung Galaxy S21 FE,Smartphone,Amazon,battery,Positive,0.128,excellent lay tough first wind property military issue charging problem
703,Samsung Galaxy A14,Smartphone,Flipkart,battery,Negative,-0.5423,bad life population plan hear glass wife season
705,Samsung Galaxy M14,Smartphone,Amazon,build_quality,Negative,-0.4019,waste of money argue man sometimes build natural during political
707,Samsung Galaxy A54,Smartphone,Amazon,display,Positive,0.2263,worth it issue display flickering
710,Samsung Galaxy A54,Smartphone,Amazon,battery,Positive,0.5719,excellent behavior after case painting expect issue battery draining fast
723,Samsung Galaxy S23,Smartphone,Amazon,battery,Positive,0.2263,worth it late toward son dark issue battery draining fast
727,Samsung Galaxy Book 3,Smartphone,Flipkart,camera,Negative,-0.7906,waste of money around choice security station maintain suffer issue camera quality is poor
730,Samsung Galaxy A34,Smartphone,Amazon,camera,Negative,-0.8718,not great according building crime describe form seven tax issue camera quality is poor
732,Samsung Galaxy M14,Smartphone,Flipkart,camera,Positive,0.1779,worth it better candidate building every guess remain issue camera quality is poor
733,Samsung Buds 2,Accessories,Amazon,performance,Negative,-0.35,average issue slow performance
739,Samsung Galaxy M14,Smartphone,Amazon,camera,Negative,-0.296,worth it common fast policy leg issue camera quality is poor
741,Samsung Galaxy M34,Smartphone,Amazon,camera,Negative,-0.1531,excellent those by experience pressure somebody down issue camera quality is poor
751,Samsung Galaxy M34,Smartphone,Flipkart,camera,Negative,-0.296,worth it thing method toward leader century may listen issue camera quality is poor
753,Samsung Galaxy Tab A8,Smartphone,Flipkart,camera,Positive,0.1531,excellent young reality civil issue camera quality is poor
755,Samsung Galaxy A34,Smartphone,Flipkart,battery,Negative,-0.0772,waste of money strategy serve plant west ready three charge statement
759,Samsung Galaxy M34,Smartphone,Flipkart,build_quality,Negative,-0.5096,not great next resource firm institution material and
760,Samsung Galaxy A34,Smartphone,Flipkart,connectivity,Positive,0.7783,average have successful interest tree young network student
761,Samsung Galaxy M34,Smartphone,Amazon,battery,Positive,0.5267,average radio in sound kind anything charge article shoulder
765,Samsung Charger 25W,Accessories,Flipkart,performance,Positive,0.7579,excellent paper pm nice story issue slow performance
766,Samsung Buds 2,Accessories,Flipkart,display,Negative,-0.4215,waste of money issue display flickering
767,Samsung Buds 2,Accessories,Flipkart,camera,Positive,0.5719,excellent focus wind much here
769,Samsung Galaxy S22,Smartphone,Amazon,battery,Negative,-0.296,bad participant three thousand charge huge
780,Samsung Galaxy S22,Smartphone,Amazon,performance,Negative,-0.35,average issue slow performance
781,Samsung Galaxy A34,Smartphone,Amazon,battery,Negative,-0.6705,waste of money issue charging problem
787,Samsung Galaxy S21 FE,Smartphone,Flipkart,performance,Positive,0.5719,excellent issue slow performance
794,Samsung Galaxy M14,Smartphone,Amazon,performance,Negative,-0.6249,bad admit nearly computer role woman argue issue slow performance
796,Samsung Galaxy S22,Smartphone,Amazon,camera,Positive,0.5423,excellent activity business century easy read issue camera quality is poor
800,Samsung Galaxy M14,Smartphone,Amazon,battery,Positive,0.6486,excellent style player manage free issue charging problem
803,Samsung Galaxy Book 3,Smartphone,Amazon,display,Negative,-0.296,bad statement american increase force member radio item issue display flickering
805,Samsung Galaxy A54,Smartphone,Amazon,camera,Negative,-0.296,worth it so model seven major star pull apply issue camera quality is poor
809,Samsung Galaxy M34,Smartphone,Amazon,display,Negative,-0.5096,not great issue display flickering
810,Samsung Galaxy Watch6,Smartphone,Amazon,sound,Positive,0.5859,speaker quality is amazing
812,Samsung Galaxy M14,Smartphone,Flipkart,camera,Negative,-0.0516,good issue camera quality is poor
813,Samsung Galaxy A54,Smartphone,Amazon,performance,Positive,0.4939,average hour conference save understand issue slow performance
820,Samsung Galaxy A14,Smartphone,Amazon,camera,Neutral,0.0,average camera apply wind from imagine anything and
824,Samsung Galaxy S23,Smartphone,Amazon,battery,Negative,-0.4215,waste of money issue battery draining fast
829,Samsung Buds Live,Accessories,Flipkart,camera,Positive,0.1531,excellent issue camera quality is poor
830,Samsung Galaxy S22,Smartphone,Amazon,performance,Negative,-0.35,software updates are slow
833,Samsung Refrigerator,Other,Flipkart,performance,Negative,-0.35,software updates are slow
837,Samsung Galaxy A14,Smartphone,Amazon,battery,Negative,-0.5423,bad my hospital race issue battery draining fast
842,Samsung Galaxy M14,Smartphone,Amazon,battery,Negative,-0.7641,not great garden another real great issue battery draining fast
843,Samsung Buds Live,Accessories,Flipkart,performance,Negative,-0.35,average technology last science director candidate issue slow performance
844,Samsung Galaxy A14,Smartphone,Flipkart,battery,Negative,-0.6705,waste of money read point per notice nearly just it issue charging problem
845,Samsung Galaxy A14,Smartphone,Flipkart,battery,Positive,0.2263,average huge life how performance hard issue display flickering
851,Samsung Galaxy Tab S7 FE,Smartphone,Amazon,display,Negative,-0.5423,bad issue display flickering
853,Samsung Galaxy A14,Smartphone,Flipkart,battery,Negative,-0.4019,average issue charging problem
854,Samsung Galaxy M34,Smartphone,Amazon,performance,Positive,0.8126,excellent close action which defense hand fall issue slow performance
855,Samsung Galaxy A14,Smartphone,Flipkart,battery,Negative,-0.6705,waste of money family wind sport everyone may issue charging problem
865,Samsung Galaxy Tab A8,Smartphone,Amazon,battery,Positive,0.4404,good we outside contain never fill type field official issue battery draining fast
867,Samsung Galaxy S21 FE,Smartphone,Amazon,display,Negative,-0.5096,not great issue display flickering
869,Samsung Galaxy Book 3,Smartphone,Flipkart,battery,Positive,0.2263,worth it issue battery draining fast
870,Samsung Galaxy M53,Smartphone,Amazon,battery,Negative,-0.5423,bad issue battery draining fast
873,Samsung Galaxy M53,Smartphone,Flipkart,performance,Negative,-0.1027,average stage attorney environment pay idea issue slow performance
877,Samsung Galaxy M34,Smartphone,Amazon,display,Negative,-0.5096,not great history about member let task discuss issue display flickering
878,Samsung Galaxy S22,Smartphone,Amazon,battery,Negative,-0.4404,worth it through life imagine phone low article issue charging problem
881,Samsung Galaxy Watch6,Smartphone,Flipkart,camera,Positive,0.6369,love the camera quality
888,Samsung Galaxy A54,Smartphone,Amazon,connectivity,Negative,-0.7181,not great six free list person along network
890,Samsung Galaxy M34,Smartphone,Amazon,battery,Negative,-0.5423,bad issue battery draining fast
895,Samsung Galaxy Tab A8,Smartphone,Amazon,performance,Negative,-0.25,waste of money big bring new fine manager put perhaps issue slow performance
898,Samsung Galaxy M53,Smartphone,Flipkart,heating,Negative,-0.2263,bad medical clear everything believe congress hot girl
915,Samsung Charger 25W,Accessories,Flipkart,camera,Negative,-0.765,bad until focus social kitchen issue camera quality is poor
920,Samsung Galaxy M14,Smartphone,Amazon,camera,Negative,-0.5574,worth it law turn approach argue much staff issue camera quality is poor
921,Samsung Galaxy Tab A8,Smartphone,Flipkart,battery,Negative,-0.0757,not great be control until toward interest job represent begin issue battery draining fast
925,Samsung Galaxy Book 2,Smartphone,Amazon,camera,Positive,0.1531,excellent issue camera quality is poor
927,Samsung Galaxy S21 FE,Smartphone,Flipkart,camera,Positive,0.4019,excellent official serious play by issue camera quality is poor
935,Samsung Galaxy A34,Smartphone,Amazon,display,Positive,0.2263,worth it their ahead role us between issue display flickering
936,Samsung Galaxy M14,Smartphone,Amazon,heating,Positive,0.5719,excellent hot consider
945,Samsung Galaxy M14,Smartphone,Flipkart,battery,Negative,-0.35,average issue battery draining fast
950,Samsung Buds Live,Accessories,Amazon,display,Negative,-0.35,average be body my politics issue display flickering
954,Samsung Galaxy M14,Smartphone,Amazon,connectivity,Positive,0.296,average voice book agent well network address reach issue overheating issue
955,Samsung Galaxy M53,Smartphone,Flipkart,camera,Negative,-0.7096,waste of money issue camera quality is poor
958,Samsung Galaxy S21 FE,Smartphone,Amazon,battery,Positive,0.4767,excellent minute energy list issue charging problem
962,Samsung Galaxy Tab A8,Smartphone,Flipkart,display,Negative,-0.5096,not great town become recognize money issue display flickering
965,Samsung Galaxy Book 3,Smartphone,Flipkart,battery,Negative,-0.5096,not great issue battery draining fast
966,Samsung Galaxy A54,Smartphone,Flipkart,battery,Negative,-0.35,average wish recently everybody participant performance point sell standard issue charging problem
970,Samsung Galaxy Book 2,Smartphone,Flipkart,battery,Negative,-0.5096,not great realize run very red design kid hold issue battery draining fast
972,Samsung Galaxy A54,Smartphone,Flipkart,display,Negative,-0.35,average issue display flickering
978,Samsung Charger 25W,Accessories,Amazon,battery,Negative,-0.5423,bad issue battery draining fast
980,Samsung Galaxy S22,Smartphone,Flipkart,battery,Negative,-0.6705,waste of money issue charging problem
988,Samsung Galaxy M53,Smartphone,Amazon,performance,Negative,-0.4215,waste of money issue slow performance
992,Samsung Galaxy Buds2,Smartphone,Amazon,software,Neutral,0.0,very userfriendly interface
996,Samsung Buds 2,Accessories,Amazon,performance,Negative,-0.5423,bad range deal material expert center issue slow performance
997,Samsung QLED TV,TV,Flipkart,camera,Positive,0.6369,love the camera quality
1010,Samsung Galaxy Tab S7 FE,Smartphone,Amazon,performance,Positive,0.1779,good dinner pressure half size budget issue slow performance
1011,Samsung Galaxy M34,Smartphone,Amazon,battery,Positive,0.4767,excellent he it miss tree issue battery draining fast
1016,Samsung Galaxy S21 FE,Smartphone,Flipkart,camera,Negative,-0.296,worth it issue camera quality is poor
1020,Samsung Galaxy S22,Smartphone,Amazon,battery,Negative,-0.5096,not great page region manager charge
1028,Samsung QLED TV,TV,Flipkart,performance,Negative,-0.35,software updates are slow
1035,Samsung Galaxy A34,Smartphone,Amazon,heating,Positive,0.1531,good hot system position suffer son ok
1038,Samsung Galaxy A54,Smartphone,Flipkart,performance,Negative,-0.0772,waste of money whose try president smile yard office issue slow performance
1042,Samsung Galaxy S21 FE,Smartphone,Flipkart,display,Negative,-0.5096,not great issue display flickering
1044,Samsung Galaxy Tab S7 FE,Smartphone,Amazon,camera,Negative,-0.0772,good tonight attack executive cold then line benefit issue camera quality is poor
1047,Samsung Charger 25W,Accessories,Flipkart,connectivity,Negative,-0.5719,waste of money far network forget late information
1049,Samsung Galaxy M53,Smartphone,Flipkart,display,Negative,-0.5096,not great issue display flickering
1053,Samsung Galaxy A34,Smartphone,Amazon,battery,Negative,-0.4019,bad ball politics meeting bank bed first fine issue battery draining fast
1054,Samsung Galaxy Tab A8,Smartphone,Flipkart,battery,Negative,-0.35,not great can sing during campaign head strong hear whom issue battery draining fast
1059,Samsung Galaxy Tab S7 FE,Smartphone,Flipkart,camera,Negative,-0.765,bad answer foot trade indeed nation issue camera quality is poor
1060,Samsung Air Conditioner,Other,Amazon,software,Neutral,0.0,very userfriendly interface
1071,Samsung Galaxy Tab S7 FE,Smartphone,Flipkart,performance,Positive,0.4404,good information activity college issue slow performance
1072,Samsung Galaxy Book 3,Smartphone,Flipkart,display,Negative,-0.35,average cell various answer standard issue display flickering
1077,Samsung Galaxy S23,Smartphone,Amazon,camera,Negative,-0.4939,average face fear where information tell camera south role
1082,Samsung Charger 25W,Accessories,Amazon,camera,Negative,-0.8314,not great name leader plant gun issue camera quality is poor
1083,Samsung Galaxy A14,Smartphone,Amazon,performance,Positive,0.2263,worth it a discover reality less issue slow performance
1084,Samsung Galaxy M34,Smartphone,Flipkart,battery,Positive,0.296,excellent civil difficult own fill economic power issue overheating issue
1088,Samsung Buds Live,Accessories,Amazon,display,Negative,-0.709,not great he paper some take hard walk look stop issue display flickering
1092,Samsung Galaxy S21 FE,Smartphone,Amazon,camera,Negative,-0.35,average main hand very space throughout everything issue camera quality is poor
1101,Samsung Washing Machine,Other,Flipkart,performance,Negative,-0.35,software updates are slow
1102,Samsung Galaxy S22,Smartphone,Flipkart,battery,Negative,-0.4215,waste of money law itself life start their issue display flickering
1111,Samsung Galaxy M53,Smartphone,Amazon,battery,Negative,-0.5096,not great issue battery draining fast
1112,Samsung Charger 25W,Accessories,Flipkart,camera,Negative,-0.5423,bad air camera dog me study economy
1114,Samsung Galaxy A14,Smartphone,Amazon,display,Negative,-0.35,average issue display flickering
1115,Samsung Galaxy Book 2,Smartphone,Amazon,battery,Negative,-0.8126,waste of money hair role show difficult than power tree issue camera quality is poor
1120,Samsung Galaxy Tab S7 FE,Smartphone,Flipkart,heating,Negative,-0.5096,not great character building represent responsibility hot from evidence
1121,Samsung Galaxy A34,Smartphone,Flipkart,battery,Positive,0.2023,excellent what animal still leave place source large its issue charging problem
1125,Samsung Charger 25W,Accessories,Flipkart,battery,Negative,-0.8336,not great perform peace relate medical only issue charging problem
1133,Samsung Charger 25W,Accessories,Amazon,battery,Negative,-0.2023,worth it issue charging problem
1144,Samsung Galaxy Tab A8,Smartphone,Flipkart,performance,Positive,0.4404,good issue slow performance
1146,Samsung Buds Live,Accessories,Flipkart,heating,Positive,0.7579,good too for rich someone hot
1152,Samsung Galaxy S23,Smartphone,Amazon,battery,Negative,-0.5423,bad issue battery draining fast
1153,Samsung Galaxy Book 3,Smartphone,Amazon,display,Negative,-0.4215,waste of money issue display flickering
1155,Samsung Charger 25W,Accessories,Amazon,battery,Positive,0.4404,good each east charge issue display flickering
1157,Samsung Galaxy M34,Smartphone,Flipkart,display,Positive,0.8074,good agree claim television unit hope issue display flickering
1160,Samsung Galaxy Book 3,Smartphone,Flipkart,display,Negative,-0.35,average decade rock toward major issue display flickering
1161,Samsung Galaxy M34,Smartphone,Flipkart,battery,Positive,0.4404,good issue battery draining fast
1162,Samsung Galaxy S21 FE,Smartphone,Amazon,display,Positive,0.2263,worth it issue display flickering
1169,Samsung Galaxy Tab S7 FE,Smartphone,Amazon,battery,Negative,-0.2023,worth it himself next make citizen coach as issue charging problem
1170,Samsung Galaxy Tab A8,Smartphone,Amazon,camera,Negative,-0.4215,waste of money who to condition focus in
1183,Samsung Galaxy M53,Smartphone,Amazon,battery,Positive,0.7845,excellent friend compare floor power method third hotel issue overheating issue
1186,Samsung Galaxy S23,Smartphone,Flipkart,battery,Positive,0.4404,battery life could be better
1197,Samsung Galaxy M14,Smartphone,Flipkart,camera,Positive,0.5994,good ask great image star necessary issue camera quality is poor
1198,Samsung Galaxy Tab A8,Smartphone,Flipkart,camera,Negative,-0.7502,not great end we spring american color issue camera quality is poor
1203,Samsung Galaxy Tab A8,Smartphone,Flipkart,battery,Positive,0.6377,not great participant why free project over best receive issue battery draining fast
1207,Samsung Galaxy A54,Smartphone,Flipkart,performance,Negative,-0.4215,waste of money whom development study only issue slow performance
1213,Samsung Charger 25W,Accessories,Flipkart,display,Positive,0.8176,average lead say win success quickly large issue display flickering
1215,Samsung Galaxy S22,Smartphone,Flipkart,performance,Negative,-0.35,software updates are slow
1234,Samsung Galaxy M53,Smartphone,Flipkart,battery,Negative,-0.6705,waste of money unit similar whose subject mr issue charging problem
1240,Samsung Galaxy Tab A8,Smartphone,Flipkart,display,Negative,-0.5096,not great issue display flickering
1244,Samsung Galaxy S21 FE,Smartphone,Amazon,camera,Negative,-0.765,bad issue camera quality is poor
1259,Samsung Buds 2,Accessories,Flipkart,battery,Positive,0.0516,good news buy doctor task group nearly heart fish issue charging problem
1268,Samsung Charger 25W,Accessories,Flipkart,camera,Negative,-0.0516,good issue camera quality is poor
1270,Samsung Charger 25W,Accessories,Amazon,battery,Negative,-0.34,waste of money training teach either important outside increase thus issue charging problem
1274,Samsung Washing Machine,Other,Amazon,performance,Negative,-0.35,software updates are slow
1277,Samsung Galaxy Z Fold5,Smartphone,Amazon,battery,Positive,0.4404,battery life could be better
1279,Samsung Buds Live,Accessories,Flipkart,battery,Negative,-0.6486,bad have determine allow close issue charging problem
1283,Samsung Galaxy A54,Smartphone,Flipkart,display,Negative,-0.2732,bad send many professional response certainly factor issue display flickering
1289,Samsung Buds 2,Accessories,Flipkart,camera,Positive,0.4019,excellent structure agree poor party material against issue camera quality is poor
1291,Samsung Galaxy Watch6,Smartphone,Amazon,camera,Positive,0.6369,love the camera quality
1299,Samsung Galaxy A34,Smartphone,Amazon,sound,Positive,0.0772,million authority everybody response sound particularly style
1308,Samsung Charger 25W,Accessories,Flipkart,battery,Negative,-0.6249,average third store gun everything church ball within issue charging problem
1311,Samsung Galaxy Book 3,Smartphone,Amazon,performance,Positive,0.5719,excellent suggest sell data appear claim issue slow performance
1314,Samsung Galaxy Z Fold5,Smartphone,Amazon,display,Positive,0.5859,amazing display quality
1318,Samsung Buds 2,Accessories,Flipkart,battery,Negative,-0.4019,average issue charging problem
1322,Samsung Galaxy Tab S7 FE,Smartphone,Amazon,camera,Negative,-0.4767,factor that issue camera quality is poor
1326,Samsung Galaxy M34,Smartphone,Flipkart,build_quality,Positive,0.4939,average collection year agreement realize strategy trial build
1328,Samsung Galaxy A54,Smartphone,Amazon,display,Positive,0.6369,worth it painting thus particular send discuss free fund issue display flickering
1336,Samsung Galaxy A34,Smartphone,Amazon,battery,Negative,-0.7351,bad country race rock dinner republican hot type issue charging problem
1337,Samsung Galaxy A54,Smartphone,Flipkart,battery,Negative,-0.35,average issue battery draining fast
1339,Samsung Galaxy A14,Smartphone,Flipkart,camera,Negative,-0.296,worth it issue camera quality is poor
1345,Samsung Galaxy Book 2,Smartphone,Amazon,battery,Positive,0.5719,excellent provide response speak hair away issue battery draining fast
1351,Samsung Galaxy M14,Smartphone,Amazon,display,Positive,0.4404,good newspaper along member different issue display flickering
1355,Samsung Galaxy S21 FE,Smartphone,Amazon,camera,Negative,-0.1779,average likely more guy decade law become show security issue camera quality is poor
1363,Samsung Galaxy S22,Smartphone,Amazon,sound,Positive,0.5859,speaker quality is amazing
1366,Samsung Galaxy A34,Smartphone,Flipkart,camera,Positive,0.3182,average college picture agree hope issue camera quality is poor
1370,Samsung Galaxy A34,Smartphone,Amazon,battery,Positive,0.1043,not great prepare life happy weight
1376,Samsung Charger 25W,Accessories,Amazon,battery,Positive,0.3612,worth it economy four or politics free you lay issue charging problem
1379,Samsung Soundbar,Other,Flipkart,battery,Positive,0.4404,battery life could be better
1382,Samsung Galaxy S21 FE,Smartphone,Flipkart,performance,Positive,0.5719,excellent issue slow performance
1383,Samsung Galaxy Book 3,Smartphone,Amazon,battery,Negative,-0.0516,worth it low people feel simple return charge
1384,Samsung Buds Live,Accessories,Flipkart,camera,Negative,-0.4767,average staff collection produce agency quickly state issue camera quality is poor
1392,Samsung Galaxy A14,Smartphone,Amazon,battery,Negative,-0.5096,not great say hotel particular it southern issue battery draining fast
1395,Samsung Buds 2,Accessories,Flipkart,connectivity,Positive,0.4404,good sometimes section card option network
1400,Samsung Galaxy S23,Smartphone,Amazon,battery,Positive,0.4404,battery life could be better
1402,Samsung Galaxy M14,Smartphone,Amazon,performance,Positive,0.2263,worth it issue slow performance
1403,Samsung Buds 2,Accessories,Amazon,camera,Neutral,0.0,average picture character professor home
1405,Samsung Buds 2,Accessories,Flipkart,battery,Negative,-0.2023,worth it if appear try education responsibility player along issue charging problem
1406,Samsung Galaxy Tab A8,Smartphone,Flipkart,performance,Negative,-0.5096,not great single maintain agent choose they issue slow performance
1408,Samsung Galaxy M34,Smartphone,Flipkart,performance,Positive,0.5719,excellent pass sort pick present side all cold issue slow performance
1410,Samsung Galaxy Book 2,Smartphone,Flipkart,camera,Negative,-0.0516,good issue camera quality is poor
1412,Samsung Galaxy M34,Smartphone,Flipkart,battery,Negative,-0.1779,average resource as room such day shake require issue battery draining fast
1414,Samsung Galaxy Book 2,Smartphone,Amazon,camera,Positive,0.0772,waste of money marriage daughter agree new next result success son issue camera quality is poor
1422,Samsung Galaxy A14,Smartphone,Flipkart,battery,Positive,0.25,excellent issue charging problem
1425,Samsung Galaxy S22,Smartphone,Flipkart,display,Negative,-0.4215,waste of money rise south network issue display flickering
1434,Samsung Galaxy M53,Smartphone,Amazon,performance,Negative,-0.2263,average forget it send issue slow performance
1435,Samsung Buds 2,Accessories,Amazon,performance,Positive,0.5719,excellent down left how part issue slow performance
1436,Samsung Galaxy Tab A8,Smartphone,Amazon,camera,Negative,-0.765,bad issue camera quality is poor
1438,Samsung Galaxy M53,Smartphone,Amazon,camera,Negative,-0.7502,not great issue camera quality is poor
1442,Samsung Galaxy M14,Smartphone,Flipkart,battery,Negative,-0.1516,not great ago life upon relate special
1447,Samsung Galaxy S23,Smartphone,Amazon,battery,Negative,-0.35,waste of money drop should treatment since successful issue battery draining fast
1454,Samsung Galaxy A14,Smartphone,Amazon,camera,Negative,-0.7579,onto threat style issue camera quality is poor
1456,Samsung Soundbar,Other,Flipkart,build_quality,Neutral,0.0,build quality feels premium
1458,Samsung Galaxy Watch6,Smartphone,Flipkart,build_quality,Neutral,0.0,build quality feels premium
1460,Samsung Galaxy Book 3,Smartphone,Flipkart,camera,Negative,-0.0772,worth it thank poor mention author marriage bring second thank issue camera quality is poor
1463,Samsung Galaxy Book 3,Smartphone,Flipkart,camera,Negative,-0.7096,waste of money him law president black including determine very issue camera quality is poor
1468,Samsung Galaxy Book 3,Smartphone,Flipkart,display,Positive,0.5106,worth it relationship deep subject security issue display flickering
1476,Samsung Galaxy A14,Smartphone,Amazon,battery,Positive,0.2263,worth it write believe policy billion life
1477,Samsung Charger 25W,Accessories,Amazon,performance,Negative,-0.2023,bad party before home task blue could issue slow performance
1480,Samsung Galaxy S23,Smartphone,Amazon,display,Positive,0.5719,excellent pattern determine south character figure media consumer issue display flickering
1481,Samsung Galaxy S23,Smartphone,Amazon,display,Positive,0.5859,amazing display quality
1482,Samsung Refrigerator,Other,Amazon,battery,Positive,0.4404,battery life could be better
1484,Samsung Galaxy S22,Smartphone,Amazon,battery,Positive,0.5859,worth it traditional easy be at speak son issue battery draining fast
1485,Samsung Galaxy Tab A8,Smartphone,Amazon,camera,Negative,-0.765,bad man final still money issue camera quality is poor
1486,Samsung Buds Live,Accessories,Amazon,battery,Positive,0.2263,worth it issue battery draining fast
1488,Samsung Galaxy M34,Smartphone,Flipkart,build_quality,Positive,0.2263,worth it million material trip star than
1490,Samsung Charger 25W,Accessories,Flipkart,camera,Negative,-0.765,bad too hair would center issue camera quality is poor
1492,Samsung Galaxy A54,Smartphone,Flipkart,battery,Positive,0.1043,not great leg major street remember success range issue battery draining fast
1495,Samsung Charger 25W,Accessories,Flipkart,performance,Positive,0.2263,worth it issue slow performance
1504,Samsung Galaxy S21 FE,Smartphone,Amazon,battery,Positive,0.4404,good movie meet can occur across whether issue battery draining fast
1511,Samsung Galaxy M53,Smartphone,Flipkart,performance,Negative,-0.4215,waste of money involve office establish especially issue slow performance
1512,Samsung Galaxy A54,Smartphone,Amazon,battery,Positive,0.3774,more one sure charge feel it
1516,Samsung Galaxy A34,Smartphone,Amazon,battery,Positive,0.4019,worth it necessary single professional admit high surface son individual issue battery draining fast
1517,Samsung Galaxy S23,Smartphone,Flipkart,performance,Negative,-0.5096,not great staff college hour audience thought whom factor in issue slow performance
1518,Samsung Galaxy M53,Smartphone,Amazon,camera,Negative,-0.4939,waste of money support what foot director issue camera quality is poor
1519,Samsung Galaxy Tab S7 FE,Smartphone,Flipkart,display,Positive,0.4404,good involve material toward movie base final off issue display flickering
1523,Samsung Charger 25W,Accessories,Flipkart,display,Negative,-0.5096,not great write develop hair live issue display flickering
1527,Samsung Galaxy S21 FE,Smartphone,Amazon,camera,Negative,-0.1531,average interview smile issue between issue camera quality is poor
1528,Samsung Galaxy M34,Smartphone,Flipkart,performance,Positive,0.2263,worth it air keep letter issue slow performance
1529,Samsung Galaxy Tab S7 FE,Smartphone,Flipkart,battery,Positive,0.5719,excellent issue battery draining fast
1530,Samsung Buds 2,Accessories,Flipkart,performance,Positive,0.5719,excellent shoulder recognize relate to issue slow performance
1539,Samsung Galaxy Tab A8,Smartphone,Amazon,camera,Positive,0.5859,excellent job owner choice report road save issue camera quality is poor
1544,Samsung Galaxy S22,Smartphone,Flipkart,battery,Neutral,0.0,average specific head life by level
1550,Samsung Galaxy S22,Smartphone,Flipkart,heating,Positive,0.2732,excellent since hot wide pay activity no into
1552,Samsung Galaxy A14,Smartphone,Amazon,display,Negative,-0.5096,not great side phone once budget issue display flickering
1554,Samsung Buds 2,Accessories,Flipkart,battery,Negative,-0.5096,not great white manager center current issue battery draining fast
1561,Samsung Buds Live,Accessories,Amazon,performance,Positive,0.2263,worth it find body either water analysis issue slow performance
1573,Samsung Galaxy Book 2,Smartphone,Flipkart,battery,Negative,-0.3724,not great interview alone family occur should next power
1577,Samsung Galaxy M14,Smartphone,Amazon,battery,Negative,-0.7351,bad door attorney manager kid issue charging problem
1579,Samsung Galaxy S23,Smartphone,Flipkart,camera,Negative,-0.7502,not great very course happen break general decade gas issue camera quality is poor
1584,Samsung Galaxy S21 FE,Smartphone,Amazon,display,Negative,-0.5096,not great foreign general nation radio pattern month issue display flickering
1585,Samsung Galaxy S21 FE,Smartphone,Flipkart,camera,Negative,-0.296,worth it issue camera quality is poor
1588,Samsung Galaxy Book 3,Smartphone,Amazon,camera,Positive,0.1531,excellent product base guess spend pull still issue camera quality is poor
1591,Samsung Galaxy S22,Smartphone,Amazon,battery,Negative,-0.1779,worth it himself prevent operation within attorney end issue charging problem
1592,Samsung Galaxy Book 3,Smartphone,Amazon,display,Positive,0.6124,excellent main design challenge once issue display flickering
1600,Samsung Buds 2,Accessories,Amazon,battery,Negative,-0.35,old issue battery draining fast
1601,Samsung Galaxy S23,Smartphone,Amazon,display,Negative,-0.6259,not great nature certain likely imagine issue display flickering
1603,Samsung Galaxy M34,Smartphone,Amazon,display,Negative,-0.5096,not great issue display flickering
1604,Samsung Buds 2,Accessories,Amazon,battery,Positive,0.3612,average appear speak action ready wide list pull issue battery draining fast
1605,Samsung Galaxy S23,Smartphone,Amazon,performance,Positive,0.4588,average interest enter give take country third issue slow performance
1609,Samsung Galaxy S21 FE,Smartphone,Flipkart,battery,Positive,0.4404,good far evening weight article issue battery draining fast
1611,Samsung Galaxy S23,Smartphone,Amazon,battery,Negative,-0.6705,waste of money issue charging problem
1612,Samsung Galaxy Book 3,Smartphone,Amazon,camera,Negative,-0.765,bad issue camera quality is poor
1616,Samsung Buds 2,Accessories,Flipkart,camera,Negative,-0.7096,waste of money issue camera quality is poor
1617,Samsung Galaxy M14,Smartphone,Amazon,display,Positive,0.5719,excellent animal city remain issue display flickering
1618,Samsung Galaxy A14,Smartphone,Flipkart,battery,Positive,0.0516,good issue charging problem
1622,Samsung Galaxy Tab S7 FE,Smartphone,Flipkart,performance,Positive,0.7351,excellent cup move sit such agree issue slow performance
1623,Samsung Buds Live,Accessories,Amazon,battery,Positive,0.4404,good education respond what boy power country almost rate
1633,Samsung Galaxy A14,Smartphone,Amazon,camera,Positive,0.1531,excellent per front paper perhaps issue camera quality is poor
1635,Samsung QLED TV,TV,Amazon,battery,Positive,0.4404,battery life could be better
1637,Samsung Galaxy M53,Smartphone,Amazon,display,Positive,0.5719,excellent cell left seem realize others issue display flickering
1646,Samsung Galaxy A54,Smartphone,Amazon,performance,Negative,-0.6908,bad own hospital no lay per issue slow performance
1651,Samsung Galaxy S23,Smartphone,Amazon,display,Negative,-0.5423,bad front catch seem glass just make issue display flickering
1653,Samsung Galaxy Book 2,Smartphone,Amazon,camera,Negative,-0.8126,waste of money difficult final be whose human fill north issue camera quality is poor
1654,Samsung Galaxy A34,Smartphone,Amazon,battery,Negative,-0.4019,average issue charging problem
1656,Samsung Galaxy M34,Smartphone,Flipkart,performance,Negative,-0.6908,waste of money three specific worry seat whom issue slow performance
1659,Samsung Buds Live,Accessories,Amazon,display,Negative,-0.5423,bad quickly check between image feel all economy issue display flickering
1660,Samsung Air Conditioner,Other,Amazon,display,Positive,0.5859,amazing display quality
1662,Samsung Galaxy A14,Smartphone,Flipkart,battery,Negative,-0.7923,not great security company doctor item everyone issue charging problem
1666,Samsung Galaxy S22,Smartphone,Amazon,battery,Positive,0.25,excellent issue charging problem
1671,Samsung Buds Live,Accessories,Flipkart,battery,Negative,-0.4019,average issue charging problem
1676,Samsung Galaxy A34,Smartphone,Amazon,display,Positive,0.5719,good nature about congress fine follow buy choose issue display flickering
1684,Samsung Galaxy Tab S7 FE,Smartphone,Amazon,sound,Negative,-0.4215,waste of money sound happen church mother trip education fund
1686,Samsung Galaxy Watch6,Smartphone,Flipkart,software,Neutral,0.0,very userfriendly interface
1693,Samsung Galaxy S21 FE,Smartphone,Amazon,camera,Negative,-0.4767,average ground bank understand tend picture past issue camera quality is poor
1704,Samsung Galaxy S23,Smartphone,Amazon,camera,Positive,0.6369,love the camera quality
1705,Samsung Galaxy S23,Smartphone,Amazon,software,Neutral,0.0,very userfriendly interface
1713,Samsung Galaxy A54,Smartphone,Flipkart,performance,Negative,-0.35,average issue slow performance
1719,Samsung QLED TV,TV,Flipkart,software,Neutral,0.0,very userfriendly interface
1721,Samsung Buds 2,Accessories,Flipkart,camera,Negative,-0.0516,good hear son hospital rule note table mission issue camera quality is poor
1725,Samsung Galaxy Book 3,Smartphone,Amazon,performance,Negative,-0.5096,not great item feel sea form with issue slow performance
1726,Samsung Galaxy Buds2,Smartphone,Flipkart,performance,Negative,-0.35,software updates are slow
1731,Samsung Galaxy M14,Smartphone,Amazon,battery,Positive,0.4404,good yourself agency suddenly issue battery draining fast
1736,Samsung Galaxy M14,Smartphone,Flipkart,performance,Negative,-0.3182,worth it stage that reflect fear himself green medical issue slow performance
1737,Samsung Galaxy Book 2,Smartphone,Amazon,camera,Negative,-0.7502,not great anyone on cultural last compare issue camera quality is poor
1740,Samsung Galaxy S23,Smartphone,Amazon,display,Negative,-0.5096,not great issue display flickering
1747,Samsung Galaxy S22,Smartphone,Amazon,camera,Negative,-0.7096,waste of money issue camera quality is poor
1748,Samsung Galaxy M34,Smartphone,Amazon,camera,Negative,-0.6197,not great gun rule want hotel issue camera quality is poor
1749,Samsung Galaxy M14,Smartphone,Flipkart,build_quality,Negative,-0.652,not great house security near assume member tax build official
1751,Samsung Buds 2,Accessories,Flipkart,battery,Negative,-0.4393,not great middle describe between admit card issue ability issue charging problem
1760,Samsung Galaxy M34,Smartphone,Flipkart,camera,Negative,-0.765,bad issue camera quality is poor
1769,Samsung Galaxy A34,Smartphone,Amazon,camera,Negative,-0.4929,not great sell throw hand rest issue camera quality is poor
1776,Samsung Buds Live,Accessories,Flipkart,camera,Positive,0.6597,good training itself focus remain name staff thank cause
1777,Samsung Galaxy S21 FE,Smartphone,Flipkart,camera,Negative,-0.8271,bad read drop decide issue camera quality is poor
1778,Samsung Galaxy A34,Smartphone,Amazon,battery,Negative,-0.7351,bad account born building late issue charging problem
1780,Samsung Charger 25W,Accessories,Amazon,battery,Negative,-0.6908,bad discover avoid life store base election director
1786,Samsung Galaxy S21 FE,Smartphone,Amazon,camera,Positive,0.34,average heavy camera value city real data
1788,Samsung Washing Machine,Other,Amazon,display,Positive,0.5859,amazing display quality
1789,Samsung Buds 2,Accessories,Amazon,display,Negative,-0.4215,waste of money issue display flickering
1802,Samsung Galaxy A34,Smartphone,Amazon,display,Negative,-0.3182,bad focus ok name every issue display flickering
1804,Samsung Galaxy Tab S7 FE,Smartphone,Flipkart,battery,Negative,-0.2023,worth it issue charging problem
1807,Samsung QLED TV,TV,Flipkart,sound,Positive,0.5859,speaker quality is amazing
1808,Samsung Galaxy Watch6,Smartphone,Flipkart,display,Positive,0.5859,amazing display quality
1810,Samsung Galaxy M14,Smartphone,Amazon,camera,Negative,-0.4215,average check authority police exist issue camera quality is poor
1814,Samsung Galaxy M14,Smartphone,Amazon,performance,Negative,-0.5423,bad issue slow performance
1819,Samsung Galaxy Book 2,Smartphone,Amazon,battery,Negative,-0.7179,not great tree line wear represent voice various issue charging problem
1821,Samsung Galaxy A14,Smartphone,Amazon,performance,Positive,0.5859,worth it phone him door good adult issue slow performance
1822,Samsung Buds 2,Accessories,Flipkart,battery,Negative,-0.4215,waste of money particular power same standard likely issue battery draining fast
1823,Samsung Galaxy Tab A8,Smartphone,Flipkart,performance,Negative,-0.6437,waste of money leave student guess structure despite help point represent issue slow performance
1824,Samsung Galaxy S23,Smartphone,Amazon,battery,Positive,0.2263,worth it painting hair course site might issue battery draining fast
1827,Samsung Buds Live,Accessories,Flipkart,performance,Negative,-0.5096,not great test dinner chair today place issue slow performance
1828,Samsung Buds Live,Accessories,Amazon,battery,Negative,-0.8225,bad court campaign fire view contain issue charging problem
1829,Samsung Galaxy Tab S7 FE,Smartphone,Amazon,battery,Negative,-0.5267,average region model probably shake issue charging problem
1832,Samsung Galaxy S23,Smartphone,Amazon,build_quality,Negative,-0.5096,not great use which material leg issue overheating issue
1833,Samsung Galaxy S23,Smartphone,Amazon,battery,Negative,-0.35,issue battery draining fast
1835,Samsung Galaxy Tab S7 FE,Smartphone,Amazon,battery,Negative,-0.35,bad positive hotel remain check church population give maintain issue battery draining fast
1837,Samsung Galaxy Tab S7 FE,Smartphone,Flipkart,camera,Negative,-0.0516,good issue camera quality is poor
1838,Samsung Galaxy Tab A8,Smartphone,Amazon,battery,Negative,-0.6705,waste of money cause nature condition cultural order site thing issue charging problem
1843,Samsung Galaxy S22,Smartphone,Amazon,battery,Negative,-0.35,average issue battery draining fast
1844,Samsung Buds Live,Accessories,Amazon,heating,Negative,-0.5096,not great i class hot majority
1846,Samsung Galaxy A34,Smartphone,Flipkart,battery,Positive,0.743,good amount down kind everything issue battery draining fast
1849,Samsung Crystal UHD TV,TV,Amazon,battery,Positive,0.4404,battery life could be better
1852,Samsung Galaxy Tab A8,Smartphone,Amazon,camera,Negative,-0.7096,waste of money issue camera quality is poor
1853,Samsung Galaxy A54,Smartphone,Flipkart,sound,Positive,0.5859,speaker quality is amazing
1858,Samsung Galaxy S22,Smartphone,Flipkart,battery,Negative,-0.7179,not great issue charging problem
1862,Samsung Buds 2,Accessories,Flipkart,display,Negative,-0.1531,bad finally improve above ten situation seat issue display flickering
1869,Samsung Galaxy Tab A8,Smartphone,Amazon,camera,Negative,-0.765,bad man final still money issue camera quality is poor
1873,Samsung Buds 2,Accessories,Amazon,battery,Negative,-0.6705,waste of money image find west down issue charging problem
1876,Samsung Crystal UHD TV,TV,Amazon,display,Positive,0.5859,amazing display quality
1878,Samsung Galaxy M14,Smartphone,Amazon,battery,Negative,-0.5096,not great less perform machine interview issue battery draining fast
1879,Samsung Galaxy A54,Smartphone,Amazon,battery,Positive,0.5719,excellent issue battery draining fast
1880,Samsung Galaxy Book 2,Smartphone,Flipkart,display,Negative,-0.4215,waste of money issue display flickering
1886,Samsung Galaxy S22,Smartphone,Amazon,battery,Negative,-0.6705,waste of money trade collection mother something seek minute issue charging problem
1888,Samsung Galaxy A54,Smartphone,Flipkart,display,Positive,0.4404,good system land box eight issue display flickering
1895,Samsung Galaxy M34,Smartphone,Amazon,camera,Positive,0.3182,excellent others level clearly attention record alone issue camera quality is poor
1903,Samsung Galaxy M53,Smartphone,Amazon,camera,Negative,-0.4767,average letter tonight event service main issue camera quality is poor
1904,Samsung Buds Live,Accessories,Flipkart,battery,Positive,0.5719,excellent issue battery draining fast
1909,Samsung Galaxy A34,Smartphone,Amazon,battery,Negative,-0.5423,bad board start recently contain issue battery draining fast
1917,Samsung Galaxy A54,Smartphone,Amazon,performance,Positive,0.6249,worth it test travel market other day box save issue slow performance
1928,Samsung Galaxy A54,Smartphone,Amazon,performance,Negative,-0.4215,waste of money end rule decision issue slow performance
1929,Samsung Galaxy S22,Smartphone,Flipkart,battery,Positive,0.5719,excellent issue battery draining fast
1938,Samsung Galaxy A54,Smartphone,Flipkart,camera,Negative,-0.0516,average easy member family detail force issue camera quality is poor
1939,Samsung Galaxy M53,Smartphone,Amazon,performance,Negative,-0.7011,not great create recent shake day issue slow performance
1948,Samsung Galaxy Tab S7 FE,Smartphone,Amazon,camera,Negative,-0.7502,not great these off relate side issue camera quality is poor
1951,Samsung Galaxy Tab S7 FE,Smartphone,Flipkart,battery,Neutral,0.0,average any quality power focus
1952,Samsung Crystal UHD TV,TV,Flipkart,battery,Positive,0.4404,battery life could be better
1966,Samsung Galaxy Book 3,Smartphone,Amazon,camera,Negative,-0.7502,not great radio ground list education year mrs me issue camera quality is poor
1968,Samsung Galaxy A34,Smartphone,Amazon,camera,Negative,-0.4767,average issue camera quality is poor
1970,Samsung Galaxy M53,Smartphone,Amazon,performance,Positive,0.4404,good chair else option about picture section issue slow performance
1978,Samsung Galaxy A14,Smartphone,Flipkart,display,Negative,-0.5423,bad issue display flickering
1985,Samsung Buds Live,Accessories,Flipkart,display,Positive,0.2732,average skin capital dream prevent continue black education issue display flickering
1986,Samsung Galaxy M53,Smartphone,Amazon,display,Negative,-0.5423,bad expert make radio most position issue display flickering
1988,Samsung Galaxy M14,Smartphone,Flipkart,display,Positive,0.4777,not great artist mouth wall protect project subject win issue display flickering
1989,Samsung Galaxy S23,Smartphone,Flipkart,battery,Positive,0.6369,average clearly because parent ahead agree charge
1993,Samsung Galaxy A14,Smartphone,Flipkart,display,Positive,0.4404,worth it join good company wrong data western issue display flickering
1996,Samsung Galaxy Book 3,Smartphone,Amazon,performance,Negative,-0.4215,waste of money exist fly activity nearly throughout look issue slow performance
1999,Samsung Galaxy Buds2,Smartphone,Flipkart,performance,Negative,-0.35,software updates are slow
2003,Samsung Galaxy Tab S7 FE,Smartphone,Flipkart,camera,Negative,-0.296,worth it describe will film produce issue camera quality is poor
2005,Samsung Galaxy Tab S7 FE,Smartphone,Flipkart,display,Negative,-0.62,not great least fire sister series fall citizen wait issue display flickering
2006,Samsung Galaxy A54,Smartphone,Amazon,camera,Negative,-0.0516,good onto both maybe building consumer amount issue camera quality is poor
2010,Samsung Galaxy A14,Smartphone,Amazon,battery,Negative,-0.35,average issue battery draining fast
2021,Samsung Galaxy M53,Smartphone,Flipkart,build_quality,Positive,0.4588,average join material any important very
2022,Samsung Galaxy S22,Smartphone,Flipkart,connectivity,Positive,0.5994,worth it everyone network important total reduce yeah myself
2024,Samsung Galaxy A14,Smartphone,Flipkart,battery,Negative,-0.7179,not great contain food congress drug themselves building issue charging problem
2032,Samsung Galaxy M53,Smartphone,Amazon,performance,Negative,-0.34,average who fly quality fire article issue slow performance
2039,Samsung Galaxy M14,Smartphone,Flipkart,battery,Positive,0.0516,good issue charging problem
2043,Samsung Galaxy S22,Smartphone,Amazon,display,Negative,-0.7179,not great black fact trouble subject design issue display flickering
2047,Samsung Galaxy Tab S7 FE,Smartphone,Flipkart,battery,Negative,-0.35,average medical involve thousand why take vote issue battery draining fast
2058,Samsung Buds 2,Accessories,Amazon,performance,Negative,-0.5423,bad issue slow performance
2066,Samsung Galaxy M53,Smartphone,Amazon,camera,Negative,-0.0516,good issue camera quality is poor
2068,Samsung Galaxy M34,Smartphone,Amazon,display,Positive,0.2263,worth it century floor remain yourself issue display flickering
2069,Samsung Galaxy A34,Smartphone,Amazon,camera,Positive,0.1531,excellent issue camera quality is poor
2075,Samsung Galaxy Book 2,Smartphone,Flipkart,camera,Positive,0.4588,worth it well candidate source would picture possible financial
2076,Samsung Charger 25W,Accessories,Amazon,camera,Positive,0.6597,excellent security particularly pass marriage dark hit certainly issue camera quality is poor
2080,Samsung Galaxy S21 FE,Smartphone,Flipkart,battery,Negative,-0.4019,issue charging problem
2082,Samsung Galaxy Book 2,Smartphone,Amazon,battery,Positive,0.25,bad music sometimes with huge join single question happy issue charging problem
2084,Samsung Charger 25W,Accessories,Flipkart,performance,Negative,-0.5423,bad meeting ground campaign executive issue slow performance
2085,Samsung Galaxy M14,Smartphone,Amazon,build_quality,Positive,0.2263,worth it be material side
2088,Samsung Galaxy Tab S7 FE,Smartphone,Amazon,battery,Positive,0.5719,excellent personal trip me charge also example
2094,Samsung Galaxy Book 2,Smartphone,Flipkart,battery,Negative,-0.6908,waste of money go table worry seat its up issue battery draining fast
2095,Samsung Galaxy Tab S7 FE,Smartphone,Flipkart,camera,Negative,-0.4215,waste of money why full picture edge hotel talk
2107,Samsung Charger 25W,Accessories,Amazon,heating,Positive,0.7351,excellent each show hot smile drug
2109,Samsung Buds 2,Accessories,Amazon,battery,Negative,-0.5423,bad action director color knowledge particular music far issue battery draining fast
2114,Samsung Galaxy Book 3,Smartphone,Amazon,battery,Positive,0.4404,good issue battery draining fast
2116,Samsung Galaxy S22,Smartphone,Amazon,battery,Negative,-0.5423,bad federal lawyer environmental issue battery draining fast
2117,Samsung Galaxy Book 2,Smartphone,Flipkart,performance,Negative,-0.35,average issue slow performance
2120,Samsung Galaxy Tab S7 FE,Smartphone,Amazon,connectivity,Negative,-0.35,average husband sign brother change network
2122,Samsung Galaxy M34,Smartphone,Amazon,camera,Negative,-0.296,worth it choice really man investment push not issue camera quality is poor
2124,Samsung Galaxy S23,Smartphone,Flipkart,display,Negative,-0.497,not great debate rich occur card carry benefit find issue display flickering
2126,Samsung Galaxy A34,Smartphone,Flipkart,display,Positive,0.6908,excellent analysis chance something price issue display flickering
2130,Samsung Refrigerator,Other,Amazon,build_quality,Neutral,0.0,build quality feels premium
2133,Samsung Buds 2,Accessories,Amazon,camera,Negative,-0.765,bad issue camera quality is poor
2134,Samsung Buds 2,Accessories,Flipkart,battery,Positive,0.2263,worth it building life late out
2135,Samsung Galaxy M34,Smartphone,Amazon,battery,Negative,-0.4215,waste of money practice all fund issue battery draining fast
2136,Samsung Galaxy A34,Smartphone,Flipkart,battery,Positive,0.2263,worth it issue battery draining fast
2137,Samsung Galaxy S23,Smartphone,Flipkart,sound,Positive,0.5719,excellent project sound hair write
2139,Samsung Galaxy M14,Smartphone,Amazon,camera,Positive,0.2263,worth it many then focus point kid issue overheating issue
2141,Samsung Galaxy S23,Smartphone,Flipkart,battery,Negative,-0.6705,waste of money issue charging problem
2145,Samsung Galaxy S23,Smartphone,Flipkart,display,Positive,0.4404,good issue display flickering
2153,Samsung Charger 25W,Accessories,Amazon,battery,Negative,-0.7351,bad issue charging problem
2158,Samsung Galaxy M14,Smartphone,Amazon,battery,Negative,-0.6369,bad box deep development dream issue charging problem
2160,Samsung Galaxy S23,Smartphone,Flipkart,display,Positive,0.25,average try attention benefit reach drop above table issue display flickering
2165,Samsung Galaxy S22,Smartphone,Amazon,connectivity,Negative,-0.6591,not great impact goal several network risk hour
2167,Samsung Galaxy M14,Smartphone,Amazon,camera,Negative,-0.296,worth it issue camera quality is poor
2168,Samsung Galaxy S22,Smartphone,Amazon,performance,Negative,-0.35,average issue slow performance
2171,Samsung Galaxy A54,Smartphone,Amazon,performance,Negative,-0.1877,not great economy poor assume test issue slow performance
2173,Samsung Buds 2,Accessories,Amazon,display,Negative,-0.5423,bad issue display flickering
2175,Samsung Galaxy A14,Smartphone,Amazon,battery,Positive,0.2263,worth it issue battery draining fast
2179,Samsung Buds Live,Accessories,Amazon,performance,Negative,-0.4215,waste of money develop year scientist small issue slow performance
2184,Samsung Galaxy M34,Smartphone,Flipkart,battery,Positive,0.25,excellent issue charging problem
2202,Samsung Galaxy A54,Smartphone,Flipkart,display,Positive,0.5859,amazing display quality
2206,Samsung Galaxy Tab A8,Smartphone,Amazon,performance,Positive,0.2263,worth it issue slow performance
2209,Samsung Galaxy A34,Smartphone,Flipkart,camera,Positive,0.1531,good top option trade issue camera quality is poor
2217,Samsung Galaxy S22,Smartphone,Flipkart,battery,Negative,-0.7184,waste of money within individual fear every issue battery draining fast
2218,Samsung Galaxy Tab A8,Smartphone,Amazon,display,Positive,0.5719,excellent issue display flickering
2221,Samsung Galaxy M34,Smartphone,Amazon,battery,Neutral,0.0,average upon response owner near life
2224,Samsung Galaxy S22,Smartphone,Amazon,camera,Positive,0.6369,love the camera quality
2225,Samsung Galaxy Tab A8,Smartphone,Amazon,battery,Negative,-0.2023,bad party make power movie issue display flickering
2229,Samsung Air Conditioner,Other,Amazon,software,Neutral,0.0,very userfriendly interface
2232,Samsung Galaxy Tab S7 FE,Smartphone,Flipkart,battery,Negative,-0.4215,waste of money issue battery draining fast
2235,Samsung Galaxy M53,Smartphone,Flipkart,display,Positive,0.5719,excellent issue display flickering
2237,Samsung Charger 25W,Accessories,Amazon,camera,Positive,0.25,worth it hand turn by future research color possible few issue camera quality is poor
2238,Samsung Galaxy S23,Smartphone,Flipkart,battery,Negative,-0.1764,not great various thousand since accept environmental short president fish issue battery draining fast
2239,Samsung Buds 2,Accessories,Amazon,display,Negative,-0.4215,waste of money man front process exactly everything issue display flickering
2244,Samsung Buds 2,Accessories,Amazon,battery,Negative,-0.5423,bad issue battery draining fast
2246,Samsung Galaxy Tab A8,Smartphone,Amazon,battery,Positive,0.2263,worth it issue battery draining fast
2249,Samsung Galaxy A54,Smartphone,Flipkart,battery,Positive,0.5719,excellent power girl game behind still
2250,Samsung Galaxy Tab A8,Smartphone,Amazon,camera,Negative,-0.765,bad wife point even bar issue camera quality is poor
2251,Samsung Charger 25W,Accessories,Amazon,camera,Negative,-0.1027,average seek both address travel town such interesting issue camera quality is poor
2256,Samsung Charger 25W,Accessories,Amazon,display,Positive,0.765,good share operation baby involve ready again issue display flickering
2259,Samsung Galaxy Buds2,Smartphone,Flipkart,camera,Positive,0.6369,love the camera quality
2261,Samsung Galaxy Tab S7 FE,Smartphone,Amazon,display,Positive,0.128,good fire environmental last modern food issue display flickering
2262,Samsung Galaxy A14,Smartphone,Amazon,battery,Positive,0.8225,good natural now hand life issue slow performance
2263,Samsung Galaxy M53,Smartphone,Amazon,display,Negative,-0.35,average issue display flickering
2266,Samsung Crystal UHD TV,TV,Amazon,build_quality,Neutral,0.0,build quality feels premium
2268,Samsung Galaxy M53,Smartphone,Flipkart,build_quality,Positive,0.3612,excellent culture rise way pressure build
2270,Samsung Galaxy M14,Smartphone,Flipkart,performance,Negative,-0.5994,bad choose pay cause situation occur instead sing series issue slow performance
2271,Samsung Galaxy M14,Smartphone,Flipkart,battery,Positive,0.0516,good sometimes suddenly bad spend trial admit issue battery draining fast
2275,Samsung Galaxy M14,Smartphone,Amazon,build_quality,Negative,-0.0516,waste of money build particular growth method store memory full
2277,Samsung Buds 2,Accessories,Flipkart,battery,Negative,-0.5096,not great leg unit couple issue battery draining fast
2282,Samsung Galaxy M53,Smartphone,Amazon,battery,Negative,-0.4215,waste of money research describe will exist fast expect continue issue battery draining fast
2283,Samsung Galaxy M34,Smartphone,Amazon,camera,Neutral,0.0,average affect stage law everybody focus soon
2286,Samsung Galaxy Z Fold5,Smartphone,Amazon,camera,Positive,0.6369,love the camera quality
2287,Samsung Charger 25W,Accessories,Amazon,build_quality,Positive,0.2263,worth it build measure machine tell statement
2294,Samsung Galaxy M34,Smartphone,Amazon,performance,Positive,0.5719,excellent issue slow performance
2295,Samsung Charger 25W,Accessories,Flipkart,battery,Negative,-0.5267,waste of money bad bar improve arrive carry discussion issue battery draining fast
2298,Samsung Buds 2,Accessories,Flipkart,performance,Positive,0.5719,excellent put first claim spend issue slow performance
2300,Samsung Galaxy Book 3,Smartphone,Amazon,battery,Negative,-0.5423,bad almost offer station house set what health issue battery draining fast
2304,Samsung Galaxy Tab S7 FE,Smartphone,Flipkart,performance,Negative,-0.128,worth it week product gun hotel make issue slow performance
2309,Samsung Galaxy S21 FE,Smartphone,Flipkart,performance,Negative,-0.5096,not great issue slow performance
2310,Samsung Buds 2,Accessories,Flipkart,camera,Negative,-0.296,worth it issue camera quality is poor
2314,Samsung Galaxy A14,Smartphone,Amazon,camera,Positive,0.25,good vote tree ok style author issue camera quality is poor
2317,Samsung Galaxy Book 3,Smartphone,Amazon,performance,Positive,0.5719,excellent within mother thousand movement local set history issue slow performance
2322,Samsung Galaxy S22,Smartphone,Amazon,performance,Negative,-0.5423,bad issue slow performance
2323,Samsung Galaxy M14,Smartphone,Flipkart,battery,Negative,-0.5096,not great issue battery draining fast
2325,Samsung Galaxy S23,Smartphone,Flipkart,battery,Negative,-0.5096,not great issue battery draining fast
2330,Samsung Galaxy S22,Smartphone,Flipkart,camera,Negative,-0.7502,not great issue camera quality is poor
2336,Samsung Galaxy M14,Smartphone,Flipkart,performance,Negative,-0.35,waste of money simply sister whom do opportunity issue slow performance
2338,Samsung Galaxy A34,Smartphone,Amazon,battery,Positive,0.4404,good say know month air life issue battery draining fast
2344,Samsung Galaxy Tab A8,Smartphone,Amazon,performance,Negative,-0.35,average knowledge high build short issue slow performance
2346,Samsung Soundbar,Other,Flipkart,display,Positive,0.5859,amazing display quality
2361,Samsung Galaxy Book 2,Smartphone,Flipkart,battery,Negative,-0.2023,worth it issue charging problem
2364,Samsung Galaxy S22,Smartphone,Flipkart,performance,Positive,0.7269,excellent amount garden right speech see security issue slow performance
2371,Samsung Galaxy M53,Smartphone,Flipkart,battery,Negative,-0.7179,not great people enough professor my project now college military issue charging problem
2379,Samsung Galaxy A54,Smartphone,Flipkart,battery,Positive,0.4404,good issue battery draining fast
2389,Samsung Buds Live,Accessories,Amazon,performance,Negative,-0.7502,not great last office difference too south poor thing issue slow performance
2393,Samsung Galaxy A14,Smartphone,Flipkart,performance,Positive,0.5719,excellent machine her marriage against issue slow performance
2394,Samsung Galaxy Book 3,Smartphone,Amazon,battery,Positive,0.5719,excellent compare cold pass issue battery draining fast
2396,Samsung Galaxy M34,Smartphone,Amazon,performance,Positive,0.7351,excellent push eye show ready issue slow performance
2401,Samsung Galaxy M14,Smartphone,Amazon,battery,Positive,0.2263,worth it action cold still resource break issue battery draining fast
2412,Samsung Galaxy A14,Smartphone,Amazon,battery,Negative,-0.35,average issue battery draining fast
2415,Samsung Buds Live,Accessories,Flipkart,connectivity,Negative,-0.6705,bad his country determine network may institution alone
2416,Samsung Charger 25W,Accessories,Amazon,camera,Negative,-0.0516,good mean game discussion manage their wall issue camera quality is poor
2421,Samsung Galaxy Book 3,Smartphone,Flipkart,camera,Negative,-0.5423,bad show picture black wear add likely same suggest
2422,Samsung Buds 2,Accessories,Amazon,display,Positive,0.25,waste of money single win street second season whose school issue display flickering
2429,Samsung Galaxy Tab S7 FE,Smartphone,Flipkart,battery,Negative,-0.7096,waste of money expect spend today design include report wrong issue battery draining fast
2431,Samsung Galaxy M14,Smartphone,Amazon,performance,Negative,-0.1779,bad opportunity central work claim sing issue slow performance
2433,Samsung Galaxy S22,Smartphone,Amazon,display,Negative,-0.4215,waste of money issue display flickering
2435,Samsung Galaxy A54,Smartphone,Amazon,display,Negative,-0.5096,not great issue display flickering
2438,Samsung Galaxy Tab S7 FE,Smartphone,Flipkart,battery,Positive,0.25,excellent issue charging problem
2443,Samsung Galaxy A34,Smartphone,Flipkart,display,Positive,0.4404,good behind nature effort wall issue display flickering
2445,Samsung Buds Live,Accessories,Amazon,build_quality,Negative,-0.5719,worth it represent risk have suffer build
2446,Samsung Galaxy Book 2,Smartphone,Flipkart,battery,Positive,0.4019,worth it idea fine democratic first issue battery draining fast
2447,Samsung Galaxy Tab S7 FE,Smartphone,Flipkart,battery,Negative,-0.3182,worth it fear rock person understand budget issue battery draining fast
2451,Samsung Galaxy A54,Smartphone,Flipkart,battery,Positive,0.2732,average talk power bar officer woman well
2454,Samsung Galaxy M34,Smartphone,Flipkart,battery,Negative,-0.8645,bad pressure nothing party free long speech issue battery draining fast
2466,Samsung Galaxy S22,Smartphone,Flipkart,display,Positive,0.5719,excellent where point after capital include minute serve draw issue display flickering
2476,Samsung Galaxy Book 3,Smartphone,Amazon,performance,Negative,-0.4215,waste of money raise attorney sea air make real radio owner issue slow performance
2479,Samsung Galaxy Tab S7 FE,Smartphone,Amazon,performance,Positive,0.4404,good end current enough issue slow performance
2480,Samsung Washing Machine,Other,Flipkart,software,Neutral,0.0,very userfriendly interface
2482,Samsung Galaxy A34,Smartphone,Amazon,battery,Positive,0.0516,average five people safe issue charging problem
2491,Samsung Buds 2,Accessories,Flipkart,performance,Negative,-0.5096,not great issue slow performance
2496,Samsung Galaxy S23,Smartphone,Amazon,performance,Negative,-0.35,software updates are slow
2497,Samsung Galaxy M53,Smartphone,Flipkart,performance,Positive,0.4939,waste of money form energy range job beautiful either other study issue slow performance
2498,Samsung Soundbar,Other,Amazon,software,Neutral,0.0,very userfriendly interface
2508,Samsung Galaxy S23,Smartphone,Amazon,battery,Negative,-0.296,worth it new push poor gas catch account issue battery draining fast
2511,Samsung Galaxy Book 2,Smartphone,Amazon,build_quality,Positive,0.7579,good agree energy pull whatever majority build make
2517,Samsung Galaxy Book 3,Smartphone,Flipkart,display,Positive,0.4404,good reality check meet issue display flickering
2520,Samsung Buds Live,Accessories,Amazon,performance,Negative,-0.5423,bad issue slow performance
2527,Samsung Galaxy M53,Smartphone,Amazon,display,Negative,-0.5423,bad issue display flickering
2528,Samsung Buds 2,Accessories,Amazon,performance,Positive,0.7506,excellent toward source treat administration issue slow performance
2530,Samsung Charger 25W,Accessories,Amazon,camera,Positive,0.0516,good seven consumer cost forget huge issue camera quality is poor
2539,Samsung Buds 2,Accessories,Flipkart,battery,Negative,-0.4019,average heavy administration entire again or issue charging problem
2553,Samsung Galaxy A14,Smartphone,Amazon,performance,Negative,-0.5423,bad grow dinner large whether issue slow performance
2554,Samsung Charger 25W,Accessories,Flipkart,battery,Negative,-0.7691,not great allow capital news town those baby red issue charging problem
2557,Samsung Galaxy M34,Smartphone,Amazon,performance,Negative,-0.4215,waste of money issue slow performance
2567,Samsung Galaxy M53,Smartphone,Flipkart,display,Negative,-0.4215,waste of money enough age blood doctor officer any issue display flickering
2568,Samsung Galaxy A34,Smartphone,Amazon,battery,Negative,-0.4215,waste of money issue battery draining fast
2571,Samsung Buds 2,Accessories,Amazon,camera,Negative,-0.0757,not great building or institution commercial camera benefit
2573,Samsung Buds 2,Accessories,Amazon,camera,Positive,0.1531,excellent girl strategy card issue camera quality is poor
2575,Samsung Galaxy A14,Smartphone,Amazon,performance,Negative,-0.5423,bad issue slow performance
2578,Samsung Galaxy A54,Smartphone,Amazon,display,Negative,-0.5096,not great production experience air agency issue display flickering
2579,Samsung Galaxy S22,Smartphone,Flipkart,camera,Negative,-0.4767,average another car against beat issue camera quality is poor
2580,Samsung Washing Machine,Other,Amazon,battery,Positive,0.4404,battery life could be better
2581,Samsung Galaxy A54,Smartphone,Amazon,performance,Negative,-0.35,software updates are slow
2587,Samsung Galaxy A34,Smartphone,Flipkart,performance,Positive,0.2263,worth it line prove coach issue slow performance
2592,Samsung Buds Live,Accessories,Amazon,battery,Negative,-0.0772,bad travel probably success deep police share issue charging problem
2593,Samsung Galaxy Z Fold5,Smartphone,Flipkart,build_quality,Neutral,0.0,build quality feels premium
2595,Samsung Galaxy S23,Smartphone,Amazon,battery,Neutral,0.0,average professional school rather policy area score power
2598,Samsung QLED TV,TV,Flipkart,camera,Positive,0.6369,love the camera quality
2599,Samsung Galaxy Tab S7 FE,Smartphone,Flipkart,camera,Negative,-0.5096,not great meet audience page between situation herself camera
2600,Samsung Buds Live,Accessories,Amazon,battery,Neutral,-0.0258,waste of money yes young power price
2601,Samsung Galaxy Tab A8,Smartphone,Amazon,sound,Positive,0.128,excellent style fear scientist sound sense whatever
2602,Samsung Galaxy Buds2,Smartphone,Flipkart,build_quality,Neutral,0.0,build quality feels premium
2603,Samsung Galaxy M34,Smartphone,Amazon,battery,Negative,-0.6705,waste of money executive meeting outside direction issue charging problem
2605,Samsung Galaxy A34,Smartphone,Flipkart,display,Positive,0.5267,worth it generation cold smile issue display flickering
2607,Samsung Charger 25W,Accessories,Flipkart,camera,Negative,-0.296,worth it issue camera quality is poor
2608,Samsung Buds 2,Accessories,Flipkart,battery,Negative,-0.4215,waste of money group movement his issue battery draining fast
2612,Samsung Galaxy Tab S7 FE,Smartphone,Flipkart,battery,Positive,0.3612,good also hard choose point issue battery draining fast
2618,Samsung Galaxy A34,Smartphone,Flipkart,battery,Positive,0.4404,good parent today move economy situation seat issue battery draining fast
2628,Samsung Galaxy Tab A8,Smartphone,Amazon,performance,Negative,-0.5096,not great issue slow performance
2630,Samsung Buds Live,Accessories,Amazon,performance,Positive,0.5719,waste of money recognize successful interesting meeting upon from issue slow performance
2637,Samsung Galaxy M34,Smartphone,Flipkart,camera,Negative,-0.6369,average month region cut blue issue camera quality is poor
2644,Samsung Galaxy S22,Smartphone,Flipkart,battery,Negative,-0.35,average five woman life particularly difference american add issue overheating issue
2651,Samsung Washing Machine,Other,Amazon,build_quality,Neutral,0.0,build quality feels premium
2657,Samsung Charger 25W,Accessories,Flipkart,battery,Negative,-0.5975,not great top main decision same involve issue battery draining fast
2659,Samsung Galaxy Tab A8,Smartphone,Flipkart,battery,Positive,0.4588,excellent dream stuff because know single issue charging problem
2660,Samsung Buds 2,Accessories,Amazon,battery,Negative,-0.4215,waste of money charge
2665,Samsung Galaxy Tab S7 FE,Smartphone,Flipkart,display,Negative,-0.6834,not great able true list subject issue display flickering
2667,Samsung Galaxy Watch6,Smartphone,Flipkart,battery,Positive,0.4404,battery life could be better
2674,Samsung Galaxy M14,Smartphone,Amazon,battery,Positive,0.1531,excellent conference must available wrong life sense senior main
2687,Samsung Galaxy S23,Smartphone,Amazon,battery,Negative,-0.2584,not great down need establish collection goal kitchen environment not issue charging problem
2691,Samsung Galaxy S22,Smartphone,Flipkart,build_quality,Negative,-0.4577,not great church sort knowledge number move final build quite
2694,Samsung Charger 25W,Accessories,Amazon,camera,Negative,-0.7096,waste of money law catch hear watch issue camera quality is poor
2697,Samsung Galaxy S22,Smartphone,Amazon,performance,Negative,-0.4215,waste of money weight office appear listen place rise issue slow performance
2702,Samsung Galaxy M53,Smartphone,Flipkart,camera,Positive,0.4019,excellent oil growth person get pull score tough issue camera quality is poor
2709,Samsung Galaxy M53,Smartphone,Flipkart,battery,Negative,-0.7179,not great red record her big arm rather issue charging problem
2711,Samsung Galaxy S22,Smartphone,Amazon,display,Positive,0.5859,amazing display quality
2713,Samsung Buds Live,Accessories,Amazon,battery,Negative,-0.6705,waste of money issue charging problem
2716,Samsung Galaxy Book 3,Smartphone,Flipkart,battery,Negative,-0.7351,bad car bed explain issue charging problem
2717,Samsung Charger 25W,Accessories,Flipkart,battery,Positive,0.2263,worth it issue battery draining fast
2737,Samsung Galaxy M53,Smartphone,Flipkart,battery,Positive,0.25,excellent issue charging problem
2740,Samsung Galaxy Watch6,Smartphone,Amazon,battery,Positive,0.4404,battery life could be better
2741,Samsung Galaxy Tab A8,Smartphone,Amazon,battery,Negative,-0.2023,worth it born she stage my fly raise story issue charging problem
2745,Samsung Galaxy M53,Smartphone,Amazon,camera,Neutral,-0.0258,waste of money per camera within then explain help race sense
2746,Samsung Galaxy A14,Smartphone,Flipkart,battery,Negative,-0.7906,bad bad this consumer edge cause issue battery draining fast
2748,Samsung Buds 2,Accessories,Flipkart,battery,Negative,-0.5423,bad add also environmental there development machine and issue battery draining fast
2751,Samsung Galaxy M14,Smartphone,Flipkart,build_quality,Negative,-0.4215,waste of money order newspaper long send check material exist
2753,Samsung Galaxy M53,Smartphone,Flipkart,camera,Negative,-0.4588,waste of money table protect challenge without issue camera quality is poor
2754,Samsung Charger 25W,Accessories,Amazon,camera,Negative,-0.0516,bad strong focus attention section still western century
2763,Samsung Buds Live,Accessories,Flipkart,display,Positive,0.4215,worth it lose attention full rich fund pass issue display flickering
2767,Samsung Galaxy M14,Smartphone,Flipkart,heating,Positive,0.5719,excellent hot about ground citizen
2769,Samsung Galaxy A34,Smartphone,Flipkart,camera,Negative,-0.4767,average keep himself system painting issue camera quality is poor
2772,Samsung Galaxy M34,Smartphone,Amazon,battery,Positive,0.5719,excellent issue battery draining fast
2777,Samsung Crystal UHD TV,TV,Flipkart,software,Neutral,0.0,very userfriendly interface
2779,Samsung Buds Live,Accessories,Flipkart,battery,Positive,0.0516,good issue charging problem
2780,Samsung Galaxy A14,Smartphone,Flipkart,performance,Positive,0.2263,worth it condition home fall tend issue slow performance
2784,Samsung Charger 25W,Accessories,Amazon,camera,Negative,-0.2263,ok mrs issue camera quality is poor
2787,Samsung Galaxy Tab A8,Smartphone,Amazon,battery,Negative,-0.1265,not great relationship company time wish prevent building receive issue battery draining fast
2789,Samsung Galaxy A14,Smartphone,Amazon,battery,Positive,0.2263,worth it public charge return treatment try part still officer
2797,Samsung Galaxy Book 2,Smartphone,Amazon,battery,Negative,-0.5096,not great issue battery draining fast
2800,Samsung Galaxy A54,Smartphone,Flipkart,build_quality,Neutral,0.0,build quality feels premium
2801,Samsung Galaxy A54,Smartphone,Flipkart,battery,Positive,0.0516,good tv purpose list whatever issue charging problem
2805,Samsung Galaxy M34,Smartphone,Amazon,camera,Positive,0.6486,excellent success where space issue camera quality is poor
2812,Samsung Galaxy S21 FE,Smartphone,Amazon,display,Positive,0.4019,average act yes a first discussion mouth word issue display flickering
2818,Samsung Galaxy M14,Smartphone,Flipkart,battery,Negative,-0.5414,not great partner maintain memory thank themselves even issue charging problem
2819,Samsung Galaxy A34,Smartphone,Flipkart,performance,Negative,-0.5096,not great issue slow performance
2821,Samsung Galaxy Tab S7 FE,Smartphone,Flipkart,camera,Positive,0.802,good create focus heavy pretty
2823,Samsung Soundbar,Other,Flipkart,display,Positive,0.5859,amazing display quality
2827,Samsung Galaxy M34,Smartphone,Flipkart,battery,Positive,0.3182,good use take property energy issue charging problem
2830,Samsung Galaxy A14,Smartphone,Flipkart,camera,Negative,-0.7502,not great toward kid baby some relate institution issue camera quality is poor
2832,Samsung Galaxy A34,Smartphone,Flipkart,battery,Negative,-0.6808,bad cut time manage power standard camera mouth
2843,Samsung Galaxy A54,Smartphone,Amazon,battery,Negative,-0.1531,bad else lawyer see all hope several issue battery draining fast
2844,Samsung Galaxy M53,Smartphone,Flipkart,display,Positive,0.4767,good administration start difficult actually wish enough thousand issue display flickering
2847,Samsung Galaxy Tab S7 FE,Smartphone,Flipkart,performance,Positive,0.2263,worth it issue slow performance
2857,Samsung Galaxy M14,Smartphone,Amazon,performance,Negative,-0.2249,not great range pass line play go use section issue slow performance
2858,Samsung Galaxy Tab S7 FE,Smartphone,Amazon,display,Negative,-0.5096,not great issue display flickering
2864,Samsung Charger 25W,Accessories,Flipkart,display,Positive,0.4404,good issue display flickering
2868,Samsung Galaxy S23,Smartphone,Amazon,performance,Negative,-0.35,software updates are slow
2872,Samsung Buds 2,Accessories,Amazon,battery,Positive,0.25,excellent at less including language issue charging problem
2877,Samsung Galaxy Book 3,Smartphone,Flipkart,performance,Negative,-0.5096,not great issue slow performance
2878,Samsung Galaxy Book 3,Smartphone,Amazon,battery,Positive,0.2263,worth it ground where together this issue battery draining fast
2879,Samsung Galaxy M53,Smartphone,Amazon,display,Negative,-0.5096,not great issue display flickering
2881,Samsung Galaxy S22,Smartphone,Flipkart,battery,Positive,0.4404,good issue battery draining fast
2885,Samsung Galaxy M14,Smartphone,Amazon,battery,Negative,-0.3089,not great fire stock investment issue battery draining fast
2886,Samsung Galaxy S21 FE,Smartphone,Amazon,camera,Negative,-0.3182,average home admit wife majority issue camera quality is poor
2889,Samsung Galaxy Z Fold5,Smartphone,Amazon,display,Positive,0.5859,amazing display quality
2891,Samsung Galaxy Tab A8,Smartphone,Flipkart,camera,Positive,0.6597,worth it give again street many position success safe issue camera quality is poor
2892,Samsung Charger 25W,Accessories,Flipkart,camera,Positive,0.1531,excellent form fast degree issue camera quality is poor
2895,Samsung Galaxy M14,Smartphone,Flipkart,battery,Negative,-0.5423,bad issue battery draining fast
2899,Samsung Galaxy A54,Smartphone,Flipkart,battery,Positive,0.4404,good hot serve several some executive activity issue battery draining fast
2904,Samsung Galaxy Tab S7 FE,Smartphone,Flipkart,camera,Negative,-0.5096,not great lawyer picture economy his make idea use
2913,Samsung Buds 2,Accessories,Amazon,battery,Negative,-0.8188,not great tough operation worry leg fact issue charging problem
2914,Samsung Galaxy M34,Smartphone,Amazon,battery,Positive,0.0516,good issue charging problem
2916,Samsung Galaxy A14,Smartphone,Flipkart,performance,Negative,-0.5096,not great issue slow performance
2931,Samsung Crystal UHD TV,TV,Amazon,sound,Positive,0.5859,speaker quality is amazing
2934,Samsung Galaxy M14,Smartphone,Flipkart,camera,Negative,-0.296,worth it pm media may one race office issue camera quality is poor
2936,Samsung Galaxy M53,Smartphone,Amazon,battery,Positive,0.6369,good huge participant tree perform election inside issue battery draining fast
2937,Samsung Buds Live,Accessories,Flipkart,battery,Negative,-0.6705,waste of money issue charging problem
2942,Samsung Galaxy M53,Smartphone,Flipkart,battery,Negative,-0.128,good those evening amount heart threat son range issue battery draining fast
2949,Samsung Galaxy Book 2,Smartphone,Flipkart,camera,Positive,0.4588,worth it well candidate source would picture possible financial
2953,Samsung Buds 2,Accessories,Flipkart,camera,Positive,0.1531,excellent issue camera quality is poor
2956,Samsung Galaxy A34,Smartphone,Flipkart,display,Positive,0.4215,good low such chance keep can character issue display flickering
2963,Samsung Galaxy S23,Smartphone,Amazon,sound,Positive,0.2263,worth it fact director hold herself sound far box very
2965,Samsung Galaxy Tab A8,Smartphone,Amazon,build_quality,Negative,-0.5423,bad letter build moment democratic investment key small past
2971,Samsung Buds 2,Accessories,Flipkart,battery,Positive,0.5719,excellent issue battery draining fast
2974,Samsung Charger 25W,Accessories,Flipkart,display,Positive,0.6705,worth it behavior above positive condition issue display flickering
2977,Samsung Galaxy Tab A8,Smartphone,Amazon,performance,Negative,-0.4215,waste of money meet something strategy source issue slow performance
2979,Samsung Galaxy Tab A8,Smartphone,Flipkart,battery,Negative,-0.5423,bad record coach word partner concern system power
2983,Samsung Galaxy S22,Smartphone,Amazon,battery,Negative,-0.764,not great foot important character issue charging problem
2986,Samsung Galaxy M14,Smartphone,Flipkart,display,Positive,0.6124,average news say like clearly rule job leave issue display flickering
2988,Samsung Buds Live,Accessories,Amazon,battery,Negative,-0.0772,bad travel probably success deep police share issue charging problem
2991,Samsung Charger 25W,Accessories,Flipkart,camera,Negative,-0.0516,good issue camera quality is poor
3007,Samsung Galaxy S22,Smartphone,Amazon,performance,Negative,-0.4588,bad let help through no up former so player issue slow performance
3008,Samsung Buds Live,Accessories,Flipkart,battery,Negative,-0.4019,average state sometimes prepare deep environment teach issue charging problem
3011,Samsung Galaxy M53,Smartphone,Flipkart,battery,Negative,-0.6705,waste of money issue charging problem
3028,Samsung Buds 2,Accessories,Flipkart,battery,Positive,0.5719,excellent plant consider person garden hold agency issue battery draining fast
3030,Samsung Galaxy Book 3,Smartphone,Amazon,camera,Negative,-0.765,bad everyone mission police police issue camera quality is poor
3031,Samsung Buds Live,Accessories,Flipkart,battery,Positive,0.6124,good computer peace american number body prove answer issue charging problem
3033,Samsung Galaxy A54,Smartphone,Amazon,camera,Positive,0.3818,average simple protect possible house camera
3036,Samsung Soundbar,Other,Flipkart,performance,Negative,-0.35,software updates are slow
3040,Samsung Galaxy A54,Smartphone,Flipkart,display,Negative,-0.2755,not great institution fight their begin all issue display flickering
3041,Samsung Crystal UHD TV,TV,Flipkart,performance,Negative,-0.35,software updates are slow
3042,Samsung Galaxy M53,Smartphone,Amazon,camera,Negative,-0.8316,bad no condition walk issue camera quality is poor
3043,Samsung Galaxy S21 FE,Smartphone,Amazon,battery,Positive,0.3612,worth it various feel reach care him send issue charging problem
3044,Samsung Buds 2,Accessories,Amazon,battery,Negative,-0.35,excellent fall opportunity war product hundred issue charging problem
3051,Samsung Galaxy Book 3,Smartphone,Amazon,performance,Positive,0.5719,excellent question trip purpose issue slow performance
3054,Samsung Galaxy A54,Smartphone,Flipkart,camera,Negative,-0.5096,not great new speech camera similar
3056,Samsung Galaxy M53,Smartphone,Flipkart,camera,Negative,-0.6369,average owner low building last issue camera quality is poor
3059,Samsung Charger 25W,Accessories,Amazon,connectivity,Negative,-0.5096,not great purpose account cell only cultural center network
3061,Samsung Galaxy Z Fold5,Smartphone,Flipkart,performance,Negative,-0.35,software updates are slow
3066,Samsung Galaxy S21 FE,Smartphone,Flipkart,camera,Negative,-0.0516,good report billion season design responsibility each stay issue camera quality is poor
3075,Samsung Galaxy A54,Smartphone,Amazon,display,Positive,0.0516,excellent station all industry measure bad issue display flickering
3076,Samsung Galaxy A14,Smartphone,Amazon,camera,Negative,-0.35,average where each enjoy receive pm issue camera quality is poor
3079,Samsung Galaxy A34,Smartphone,Flipkart,camera,Positive,0.2732,average just high agree special issue camera quality is poor
3081,Samsung Galaxy Tab S7 FE,Smartphone,Amazon,battery,Positive,0.25,worth it matter life task point daughter bed
3088,Samsung Charger 25W,Accessories,Flipkart,battery,Negative,-0.4756,not great point sister water couple improve in today issue charging problem
3094,Samsung Buds 2,Accessories,Amazon,battery,Negative,-0.5423,bad without short woman bill else know issue battery draining fast
3100,Samsung Buds Live,Accessories,Amazon,performance,Negative,-0.35,practice six adult face according use issue slow performance
3107,Samsung Galaxy S22,Smartphone,Flipkart,battery,Positive,0.5859,good environmental another cup laugh bed issue charging problem
3111,Samsung Galaxy Tab S7 FE,Smartphone,Flipkart,camera,Negative,-0.4767,average space minute front which piece issue camera quality is poor
3113,Samsung Galaxy Tab A8,Smartphone,Flipkart,camera,Negative,-0.4767,average issue camera quality is poor
3122,Samsung Galaxy M53,Smartphone,Flipkart,sound,Positive,0.5719,excellent glass sound husband
3126,Samsung Galaxy S23,Smartphone,Flipkart,display,Negative,-0.35,average fall garden right view commercial issue display flickering
3127,Samsung Buds 2,Accessories,Flipkart,camera,Positive,0.5719,excellent role cold moment possible him adult picture
3131,Samsung Buds Live,Accessories,Amazon,display,Negative,-0.4215,waste of money issue display flickering
3133,Samsung Galaxy Book 3,Smartphone,Flipkart,display,Negative,-0.2008,not great black experience water policy thank issue display flickering
3136,Samsung Charger 25W,Accessories,Flipkart,display,Positive,0.5719,excellent issue display flickering
3139,Samsung Galaxy Book 2,Smartphone,Flipkart,sound,Negative,-0.5096,not great hundred staff sound political lot culture himself
3146,Samsung Galaxy S22,Smartphone,Flipkart,sound,Positive,0.5859,speaker quality is amazing
3147,Samsung Buds 2,Accessories,Amazon,performance,Negative,-0.35,average issue slow performance
3150,Samsung Refrigerator,Other,Amazon,performance,Negative,-0.35,software updates are slow
3152,Samsung Buds 2,Accessories,Amazon,battery,Negative,-0.5106,bad during feeling security kitchen issue charging problem
3157,Samsung Galaxy S21 FE,Smartphone,Amazon,connectivity,Negative,-0.5096,not great skin range rule between bag network
3158,Samsung Buds Live,Accessories,Amazon,performance,Positive,0.6597,average interesting offer yes family issue slow performance
3159,Samsung Galaxy S22,Smartphone,Flipkart,camera,Negative,-0.765,bad drug that game process give nature issue camera quality is poor
3167,Samsung Galaxy S23,Smartphone,Flipkart,battery,Negative,-0.2023,worth it issue charging problem
3168,Samsung Charger 25W,Accessories,Flipkart,battery,Positive,0.8625,excellent increase economic first life rich tell
3170,Samsung Galaxy Tab A8,Smartphone,Amazon,performance,Negative,-0.35,to issue slow performance
3172,Samsung Galaxy S22,Smartphone,Amazon,battery,Positive,0.4404,battery life could be better
3173,Samsung Galaxy Tab A8,Smartphone,Amazon,battery,Positive,0.6808,good democrat southern power management personal clearly store
3175,Samsung Galaxy A14,Smartphone,Flipkart,battery,Positive,0.5719,excellent issue battery draining fast
3179,Samsung Galaxy Book 3,Smartphone,Amazon,battery,Positive,0.4404,good job somebody production because cover treat sell issue charging problem
3186,Samsung Buds 2,Accessories,Flipkart,performance,Negative,-0.2086,not great opportunity what mind win seat attorney issue slow performance
3188,Samsung Buds Live,Accessories,Amazon,battery,Positive,0.4404,good eye price hot visit job issue issue battery draining fast
3192,Samsung Galaxy A54,Smartphone,Flipkart,camera,Positive,0.1779,good allow cell experience town cover yard down issue camera quality is poor
3198,Samsung Galaxy A54,Smartphone,Flipkart,build_quality,Negative,-0.1779,waste of money build create article order form high
3202,Samsung Galaxy Tab A8,Smartphone,Flipkart,camera,Negative,-0.7096,waste of money effort difference image half beat economy reduce issue camera quality is poor
3207,Samsung Galaxy A34,Smartphone,Flipkart,camera,Positive,0.1531,excellent entire who fact me shoulder out education issue camera quality is poor
3209,Samsung Galaxy M53,Smartphone,Flipkart,battery,Negative,-0.3818,bad purpose officer them throw account see allow issue battery draining fast
3210,Samsung Galaxy A34,Smartphone,Flipkart,battery,Negative,-0.765,bad attack at me other billion so boy issue battery draining fast
3211,Samsung Galaxy S22,Smartphone,Flipkart,camera,Negative,-0.7502,not great institution hundred fish network area issue camera quality is poor
3213,Samsung Galaxy M53,Smartphone,Amazon,battery,Positive,0.34,average security nation really close nor about issue battery draining fast
3214,Samsung Galaxy Watch6,Smartphone,Amazon,performance,Negative,-0.35,software updates are slow
3222,Samsung Buds 2,Accessories,Amazon,battery,Negative,-0.7179,not great above concern go issue charging problem
3223,Samsung Galaxy Tab S7 FE,Smartphone,Flipkart,camera,Negative,-0.0516,good less course order second issue camera quality is poor
3224,Samsung Galaxy Book 3,Smartphone,Amazon,heating,Negative,-0.5096,not great answer point become music by hot green
3231,Samsung Buds Live,Accessories,Amazon,display,Positive,0.5574,worth it heart wish two it during class issue display flickering
3233,Samsung Buds Live,Accessories,Flipkart,battery,Negative,-0.1027,waste of money rich training weight defense decide issue charging problem
3234,Samsung Galaxy S22,Smartphone,Flipkart,sound,Positive,0.35,not great i sound able lead third save
3235,Samsung Galaxy M34,Smartphone,Flipkart,battery,Positive,0.4404,good recent bag herself still issue battery draining fast
3236,Samsung Washing Machine,Other,Amazon,sound,Positive,0.5859,speaker quality is amazing
3238,Samsung Galaxy Tab A8,Smartphone,Amazon,camera,Negative,-0.296,worth it issue camera quality is poor
3241,Samsung Galaxy M14,Smartphone,Flipkart,camera,Positive,0.4404,good economy data social picture property quality
3242,Samsung Galaxy Tab S7 FE,Smartphone,Flipkart,camera,Negative,-0.6908,worth it suffer democrat worker need focus none issue camera quality is poor
3243,Samsung Galaxy A34,Smartphone,Flipkart,camera,Negative,-0.0516,good issue camera quality is poor
3244,Samsung Galaxy M14,Smartphone,Flipkart,performance,Negative,-0.4019,waste of money prevent finish bag girl issue slow performance
3247,Samsung Galaxy A34,Smartphone,Amazon,battery,Positive,0.3182,worth it than fast knowledge that hard significant woman call issue battery draining fast
3248,Samsung Galaxy A14,Smartphone,Flipkart,camera,Negative,-0.34,average rock gun picture piece them
3251,Samsung Galaxy S21 FE,Smartphone,Flipkart,display,Negative,-0.4215,waste of money issue display flickering
3254,Samsung Galaxy S21 FE,Smartphone,Amazon,performance,Negative,-0.4215,waste of money issue slow performance
3259,Samsung Galaxy Tab A8,Smartphone,Flipkart,display,Negative,-0.5423,bad above tax head capital issue display flickering
3260,Samsung Galaxy A34,Smartphone,Amazon,battery,Negative,-0.7351,bad issue charging problem
3264,Samsung Galaxy Tab A8,Smartphone,Flipkart,battery,Positive,0.25,excellent unit else nearly mouth between issue charging problem
3267,Samsung Galaxy Tab A8,Smartphone,Flipkart,performance,Negative,-0.0731,worth it fill music too not accept issue slow performance
3268,Samsung Galaxy Tab A8,Smartphone,Flipkart,battery,Negative,-0.7351,bad issue charging problem
3269,Samsung Galaxy S21 FE,Smartphone,Flipkart,display,Negative,-0.8807,bad who risk tree suffer low usually small issue display flickering
3270,Samsung Galaxy M34,Smartphone,Flipkart,build_quality,Negative,-0.5096,not great each computer oil build
3271,Samsung QLED TV,TV,Amazon,build_quality,Neutral,0.0,build quality feels premium
3272,Samsung Galaxy M14,Smartphone,Flipkart,performance,Negative,-0.5423,bad responsibility all hour amount throw image world issue slow performance
3280,Samsung Galaxy S22,Smartphone,Flipkart,battery,Positive,0.128,excellent coach service man fear cup brother issue battery draining fast
3281,Samsung Galaxy M53,Smartphone,Flipkart,battery,Positive,0.4019,good beat leave economy because issue battery draining fast
3284,Samsung Galaxy Tab S7 FE,Smartphone,Amazon,battery,Negative,-0.7481,not great win politics perhaps study whatever charge
3285,Samsung Galaxy Tab S7 FE,Smartphone,Amazon,camera,Negative,-0.7096,waste of money prove we into none know to soldier prepare issue camera quality is poor
3290,Samsung Galaxy A54,Smartphone,Amazon,performance,Positive,0.7003,worth it family recently perhaps number positive mr meet yard issue slow performance
3297,Samsung Buds Live,Accessories,Amazon,performance,Negative,-0.35,issue slow performance
3304,Samsung Galaxy Book 3,Smartphone,Amazon,battery,Positive,0.0516,good discover recognize quickly son issue charging problem
3307,Samsung Galaxy A14,Smartphone,Amazon,camera,Negative,-0.7502,not great affect public them none different issue camera quality is poor
3318,Samsung Galaxy A54,Smartphone,Flipkart,display,Negative,-0.1012,not great her often good deep hair doctor issue display flickering
3322,Samsung Buds 2,Accessories,Amazon,camera,Positive,0.1531,excellent anyone single again break wife structure call issue camera quality is poor
3323,Samsung Galaxy A54,Smartphone,Amazon,camera,Negative,-0.5096,not great into professional get figure focus also
3332,Samsung Galaxy Book 2,Smartphone,Flipkart,battery,Positive,0.7506,good build visit sure machine beautiful issue charging problem
3337,Samsung Galaxy A34,Smartphone,Amazon,display,Positive,0.1531,waste of money image accept because apply admit drive issue display flickering
3339,Samsung Galaxy M34,Smartphone,Flipkart,battery,Negative,-0.4215,waste of money film once camera east deep population power issue slow performance
3342,Samsung Galaxy S21 FE,Smartphone,Amazon,performance,Positive,0.3818,average phone bed clear cost economy sense issue slow performance
3343,Samsung Galaxy Tab S7 FE,Smartphone,Amazon,camera,Negative,-0.4767,average issue camera quality is poor
3350,Samsung Charger 25W,Accessories,Flipkart,display,Positive,0.4404,good relate with statement force author far who issue display flickering
3354,Samsung Galaxy Book 2,Smartphone,Amazon,camera,Positive,0.2263,worth it six produce meet class live wonder media picture
3358,Samsung Galaxy Tab A8,Smartphone,Amazon,display,Negative,-0.128,bad week religious source close interest culture near issue display flickering
3364,Samsung Galaxy Tab A8,Smartphone,Flipkart,performance,Positive,0.1779,good through return themselves avoid economy may necessary issue slow performance
3367,Samsung Galaxy A34,Smartphone,Flipkart,display,Negative,-0.5267,bad action everyone gas standard within truth avoid issue display flickering
3373,Samsung Galaxy A34,Smartphone,Flipkart,heating,Negative,-0.8126,bad hot see war parent too check probably
3374,Samsung Galaxy S23,Smartphone,Amazon,display,Negative,-0.5096,not great issue display flickering
3375,Samsung Galaxy Book 3,Smartphone,Flipkart,display,Negative,-0.35,worth it few tax authority low sound take visit issue display flickering
3379,Samsung Buds 2,Accessories,Flipkart,camera,Negative,-0.5994,bad myself party practice issue camera quality is poor
3383,Samsung Galaxy Tab A8,Smartphone,Amazon,battery,Positive,0.0772,good kitchen where nice ten while trouble issue charging problem
3393,Samsung Galaxy Tab A8,Smartphone,Amazon,battery,Positive,0.7184,excellent model life ability hit
3397,Samsung Galaxy M34,Smartphone,Flipkart,camera,Negative,-0.35,not great future west success bed hotel nice issue camera quality is poor
3399,Samsung Galaxy M53,Smartphone,Flipkart,performance,Positive,0.4939,waste of money form energy range job beautiful either other study issue slow performance
3406,Samsung Galaxy Book 2,Smartphone,Flipkart,performance,Negative,-0.5096,not great issue slow performance
3409,Samsung Galaxy Book 2,Smartphone,Flipkart,battery,Positive,0.5719,excellent issue battery draining fast
3424,Samsung Galaxy M34,Smartphone,Amazon,camera,Negative,-0.7502,not great issue camera quality is poor
3430,Samsung Galaxy A54,Smartphone,Flipkart,battery,Negative,-0.8126,waste of money street foreign student prove bar worry candidate another issue charging problem
3444,Samsung Galaxy M34,Smartphone,Amazon,camera,Negative,-0.5096,not great major camera property decision former then
3447,Samsung Galaxy Book 3,Smartphone,Amazon,camera,Positive,0.5574,good exist win perhaps thought run window amount issue camera quality is poor
3452,Samsung Charger 25W,Accessories,Amazon,performance,Positive,0.5719,excellent painting society contain edge anything choice member issue slow performance
3459,Samsung Galaxy S22,Smartphone,Flipkart,display,Negative,-0.5096,not great issue display flickering
3460,Samsung Galaxy Tab S7 FE,Smartphone,Amazon,performance,Negative,-0.4215,waste of money economic blue example budget issue slow performance
3461,Samsung Galaxy Tab S7 FE,Smartphone,Flipkart,performance,Negative,-0.5423,bad issue slow performance
3462,Samsung Galaxy M34,Smartphone,Amazon,performance,Positive,0.2263,worth it issue slow performance
3463,Samsung Buds 2,Accessories,Flipkart,battery,Neutral,0.0,average sing you power half father garden
3464,Samsung Galaxy S22,Smartphone,Amazon,camera,Neutral,0.0,average local seven blood them former follow civil focus
3479,Samsung Galaxy Tab S7 FE,Smartphone,Flipkart,display,Positive,0.4404,good us very morning focus seat analysis maybe lawyer issue display flickering
3483,Samsung Galaxy M14,Smartphone,Amazon,camera,Negative,-0.7682,not great effort war financial threat as national economic always issue camera quality is poor
3491,Samsung Buds 2,Accessories,Flipkart,performance,Positive,0.4728,average quickly teach company not size so year true issue slow performance
3492,Samsung Galaxy M34,Smartphone,Amazon,heating,Negative,-0.5423,bad read specific evening perform past hot control
3494,Samsung Buds 2,Accessories,Amazon,display,Positive,0.2023,average top site author indicate letter past model tend issue display flickering
3499,Samsung Galaxy Book 2,Smartphone,Flipkart,performance,Positive,0.7717,excellent quickly finally continue third benefit investment personal know issue slow performance
3500,Samsung Charger 25W,Accessories,Amazon,performance,Negative,-0.5096,not great television traditional despite property fly program maybe issue slow performance
3503,Samsung Galaxy A14,Smartphone,Flipkart,battery,Negative,-0.6705,waste of money manager draw situation process issue charging problem
3505,Samsung Buds 2,Accessories,Flipkart,battery,Negative,-0.4019,issue charging problem
3510,Samsung Galaxy Tab A8,Smartphone,Amazon,camera,Negative,-0.296,worth it reflect teach half issue camera quality is poor
3517,Samsung Galaxy A34,Smartphone,Flipkart,camera,Negative,-0.4215,waste of money generation technology know federal camera spend style everything
3524,Samsung Galaxy M53,Smartphone,Flipkart,camera,Negative,-0.1027,average eat glass treat relate focus issue camera quality is poor
3530,Samsung Galaxy A54,Smartphone,Flipkart,display,Positive,0.5859,amazing display quality
3531,Samsung Air Conditioner,Other,Amazon,sound,Positive,0.5859,speaker quality is amazing
3539,Samsung Crystal UHD TV,TV,Flipkart,camera,Positive,0.6369,love the camera quality
3542,Samsung Buds Live,Accessories,Amazon,battery,Positive,0.7964,good best health near those director size nor issue battery draining fast
3549,Samsung Galaxy Tab S7 FE,Smartphone,Amazon,camera,Negative,-0.7096,waste of money issue camera quality is poor
3550,Samsung Galaxy M53,Smartphone,Flipkart,camera,Neutral,0.0,average picture cause black turn
3552,Samsung Galaxy S23,Smartphone,Flipkart,camera,Positive,0.1531,excellent issue camera quality is poor
3554,Samsung Galaxy M34,Smartphone,Amazon,battery,Negative,-0.6705,waste of money television institution bar make issue charging problem
3557,Samsung Buds 2,Accessories,Amazon,battery,Negative,-0.25,bad why guess agree issue battery draining fast
3562,Samsung Buds 2,Accessories,Flipkart,camera,Negative,-0.7502,not great issue camera quality is poor
3564,Samsung Galaxy S21 FE,Smartphone,Flipkart,battery,Positive,0.4404,good morning note training agency sea use act issue battery draining fast
3566,Samsung Galaxy S22,Smartphone,Flipkart,battery,Positive,0.2263,worth it give charge compare
3567,Samsung Galaxy S23,Smartphone,Amazon,battery,Positive,0.25,excellent focus for current process rather once issue charging problem
3570,Samsung Galaxy A54,Smartphone,Flipkart,display,Positive,0.8316,excellent ask on great cell issue display flickering
3571,Samsung Galaxy Tab S7 FE,Smartphone,Flipkart,camera,Positive,0.2732,good drive around hospital sure degree national subject article issue camera quality is poor
3572,Samsung Galaxy A34,Smartphone,Flipkart,camera,Positive,0.7269,average west chance picture pm great
3573,Samsung Galaxy S21 FE,Smartphone,Amazon,battery,Positive,0.507,good population answer most series prevent issue battery draining fast
3585,Samsung Galaxy M53,Smartphone,Amazon,display,Negative,-0.7481,not great successful next section issue display flickering
3587,Samsung Galaxy Tab A8,Smartphone,Amazon,display,Positive,0.0772,average method authority road apply inside you sea issue display flickering
3591,Samsung Galaxy S22,Smartphone,Amazon,camera,Negative,-0.296,worth it issue camera quality is poor
3597,Samsung Galaxy M53,Smartphone,Flipkart,build_quality,Positive,0.4404,good indicate policy material
3598,Samsung Galaxy Tab S7 FE,Smartphone,Flipkart,camera,Negative,-0.5096,not great camera culture put song reveal able minute main
3600,Samsung Galaxy Book 2,Smartphone,Flipkart,battery,Positive,0.0516,good senior term seem glass issue charging problem
3617,Samsung Galaxy Tab A8,Smartphone,Flipkart,performance,Positive,0.128,worth it support act east attack issue slow performance
3622,Samsung Galaxy M34,Smartphone,Amazon,battery,Positive,0.128,excellent foreign authority section item realize charge crime
3623,Samsung Galaxy M14,Smartphone,Amazon,battery,Positive,0.4404,good issue battery draining fast
3625,Samsung Galaxy Tab A8,Smartphone,Amazon,build_quality,Negative,-0.4215,waste of money material public american organization soon instead necessary modern
3630,Samsung Galaxy M53,Smartphone,Amazon,connectivity,Negative,-0.4215,waste of money network represent article
3633,Samsung Charger 25W,Accessories,Flipkart,camera,Negative,-0.7502,not great issue camera quality is poor
3636,Samsung Galaxy M34,Smartphone,Amazon,performance,Positive,0.7096,good mr hand leave future skin machine ahead issue slow performance
3647,Samsung Galaxy A14,Smartphone,Flipkart,connectivity,Positive,0.2263,worth it tree which result trade real network
3649,Samsung Galaxy S23,Smartphone,Flipkart,battery,Positive,0.5719,excellent measure itself let radio onto unit issue battery draining fast
3650,Samsung Galaxy A14,Smartphone,Amazon,battery,Positive,0.25,excellent street effect music southern bank weight issue charging problem
3652,Samsung Galaxy A34,Smartphone,Flipkart,display,Positive,0.34,average fill take exactly line blood under value issue display flickering
3653,Samsung Galaxy S23,Smartphone,Flipkart,display,Positive,0.2263,worth it almost front high issue display flickering
3665,Samsung Galaxy S23,Smartphone,Flipkart,performance,Negative,-0.4215,waste of money mention general enough rate heavy issue slow performance
3673,Samsung Galaxy M14,Smartphone,Amazon,display,Negative,-0.5423,bad issue display flickering
3678,Samsung Galaxy M34,Smartphone,Flipkart,battery,Negative,-0.5096,not great newspaper power you
3680,Samsung Galaxy A54,Smartphone,Amazon,camera,Positive,0.2732,good man hit general provide end civil sure issue camera quality is poor
3681,Samsung Buds 2,Accessories,Amazon,performance,Positive,0.2263,worth it himself most also expert white lead specific issue slow performance
3689,Samsung Galaxy Tab S7 FE,Smartphone,Flipkart,display,Positive,0.6908,good point popular data building issue display flickering
3698,Samsung Galaxy S23,Smartphone,Flipkart,build_quality,Positive,0.5719,good church subject fine material
3699,Samsung Galaxy Tab S7 FE,Smartphone,Amazon,battery,Negative,-0.4493,waste of money not huge cut first lay issue battery draining fast
3708,Samsung Galaxy Tab A8,Smartphone,Flipkart,camera,Negative,-0.7759,not great fill defense bill able four behind issue camera quality is poor
3709,Samsung Buds 2,Accessories,Flipkart,performance,Positive,0.4019,treat issue slow performance
3711,Samsung Buds 2,Accessories,Flipkart,camera,Negative,-0.4215,waste of money live discussion camera understand
3712,Samsung Charger 25W,Accessories,Amazon,build_quality,Positive,0.7506,excellent during yes money build
3713,Samsung Galaxy Book 2,Smartphone,Flipkart,performance,Positive,0.4404,good issue slow performance
3715,Samsung Buds Live,Accessories,Flipkart,display,Positive,0.2263,worth it issue display flickering
3729,Samsung Galaxy S23,Smartphone,Flipkart,display,Positive,0.4404,good issue display flickering
3735,Samsung Galaxy A14,Smartphone,Flipkart,performance,Negative,-0.5096,not great issue slow performance
3745,Samsung Galaxy S21 FE,Smartphone,Flipkart,battery,Negative,-0.7046,not great leave quite simply see than issue charging problem
3750,Samsung Galaxy M34,Smartphone,Amazon,performance,Positive,0.2263,worth it issue slow performance
3752,Samsung Galaxy Tab A8,Smartphone,Amazon,battery,Negative,-0.35,general health occur quickly issue battery draining fast
3754,Samsung Galaxy M53,Smartphone,Amazon,camera,Positive,0.0772,good feeling house usually issue camera quality is poor
3757,Samsung Galaxy M14,Smartphone,Amazon,camera,Negative,-0.4767,average article participant if drive base reduce issue camera quality is poor
3761,Samsung Galaxy A34,Smartphone,Amazon,display,Negative,-0.5096,not great issue display flickering
3762,Samsung Galaxy S21 FE,Smartphone,Flipkart,battery,Negative,-0.5096,not great deal nothing power world
3766,Samsung Galaxy S21 FE,Smartphone,Amazon,battery,Positive,0.5719,excellent contain likely century charge tax
3768,Samsung Galaxy M53,Smartphone,Amazon,battery,Negative,-0.35,average issue battery draining fast
3771,Samsung Galaxy Book 3,Smartphone,Flipkart,performance,Negative,-0.35,average artist teach identify issue slow performance
3775,Samsung Galaxy S23,Smartphone,Flipkart,display,Positive,0.2263,worth it turn network class trip issue display flickering
3778,Samsung Galaxy M14,Smartphone,Flipkart,battery,Negative,-0.6705,waste of money news summer off effort upon issue charging problem
3789,Samsung Buds Live,Accessories,Amazon,performance,Negative,-0.4215,waste of money develop year scientist small issue slow performance
3790,Samsung Galaxy M14,Smartphone,Flipkart,performance,Negative,-0.5423,bad i trial claim capital run up issue slow performance
3799,Samsung Galaxy Tab A8,Smartphone,Flipkart,performance,Negative,-0.0516,worth it sort small through middle cut century issue slow performance
3800,Samsung Galaxy S22,Smartphone,Amazon,software,Neutral,0.0,very userfriendly interface
3801,Samsung Galaxy M53,Smartphone,Amazon,performance,Negative,-0.4215,waste of money floor focus see expect forward affect issue slow performance
3807,Samsung Galaxy A14,Smartphone,Amazon,performance,Negative,-0.2718,not great start light work way share soldier issue slow performance
3808,Samsung Galaxy Tab A8,Smartphone,Flipkart,display,Negative,-0.4215,waste of money issue display flickering
3810,Samsung Galaxy S22,Smartphone,Flipkart,performance,Negative,-0.5096,not great station son off issue slow performance
3817,Samsung Galaxy S21 FE,Smartphone,Amazon,battery,Positive,0.2263,worth it store expert sing issue battery draining fast
3821,Samsung Galaxy M34,Smartphone,Amazon,battery,Positive,0.0516,bad economic customer station success stock line issue battery draining fast
3827,Samsung Galaxy M53,Smartphone,Flipkart,battery,Positive,0.2263,worth it subject walk since say material cost reflect issue battery draining fast
3829,Samsung Galaxy M14,Smartphone,Flipkart,heating,Negative,-0.3818,worth it center hot term imagine capital note suffer
3830,Samsung Galaxy M53,Smartphone,Amazon,performance,Positive,0.4588,worth it black network adult practice create mean issue slow performance
3832,Samsung Galaxy Tab A8,Smartphone,Flipkart,display,Positive,0.7351,good popular high every beautiful threat issue display flickering
3840,Samsung Galaxy A34,Smartphone,Flipkart,battery,Negative,-0.4939,waste of money give call every truth issue charging problem
3848,Samsung Galaxy M34,Smartphone,Amazon,camera,Neutral,0.0,average affect stage law everybody focus soon
3849,Samsung Galaxy Book 2,Smartphone,Amazon,battery,Negative,-0.6369,waste of money such alone sure still teacher issue charging problem
3853,Samsung Galaxy M14,Smartphone,Flipkart,display,Positive,0.2263,worth it issue display flickering
3856,Samsung Buds 2,Accessories,Flipkart,camera,Negative,-0.0516,good big rate range issue camera quality is poor
3860,Samsung Galaxy A14,Smartphone,Flipkart,display,Positive,0.4404,good issue display flickering
3863,Samsung Galaxy Tab S7 FE,Smartphone,Flipkart,battery,Positive,0.25,excellent catch scientist seek anything city food receive small issue charging problem
3865,Samsung Galaxy Tab A8,Smartphone,Flipkart,camera,Positive,0.1027,good law often number challenge issue camera quality is poor
3869,Samsung Galaxy A54,Smartphone,Amazon,camera,Positive,0.0516,worth it shake stage indeed focus whatever
3871,Samsung Galaxy Book 3,Smartphone,Amazon,display,Positive,0.4404,good heart our have issue display flickering
3874,Samsung Galaxy A14,Smartphone,Amazon,camera,Positive,0.4404,good focus son generation
3880,Samsung Galaxy A14,Smartphone,Amazon,sound,Positive,0.2263,worth it sound business to able across
3881,Samsung Galaxy A54,Smartphone,Amazon,camera,Negative,-0.296,worth it wait fish husband more rather quality interview will issue camera quality is poor
3884,Samsung Galaxy Book 2,Smartphone,Amazon,display,Positive,0.4404,good community final sound summer bit issue display flickering
3896,Samsung Galaxy M34,Smartphone,Flipkart,performance,Negative,-0.5423,bad moment whole we music science issue slow performance
3898,Samsung Galaxy S21 FE,Smartphone,Amazon,performance,Negative,-0.5096,not great issue slow performance
3904,Samsung Galaxy Book 2,Smartphone,Amazon,battery,Positive,0.0516,good nature whom anything prove issue charging problem
3918,Samsung Buds Live,Accessories,Flipkart,performance,Positive,0.25,worth it rise guy herself only remember science book matter issue slow performance
3922,Samsung Charger 25W,Accessories,Flipkart,battery,Neutral,0.0,average market answer environment necessary green life
3926,Samsung Buds 2,Accessories,Flipkart,battery,Negative,-0.35,average order place pass door vote long look issue battery draining fast
3928,Samsung Galaxy Book 3,Smartphone,Flipkart,performance,Positive,0.2263,worth it either represent game education garden social issue slow performance
3930,Samsung Galaxy S21 FE,Smartphone,Flipkart,performance,Positive,0.4404,good issue slow performance
3935,Samsung Galaxy A54,Smartphone,Amazon,performance,Positive,0.5719,excellent of level investment need garden himself issue slow performance
3941,Samsung Galaxy M53,Smartphone,Flipkart,battery,Positive,0.0516,good issue charging problem
3942,Samsung Galaxy S23,Smartphone,Amazon,battery,Negative,-0.4215,waste of money every international budget middle charge big
3949,Samsung Galaxy M14,Smartphone,Flipkart,performance,Negative,-0.35,average media inside sometimes reveal baby position already issue slow performance
3950,Samsung Galaxy M14,Smartphone,Flipkart,battery,Positive,0.25,excellent pull nor what history nature local issue charging problem
3951,Samsung Buds Live,Accessories,Amazon,camera,Negative,-0.4939,bad kind decade tell girl product yard issue camera quality is poor
3954,Samsung Galaxy A14,Smartphone,Amazon,battery,Negative,-0.5423,bad issue battery draining fast
3956,Samsung Galaxy S21 FE,Smartphone,Flipkart,camera,Positive,0.1531,excellent issue camera quality is poor
3959,Samsung Galaxy S23,Smartphone,Amazon,display,Negative,-0.4215,waste of money issue display flickering
3960,Samsung Galaxy S23,Smartphone,Flipkart,camera,Negative,-0.2263,bad give live camera clear grow travel
3961,Samsung Buds 2,Accessories,Amazon,display,Negative,-0.4019,bad public significant pick human issue display flickering
3964,Samsung Galaxy Book 2,Smartphone,Flipkart,performance,Positive,0.5106,worth it goal choose certainly land sort small just issue slow performance
3973,Samsung Buds Live,Accessories,Amazon,battery,Negative,-0.35,average environment wait much yourself cost sister issue battery draining fast
3977,Samsung Galaxy Book 2,Smartphone,Amazon,display,Negative,-0.6681,not great whose accept your book house issue display flickering
3979,Samsung Galaxy Tab A8,Smartphone,Amazon,battery,Positive,0.5994,worth it number week wait life administration interesting especially
3981,Samsung Galaxy Tab A8,Smartphone,Amazon,battery,Negative,-0.5423,bad issue battery draining fast
3985,Samsung Buds Live,Accessories,Flipkart,heating,Negative,-0.2924,not great difficult cover hot
3986,Samsung Galaxy M34,Smartphone,Flipkart,display,Negative,-0.5096,not great yourself campaign race raise project program population issue display flickering
3989,Samsung Galaxy S21 FE,Smartphone,Amazon,display,Negative,-0.5423,bad situation most business behavior issue display flickering
3991,Samsung Galaxy A14,Smartphone,Flipkart,performance,Negative,-0.35,average issue slow performance
3993,Samsung Galaxy Tab A8,Smartphone,Amazon,battery,Positive,0.7845,good girl increase government help college that issue battery draining fast
3994,Samsung Galaxy Book 3,Smartphone,Amazon,camera,Negative,-0.0516,good nation have task employee issue camera quality is poor
3995,Samsung Galaxy M14,Smartphone,Flipkart,battery,Negative,-0.4215,waste of money something large rate collection issue battery draining fast
3997,Samsung Galaxy M34,Smartphone,Flipkart,performance,Negative,-0.5423,bad issue slow performance
4000,Samsung Galaxy A14,Smartphone,Amazon,connectivity,Negative,-0.2732,bad value network moment as establish
4001,Samsung Galaxy A54,Smartphone,Flipkart,battery,Positive,0.2263,worth it action issue parent young red professional field issue battery draining fast
4006,Samsung Soundbar,Other,Amazon,build_quality,Neutral,0.0,build quality feels premium
4008,Samsung Galaxy S22,Smartphone,Flipkart,battery,Negative,-0.6698,not great dog say director artist stop least issue battery draining fast
4013,Samsung Galaxy M34,Smartphone,Flipkart,battery,Negative,-0.7351,bad issue charging problem
4014,Samsung Galaxy A34,Smartphone,Amazon,camera,Neutral,0.0,average exactly of must maybe camera bed
4015,Samsung Galaxy S22,Smartphone,Amazon,build_quality,Positive,0.128,waste of money build born allow security through
4022,Samsung Galaxy S22,Smartphone,Flipkart,performance,Negative,-0.6908,average with reflect respond no thus crime issue slow performance
4029,Samsung Galaxy Tab A8,Smartphone,Amazon,battery,Negative,-0.4215,waste of money issue battery draining fast
4033,Samsung Buds 2,Accessories,Amazon,camera,Negative,-0.7964,waste of money begin look stop quickly side product issue camera quality is poor
4037,Samsung Galaxy Tab A8,Smartphone,Flipkart,battery,Positive,0.7845,excellent care performance scene word message land issue battery draining fast
4039,Samsung Galaxy A34,Smartphone,Amazon,performance,Negative,-0.4215,waste of money author this back my issue slow performance
4040,Samsung Galaxy Book 2,Smartphone,Flipkart,performance,Positive,0.4404,good fly right others direction skill issue slow performance
4042,Samsung Galaxy A34,Smartphone,Flipkart,performance,Positive,0.4404,good possible whose trial issue slow performance
4048,Samsung Galaxy Tab A8,Smartphone,Amazon,battery,Positive,0.0516,good issue charging problem
4050,Samsung Buds Live,Accessories,Amazon,performance,Negative,-0.6501,bad never decision certain room issue slow performance
4055,Samsung Galaxy M53,Smartphone,Flipkart,performance,Positive,0.4404,good issue slow performance
4057,Samsung Galaxy Tab A8,Smartphone,Amazon,battery,Positive,0.3182,excellent base task here adult stand finish fire issue battery draining fast
4058,Samsung Galaxy M53,Smartphone,Flipkart,camera,Positive,0.5719,excellent may meeting staff four picture early
4061,Samsung Galaxy M14,Smartphone,Amazon,battery,Negative,-0.4215,waste of money issue battery draining fast
4071,Samsung Buds 2,Accessories,Amazon,display,Positive,0.4404,good issue display flickering
4078,Samsung Galaxy A54,Smartphone,Flipkart,display,Negative,-0.6124,waste of money stop short around different measure politics issue display flickering
4085,Samsung Galaxy M14,Smartphone,Flipkart,battery,Negative,-0.1386,waste of money away before performance nor issue charging problem
4088,Samsung Galaxy A54,Smartphone,Flipkart,battery,Negative,-0.35,average man without marriage analysis past nor hair issue battery draining fast
4092,Samsung Galaxy S22,Smartphone,Flipkart,battery,Positive,0.5719,excellent college record bring move issue battery draining fast
4096,Samsung Galaxy A14,Smartphone,Flipkart,battery,Negative,-0.2732,bad money left management certainly identify issue battery draining fast
4101,Samsung Galaxy M34,Smartphone,Flipkart,build_quality,Positive,0.4939,average collection year agreement realize strategy trial build
4113,Samsung Galaxy S23,Smartphone,Amazon,display,Negative,-0.2283,not great along energy sort argue special theory decide hope issue display flickering
4115,Samsung Galaxy Tab A8,Smartphone,Flipkart,performance,Negative,-0.4215,waste of money issue slow performance
4122,Samsung Galaxy Tab S7 FE,Smartphone,Flipkart,connectivity,Negative,-0.25,waste of money network standard significant tend enough do third
4125,Samsung Galaxy Book 3,Smartphone,Flipkart,display,Negative,-0.5096,not great issue display flickering
4126,Samsung Galaxy M53,Smartphone,Flipkart,display,Positive,0.6486,excellent strong investment lose give fall consider space issue display flickering
4129,Samsung Galaxy S23,Smartphone,Flipkart,build_quality,Negative,-0.3182,average forget build important prepare move plan stop again
4138,Samsung Galaxy M14,Smartphone,Flipkart,battery,Negative,-0.35,bad base buy ground drug once interview positive issue battery draining fast
4148,Samsung Galaxy Tab A8,Smartphone,Flipkart,battery,Positive,0.6486,good contain security week try per personal issue battery draining fast
4149,Samsung Galaxy Tab S7 FE,Smartphone,Amazon,battery,Positive,0.0516,good wall ahead north time issue charging problem
4153,Samsung Galaxy A54,Smartphone,Flipkart,battery,Positive,0.4404,good issue battery draining fast
4165,Samsung Galaxy A14,Smartphone,Amazon,battery,Positive,0.25,good sort top office issue charging problem
4174,Samsung Galaxy S22,Smartphone,Flipkart,display,Negative,-0.5423,bad issue display flickering
4175,Samsung Galaxy Tab S7 FE,Smartphone,Amazon,display,Positive,0.5719,excellent issue display flickering
4176,Samsung Galaxy Tab S7 FE,Smartphone,Flipkart,battery,Positive,0.7269,good outside end style yes feeling process give issue battery draining fast
4183,Samsung Galaxy S22,Smartphone,Flipkart,battery,Positive,0.5719,excellent discussion up nothing gas throughout tend office issue battery draining fast
4191,Samsung Galaxy M34,Smartphone,Amazon,camera,Positive,0.4019,waste of money opportunity minute save million protect issue camera quality is poor
4195,Samsung Galaxy Tab A8,Smartphone,Flipkart,camera,Positive,0.5719,excellent last much focus pattern
4197,Samsung Galaxy Tab A8,Smartphone,Flipkart,battery,Positive,0.5719,excellent data red high ever into follow issue battery draining fast
4200,Samsung Galaxy Book 3,Smartphone,Flipkart,battery,Positive,0.2263,worth it issue battery draining fast
4202,Samsung Galaxy M34,Smartphone,Flipkart,camera,Negative,-0.4767,average issue camera quality is poor
4205,Samsung Galaxy A54,Smartphone,Amazon,software,Neutral,0.0,very userfriendly interface
4208,Samsung Galaxy S22,Smartphone,Amazon,battery,Negative,-0.4404,worth it gun away summer voice gun issue battery draining fast
4209,Samsung Galaxy Tab S7 FE,Smartphone,Flipkart,display,Positive,0.5719,excellent issue display flickering
4214,Samsung Galaxy A14,Smartphone,Flipkart,battery,Negative,-0.4939,bad pressure such why thus learn mr thank issue battery draining fast
4215,Samsung Charger 25W,Accessories,Amazon,battery,Positive,0.1027,waste of money yes social main hand mouth issue charging problem
4219,Samsung Galaxy S21 FE,Smartphone,Amazon,build_quality,Positive,0.8074,excellent rich spring material structure sport edge receive full
4225,Samsung Galaxy M34,Smartphone,Amazon,battery,Positive,0.128,bad certainly conference culture meeting growth ball phone issue battery draining fast
4226,Samsung Galaxy Book 3,Smartphone,Flipkart,display,Positive,0.2263,worth it issue display flickering
4228,Samsung Charger 25W,Accessories,Amazon,display,Negative,-0.5096,not great issue display flickering
4229,Samsung Galaxy Tab S7 FE,Smartphone,Amazon,performance,Positive,0.2263,worth it almost simply affect issue slow performance
4233,Samsung Galaxy Z Fold5,Smartphone,Flipkart,sound,Positive,0.5859,speaker quality is amazing
4239,Samsung Buds Live,Accessories,Flipkart,battery,Positive,0.6908,excellent anyone chance off state issue battery draining fast
4243,Samsung Galaxy A54,Smartphone,Flipkart,camera,Negative,-0.765,bad issue camera quality is poor
4245,Samsung Galaxy M53,Smartphone,Amazon,display,Negative,-0.35,average sometimes class six their issue display flickering
4247,Samsung Galaxy S23,Smartphone,Amazon,battery,Negative,-0.35,average fast stock you performance issue battery draining fast
4248,Samsung Galaxy Tab A8,Smartphone,Flipkart,camera,Negative,-0.0516,good issue camera quality is poor
4253,Samsung Galaxy Book 3,Smartphone,Flipkart,camera,Negative,-0.4767,average far goal myself office commercial issue camera quality is poor
4259,Samsung Galaxy A54,Smartphone,Amazon,battery,Positive,0.4404,battery life could be better
4260,Samsung Buds Live,Accessories,Amazon,performance,Negative,-0.5423,bad issue slow performance
4261,Samsung Galaxy Tab S7 FE,Smartphone,Flipkart,performance,Negative,-0.35,bad debate talk guess especially enjoy on issue slow performance
4269,Samsung Buds 2,Accessories,Amazon,display,Negative,-0.5096,not great issue display flickering
4270,Samsung Buds 2,Accessories,Flipkart,performance,Negative,-0.5423,bad production heavy even store have into issue slow performance
4271,Samsung Buds 2,Accessories,Amazon,camera,Negative,-0.5423,bad picture follow behind goal
4272,Samsung Galaxy S21 FE,Smartphone,Flipkart,battery,Negative,-0.6802,not great mention life realize admit issue camera quality is poor
4275,Samsung Buds 2,Accessories,Flipkart,display,Positive,0.3612,excellent control later our society tonight summer no issue display flickering
4290,Samsung Refrigerator,Other,Flipkart,sound,Positive,0.5859,speaker quality is amazing
4293,Samsung Galaxy Book 3,Smartphone,Flipkart,camera,Positive,0.5719,excellent person traditional picture
4295,Samsung Buds Live,Accessories,Flipkart,display,Negative,-0.431,not great miss general form court issue display flickering
4299,Samsung Charger 25W,Accessories,Flipkart,battery,Negative,-0.7351,bad near live dinner issue charging problem
4304,Samsung Galaxy Tab A8,Smartphone,Flipkart,display,Negative,-0.5423,bad science five purpose continue business mean sound issue display flickering
4316,Samsung Galaxy A54,Smartphone,Amazon,display,Negative,-0.4215,waste of money rise water weight age issue display flickering
4322,Samsung Galaxy Tab S7 FE,Smartphone,Amazon,battery,Negative,-0.4404,worth it sport possible low night more simply goal issue charging problem
4323,Samsung Galaxy A14,Smartphone,Flipkart,camera,Negative,-0.8074,not great hope health wind check defense tend approach issue camera quality is poor
4326,Samsung Galaxy Book 2,Smartphone,Flipkart,performance,Positive,0.4767,average gun fine important hope stay when issue slow performance
4336,Samsung Buds Live,Accessories,Amazon,performance,Negative,-0.5096,not great issue slow performance
4338,Samsung Galaxy Book 2,Smartphone,Flipkart,display,Negative,-0.5423,bad land listen table agent study issue display flickering
4339,Samsung Galaxy M14,Smartphone,Flipkart,battery,Negative,-0.2023,worth it born himself vote lead onto issue charging problem
4341,Samsung Galaxy A14,Smartphone,Flipkart,battery,Positive,0.1779,worth it relationship store pull research trouble cover like issue battery draining fast
4342,Samsung Galaxy S22,Smartphone,Flipkart,display,Negative,-0.35,average way baby continue evening network all develop star issue display flickering
4352,Samsung Galaxy A14,Smartphone,Amazon,performance,Positive,0.2263,worth it age account mouth ever million health issue slow performance
4356,Samsung Buds Live,Accessories,Amazon,battery,Negative,-0.5096,not great issue battery draining fast
4364,Samsung Galaxy Tab S7 FE,Smartphone,Flipkart,battery,Positive,0.5719,excellent final hair old general issue battery draining fast
4370,Samsung Galaxy Book 3,Smartphone,Amazon,battery,Positive,0.8316,excellent traditional firm accept run management bring ready issue battery draining fast
4373,Samsung Galaxy M14,Smartphone,Flipkart,display,Negative,-0.5096,not great these indeed wind system raise again issue display flickering
4376,Samsung Buds 2,Accessories,Flipkart,camera,Positive,0.2263,worth it focus bank pattern become
4377,Samsung Charger 25W,Accessories,Amazon,battery,Positive,0.3612,average trial hit appear wait best issue charging problem
4378,Samsung Charger 25W,Accessories,Flipkart,sound,Positive,0.3182,average sound address simple increase site main physical
4380,Samsung Galaxy A54,Smartphone,Flipkart,battery,Negative,-0.4215,waste of money form daughter apply personal customer beyond decision issue battery draining fast
4384,Samsung Galaxy S21 FE,Smartphone,Amazon,display,Negative,-0.5423,bad issue display flickering
4388,Samsung Galaxy Watch6,Smartphone,Flipkart,software,Neutral,0.0,very userfriendly interface
4389,Samsung Galaxy S21 FE,Smartphone,Flipkart,heating,Positive,0.1531,excellent message hot wrong hotel
4390,Samsung Galaxy Tab S7 FE,Smartphone,Flipkart,battery,Positive,0.2732,worth it finally good approach likely issue charging problem
4394,Samsung Galaxy M14,Smartphone,Amazon,camera,Negative,-0.34,average glass business just certainly second wind shake issue camera quality is poor
4396,Samsung Galaxy M14,Smartphone,Amazon,battery,Negative,-0.4215,waste of money service phone power
4397,Samsung Buds Live,Accessories,Amazon,camera,Negative,-0.765,bad company discover cost issue camera quality is poor
4400,Samsung Buds Live,Accessories,Flipkart,performance,Positive,0.5719,excellent where customer example report member get issue slow performance
4403,Samsung Galaxy S23,Smartphone,Amazon,battery,Negative,-0.5986,not great determine draw stand whether successful performance trouble issue charging problem
4413,Samsung Galaxy S22,Smartphone,Flipkart,heating,Negative,-0.2718,not great fall hot middle above i share with degree
4417,Samsung Galaxy Book 3,Smartphone,Flipkart,battery,Negative,-0.2023,worth it rise see official issue charging problem
4426,Samsung Galaxy Watch6,Smartphone,Amazon,build_quality,Neutral,0.0,build quality feels premium
4429,Samsung Galaxy S21 FE,Smartphone,Amazon,display,Negative,-0.35,average issue display flickering
4433,Samsung Air Conditioner,Other,Flipkart,camera,Positive,0.6369,love the camera quality
4434,Samsung Galaxy A34,Smartphone,Flipkart,performance,Negative,-0.7115,not great heart enjoy customer exist issue slow performance
4436,Samsung Galaxy Tab A8,Smartphone,Flipkart,battery,Positive,0.34,good join order or east issue charging problem
4443,Samsung Buds Live,Accessories,Amazon,battery,Negative,-0.7179,not great issue charging problem
4444,Samsung Galaxy A54,Smartphone,Amazon,camera,Positive,0.891,good through best peace camera morning quite book
4445,Samsung Air Conditioner,Other,Amazon,performance,Negative,-0.35,software updates are slow
4448,Samsung Galaxy A54,Smartphone,Flipkart,display,Negative,-0.6908,bad one course own no tax race including issue display flickering
4452,Samsung Buds 2,Accessories,Flipkart,sound,Positive,0.1027,waste of money mrs pretty form every nation sound head song
4456,Samsung Galaxy M53,Smartphone,Amazon,camera,Negative,-0.4767,average issue camera quality is poor
4463,Samsung Galaxy A54,Smartphone,Flipkart,camera,Negative,-0.7502,not great issue camera quality is poor
4471,Samsung Galaxy A14,Smartphone,Flipkart,camera,Positive,0.2263,worth it source focus set turn
4477,Samsung Buds Live,Accessories,Flipkart,battery,Negative,-0.5423,bad spring civil cell his small two issue battery draining fast
4478,Samsung Galaxy Tab A8,Smartphone,Flipkart,connectivity,Neutral,0.0,average network decision later girl animal run
4479,Samsung Air Conditioner,Other,Flipkart,performance,Negative,-0.35,software updates are slow
4482,Samsung Buds 2,Accessories,Flipkart,performance,Negative,-0.5423,waste of money authority against medical alone system little pattern issue slow performance
4486,Samsung Galaxy M53,Smartphone,Flipkart,camera,Negative,-0.765,bad ago official sound something magazine stage issue camera quality is poor
4489,Samsung Galaxy Tab S7 FE,Smartphone,Amazon,battery,Negative,-0.4019,average tax recognize side particular issue charging problem
4496,Samsung Buds 2,Accessories,Amazon,display,Negative,-0.5096,not great that white eat particularly mother issue display flickering
4505,Samsung Galaxy A34,Smartphone,Amazon,display,Negative,-0.5423,bad finally stuff radio spring issue display flickering
4508,Samsung Galaxy Tab A8,Smartphone,Amazon,performance,Negative,-0.35,average prevent occur bill issue slow performance
4509,Samsung QLED TV,TV,Flipkart,display,Positive,0.5859,amazing display quality
4510,Samsung Galaxy Tab A8,Smartphone,Amazon,camera,Negative,-0.0516,good issue camera quality is poor
4512,Samsung Buds 2,Accessories,Flipkart,battery,Negative,-0.2023,worth it issue charging problem
4514,Samsung Charger 25W,Accessories,Amazon,battery,Negative,-0.5096,not great age charge world apply be within close
4523,Samsung Galaxy A54,Smartphone,Amazon,camera,Negative,-0.296,worth it issue camera quality is poor
4525,Samsung Galaxy S21 FE,Smartphone,Amazon,display,Negative,-0.35,average see sister with there total issue display flickering
4529,Samsung Buds 2,Accessories,Flipkart,connectivity,Negative,-0.0772,worth it network six eat avoid
4531,Samsung Galaxy A14,Smartphone,Amazon,battery,Negative,-0.5096,not great issue battery draining fast
4539,Samsung Galaxy A34,Smartphone,Flipkart,camera,Negative,-0.7906,bad possible democrat establish bad camera
4543,Samsung Galaxy M34,Smartphone,Amazon,performance,Negative,-0.35,average issue slow performance
4544,Samsung Galaxy S23,Smartphone,Amazon,sound,Negative,-0.4215,waste of money require country young capital bring sense sound
4545,Samsung Charger 25W,Accessories,Amazon,camera,Negative,-0.296,good major can alone might issue camera quality is poor
4551,Samsung Buds Live,Accessories,Flipkart,battery,Positive,0.765,excellent manage recently moment easy possible among small issue battery draining fast
4556,Samsung Galaxy Book 3,Smartphone,Flipkart,battery,Neutral,0.0,average either life owner require analysis
4563,Samsung Buds Live,Accessories,Flipkart,display,Negative,-0.5096,not great act daughter first church common test daughter issue display flickering
4575,Samsung Galaxy Book 3,Smartphone,Amazon,camera,Positive,0.0772,average rise must kind once issue camera quality is poor
4576,Samsung Galaxy M53,Smartphone,Flipkart,battery,Positive,0.2732,average eight only well exist item sea without issue battery draining fast
4578,Samsung Galaxy M34,Smartphone,Flipkart,display,Negative,-0.35,college final mr medical issue display flickering
4584,Samsung Galaxy Tab A8,Smartphone,Amazon,performance,Positive,0.6908,excellent someone there dream almost garden too issue slow performance
4589,Samsung Galaxy A54,Smartphone,Amazon,battery,Positive,0.1027,worth it tough today fill lot issue battery draining fast
4590,Samsung Galaxy Book 2,Smartphone,Amazon,battery,Positive,0.4404,good live world computer notice up state onto issue battery draining fast
4591,Samsung Charger 25W,Accessories,Amazon,performance,Negative,-0.5096,not great few leg throw early own issue slow performance
4592,Samsung Galaxy Book 3,Smartphone,Amazon,camera,Negative,-0.7502,not great issue camera quality is poor
4593,Samsung Galaxy S22,Smartphone,Flipkart,battery,Negative,-0.35,average issue battery draining fast
4599,Samsung Charger 25W,Accessories,Amazon,camera,Positive,0.25,worth it hand turn by future research color possible few issue camera quality is poor
4600,Samsung Charger 25W,Accessories,Amazon,camera,Negative,-0.8103,not great ability term there idea light these issue camera quality is poor
4608,Samsung Galaxy Tab A8,Smartphone,Amazon,performance,Positive,0.4404,good issue slow performance
4609,Samsung Buds Live,Accessories,Flipkart,performance,Negative,-0.4019,waste of money prevent along short expert cost store follow issue slow performance
4612,Samsung Galaxy A54,Smartphone,Flipkart,performance,Negative,-0.4215,waste of money issue slow performance
4615,Samsung Galaxy Tab A8,Smartphone,Amazon,battery,Negative,-0.5994,into wonder stop training with vote issue charging problem
4620,Samsung Charger 25W,Accessories,Amazon,build_quality,Negative,-0.4215,waste of money live material military
4625,Samsung Galaxy A34,Smartphone,Flipkart,battery,Negative,-0.4215,waste of money issue battery draining fast
4626,Samsung Galaxy S22,Smartphone,Amazon,camera,Negative,-0.4767,average issue camera quality is poor
4627,Samsung Galaxy Book 2,Smartphone,Flipkart,battery,Negative,-0.5423,bad issue battery draining fast
4631,Samsung Galaxy Tab S7 FE,Smartphone,Flipkart,battery,Negative,-0.5423,bad hair day site name issue battery draining fast
4641,Samsung Charger 25W,Accessories,Amazon,performance,Negative,-0.5096,not great issue slow performance
4642,Samsung Galaxy M14,Smartphone,Amazon,battery,Positive,0.7845,excellent pull toward care go issue battery draining fast
4643,Samsung Galaxy A34,Smartphone,Flipkart,battery,Positive,0.8074,good leave join four three develop produce kind wife issue battery draining fast
4646,Samsung Galaxy S23,Smartphone,Flipkart,battery,Positive,0.5719,excellent issue battery draining fast
4649,Samsung Galaxy Tab S7 FE,Smartphone,Flipkart,camera,Positive,0.4404,good majority list his six picture
4654,Samsung Galaxy M53,Smartphone,Flipkart,camera,Positive,0.2263,worth it vote either police different represent picture technology specific
4657,Samsung Galaxy Tab S7 FE,Smartphone,Amazon,camera,Negative,-0.7096,waste of money material morning front apply hundred member memory issue camera quality is poor
4666,Samsung Galaxy Tab S7 FE,Smartphone,Flipkart,display,Positive,0.3182,around heart huge employee issue display flickering
4671,Samsung Galaxy M34,Smartphone,Flipkart,battery,Positive,0.5965,average so after laugh issue battery draining fast
4673,Samsung Galaxy S22,Smartphone,Amazon,battery,Negative,-0.764,not great foot important character issue charging problem
4676,Samsung Galaxy A54,Smartphone,Flipkart,battery,Negative,-0.4203,not great federal trial five them traditional have hand issue charging problem
4680,Samsung Soundbar,Other,Flipkart,sound,Positive,0.5859,speaker quality is amazing
4683,Samsung Buds Live,Accessories,Flipkart,performance,Negative,-0.35,average technology last science director candidate issue slow performance
4685,Samsung Galaxy Tab A8,Smartphone,Flipkart,camera,Negative,-0.4215,waste of money recently media camera her
4686,Samsung Buds 2,Accessories,Flipkart,build_quality,Negative,-0.6681,not great remember growth build heavy town
4690,Samsung Galaxy Book 3,Smartphone,Flipkart,battery,Negative,-0.4215,waste of money hospital lay charge lot
4694,Samsung Galaxy M34,Smartphone,Flipkart,display,Negative,-0.5423,bad issue display flickering
4696,Samsung Charger 25W,Accessories,Amazon,display,Positive,0.5719,excellent player your citizen card six box issue display flickering
4705,Samsung Buds Live,Accessories,Flipkart,camera,Positive,0.1531,excellent issue camera quality is poor
4710,Samsung Galaxy S21 FE,Smartphone,Amazon,camera,Negative,-0.7269,bad out include in rise type defense issue camera quality is poor
4723,Samsung Galaxy S23,Smartphone,Flipkart,display,Negative,-0.5423,bad practice four mr why issue display flickering
4724,Samsung Galaxy Book 3,Smartphone,Flipkart,battery,Positive,0.0516,good also political including issue charging problem
4738,Samsung Galaxy S22,Smartphone,Flipkart,battery,Positive,0.2263,worth it issue battery draining fast
4740,Samsung Galaxy Tab S7 FE,Smartphone,Flipkart,battery,Positive,0.2732,worth it finally good approach likely issue charging problem
4746,Samsung Galaxy A14,Smartphone,Flipkart,camera,Positive,0.4767,worth it piece race effort stay lay focus ok
4752,Samsung Galaxy S21 FE,Smartphone,Amazon,camera,Negative,-0.4767,average under civil any system wear stuff issue camera quality is poor
4754,Samsung Galaxy S22,Smartphone,Amazon,connectivity,Negative,-0.4585,average network so not cover indeed happy old
4757,Samsung Galaxy Book 2,Smartphone,Amazon,performance,Negative,-0.2263,average forget nature technology keep floor deep on issue slow performance
4759,Samsung Buds 2,Accessories,Flipkart,battery,Positive,0.25,excellent news exist record half space issue charging problem
4762,Samsung Buds 2,Accessories,Flipkart,battery,Negative,-0.5096,not great white manager center current issue battery draining fast
4763,Samsung Galaxy S23,Smartphone,Flipkart,camera,Positive,0.4588,good campaign second area news deal care second today issue camera quality is poor
4766,Samsung Galaxy S21 FE,Smartphone,Amazon,battery,Positive,0.2263,waste of money voice include skill happy issue battery draining fast
4771,Samsung Galaxy Book 3,Smartphone,Flipkart,performance,Negative,-0.35,average take author her according fact issue slow performance
4777,Samsung Galaxy Book 2,Smartphone,Flipkart,connectivity,Positive,0.2263,worth it part who voice should network expert must
4779,Samsung Galaxy M14,Smartphone,Amazon,performance,Negative,-0.5096,not great realize how determine before him human issue slow performance
4783,Samsung Buds 2,Accessories,Flipkart,display,Negative,-0.5096,not great very small likely among issue display flickering
4789,Samsung Galaxy S22,Smartphone,Flipkart,performance,Positive,0.6369,excellent sister my prepare defense adult ten knowledge issue slow performance
4791,Samsung Buds Live,Accessories,Amazon,battery,Negative,-0.6908,bad life guy while fast door avoid teacher
4801,Samsung Galaxy M14,Smartphone,Amazon,display,Negative,-0.296,expert stop economic participant most specific issue display flickering
4804,Samsung Galaxy S21 FE,Smartphone,Flipkart,battery,Positive,0.4404,good house themselves eye recent produce issue battery draining fast
4805,Samsung Galaxy S21 FE,Smartphone,Amazon,display,Positive,0.2023,good risk note scene few fish girl lay issue display flickering
4807,Samsung Galaxy A34,Smartphone,Flipkart,display,Negative,-0.5423,bad issue display flickering
4808,Samsung Galaxy M53,Smartphone,Flipkart,camera,Negative,-0.1027,average eat glass treat relate focus issue camera quality is poor
4809,Samsung Galaxy S22,Smartphone,Flipkart,display,Positive,0.4404,good entire situation sense issue display flickering
4816,Samsung Galaxy Book 3,Smartphone,Amazon,battery,Positive,0.5719,excellent owner sense charge thought song live issue overheating issue
4817,Samsung Galaxy Tab A8,Smartphone,Flipkart,battery,Negative,-0.7179,not great out despite another fill game present imagine issue charging problem
4822,Samsung Galaxy S21 FE,Smartphone,Amazon,battery,Negative,-0.5423,bad manage exist power soldier purpose establish republican
4823,Samsung Galaxy S23,Smartphone,Amazon,battery,Positive,0.2263,worth it issue battery draining fast
4826,Samsung Galaxy M34,Smartphone,Flipkart,battery,Negative,-0.6705,waste of money issue charging problem
4827,Samsung Galaxy A14,Smartphone,Amazon,battery,Negative,-0.6124,waste of money network defense someone president test line issue charging problem
4828,Samsung Galaxy M53,Smartphone,Amazon,camera,Positive,0.1531,excellent issue camera quality is poor
4834,Samsung Galaxy S21 FE,Smartphone,Amazon,battery,Negative,-0.2008,not great concern environment century color best learn cup issue charging problem
4838,Samsung Galaxy S21 FE,Smartphone,Flipkart,battery,Negative,-0.5096,not great according quality life ground father door able issue overheating issue
4841,Samsung Galaxy Tab A8,Smartphone,Amazon,camera,Negative,-0.549,not great bad yourself present issue camera quality is poor
4844,Samsung Galaxy A54,Smartphone,Amazon,camera,Negative,-0.5106,bad worker brother adult smile name short easy risk issue camera quality is poor
4859,Samsung Galaxy A54,Smartphone,Flipkart,camera,Positive,0.6369,love the camera quality
4860,Samsung Buds 2,Accessories,Amazon,battery,Negative,-0.1531,worth it situation there guy tonight market difficult travel issue battery draining fast
4865,Samsung Galaxy Tab A8,Smartphone,Amazon,camera,Negative,-0.6711,not great practice no especially issue camera quality is poor
4870,Samsung Galaxy S21 FE,Smartphone,Flipkart,performance,Negative,-0.2946,not great identify front international certain area issue slow performance
4877,Samsung Galaxy Book 2,Smartphone,Amazon,battery,Negative,-0.5423,bad issue battery draining fast
4889,Samsung Galaxy M14,Smartphone,Flipkart,battery,Negative,-0.8685,not great measure fine base list event worry manage serious issue charging problem
4891,Samsung Buds 2,Accessories,Flipkart,performance,Positive,0.4404,good issue slow performance
4892,Samsung Galaxy S22,Smartphone,Amazon,battery,Positive,0.2263,worth it voice republican charge election network six
4894,Samsung Galaxy A54,Smartphone,Flipkart,battery,Negative,-0.5096,not great issue battery draining fast
4896,Samsung Galaxy M34,Smartphone,Flipkart,sound,Negative,-0.4588,worth it because figure game various war sound politics
4897,Samsung Galaxy A34,Smartphone,Amazon,display,Negative,-0.35,average likely democratic year institution read fast condition republican issue display flickering
4899,Samsung Galaxy S22,Smartphone,Flipkart,display,Negative,-0.35,bad tv there stuff commercial laugh issue display flickering
4900,Samsung Galaxy Tab S7 FE,Smartphone,Amazon,camera,Negative,-0.4767,still capital only issue camera quality is poor
4906,Samsung Galaxy Tab A8,Smartphone,Amazon,display,Negative,-0.35,average issue display flickering
4908,Samsung Galaxy Tab A8,Smartphone,Flipkart,performance,Negative,-0.5423,bad weight son of country mean size at issue slow performance
4909,Samsung Galaxy A54,Smartphone,Flipkart,camera,Negative,-0.7407,waste of money front sometimes pattern cup without off feeling network issue camera quality is poor
4911,Samsung Galaxy Book 2,Smartphone,Flipkart,battery,Negative,-0.5096,not great issue battery draining fast
4914,Samsung Galaxy A14,Smartphone,Flipkart,camera,Negative,-0.6249,waste of money important measure scientist adult political must issue camera quality is poor
4918,Samsung Galaxy Book 3,Smartphone,Flipkart,battery,Positive,0.2263,waste of money order own happy debate issue battery draining fast
4920,Samsung Galaxy A54,Smartphone,Amazon,display,Negative,-0.5423,bad issue display flickering
4921,Samsung Galaxy Book 3,Smartphone,Flipkart,battery,Positive,0.5719,excellent might try gas remain level each memory issue battery draining fast
4922,Samsung Galaxy Tab S7 FE,Smartphone,Amazon,battery,Negative,-0.35,average issue battery draining fast
4929,Samsung Galaxy Tab A8,Smartphone,Amazon,display,Negative,-0.35,newspaper indeed new result your with issue display flickering
4932,Samsung Galaxy S23,Smartphone,Amazon,battery,Positive,0.7783,good southern example social life position tell apply beautiful
4940,Samsung Buds 2,Accessories,Amazon,battery,Negative,-0.2023,worth it must tonight american analysis so including think issue charging problem
4949,Samsung Galaxy Tab S7 FE,Smartphone,Amazon,battery,Negative,-0.7351,bad course others a issue charging problem
4952,Samsung Galaxy M53,Smartphone,Flipkart,performance,Negative,-0.35,average exist early magazine remember issue slow performance
4956,Samsung Galaxy Tab A8,Smartphone,Amazon,battery,Negative,-0.7179,not great manager now air decide thousand add issue charging problem
4957,Samsung Galaxy S23,Smartphone,Amazon,battery,Negative,-0.4215,waste of money nearly provide cost heart do law check issue battery draining fast
4963,Samsung Buds 2,Accessories,Amazon,sound,Neutral,0.0,average after character each green sound young
4969,Samsung Charger 25W,Accessories,Amazon,performance,Negative,-0.2023,worth it lose apply enter available write issue slow performance
4970,Samsung Galaxy Book 3,Smartphone,Amazon,battery,Negative,-0.5423,bad style their almost name issue battery draining fast
4971,Samsung Buds Live,Accessories,Flipkart,display,Negative,-0.5096,not great issue display flickering
4972,Samsung Galaxy A14,Smartphone,Amazon,sound,Negative,-0.4215,waste of money sound agent left close goal news road
4989,Samsung Galaxy Tab S7 FE,Smartphone,Flipkart,heating,Positive,0.6249,worth it might hot between enjoy first together human
4990,Samsung Galaxy A34,Smartphone,Flipkart,battery,Negative,-0.7351,bad whether development later issue charging problem
4998,Samsung Galaxy Tab S7 FE,Smartphone,Flipkart,performance,Positive,0.2263,worth it strategy team lot bring follow network issue slow performance
5002,Samsung Galaxy Book 3,Smartphone,Flipkart,battery,Negative,-0.5994,waste of money drop policy small agency debate ahead issue battery draining fast
5011,Samsung Galaxy A14,Smartphone,Amazon,performance,Negative,-0.6435,not great make huge hear once citizen hospital issue slow performance
5014,Samsung Galaxy S23,Smartphone,Flipkart,build_quality,Neutral,0.0,build quality feels premium
5017,Samsung Galaxy Tab S7 FE,Smartphone,Flipkart,camera,Negative,-0.7096,waste of money experience light radio maintain hit issue camera quality is poor
5018,Samsung Galaxy S21 FE,Smartphone,Flipkart,performance,Negative,-0.35,average fast measure near toward issue slow performance
5020,Samsung Galaxy S22,Smartphone,Flipkart,performance,Negative,-0.4215,waste of money issue slow performance
5022,Samsung Galaxy Book 2,Smartphone,Amazon,performance,Negative,-0.4215,waste of money issue slow performance
5027,Samsung Galaxy M34,Smartphone,Amazon,battery,Negative,-0.35,average issue battery draining fast
5031,Samsung Galaxy Tab A8,Smartphone,Flipkart,display,Negative,-0.6698,not great business explain no place camera resource issue display flickering
5037,Samsung Galaxy A54,Smartphone,Amazon,performance,Negative,-0.35,average get candidate son hit each issue slow performance
5041,Samsung Galaxy S23,Smartphone,Flipkart,build_quality,Neutral,0.0,build quality feels premium
5043,Samsung Galaxy S22,Smartphone,Amazon,battery,Positive,0.4404,good film charge arrive institution five conference arrive
5044,Samsung Galaxy Book 3,Smartphone,Amazon,battery,Positive,0.25,excellent issue charging problem
5046,Samsung Charger 25W,Accessories,Flipkart,performance,Negative,-0.5096,not great government with find science memory issue slow performance
5048,Samsung Galaxy Tab A8,Smartphone,Amazon,display,Positive,0.2263,worth it issue display flickering
5052,Samsung Galaxy M53,Smartphone,Flipkart,battery,Negative,-0.3612,waste of money become deal challenge step year issue battery draining fast
5053,Samsung Buds 2,Accessories,Flipkart,camera,Negative,-0.5423,average sort everybody total perform speech why hard law issue camera quality is poor
5056,Samsung Galaxy Book 2,Smartphone,Amazon,camera,Negative,-0.296,worth it season especially close need rise year issue camera quality is poor
5060,Samsung Galaxy M34,Smartphone,Flipkart,battery,Negative,-0.5267,average shake staff fall issue charging problem
5061,Samsung Buds Live,Accessories,Amazon,camera,Negative,-0.4767,average issue camera quality is poor
5063,Samsung Galaxy M14,Smartphone,Flipkart,sound,Negative,-0.6998,not great may find stand tonight sound difficult body others
5066,Samsung Galaxy S22,Smartphone,Amazon,camera,Negative,-0.7502,not great issue camera quality is poor
5068,Samsung Galaxy S21 FE,Smartphone,Amazon,battery,Negative,-0.128,waste of money where star set daughter sure kid power
5069,Samsung Galaxy Tab S7 FE,Smartphone,Amazon,build_quality,Positive,0.5719,excellent material quality painting role other per
5070,Samsung Galaxy A34,Smartphone,Amazon,battery,Negative,-0.4019,average issue charging problem
5072,Samsung Galaxy Book 3,Smartphone,Amazon,performance,Negative,-0.5096,not great issue slow performance
5079,Samsung Buds Live,Accessories,Flipkart,camera,Negative,-0.7096,waste of money may cause population mean finally nation issue camera quality is poor
5083,Samsung Galaxy S21 FE,Smartphone,Amazon,build_quality,Positive,0.8074,excellent rich spring material structure sport edge receive full
5097,Samsung Galaxy Tab A8,Smartphone,Amazon,battery,Negative,-0.5423,bad issue battery draining fast
5101,Samsung Galaxy Tab S7 FE,Smartphone,Flipkart,battery,Negative,-0.25,waste of money option admit agent blue issue battery draining fast
5102,Samsung Galaxy M14,Smartphone,Amazon,battery,Positive,0.25,excellent partner use of contain front box issue charging problem
5106,Samsung Refrigerator,Other,Amazon,build_quality,Neutral,0.0,build quality feels premium
5109,Samsung Galaxy M14,Smartphone,Flipkart,battery,Positive,0.25,excellent exist boy cost itself family situation issue charging problem
5110,Samsung Charger 25W,Accessories,Flipkart,battery,Negative,-0.2023,worth it budget physical other instead size story issue charging problem
5117,Samsung Galaxy A14,Smartphone,Amazon,battery,Positive,0.4404,good floor control difference song issue battery draining fast
5120,Samsung Galaxy Book 3,Smartphone,Amazon,display,Positive,0.4404,good issue display flickering
5124,Samsung Buds 2,Accessories,Flipkart,camera,Negative,-0.8591,bad light where travel tonight worry manage issue camera quality is poor
5128,Samsung Galaxy M53,Smartphone,Flipkart,performance,Positive,0.5719,excellent issue slow performance
5129,Samsung Galaxy A14,Smartphone,Flipkart,performance,Negative,-0.5423,bad move nearly coach issue slow performance
5134,Samsung Galaxy S22,Smartphone,Flipkart,display,Positive,0.4404,good new yard condition collection can cover issue display flickering
5136,Samsung Galaxy A14,Smartphone,Amazon,battery,Positive,0.5719,excellent two budget bank memory magazine issue battery draining fast
5140,Samsung Buds Live,Accessories,Amazon,camera,Negative,-0.8249,not great wish chair action issue camera quality is poor
5142,Samsung Galaxy Tab S7 FE,Smartphone,Amazon,battery,Positive,0.0516,good issue charging problem
5145,Samsung Galaxy S23,Smartphone,Amazon,performance,Positive,0.5719,good write from among heart top issue slow performance
5147,Samsung Galaxy M34,Smartphone,Flipkart,performance,Positive,0.4404,good edge individual teach white woman up issue slow performance
5150,Samsung Buds 2,Accessories,Amazon,camera,Negative,-0.128,excellent hold drop rock issue camera quality is poor
5153,Samsung Buds Live,Accessories,Flipkart,battery,Negative,-0.6705,waste of money few choose arrive cost other page finish issue charging problem
5154,Samsung Galaxy S23,Smartphone,Flipkart,camera,Positive,0.4404,good thousand see draw according picture west and
5163,Samsung Buds Live,Accessories,Amazon,camera,Negative,-0.5423,bad must exist oil camera
5166,Samsung Charger 25W,Accessories,Amazon,battery,Negative,-0.6705,waste of money issue charging problem
5167,Samsung Galaxy M34,Smartphone,Flipkart,battery,Negative,-0.5096,not great issue battery draining fast
5176,Samsung Galaxy A14,Smartphone,Amazon,camera,Positive,0.4019,good ago woman woman stand better government office issue camera quality is poor
5178,Samsung Buds Live,Accessories,Flipkart,display,Positive,0.2732,average skin capital dream prevent continue black education issue display flickering
5179,Samsung Galaxy M53,Smartphone,Flipkart,camera,Negative,-0.4767,average particular drive only place degree open religious issue camera quality is poor
5184,Samsung Galaxy S22,Smartphone,Flipkart,battery,Positive,0.2023,worth it board soldier mention modern she protect result issue charging problem
5185,Samsung Buds Live,Accessories,Amazon,connectivity,Negative,-0.5423,bad affect space television voice mrs present network
5186,Samsung Galaxy M53,Smartphone,Flipkart,camera,Negative,-0.5608,not great want most help community issue camera quality is poor
5187,Samsung Galaxy Tab A8,Smartphone,Flipkart,battery,Negative,-0.2023,worth it issue charging problem
5188,Samsung Galaxy A14,Smartphone,Flipkart,battery,Negative,-0.2023,worth it who weight something sort population issue charging problem
5196,Samsung Galaxy A54,Smartphone,Amazon,camera,Negative,-0.4215,waste of money partner build focus just seek development option
5201,Samsung Galaxy M14,Smartphone,Flipkart,build_quality,Positive,0.6908,good true material yourself color listen
5202,Samsung Charger 25W,Accessories,Flipkart,camera,Negative,-0.296,worth it issue camera quality is poor
5207,Samsung Galaxy Tab A8,Smartphone,Amazon,display,Negative,-0.5423,bad sing three leg level two manager issue display flickering
5209,Samsung Buds Live,Accessories,Amazon,heating,Positive,0.2263,worth it traditional unit practice old hot
5214,Samsung Galaxy M34,Smartphone,Flipkart,display,Negative,-0.35,average issue display flickering
5215,Samsung Washing Machine,Other,Flipkart,sound,Positive,0.5859,speaker quality is amazing
5216,Samsung Galaxy M53,Smartphone,Amazon,battery,Negative,-0.5423,bad issue battery draining fast
5217,Samsung Galaxy M14,Smartphone,Amazon,battery,Positive,0.6908,worth it often win eye president issue battery draining fast
5221,Samsung Galaxy M14,Smartphone,Flipkart,display,Negative,-0.4449,not great tough current thought why group issue display flickering
5226,Samsung Galaxy A34,Smartphone,Flipkart,performance,Negative,-0.5423,bad issue slow performance
5230,Samsung Galaxy S22,Smartphone,Amazon,battery,Negative,-0.4019,average issue charging problem
5231,Samsung Galaxy Tab A8,Smartphone,Flipkart,battery,Positive,0.4588,waste of money expert guy beautiful line subject life allow
5232,Samsung Galaxy S22,Smartphone,Amazon,battery,Positive,0.4404,good few whose teach room operation send issue battery draining fast
5233,Samsung Galaxy M34,Smartphone,Flipkart,camera,Negative,-0.765,bad only newspaper food season later issue camera quality is poor
5234,Samsung Galaxy Tab A8,Smartphone,Amazon,connectivity,Positive,0.8316,excellent network good ok follow
5238,Samsung Galaxy M14,Smartphone,Flipkart,display,Negative,-0.4577,not great anything pm fact want respond doctor us issue display flickering
5243,Samsung Galaxy A54,Smartphone,Flipkart,build_quality,Neutral,0.0,build quality feels premium
5254,Samsung Buds 2,Accessories,Flipkart,battery,Negative,-0.34,bad food item successful blood citizen country issue charging problem
5255,Samsung Galaxy Tab S7 FE,Smartphone,Flipkart,performance,Positive,0.4404,good issue slow performance
5256,Samsung Galaxy A14,Smartphone,Flipkart,performance,Positive,0.5719,excellent how individual newspaper despite then law maybe issue slow performance
5259,Samsung Galaxy A14,Smartphone,Flipkart,display,Negative,-0.4215,waste of money issue display flickering
5261,Samsung Galaxy Book 3,Smartphone,Amazon,performance,Positive,0.5719,excellent not figure everybody may make issue slow performance
5262,Samsung Galaxy A54,Smartphone,Flipkart,battery,Positive,0.5719,excellent population reduce charge establish issue display flickering
5268,Samsung Washing Machine,Other,Flipkart,camera,Positive,0.6369,love the camera quality
5269,Samsung Galaxy M53,Smartphone,Amazon,battery,Negative,-0.7351,bad similar lot stuff picture issue charging problem
5270,Samsung Galaxy A54,Smartphone,Flipkart,battery,Positive,0.0516,good word nor because class man issue charging problem
5271,Samsung Galaxy A14,Smartphone,Amazon,display,Positive,0.5574,excellent worker support tough represent notice run loss issue display flickering
5273,Samsung Galaxy M14,Smartphone,Flipkart,performance,Negative,-0.4215,waste of money issue slow performance
5278,Samsung Galaxy Tab S7 FE,Smartphone,Flipkart,camera,Negative,-0.7502,not great cultural candidate their some idea issue camera quality is poor
5281,Samsung Galaxy Book 2,Smartphone,Flipkart,performance,Positive,0.2263,worth it issue slow performance
5285,Samsung Galaxy M34,Smartphone,Amazon,performance,Negative,-0.4215,waste of money issue slow performance
5288,Samsung Charger 25W,Accessories,Flipkart,battery,Negative,-0.35,average issue battery draining fast
5290,Samsung Galaxy M14,Smartphone,Amazon,battery,Negative,-0.7269,bad organization history prevent once american consider can trade issue charging problem
5299,Samsung Galaxy Buds2,Smartphone,Flipkart,display,Positive,0.5859,amazing display quality
5301,Samsung Buds 2,Accessories,Amazon,performance,Positive,0.2263,worth it cell series image example tell serve issue slow performance
5304,Samsung Galaxy A54,Smartphone,Flipkart,battery,Negative,-0.2263,bad health professional power bit yourself protect site
5305,Samsung Galaxy A34,Smartphone,Amazon,display,Positive,0.6997,worth it range large most laugh health stage issue display flickering
5310,Samsung Galaxy S22,Smartphone,Amazon,display,Positive,0.6486,good much court trade outside situation play issue display flickering
5312,Samsung Galaxy Tab A8,Smartphone,Amazon,heating,Positive,0.34,good training hot threat improve use
5314,Samsung Galaxy Tab S7 FE,Smartphone,Amazon,performance,Positive,0.128,worth it blood expect us send pay suddenly involve issue slow performance
5316,Samsung Charger 25W,Accessories,Flipkart,performance,Negative,-0.4215,waste of money paper others reflect theory whether professional imagine season issue slow performance
5325,Samsung Galaxy S23,Smartphone,Flipkart,battery,Negative,-0.0516,excellent computer style specific mr have stop television issue charging problem
5333,Samsung Galaxy S22,Smartphone,Flipkart,camera,Negative,-0.765,bad drug that game process give nature issue camera quality is poor
5347,Samsung Galaxy S21 FE,Smartphone,Flipkart,camera,Positive,0.2263,worth it north politics focus
5349,Samsung Galaxy A54,Smartphone,Amazon,display,Negative,-0.5096,not great apply worker foreign force health issue display flickering
5350,Samsung Galaxy A14,Smartphone,Amazon,battery,Negative,-0.35,average rule mission born serve action paper pull issue battery draining fast
5361,Samsung Galaxy M14,Smartphone,Amazon,battery,Positive,0.4404,good yourself agency suddenly issue battery draining fast
5367,Samsung Galaxy Book 2,Smartphone,Amazon,display,Negative,-0.1877,not great large poor exactly window bar author wife issue display flickering
5371,Samsung Galaxy A54,Smartphone,Flipkart,battery,Positive,0.6908,good six opportunity among pattern party same speak issue charging problem
5372,Samsung Galaxy M14,Smartphone,Amazon,performance,Positive,0.34,excellent animal quickly fine within threat senior whatever want issue slow performance
5379,Samsung Galaxy Tab S7 FE,Smartphone,Amazon,battery,Negative,-0.4215,waste of money without get little issue battery draining fast
5380,Samsung Buds Live,Accessories,Amazon,battery,Neutral,-0.0258,waste of money yes young power price
5385,Samsung Buds 2,Accessories,Flipkart,battery,Negative,-0.35,average here section find study station sense issue battery draining fast
5386,Samsung Buds Live,Accessories,Flipkart,battery,Negative,-0.2023,worth it along red year life half debate analysis night issue charging problem
5391,Samsung Galaxy Book 3,Smartphone,Flipkart,build_quality,Negative,-0.6705,waste of money particular lose material attention
5395,Samsung Galaxy Tab A8,Smartphone,Amazon,battery,Positive,0.607,average treat whatever address sit never issue charging problem
5399,Samsung Galaxy Tab A8,Smartphone,Flipkart,build_quality,Positive,0.3818,excellent cut develop material little
5402,Samsung Galaxy M14,Smartphone,Flipkart,camera,Negative,-0.8316,bad we no particularly lawyer none company issue camera quality is poor
5403,Samsung Galaxy S23,Smartphone,Amazon,battery,Positive,0.6908,excellent between guess short dream design be issue battery draining fast
5408,Samsung Charger 25W,Accessories,Amazon,performance,Negative,-0.1779,waste of money scene east economy create represent international issue slow performance
5410,Samsung Galaxy M14,Smartphone,Amazon,performance,Negative,-0.5096,not great issue slow performance
5417,Samsung Buds 2,Accessories,Flipkart,performance,Negative,-0.1027,waste of money network in design security notice issue slow performance
5419,Samsung Galaxy Tab A8,Smartphone,Amazon,battery,Positive,0.4404,waste of money measure effort sense best enjoy campaign issue charging problem
5423,Samsung Buds 2,Accessories,Amazon,battery,Positive,0.7506,worth it thing mean hand third ability air issue battery draining fast
5440,Samsung Buds Live,Accessories,Amazon,performance,Negative,-0.35,average issue slow performance
5444,Samsung Galaxy A14,Smartphone,Flipkart,battery,Negative,-0.1531,bad worker heavy reveal safe issue battery draining fast
5448,Samsung Buds Live,Accessories,Amazon,battery,Negative,-0.4019,average issue charging problem
5449,Samsung Charger 25W,Accessories,Amazon,performance,Negative,-0.5423,bad issue slow performance
5450,Samsung Galaxy A54,Smartphone,Flipkart,camera,Positive,0.6369,love the camera quality
5456,Samsung Galaxy A14,Smartphone,Flipkart,battery,Negative,-0.35,behind city either wear against issue battery draining fast
5458,Samsung Galaxy Tab A8,Smartphone,Flipkart,battery,Negative,-0.7351,bad issue charging problem
5461,Samsung Buds Live,Accessories,Amazon,display,Negative,-0.5096,not great short wall year technology effect dinner issue display flickering
5462,Samsung Galaxy M53,Smartphone,Amazon,display,Negative,-0.4215,waste of money among author what question issue display flickering
5468,Samsung Charger 25W,Accessories,Flipkart,camera,Positive,0.4404,good picture system against size
5471,Samsung Galaxy Tab S7 FE,Smartphone,Flipkart,performance,Positive,0.5719,excellent issue slow performance
5475,Samsung Galaxy S22,Smartphone,Flipkart,software,Neutral,0.0,very userfriendly interface
5479,Samsung Buds 2,Accessories,Flipkart,battery,Negative,-0.5096,not great city thousand later respond store voice issue battery draining fast
5485,Samsung Galaxy A34,Smartphone,Amazon,display,Negative,-0.2732,average third low present car career once bank issue display flickering
5486,Samsung Galaxy A34,Smartphone,Amazon,battery,Negative,-0.35,average issue battery draining fast
5494,Samsung Galaxy S22,Smartphone,Amazon,battery,Positive,0.3182,excellent one realize sing want generation itself issue charging problem
5500,Samsung Galaxy A14,Smartphone,Flipkart,camera,Positive,0.7964,excellent performance memory ability best many father including issue camera quality is poor
5502,Samsung Buds 2,Accessories,Flipkart,battery,Positive,0.25,excellent issue charging problem
5503,Samsung Galaxy M14,Smartphone,Flipkart,heating,Negative,-0.3818,worth it center hot term imagine capital note suffer
5507,Samsung Buds 2,Accessories,Flipkart,battery,Negative,-0.4019,average more others oil politics issue charging problem
5518,Samsung Galaxy Book 3,Smartphone,Amazon,performance,Positive,0.2263,worth it four third light dinner issue slow performance
5519,Samsung Galaxy S22,Smartphone,Amazon,heating,Positive,0.4939,average plant worker learn use friend hot political
5531,Samsung Galaxy M14,Smartphone,Amazon,battery,Negative,-0.6705,waste of money today quality town task will couple issue charging problem
5534,Samsung Galaxy A14,Smartphone,Amazon,performance,Negative,-0.5096,not great during news check choice issue slow performance
5537,Samsung Charger 25W,Accessories,Flipkart,build_quality,Negative,-0.7906,bad page note four ever suffer material receive
5539,Samsung Galaxy M53,Smartphone,Flipkart,performance,Negative,-0.7579,bad story suffer reason feeling congress possible issue slow performance
5542,Samsung Galaxy Tab A8,Smartphone,Amazon,battery,Negative,-0.6705,waste of money cause nature condition cultural order site thing issue charging problem
5547,Samsung Galaxy Book 3,Smartphone,Flipkart,battery,Negative,-0.5423,bad air with at effect issue battery draining fast
5550,Samsung Galaxy Tab S7 FE,Smartphone,Flipkart,battery,Negative,-0.7502,not great really return experience them pay same issue charging problem
5552,Samsung Galaxy Tab A8,Smartphone,Amazon,display,Positive,0.2263,worth it pm green official get century remember image issue display flickering
5556,Samsung Galaxy Tab S7 FE,Smartphone,Flipkart,battery,Neutral,0.0,average or life prove bag order force market
5560,Samsung Galaxy M34,Smartphone,Amazon,battery,Negative,-0.6705,waste of money television institution bar make issue charging problem
5567,Samsung Galaxy S23,Smartphone,Amazon,battery,Negative,-0.35,average voice cell only be where officer issue battery draining fast
5569,Samsung Galaxy Tab S7 FE,Smartphone,Amazon,battery,Positive,0.5719,excellent few price ahead cup issue battery draining fast
5572,Samsung Galaxy S21 FE,Smartphone,Amazon,performance,Positive,0.296,worth it among write middle want before issue slow performance
5584,Samsung Galaxy M53,Smartphone,Flipkart,battery,Negative,-0.6705,waste of money issue charging problem
5591,Samsung Galaxy A34,Smartphone,Amazon,battery,Positive,0.7579,excellent from site popular statement issue battery draining fast
5592,Samsung Galaxy S21 FE,Smartphone,Flipkart,battery,Positive,0.2263,worth it call from life wear
5594,Samsung Galaxy M53,Smartphone,Flipkart,battery,Positive,0.5719,excellent real across television rather new issue battery draining fast
5597,Samsung Galaxy M14,Smartphone,Flipkart,battery,Positive,0.4404,good skill while somebody office return development issue battery draining fast
5602,Samsung Galaxy M34,Smartphone,Amazon,display,Positive,0.2263,worth it person mr window speech many financial former issue display flickering
5605,Samsung Galaxy A34,Smartphone,Amazon,display,Negative,-0.4215,waste of money issue display flickering
5606,Samsung Galaxy Tab S7 FE,Smartphone,Amazon,sound,Negative,-0.5859,waste of money alone sound management task after program raise
5608,Samsung Galaxy A54,Smartphone,Flipkart,battery,Positive,0.5719,excellent drive yard why time blue issue battery draining fast
5615,Samsung Galaxy Book 2,Smartphone,Amazon,display,Positive,0.5719,excellent issue display flickering
5617,Samsung Galaxy A54,Smartphone,Amazon,display,Negative,-0.35,average likely everything big need memory issue display flickering
5632,Samsung Galaxy S22,Smartphone,Flipkart,performance,Negative,-0.128,waste of money ability write weight eight issue slow performance
5634,Samsung Galaxy Book 3,Smartphone,Amazon,display,Positive,0.4404,good exactly picture blue animal issue display flickering
5635,Samsung Charger 25W,Accessories,Flipkart,battery,Neutral,0.0,life blue brother
5645,Samsung Galaxy M34,Smartphone,Flipkart,display,Positive,0.2263,worth it issue display flickering
5646,Samsung Galaxy M34,Smartphone,Amazon,battery,Positive,0.2263,worth it keep sell drive democrat issue battery draining fast
5652,Samsung Galaxy Book 2,Smartphone,Flipkart,camera,Negative,-0.6242,not great pm our task ability issue camera quality is poor
5660,Samsung Galaxy S22,Smartphone,Amazon,build_quality,Neutral,0.0,build quality feels premium
5670,Samsung Charger 25W,Accessories,Amazon,display,Negative,-0.35,average issue display flickering
5686,Samsung Galaxy S23,Smartphone,Flipkart,camera,Positive,0.2732,worth it discuss likely their writer free able issue camera quality is poor
5692,Samsung Crystal UHD TV,TV,Amazon,software,Neutral,0.0,very userfriendly interface
5702,Samsung Galaxy Book 2,Smartphone,Flipkart,build_quality,Positive,0.2263,worth it build north himself draw response computer
5710,Samsung Buds Live,Accessories,Amazon,battery,Negative,-0.5096,not great level month attorney oil system hair issue battery draining fast
5712,Samsung Galaxy S22,Smartphone,Flipkart,performance,Negative,-0.5423,bad issue slow performance
5715,Samsung Galaxy Book 3,Smartphone,Amazon,connectivity,Positive,0.8658,good race young involve successful benefit network
5721,Samsung Buds 2,Accessories,Amazon,camera,Negative,-0.8885,bad war after develop beat it production senior issue camera quality is poor
5722,Samsung Galaxy M34,Smartphone,Amazon,battery,Positive,0.5267,average radio in sound kind anything charge article shoulder
5724,Samsung Galaxy Tab A8,Smartphone,Flipkart,performance,Negative,-0.4215,waste of money issue slow performance
5728,Samsung Galaxy S23,Smartphone,Flipkart,display,Positive,0.5719,excellent issue display flickering
5730,Samsung Galaxy M34,Smartphone,Amazon,battery,Negative,-0.4019,average note discuss according issue charging problem
5735,Samsung Buds 2,Accessories,Flipkart,performance,Positive,0.765,excellent bar according hope girl issue slow performance
5743,Samsung Galaxy Book 3,Smartphone,Amazon,display,Negative,-0.5423,bad issue display flickering
5752,Samsung Galaxy A14,Smartphone,Flipkart,display,Positive,0.5267,excellent program top fill low road be i issue display flickering
5756,Samsung Charger 25W,Accessories,Flipkart,battery,Negative,-0.085,not great state power particularly baby walk clearly find
5757,Samsung Buds Live,Accessories,Flipkart,display,Positive,0.2263,worth it issue display flickering
5761,Samsung Galaxy M14,Smartphone,Amazon,performance,Positive,0.2263,worth it face you bag meeting decide along policy issue slow performance
5765,Samsung Buds 2,Accessories,Amazon,sound,Negative,-0.1779,waste of money owner food be energy sound
5783,Samsung Charger 25W,Accessories,Flipkart,connectivity,Negative,-0.5719,waste of money far network forget late information
5786,Samsung Galaxy S22,Smartphone,Amazon,battery,Negative,-0.35,from these issue battery draining fast
5789,Samsung Buds Live,Accessories,Flipkart,performance,Negative,-0.4767,average organization war dark million fine their issue slow performance
5790,Samsung Galaxy A14,Smartphone,Amazon,display,Negative,-0.5423,bad rock both throw much issue display flickering
5797,Samsung Galaxy S23,Smartphone,Flipkart,camera,Negative,-0.765,bad issue camera quality is poor
5799,Samsung Galaxy A34,Smartphone,Flipkart,display,Positive,0.4404,good issue display flickering
5800,Samsung Galaxy S23,Smartphone,Flipkart,battery,Positive,0.2263,worth it next ball not usually they republican issue battery draining fast
5804,Samsung Galaxy A54,Smartphone,Flipkart,display,Positive,0.5719,excellent try capital who find issue display flickering
5807,Samsung Galaxy S22,Smartphone,Amazon,display,Positive,0.5859,amazing display quality
5808,Samsung Buds Live,Accessories,Amazon,battery,Negative,-0.5096,not great parent blood fast power issue slow performance
5809,Samsung Buds Live,Accessories,Flipkart,camera,Negative,-0.765,bad scene apply see into become field who issue camera quality is poor
5811,Samsung Charger 25W,Accessories,Flipkart,performance,Positive,0.2263,worth it issue slow performance
5813,Samsung Galaxy A34,Smartphone,Amazon,battery,Negative,-0.5096,not great issue battery draining fast
5822,Samsung Galaxy S21 FE,Smartphone,Flipkart,display,Positive,0.0772,average letter challenge agent line issue display flickering
5826,Samsung Galaxy A34,Smartphone,Flipkart,build_quality,Negative,-0.4215,waste of money instead world manager father son build phone might
5828,Samsung Galaxy A34,Smartphone,Flipkart,sound,Negative,-0.4215,waste of money administration sound north also sometimes
5830,Samsung Galaxy M14,Smartphone,Flipkart,heating,Negative,-0.6167,not great dream local hot month visit reality
5832,Samsung Galaxy Book 3,Smartphone,Flipkart,battery,Negative,-0.7351,bad issue charging problem
5835,Samsung Galaxy M14,Smartphone,Flipkart,display,Positive,0.1043,not great realize other produce service success business gas bag issue display flickering
5843,Samsung Galaxy M34,Smartphone,Flipkart,build_quality,Positive,0.25,waste of money it amount run material successful let
5844,Samsung Charger 25W,Accessories,Flipkart,connectivity,Positive,0.4404,good six letter network commercial
5851,Samsung Buds 2,Accessories,Amazon,camera,Negative,-0.765,bad president act degree issue camera quality is poor
5853,Samsung Galaxy A54,Smartphone,Flipkart,battery,Positive,0.4215,average reduce interview weight as popular their baby issue battery draining fast
5860,Samsung Buds 2,Accessories,Amazon,display,Positive,0.5719,excellent issue display flickering
5863,Samsung Galaxy S22,Smartphone,Amazon,battery,Positive,0.6705,worth it game laugh point wind field issue battery draining fast
5865,Samsung Buds 2,Accessories,Flipkart,performance,Positive,0.7269,worth it myself audience player like wide trade clearly issue slow performance
5867,Samsung Galaxy Book 2,Smartphone,Flipkart,performance,Negative,-0.0516,waste of money growth generation music him news issue slow performance
5868,Samsung Charger 25W,Accessories,Flipkart,battery,Negative,-0.3818,waste of money eight training he scientist begin hope issue charging problem
5869,Samsung Galaxy M14,Smartphone,Flipkart,camera,Positive,0.1531,excellent boy itself past training piece off mission up issue camera quality is poor
5872,Samsung Galaxy Tab A8,Smartphone,Amazon,camera,Negative,-0.7526,not great as popular maybe might mr increase professor issue camera quality is poor
5873,Samsung Galaxy A14,Smartphone,Amazon,battery,Positive,0.2263,worth it mother someone theory once father position institution issue battery draining fast
5876,Samsung Galaxy M53,Smartphone,Flipkart,camera,Negative,-0.4767,average price their or between first issue camera quality is poor
5877,Samsung Buds 2,Accessories,Flipkart,battery,Positive,0.2263,worth it produce always brother citizen back subject medical participant issue battery draining fast
5880,Samsung Charger 25W,Accessories,Amazon,battery,Positive,0.1531,excellent yourself realize plan poor party factor issue charging problem
5886,Samsung Washing Machine,Other,Flipkart,display,Positive,0.5859,amazing display quality
5887,Samsung Charger 25W,Accessories,Amazon,display,Negative,-0.34,waste of money hard provide prepare station significant issue display flickering
5888,Samsung Galaxy M53,Smartphone,Amazon,camera,Negative,-0.4215,waste of money during camera those event sense
5890,Samsung Buds Live,Accessories,Flipkart,display,Negative,-0.5096,not great itself check different possible each issue display flickering
5900,Samsung Galaxy Tab S7 FE,Smartphone,Amazon,performance,Negative,-0.2732,average cut southern in black theory any issue slow performance
5901,Samsung Galaxy M53,Smartphone,Amazon,battery,Negative,-0.128,average show throughout general share mouth inside issue charging problem
5908,Samsung Galaxy Book 2,Smartphone,Amazon,battery,Negative,-0.35,issue battery draining fast
5910,Samsung Galaxy Tab A8,Smartphone,Flipkart,battery,Positive,0.6249,worth it mouth care edge place present issue battery draining fast
5913,Samsung Galaxy A14,Smartphone,Amazon,performance,Positive,0.2263,worth it among wide read reflect issue slow performance
5914,Samsung Galaxy Tab S7 FE,Smartphone,Flipkart,display,Negative,-0.5096,not great sometimes money within choice institution return issue display flickering
5915,Samsung Crystal UHD TV,TV,Amazon,build_quality,Neutral,0.0,build quality feels premium
5919,Samsung Galaxy M14,Smartphone,Amazon,camera,Negative,-0.7096,waste of money face personal letter break how stay issue camera quality is poor
5923,Samsung Galaxy Tab S7 FE,Smartphone,Flipkart,performance,Positive,0.2263,waste of money tree chance wish issue slow performance
5927,Samsung Galaxy A14,Smartphone,Flipkart,display,Negative,-0.6124,bad onto major result language tough issue display flickering
5928,Samsung Galaxy Tab S7 FE,Smartphone,Flipkart,performance,Positive,0.4404,good magazine various knowledge else own field issue slow performance
5929,Samsung Galaxy Book 2,Smartphone,Flipkart,display,Positive,0.2023,average it white any top her stage try issue display flickering
5931,Samsung Galaxy A54,Smartphone,Flipkart,battery,Negative,-0.4031,not great home pressure often certain house want issue charging problem
5933,Samsung Buds Live,Accessories,Flipkart,build_quality,Positive,0.4404,good technology believe sister for material standard age south
5935,Samsung Buds Live,Accessories,Flipkart,battery,Negative,-0.7179,not great time movie much professional appear hour suddenly to issue charging problem
5940,Samsung Galaxy A54,Smartphone,Flipkart,performance,Positive,0.296,average father bill us join middle prove young issue slow performance
5941,Samsung Galaxy A14,Smartphone,Flipkart,display,Positive,0.2263,worth it less factor if much issue display flickering
5947,Samsung Galaxy Book 2,Smartphone,Amazon,battery,Positive,0.0516,good nature whom anything prove issue charging problem
5956,Samsung Galaxy S21 FE,Smartphone,Flipkart,camera,Negative,-0.7096,waste of money issue camera quality is poor
5957,Samsung Galaxy M34,Smartphone,Flipkart,camera,Negative,-0.4215,waste of money company case picture boy itself section message concern
5964,Samsung Galaxy A54,Smartphone,Flipkart,battery,Positive,0.1779,worth it power improve notice college job try seem issue camera quality is poor
5970,Samsung Galaxy A54,Smartphone,Amazon,camera,Positive,0.891,good through best peace camera morning quite book
5977,Samsung Buds Live,Accessories,Flipkart,camera,Negative,-0.765,bad issue camera quality is poor
5982,Samsung Galaxy A14,Smartphone,Flipkart,battery,Negative,-0.7179,not great scene year already american run major issue charging problem
5983,Samsung Galaxy A34,Smartphone,Amazon,performance,Positive,0.5719,excellent sometimes nor piece reveal issue slow performance
5986,Samsung Galaxy A54,Smartphone,Amazon,camera,Positive,0.1531,excellent issue camera quality is poor
5991,Samsung Buds 2,Accessories,Flipkart,battery,Negative,-0.4019,bad top bar front issue battery draining fast
5992,Samsung Galaxy A14,Smartphone,Amazon,sound,Negative,-0.5423,bad near why sound
5993,Samsung Galaxy S23,Smartphone,Flipkart,build_quality,Negative,-0.2263,waste of money allow maybe include material something school
5997,Samsung Galaxy Tab A8,Smartphone,Amazon,display,Positive,0.4404,good off address field ahead quality player issue display flickering
5998,Samsung Galaxy S21 FE,Smartphone,Flipkart,performance,Positive,0.4404,good issue international quickly green issue slow performance
6000,Samsung Galaxy Book 2,Smartphone,Flipkart,camera,Negative,-0.3182,bad see doctor science energy pretty issue camera quality is poor
6004,Samsung Galaxy S21 FE,Smartphone,Amazon,camera,Positive,0.5719,excellent office specific camera may economy myself
6011,Samsung Galaxy Tab A8,Smartphone,Amazon,display,Negative,-0.5423,bad stuff what should usually focus issue display flickering
6012,Samsung Galaxy A34,Smartphone,Flipkart,battery,Negative,-0.35,average tree answer door door issue battery draining fast
6020,Samsung Galaxy Book 2,Smartphone,Flipkart,display,Positive,0.4588,good city perhaps prevent section table where capital issue display flickering
6027,Samsung Galaxy M53,Smartphone,Amazon,battery,Negative,-0.2023,worth it issue charging problem
6030,Samsung Galaxy A14,Smartphone,Amazon,display,Negative,-0.5096,not great side phone once budget issue display flickering
6031,Samsung Galaxy S21 FE,Smartphone,Amazon,battery,Negative,-0.7179,not great look anything book offer i issue charging problem
6034,Samsung Galaxy S21 FE,Smartphone,Amazon,battery,Negative,-0.7179,not great his around maintain issue charging problem
6037,Samsung Galaxy S21 FE,Smartphone,Flipkart,performance,Positive,0.5719,excellent majority shoulder most until issue slow performance
6041,Samsung Galaxy A54,Smartphone,Amazon,camera,Negative,-0.8441,not great strong yourself pick speech each social television issue camera quality is poor
6042,Samsung Galaxy Book 2,Smartphone,Amazon,battery,Negative,-0.4215,waste of money life large actually issue display flickering
6043,Samsung Galaxy M14,Smartphone,Amazon,performance,Positive,0.5719,excellent issue slow performance
6045,Samsung Galaxy Tab A8,Smartphone,Amazon,camera,Negative,-0.5423,bad grow detail camera expert
6047,Samsung Galaxy A54,Smartphone,Amazon,camera,Negative,-0.765,bad effort surface government character end television catch bank issue camera quality is poor
6050,Samsung Charger 25W,Accessories,Amazon,camera,Negative,-0.8589,not great reason green use air attack issue camera quality is poor
6055,Samsung Galaxy S22,Smartphone,Flipkart,battery,Negative,-0.4929,not great south voice reach short require account issue battery draining fast
6056,Samsung Galaxy S23,Smartphone,Flipkart,display,Negative,-0.7779,not great end even small crime issue display flickering
6063,Samsung Charger 25W,Accessories,Amazon,build_quality,Positive,0.5719,excellent collection build response board already
6065,Samsung Buds 2,Accessories,Flipkart,battery,Positive,0.5719,excellent issue battery draining fast
6074,Samsung Galaxy S21 FE,Smartphone,Amazon,battery,Neutral,0.0,average ask scientist power trip focus rate practice style
6078,Samsung Galaxy A54,Smartphone,Flipkart,sound,Positive,0.6908,good wind throughout sound change travel nice painting
6079,Samsung Buds 2,Accessories,Flipkart,battery,Negative,-0.296,worth it five officer wrong other issue battery draining fast
6080,Samsung Galaxy S23,Smartphone,Flipkart,battery,Positive,0.2263,worth it law black quality himself only manage song issue battery draining fast
6083,Samsung Galaxy A34,Smartphone,Amazon,performance,Negative,-0.5423,bad especially live scientist issue slow performance
6087,Samsung Galaxy M14,Smartphone,Flipkart,battery,Negative,-0.5423,bad issue battery draining fast
6091,Samsung Galaxy S22,Smartphone,Flipkart,performance,Positive,0.5719,excellent worker go could democrat republican set issue slow performance
6097,Samsung Galaxy M34,Smartphone,Flipkart,battery,Negative,-0.5423,bad issue battery draining fast
6100,Samsung Galaxy Tab S7 FE,Smartphone,Flipkart,performance,Positive,0.4404,good issue slow performance
6103,Samsung Galaxy Tab S7 FE,Smartphone,Flipkart,performance,Positive,0.5719,excellent whole by mission than street each claim issue slow performance
6109,Samsung Charger 25W,Accessories,Amazon,display,Positive,0.2263,worth it office much partner put experience issue display flickering
6111,Samsung Buds 2,Accessories,Amazon,battery,Negative,-0.35,average eye everybody morning popular new record system issue charging problem
6112,Samsung Galaxy Book 2,Smartphone,Flipkart,battery,Positive,0.6486,excellent out body it strong issue charging problem
6113,Samsung Galaxy S23,Smartphone,Amazon,battery,Negative,-0.2249,not great while fall anyone next security charge none issue slow performance
6114,Samsung Galaxy A34,Smartphone,Amazon,performance,Positive,0.5267,good player her by i defense long tax lawyer issue slow performance
6115,Samsung Galaxy Book 2,Smartphone,Flipkart,performance,Positive,0.4767,average gun fine important hope stay when issue slow performance
6116,Samsung Galaxy A54,Smartphone,Flipkart,camera,Negative,-0.7502,not great small they just doctor ask address job child issue camera quality is poor
6118,Samsung Galaxy S21 FE,Smartphone,Amazon,camera,Positive,0.8074,excellent summer value behavior focus toward put eight join
6121,Samsung Galaxy Tab S7 FE,Smartphone,Amazon,camera,Negative,-0.296,worth it much prove perform his recognize score few issue camera quality is poor
6130,Samsung Buds Live,Accessories,Flipkart,battery,Negative,-0.8586,waste of money turn fight fear least yeah issue battery draining fast
6131,Samsung Galaxy S21 FE,Smartphone,Amazon,display,Negative,-0.7347,not great give responsibility three around worry mean issue display flickering
6132,Samsung Galaxy A54,Smartphone,Flipkart,battery,Negative,-0.35,average prevent keep someone region pass blood issue battery draining fast
6133,Samsung Galaxy M53,Smartphone,Amazon,battery,Positive,0.4939,average arm speech surface environment care sell this issue battery draining fast
6144,Samsung Buds Live,Accessories,Amazon,camera,Positive,0.1531,excellent door tree body decade single move issue camera quality is poor
6148,Samsung Galaxy Book 3,Smartphone,Amazon,battery,Negative,-0.35,average community short just social carry issue battery draining fast
6149,Samsung Galaxy A34,Smartphone,Amazon,build_quality,Negative,-0.6902,not great character material decide remain fire break
6151,Samsung Galaxy M34,Smartphone,Flipkart,battery,Negative,-0.7179,not great issue charging problem
6153,Samsung Buds Live,Accessories,Amazon,display,Positive,0.2732,average whether well eye choose issue display flickering
6162,Samsung Galaxy M53,Smartphone,Amazon,battery,Positive,0.5719,excellent various trip project relationship issue battery draining fast
6165,Samsung Galaxy A14,Smartphone,Flipkart,camera,Negative,-0.0516,good organization modern what choose issue camera quality is poor
6171,Samsung Galaxy S23,Smartphone,Amazon,display,Positive,0.4019,excellent star painting treatment north alone republican issue display flickering
6173,Samsung Buds Live,Accessories,Amazon,camera,Negative,-0.5719,bad purpose good tonight standard training worker its fall issue camera quality is poor
6175,Samsung Buds 2,Accessories,Amazon,camera,Negative,-0.6597,bad fight own create time treat five senior issue camera quality is poor
6184,Samsung Galaxy M53,Smartphone,Flipkart,performance,Negative,-0.0772,bad institution hand throughout notice specific issue slow performance
6187,Samsung Galaxy A14,Smartphone,Flipkart,performance,Negative,-0.2732,personal cut southern issue slow performance
6190,Samsung Galaxy Tab S7 FE,Smartphone,Amazon,performance,Negative,-0.4215,waste of money issue slow performance
6192,Samsung Buds 2,Accessories,Amazon,battery,Positive,0.25,excellent issue charging problem
6195,Samsung Galaxy A14,Smartphone,Flipkart,camera,Negative,-0.4767,average issue camera quality is poor
6198,Samsung Galaxy Tab S7 FE,Smartphone,Amazon,camera,Negative,-0.7096,waste of money bring name series issue camera quality is poor
6202,Samsung Galaxy Tab S7 FE,Smartphone,Amazon,battery,Positive,0.7906,worth it laugh news herself girl drop article laugh issue battery draining fast
6208,Samsung Galaxy A54,Smartphone,Flipkart,display,Positive,0.4404,good issue display flickering
6213,Samsung Galaxy M14,Smartphone,Flipkart,battery,Negative,-0.2486,not great expert sign choose today truth issue battery draining fast
6221,Samsung Galaxy M34,Smartphone,Flipkart,performance,Positive,0.2263,worth it read dark woman some skin later issue slow performance
6225,Samsung Galaxy M34,Smartphone,Amazon,battery,Negative,-0.5096,not great social there paper simple economy time issue battery draining fast
6228,Samsung Buds 2,Accessories,Amazon,battery,Positive,0.4404,good issue battery draining fast
6229,Samsung Galaxy S21 FE,Smartphone,Flipkart,display,Negative,-0.6147,not great laugh four for tough special reality economic issue display flickering
6235,Samsung Galaxy S23,Smartphone,Flipkart,connectivity,Positive,0.5106,worth it network why box security thing
6238,Samsung Galaxy Tab S7 FE,Smartphone,Flipkart,battery,Negative,-0.2023,worth it grow deep issue quite others issue charging problem
6241,Samsung Galaxy Tab S7 FE,Smartphone,Flipkart,performance,Positive,0.4404,good difference tonight notice medical under arrive issue slow performance
6252,Samsung Buds 2,Accessories,Amazon,battery,Negative,-0.7179,not great issue charging problem
6254,Samsung Galaxy A54,Smartphone,Flipkart,performance,Negative,-0.35,average become answer expert issue slow performance
6255,Samsung Galaxy Watch6,Smartphone,Amazon,performance,Negative,-0.35,software updates are slow
6257,Samsung Galaxy A34,Smartphone,Flipkart,display,Positive,0.5719,excellent condition walk community idea next issue display flickering
6259,Samsung Galaxy S23,Smartphone,Amazon,display,Positive,0.5859,amazing display quality
6266,Samsung Galaxy M53,Smartphone,Amazon,battery,Negative,-0.5096,not great onto because offer piece capital tv issue battery draining fast
6268,Samsung Galaxy M53,Smartphone,Amazon,display,Negative,-0.5423,bad issue display flickering
6274,Samsung Galaxy Book 2,Smartphone,Amazon,camera,Negative,-0.1779,bad he whether edge agreement meeting yes receive issue camera quality is poor
6278,Samsung Galaxy Tab S7 FE,Smartphone,Amazon,battery,Positive,0.6597,worth it peace light provide call onto include life
6279,Samsung Galaxy A14,Smartphone,Amazon,display,Negative,-0.35,bad ready response summer energy today issue display flickering
6285,Samsung Buds 2,Accessories,Flipkart,performance,Positive,0.4404,good staff civil pm issue slow performance
6288,Samsung Galaxy S23,Smartphone,Amazon,battery,Negative,-0.35,average voice cell only be where officer issue battery draining fast
6298,Samsung Galaxy S23,Smartphone,Amazon,connectivity,Neutral,-0.0258,waste of money each believe network interesting east out
6315,Samsung Buds 2,Accessories,Flipkart,sound,Negative,-0.5096,not great local paper ground debate whatever sound
6317,Samsung Galaxy Tab S7 FE,Smartphone,Flipkart,battery,Positive,0.25,average reach positive record issue charging problem
6320,Samsung Charger 25W,Accessories,Amazon,performance,Positive,0.4404,good continue black actually nearly resource million issue slow performance
6322,Samsung Galaxy A14,Smartphone,Flipkart,battery,Positive,0.5719,excellent recently sign if whether child power
6324,Samsung Galaxy A54,Smartphone,Flipkart,performance,Negative,-0.0772,waste of money whose try president smile yard office issue slow performance
6325,Samsung Galaxy S21 FE,Smartphone,Amazon,display,Positive,0.5574,worth it step daughter special memory out issue display flickering
6327,Samsung Galaxy M53,Smartphone,Amazon,camera,Negative,-0.8316,bad theory form plan understand seat example no identify issue camera quality is poor
6329,Samsung Galaxy M14,Smartphone,Flipkart,performance,Positive,0.5267,good help with article democratic main determine stop line issue slow performance
6336,Samsung Charger 25W,Accessories,Flipkart,camera,Positive,0.5719,excellent push spring seven camera
6339,Samsung Galaxy Tab S7 FE,Smartphone,Amazon,camera,Negative,-0.6808,good crime son blood forget machine attention issue camera quality is poor
6351,Samsung Charger 25W,Accessories,Amazon,camera,Negative,-0.7096,waste of money issue camera quality is poor
6352,Samsung Galaxy A34,Smartphone,Flipkart,performance,Negative,-0.4215,waste of money issue slow performance
6353,Samsung Galaxy M34,Smartphone,Amazon,battery,Positive,0.0516,good expect current ask issue charging problem
6358,Samsung Galaxy Tab S7 FE,Smartphone,Flipkart,battery,Positive,0.0516,good situation information every life most reveal discuss issue charging problem
6360,Samsung Washing Machine,Other,Flipkart,software,Neutral,0.0,very userfriendly interface
6365,Samsung Galaxy Tab S7 FE,Smartphone,Amazon,display,Positive,0.0772,excellent plant book threat three rather issue display flickering
6366,Samsung Galaxy Tab A8,Smartphone,Flipkart,camera,Positive,0.6597,worth it give again street many position success safe issue camera quality is poor
6369,Samsung Galaxy S23,Smartphone,Flipkart,camera,Negative,-0.25,waste of money property focus road company coach benefit avoid
6375,Samsung Galaxy S23,Smartphone,Amazon,battery,Negative,-0.25,bad interview your occur natural both recognize issue battery draining fast
6385,Samsung Galaxy Tab A8,Smartphone,Amazon,battery,Positive,0.0516,good first buy return expect issue charging problem
6387,Samsung Galaxy M14,Smartphone,Amazon,battery,Negative,-0.7179,not great small magazine society rate issue charging problem
6390,Samsung Galaxy S22,Smartphone,Flipkart,display,Positive,0.4404,good adult occur idea responsibility total upon you issue display flickering
6396,Samsung Galaxy Tab A8,Smartphone,Flipkart,battery,Negative,-0.3818,waste of money reveal make on weight task everybody safe issue charging problem
6397,Samsung Galaxy A14,Smartphone,Amazon,sound,Positive,0.0516,excellent chair total sound prove bad require
6400,Samsung Galaxy A14,Smartphone,Flipkart,battery,Negative,-0.7351,waste of money environment fill fund in threat range maintain issue battery draining fast
6401,Samsung Galaxy M53,Smartphone,Flipkart,battery,Positive,0.8126,excellent cold success million you food space issue battery draining fast
6403,Samsung Galaxy Tab A8,Smartphone,Amazon,battery,Negative,-0.3818,bad can huge upon hard issue battery draining fast
6404,Samsung Charger 25W,Accessories,Flipkart,battery,Negative,-0.5096,not great issue battery draining fast
6406,Samsung Galaxy S22,Smartphone,Flipkart,battery,Negative,-0.4215,waste of money issue battery draining fast
6408,Samsung Buds Live,Accessories,Amazon,battery,Negative,-0.4215,waste of money issue battery draining fast
6412,Samsung Galaxy A54,Smartphone,Flipkart,camera,Positive,0.5719,excellent section picture place seat
6415,Samsung Galaxy S21 FE,Smartphone,Amazon,battery,Positive,0.25,excellent issue charging problem
6420,Samsung Galaxy Buds2,Smartphone,Flipkart,sound,Positive,0.5859,speaker quality is amazing
6421,Samsung Buds 2,Accessories,Flipkart,performance,Positive,0.4404,good meeting area structure employee its issue slow performance
6436,Samsung Galaxy A34,Smartphone,Flipkart,display,Negative,-0.3182,worth it decide green fear amount one responsibility take issue display flickering
6439,Samsung Galaxy S21 FE,Smartphone,Amazon,connectivity,Positive,0.5719,excellent only network maintain meet your
6440,Samsung Galaxy S22,Smartphone,Flipkart,battery,Negative,-0.6705,waste of money company offer tough hotel stop message moment issue battery draining fast
6442,Samsung Galaxy M34,Smartphone,Amazon,battery,Negative,-0.128,bad certain order whether allow politics process lot issue battery draining fast
6444,Samsung Galaxy A14,Smartphone,Flipkart,performance,Positive,0.2682,excellent week pay drop almost physical hard issue slow performance
6453,Samsung Galaxy S22,Smartphone,Flipkart,performance,Negative,-0.35,average describe man continue much behavior water few issue slow performance
6454,Samsung Charger 25W,Accessories,Flipkart,battery,Negative,-0.6597,bad important reflect pick throw where issue charging problem
6458,Samsung Galaxy S23,Smartphone,Amazon,camera,Negative,-0.7502,not great issue camera quality is poor
6460,Samsung Galaxy A54,Smartphone,Flipkart,display,Positive,0.4404,good radio test collection information new issue display flickering
6461,Samsung Refrigerator,Other,Flipkart,sound,Positive,0.5859,speaker quality is amazing
6469,Samsung Galaxy Tab S7 FE,Smartphone,Flipkart,display,Positive,0.2263,worth it today us most gas change generation section issue display flickering
6471,Samsung Galaxy M53,Smartphone,Flipkart,battery,Negative,-0.7902,not great blue audience something reflect suffer dark leave issue battery draining fast
6474,Samsung Galaxy S22,Smartphone,Amazon,battery,Negative,-0.4019,average issue charging problem
6475,Samsung Galaxy Tab A8,Smartphone,Amazon,display,Negative,-0.5423,bad issue display flickering
6479,Samsung Galaxy M14,Smartphone,Amazon,battery,Negative,-0.5423,bad goal explain people doctor through issue battery draining fast
6485,Samsung Galaxy A34,Smartphone,Flipkart,performance,Negative,-0.4449,not great name tough whole rule hit issue slow performance
6486,Samsung Galaxy M34,Smartphone,Amazon,battery,Positive,0.25,excellent campaign some carry sound issue charging problem
6490,Samsung Galaxy A14,Smartphone,Amazon,display,Negative,-0.35,average song effect you seek congress issue display flickering
6492,Samsung QLED TV,TV,Amazon,software,Neutral,0.0,very userfriendly interface
6510,Samsung Galaxy M53,Smartphone,Flipkart,display,Positive,0.5106,excellent each include pay close issue display flickering
6513,Samsung Galaxy A14,Smartphone,Flipkart,performance,Positive,0.5719,excellent than political throw finally issue slow performance
6517,Samsung Galaxy Tab S7 FE,Smartphone,Amazon,display,Negative,-0.4215,waste of money last old represent conference issue display flickering
6519,Samsung Galaxy S21 FE,Smartphone,Flipkart,performance,Positive,0.4404,good issue international quickly green issue slow performance
6530,Samsung Galaxy M53,Smartphone,Amazon,camera,Negative,-0.296,worth it second news perform fly hold issue camera quality is poor
6532,Samsung Galaxy Book 2,Smartphone,Amazon,battery,Negative,-0.4019,average issue charging problem
6535,Samsung Galaxy Tab A8,Smartphone,Amazon,battery,Negative,-0.6705,waste of money shoulder inside soon under issue charging problem
6536,Samsung Buds Live,Accessories,Amazon,battery,Negative,-0.7096,bad hundred low try well number chair consider issue charging problem
6542,Samsung Galaxy S21 FE,Smartphone,Amazon,performance,Negative,-0.4215,waste of money issue slow performance
6543,Samsung Galaxy S22,Smartphone,Flipkart,battery,Positive,0.7269,worth it glass nation life meet respond best issue overheating issue
6544,Samsung Galaxy Book 2,Smartphone,Flipkart,display,Negative,-0.5096,not great about pattern do issue display flickering
6555,Samsung Galaxy Book 2,Smartphone,Amazon,display,Negative,-0.35,average issue display flickering
6556,Samsung Galaxy Tab S7 FE,Smartphone,Amazon,battery,Negative,-0.6705,waste of money issue charging problem
6557,Samsung Galaxy S21 FE,Smartphone,Amazon,battery,Negative,-0.5414,not great each perhaps sit anyone quickly ready issue charging problem
6559,Samsung Buds Live,Accessories,Amazon,camera,Negative,-0.765,bad issue camera quality is poor
6560,Samsung Galaxy M34,Smartphone,Flipkart,display,Positive,0.4404,good issue display flickering
6561,Samsung Galaxy A14,Smartphone,Flipkart,build_quality,Positive,0.2263,worth it material i anything edge
6562,Samsung QLED TV,TV,Flipkart,performance,Negative,-0.35,software updates are slow
6565,Samsung Galaxy S22,Smartphone,Flipkart,battery,Negative,-0.5096,not great evidence arm organization magazine offer similar group issue battery draining fast
6566,Samsung Galaxy Tab A8,Smartphone,Amazon,performance,Negative,-0.4939,bad treatment social want issue slow performance
6568,Samsung Galaxy M34,Smartphone,Amazon,battery,Negative,-0.1531,worth it letter degree cut show form increase area issue charging problem
6570,Samsung Galaxy A14,Smartphone,Amazon,display,Negative,-0.35,late magazine to suddenly issue display flickering
6572,Samsung Washing Machine,Other,Amazon,battery,Positive,0.4404,battery life could be better
6585,Samsung Galaxy M14,Smartphone,Flipkart,display,Positive,0.4404,good mind fund might us billion someone church issue display flickering
6588,Samsung Galaxy M34,Smartphone,Amazon,camera,Positive,0.4588,excellent on example different learn artist value firm often issue camera quality is poor
6589,Samsung Galaxy Book 3,Smartphone,Amazon,display,Positive,0.5719,excellent form reason herself read third character issue display flickering
6601,Samsung Charger 25W,Accessories,Amazon,battery,Negative,-0.4019,average pass both decision including shoulder issue charging problem
6602,Samsung Buds 2,Accessories,Flipkart,performance,Positive,0.765,excellent bar according hope girl issue slow performance
6607,Samsung Galaxy Tab A8,Smartphone,Amazon,battery,Negative,-0.5096,not great far on anyone less travel speech action issue battery draining fast
6609,Samsung Galaxy Book 2,Smartphone,Amazon,performance,Positive,0.5719,excellent study pm run cup adult issue slow performance
6610,Samsung Galaxy Tab S7 FE,Smartphone,Amazon,performance,Positive,0.6369,average result between thank treat different likely behind issue slow performance
6611,Samsung Galaxy S22,Smartphone,Amazon,display,Negative,-0.2263,waste of money focus free service painting gun issue display flickering
6612,Samsung Galaxy M34,Smartphone,Flipkart,battery,Negative,-0.6705,waste of money issue charging problem
6618,Samsung Buds Live,Accessories,Flipkart,display,Positive,0.6249,worth it rather able college place machine peace serious issue display flickering
6619,Samsung Buds 2,Accessories,Flipkart,performance,Positive,0.5719,excellent issue slow performance
6623,Samsung Galaxy Tab S7 FE,Smartphone,Amazon,battery,Negative,-0.3089,not great fire lot economic interesting radio issue charging problem
6624,Samsung Buds 2,Accessories,Amazon,display,Positive,0.5719,worth it nice left follow issue display flickering
6626,Samsung Galaxy Tab A8,Smartphone,Flipkart,battery,Negative,-0.6698,not great name deal away international responsibility stop issue battery draining fast
6627,Samsung Galaxy M53,Smartphone,Flipkart,display,Positive,0.3612,good everything one region travel large pay issue display flickering
6628,Samsung Galaxy A34,Smartphone,Flipkart,battery,Negative,-0.2732,average usually life son risk oil staff
6633,Samsung Charger 25W,Accessories,Flipkart,battery,Positive,0.5719,excellent interesting born everything all sea product two issue charging problem
6637,Samsung Galaxy S23,Smartphone,Amazon,display,Negative,-0.5096,not great wait herself over remember issue display flickering
6641,Samsung Galaxy Tab A8,Smartphone,Flipkart,camera,Negative,-0.296,worth it issue camera quality is poor
6644,Samsung Galaxy A34,Smartphone,Amazon,battery,Positive,0.7579,excellent close force nice marriage officer debate exist issue battery draining fast
6649,Samsung Galaxy M53,Smartphone,Flipkart,performance,Negative,-0.5096,not great her series evidence school media modern send issue slow performance
6654,Samsung Galaxy A34,Smartphone,Flipkart,display,Positive,0.5719,excellent lawyer various require company issue display flickering
6656,Samsung Galaxy M34,Smartphone,Flipkart,battery,Negative,-0.2023,worth it affect during table weight figure happen later issue charging problem
6660,Samsung Galaxy S21 FE,Smartphone,Amazon,camera,Negative,-0.7502,not great issue camera quality is poor
6661,Samsung Galaxy S22,Smartphone,Amazon,performance,Negative,-0.4215,waste of money issue slow performance
6666,Samsung Galaxy A54,Smartphone,Amazon,heating,Positive,0.2263,worth it hot speak discuss perhaps nature
6667,Samsung Buds 2,Accessories,Amazon,performance,Negative,-0.35,average national people develop white bill from issue slow performance
6668,Samsung Galaxy S21 FE,Smartphone,Flipkart,performance,Negative,-0.6369,bad partner bill mrs event worry yeah age shoulder issue slow performance
6680,Samsung Galaxy M14,Smartphone,Amazon,performance,Positive,0.2263,worth it base indeed action word carry issue slow performance
6686,Samsung Galaxy S22,Smartphone,Amazon,display,Positive,0.2263,worth it cost week others find stuff else end issue display flickering
6689,Samsung Galaxy Tab A8,Smartphone,Amazon,battery,Positive,0.4404,good what follow fill tv exactly medical sound issue battery draining fast
6691,Samsung Galaxy Book 2,Smartphone,Amazon,camera,Negative,-0.5267,bad relate rock care more issue camera quality is poor
6692,Samsung Galaxy M14,Smartphone,Amazon,camera,Negative,-0.296,worth it issue camera quality is poor
6700,Samsung Galaxy M53,Smartphone,Flipkart,battery,Negative,-0.6167,not great stage dream trial more issue battery draining fast
6703,Samsung Galaxy S22,Smartphone,Amazon,battery,Negative,-0.2023,worth it range become detail customer manager section issue charging problem
6705,Samsung Galaxy Book 2,Smartphone,Flipkart,battery,Positive,0.0516,good appear general and conference expert issue charging problem
6713,Samsung Galaxy S22,Smartphone,Flipkart,battery,Negative,-0.35,average officer describe raise decade bill agent end spend issue battery draining fast
6716,Samsung Galaxy A14,Smartphone,Flipkart,battery,Positive,0.4404,good heavy list power town already mrs
6718,Samsung Galaxy A54,Smartphone,Flipkart,camera,Positive,0.4404,good determine include picture position remain foreign family trip
6721,Samsung Galaxy M14,Smartphone,Amazon,camera,Negative,-0.296,worth it air spring without participant issue camera quality is poor
6723,Samsung Galaxy A34,Smartphone,Amazon,camera,Negative,-0.7502,not great language last all stay issue camera quality is poor
6725,Samsung Buds Live,Accessories,Amazon,display,Positive,0.5719,worth it film nice start offer plan sport issue display flickering
6733,Samsung Galaxy Book 2,Smartphone,Amazon,camera,Positive,0.4019,good force expect good century issue camera quality is poor
6735,Samsung Charger 25W,Accessories,Amazon,performance,Negative,-0.2249,not great night four size certainly material issue slow performance
6739,Samsung Galaxy Book 2,Smartphone,Flipkart,performance,Positive,0.5859,excellent protect husband note buy range difficult issue slow performance
6745,Samsung Galaxy A14,Smartphone,Amazon,battery,Positive,0.5719,worth it employee life nice second word hot music
6746,Samsung Galaxy A54,Smartphone,Amazon,battery,Negative,-0.0516,good business sister life travel individual issue camera quality is poor
6753,Samsung Charger 25W,Accessories,Amazon,performance,Negative,-0.5859,waste of money course past take alone issue slow performance
6757,Samsung Buds Live,Accessories,Flipkart,battery,Negative,-0.1265,not great system show field approach matter clearly girl issue battery draining fast
6758,Samsung Galaxy A14,Smartphone,Amazon,battery,Negative,-0.2023,worth it consumer very old hot my type issue charging problem
6760,Samsung Buds Live,Accessories,Amazon,battery,Positive,0.4588,worth it leg well public production issue battery draining fast
6761,Samsung Buds 2,Accessories,Amazon,heating,Negative,-0.765,bad here lay hot show issue camera quality is poor
6762,Samsung Galaxy Tab A8,Smartphone,Amazon,battery,Negative,-0.4019,apply issue charging problem
6764,Samsung QLED TV,TV,Amazon,build_quality,Neutral,0.0,build quality feels premium
6766,Samsung Galaxy Tab S7 FE,Smartphone,Flipkart,camera,Negative,-0.6249,waste of money box people medical yard class fine address image issue camera quality is poor
6770,Samsung Galaxy Tab S7 FE,Smartphone,Amazon,performance,Positive,0.4019,worth it attention show important already decision computer issue slow performance
6777,Samsung Galaxy S21 FE,Smartphone,Amazon,display,Positive,0.5719,excellent issue display flickering
6778,Samsung Charger 25W,Accessories,Amazon,performance,Negative,-0.6698,not great often data customer avoid floor issue slow performance
6779,Samsung Galaxy Book 3,Smartphone,Amazon,performance,Positive,0.3818,excellent drop hotel chair already issue slow performance
6788,Samsung Buds Live,Accessories,Amazon,battery,Negative,-0.35,waste of money close opportunity give within shoulder issue battery draining fast
6789,Samsung Galaxy Tab A8,Smartphone,Flipkart,camera,Negative,-0.765,bad model minute statement voice star people teach law issue camera quality is poor
6798,Samsung Charger 25W,Accessories,Amazon,battery,Positive,0.0516,good make card billion issue charging problem
6799,Samsung Galaxy A34,Smartphone,Amazon,performance,Positive,0.4404,good foreign page scene follow as artist ten training issue slow performance
6800,Samsung Buds 2,Accessories,Amazon,camera,Negative,-0.7502,not great issue camera quality is poor
6802,Samsung Buds 2,Accessories,Amazon,camera,Negative,-0.296,worth it issue camera quality is poor
6803,Samsung Buds Live,Accessories,Flipkart,battery,Positive,0.2263,worth it might quality voice standard issue battery draining fast
6805,Samsung Galaxy A54,Smartphone,Flipkart,sound,Positive,0.8225,worth it enter peace hand sound outside
6809,Samsung Galaxy S23,Smartphone,Flipkart,battery,Positive,0.5719,excellent issue battery draining fast
6810,Samsung Galaxy M53,Smartphone,Amazon,battery,Neutral,0.0,average customer practice east first power agent break
6811,Samsung Charger 25W,Accessories,Amazon,camera,Negative,-0.7502,not great issue camera quality is poor
6812,Samsung Galaxy Book 3,Smartphone,Flipkart,battery,Positive,0.4019,worth it benefit support piece certainly wrong tough issue charging problem
6813,Samsung Galaxy A34,Smartphone,Amazon,battery,Negative,-0.5994,bad open huge now teach issue charging problem
6814,Samsung Galaxy Tab S7 FE,Smartphone,Amazon,battery,Negative,-0.3612,waste of money suddenly interest away former issue charging problem
6825,Samsung Galaxy S23,Smartphone,Amazon,display,Negative,-0.4215,waste of money act production soon issue display flickering
6830,Samsung Charger 25W,Accessories,Flipkart,camera,Negative,-0.7502,not great eat they someone explain down on light issue camera quality is poor
6832,Samsung Charger 25W,Accessories,Amazon,display,Positive,0.4404,good issue display flickering
6836,Samsung Galaxy Tab S7 FE,Smartphone,Flipkart,display,Positive,0.4588,good firm would matter process record issue display flickering
6846,Samsung Buds 2,Accessories,Flipkart,battery,Negative,-0.2023,worth it if appear try education responsibility player along issue charging problem
6850,Samsung Galaxy M34,Smartphone,Flipkart,performance,Negative,-0.5096,not great sister soon institution international government really issue slow performance
6858,Samsung Galaxy S22,Smartphone,Amazon,camera,Positive,0.1531,excellent issue camera quality is poor
6862,Samsung Galaxy A34,Smartphone,Amazon,display,Positive,0.4404,good issue display flickering
6869,Samsung Galaxy S23,Smartphone,Flipkart,camera,Negative,-0.7096,waste of money issue camera quality is poor
6871,Samsung Galaxy M53,Smartphone,Flipkart,display,Negative,-0.5423,bad world out me issue display flickering
6877,Samsung Galaxy S21 FE,Smartphone,Flipkart,camera,Negative,-0.6597,waste of money meet threat focus fine land mouth
6878,Samsung Galaxy S21 FE,Smartphone,Flipkart,battery,Negative,-0.5096,not great both also writer those power return hit
6880,Samsung Galaxy M14,Smartphone,Flipkart,battery,Negative,-0.5096,not great environment cover pick international real later issue battery draining fast
6886,Samsung Galaxy A14,Smartphone,Amazon,battery,Negative,-0.2023,worth it first choice between issue charging problem
6893,Samsung Galaxy Book 2,Smartphone,Flipkart,display,Positive,0.6249,worth it long how society structure since street enjoy treatment issue display flickering
6897,Samsung Buds Live,Accessories,Amazon,performance,Positive,0.4404,good issue slow performance
6900,Samsung Galaxy Book 2,Smartphone,Flipkart,display,Positive,0.5719,worth it strategy measure price detail true away window issue display flickering
6913,Samsung Galaxy M34,Smartphone,Amazon,battery,Negative,-0.35,not great sit determine lay hand determine issue battery draining fast
6915,Samsung Galaxy Tab A8,Smartphone,Flipkart,camera,Negative,-0.7096,waste of money issue camera quality is poor
6918,Samsung Galaxy M14,Smartphone,Flipkart,battery,Negative,-0.5096,not great issue battery draining fast
6927,Samsung Galaxy S23,Smartphone,Flipkart,battery,Negative,-0.35,close check issue battery draining fast
6936,Samsung Buds 2,Accessories,Flipkart,battery,Negative,-0.7579,average ago argue argue fast city issue charging problem
6943,Samsung Galaxy A54,Smartphone,Flipkart,battery,Negative,-0.7179,not great mind employee parent issue charging problem
6949,Samsung Galaxy M53,Smartphone,Amazon,connectivity,Neutral,0.0,average task decade so professional trade western network
6954,Samsung Galaxy A14,Smartphone,Amazon,display,Positive,0.2263,waste of money success vote really size between actually upon issue display flickering
6955,Samsung Galaxy Book 2,Smartphone,Amazon,battery,Positive,0.7845,excellent difference pretty car green issue battery draining fast
6956,Samsung Galaxy M53,Smartphone,Flipkart,display,Positive,0.3818,excellent low response total man issue display flickering
6957,Samsung Galaxy Tab S7 FE,Smartphone,Flipkart,camera,Positive,0.1531,excellent issue camera quality is poor
6966,Samsung Buds 2,Accessories,Amazon,battery,Negative,-0.7779,not great something charge understand receive role crime continue
6972,Samsung Buds 2,Accessories,Flipkart,camera,Negative,-0.3612,waste of money kind person feel issue camera quality is poor
6980,Samsung Galaxy Tab S7 FE,Smartphone,Flipkart,sound,Negative,-0.5096,not great sound social in group tend born family
6984,Samsung Galaxy Tab A8,Smartphone,Flipkart,battery,Negative,-0.4215,waste of money issue battery draining fast
6989,Samsung Galaxy S21 FE,Smartphone,Amazon,performance,Negative,-0.34,bad he religious computer across effort fine want issue slow performance
6991,Samsung Buds 2,Accessories,Amazon,performance,Positive,0.2263,worth it cell series image example tell serve issue slow performance
6994,Samsung Galaxy A54,Smartphone,Flipkart,battery,Negative,-0.35,average issue battery draining fast
7007,Samsung Galaxy M14,Smartphone,Flipkart,battery,Positive,0.1027,waste of money arrive life save quality need news
7010,Samsung Galaxy Tab A8,Smartphone,Amazon,performance,Negative,-0.5423,bad team perhaps expect around issue slow performance
7013,Samsung Galaxy M53,Smartphone,Amazon,battery,Negative,-0.35,average onto training game issue battery draining fast
7018,Samsung Galaxy A14,Smartphone,Amazon,display,Positive,0.4404,good issue display flickering
7019,Samsung Galaxy S23,Smartphone,Flipkart,camera,Positive,0.4404,good former building focus operation cell attention
7025,Samsung Galaxy S22,Smartphone,Flipkart,battery,Positive,0.2263,worth it charge method indicate chair ahead analysis
7031,Samsung Galaxy Book 3,Smartphone,Flipkart,display,Positive,0.5719,excellent issue display flickering
7037,Samsung Galaxy Tab S7 FE,Smartphone,Flipkart,performance,Negative,-0.5096,not great enough appear use specific issue slow performance
7040,Samsung QLED TV,TV,Flipkart,display,Positive,0.5859,amazing display quality
7042,Samsung Galaxy M34,Smartphone,Amazon,performance,Positive,0.8225,excellent beautiful mind quite stand up herself produce issue slow performance
7045,Samsung Galaxy S21 FE,Smartphone,Amazon,performance,Positive,0.4404,good table state that career issue slow performance
7049,Samsung Galaxy S22,Smartphone,Flipkart,battery,Positive,0.2263,worth it box power own along just
7055,Samsung Galaxy Book 2,Smartphone,Flipkart,battery,Negative,-0.6705,waste of money issue charging problem
7058,Samsung Galaxy M14,Smartphone,Flipkart,sound,Negative,-0.5423,bad sound data television blood ten visit
7062,Samsung Galaxy M14,Smartphone,Amazon,camera,Negative,-0.7502,not great four leg fall cause couple outside issue camera quality is poor
7066,Samsung Galaxy Book 3,Smartphone,Amazon,battery,Negative,-0.5096,not great issue battery draining fast
7067,Samsung Charger 25W,Accessories,Flipkart,display,Positive,0.4767,worth it protect food four job natural worry issue display flickering
7071,Samsung Galaxy M53,Smartphone,Flipkart,performance,Positive,0.4404,good find see everyone again issue slow performance
7081,Samsung Charger 25W,Accessories,Amazon,performance,Positive,0.128,average cell area glass defense her continue bar issue slow performance
7082,Samsung Galaxy Tab A8,Smartphone,Flipkart,performance,Negative,-0.35,average turn light later direction walk street fast issue slow performance
7086,Samsung Buds Live,Accessories,Flipkart,battery,Negative,-0.2023,worth it issue charging problem
7090,Samsung Charger 25W,Accessories,Amazon,performance,Positive,0.2263,worth it know team list break study issue slow performance
7092,Samsung Galaxy S22,Smartphone,Amazon,battery,Positive,0.2263,worth it none different local pass power
7102,Samsung Galaxy M34,Smartphone,Flipkart,performance,Positive,0.6486,average develop matter best several three act issue slow performance
7105,Samsung Galaxy A34,Smartphone,Amazon,display,Positive,0.5719,excellent issue display flickering
7109,Samsung Galaxy M14,Smartphone,Flipkart,battery,Negative,-0.6362,not great specific might enjoy mrs argue issue charging problem
7113,Samsung Galaxy Tab A8,Smartphone,Amazon,performance,Positive,0.5719,excellent may teach lay manager series what radio identify issue slow performance
7114,Samsung Galaxy S21 FE,Smartphone,Flipkart,camera,Negative,-0.5096,not great hundred let follow camera computer more
7123,Samsung Galaxy Tab A8,Smartphone,Amazon,display,Positive,0.2263,worth it film per all thought particularly drug issue display flickering
7125,Samsung Galaxy S23,Smartphone,Amazon,camera,Negative,-0.5606,not great save focus turn maintain police increase buy its
7129,Samsung Galaxy S22,Smartphone,Flipkart,camera,Negative,-0.765,bad cell several see civil issue camera quality is poor
7136,Samsung Galaxy Book 2,Smartphone,Amazon,battery,Negative,-0.2023,worth it record kitchen home wait including film you issue charging problem
7137,Samsung Charger 25W,Accessories,Flipkart,camera,Positive,0.1027,good election size trip four game argue think benefit issue camera quality is poor
7139,Samsung Galaxy Tab S7 FE,Smartphone,Flipkart,camera,Negative,-0.296,worth it goal wait none knowledge add education several herself issue camera quality is poor
7140,Samsung Galaxy S23,Smartphone,Amazon,heating,Positive,0.4404,good hot age next final can
7155,Samsung Galaxy M34,Smartphone,Amazon,camera,Negative,-0.6808,average difficult new skill per theory small generation issue camera quality is poor
7156,Samsung Galaxy A14,Smartphone,Amazon,display,Positive,0.2263,worth it sort beyond development guy they issue display flickering
7157,Samsung Galaxy M34,Smartphone,Amazon,camera,Negative,-0.6705,bad citizen budget participant certain establish newspaper card couple issue camera quality is poor
7161,Samsung Galaxy M53,Smartphone,Flipkart,camera,Positive,0.25,good yeah must big administration always high deal issue camera quality is poor
7168,Samsung Charger 25W,Accessories,Amazon,battery,Negative,-0.7179,not great such head happen power red worker issue charging problem
7171,Samsung Galaxy S23,Smartphone,Amazon,battery,Negative,-0.743,waste of money matter rate forget region five walk issue charging problem
7191,Samsung Galaxy A34,Smartphone,Flipkart,performance,Positive,0.8074,good nature let red great want issue slow performance
7196,Samsung Galaxy Book 3,Smartphone,Amazon,battery,Positive,0.2263,worth it lead return process rather issue battery draining fast
7197,Samsung Galaxy S22,Smartphone,Amazon,battery,Negative,-0.2023,worth it grow road program short seven series issue charging problem
7200,Samsung Galaxy M34,Smartphone,Flipkart,camera,Negative,-0.7502,not great employee anything drive generation issue camera quality is poor
7201,Samsung Galaxy A14,Smartphone,Amazon,battery,Negative,-0.2023,worth it large family turn sort agent issue charging problem
7204,Samsung Galaxy A34,Smartphone,Flipkart,battery,Negative,-0.6369,waste of money value simply low ask company issue charging problem
7205,Samsung Galaxy Book 2,Smartphone,Amazon,battery,Negative,-0.5423,bad the sort its because hit together minute issue battery draining fast
7208,Samsung Galaxy S21 FE,Smartphone,Flipkart,performance,Positive,0.4767,worth it follow maintain like significant gas drop issue recently issue slow performance
7213,Samsung Buds Live,Accessories,Flipkart,camera,Negative,-0.5096,not great there picture eight same
7214,Samsung Charger 25W,Accessories,Amazon,battery,Negative,-0.7351,bad than hospital public medical she issue charging problem
7222,Samsung Galaxy Tab A8,Smartphone,Amazon,performance,Negative,-0.2023,bad rise social special service issue slow performance
7225,Samsung Charger 25W,Accessories,Flipkart,battery,Negative,-0.35,waste of money rate evidence hair learn help issue battery draining fast
7232,Samsung Charger 25W,Accessories,Amazon,camera,Negative,-0.296,good major can alone might issue camera quality is poor
7234,Samsung Galaxy Tab S7 FE,Smartphone,Flipkart,camera,Negative,-0.4767,average include car down spring issue camera quality is poor
