Product,Category,Rating,Review,Platform,Date
 Samsung Buds Live ,Accessories,5,worth it house save decide although bag fight increase,AMAZON,18-05-2022 00:00
Samsung Galaxy M14,Smartphone,2,waste of money issue display flickering,FLIPKART,24-09-2023 00:00
Samsung Galaxy M53,Smartphone,5,excellent game threat see head cover task see,amazon,14-12-2024 00:00
 Samsung Galaxy Tab A8 ,Smartphone,4,good,AMAZON,27-03-2024 00:00
Samsung Charger 25W,Accessories,1,average join hotel daughter water,AMAZON,01-05-2024 00:00
 Samsung Galaxy S21 FE ,Smartphone,4,bad,flipkart,10-08-2022 00:00
Samsung Air Conditioner,Other,2,not worth the price,amazon,22-03-2023
 Samsung Buds 2 ,Accessories,5,excellent us indeed congress even truth example open north,FLIPKART,20-08-2024 00:00
Samsung Charger 25W,Accessories,5,bad memory customer not exactly become,FLIPKART,01-12-2024 00:00
 Samsung Charger 25W ,Accessories,3,not great recognize science time cold plan some,FLIPKART,26-06-2022 00:00
Samsung Galaxy Tab S7 FE,Smartphone,5,waste of money,AMAZON,19-03-2023 00:00
 Samsung Soundbar ,Other,1,nice product but a bit overpriced,amazon,06-03-2024
Samsung Galaxy S22,Smartphone,4,good person eat chance second law new often,FLIPKART,01-03-2022 00:00
 Samsung Galaxy Tab S7 FE ,Smartphone,4,good,amazon,05-12-2022 00:00
Samsung Galaxy A34,Smartphone,5,not great support local collection rich church teach,AMAZON,27-01-2024 00:00
Samsung Buds Live,Accessories,3,average,amazon,16-06-2023 00:00
Samsung Galaxy A14,Smartphone,4,excellent food debate nature anything interest,AMAZON,22-08-2023 00:00
 Samsung Galaxy Book 3 ,Smartphone,4,good require call his expect,FLIPKART,12-03-2023 00:00
 Samsung Galaxy Tab S7 FE ,Smartphone,5,waste of money,amazon,19-03-2023 00:00
 Samsung Galaxy S21 FE ,Smartphone,5,waste of money talk interview institution research scene result,flipkart,20-07-2022 00:00
 Samsung Galaxy A54 ,Smartphone,1,bad less relationship cultural store either,FLIPKART,20-02-2023 00:00
Samsung Galaxy M14,Smartphone,2,bad final north not analysis knowledge coach police issue display flickering,AMAZON,22-07-2024 00:00
Samsung Galaxy A54,Smartphone,1,bad ever next always article news issue battery draining fast,FLIPKART,22-06-2024 00:00
Samsung Galaxy Tab A8,Smartphone,4,excellent,AMAZON,20-05-2022 00:00
Samsung Galaxy Z Fold5,Smartphone,5,not worth the price,amazon,12-10-2023
Samsung Galaxy Tab S7 FE,Smartphone,3,excellent finish direction rate finish season product college,FLIPKART,08-09-2023 00:00
Samsung Galaxy M53,Smartphone,4,not great structure town large nothing than measure second,AMAZON,02-10-2023 00:00
Samsung Galaxy Book 3,Smartphone,4,not great recent over would way there statement share,amazon,02-02-2023 00:00
Samsung Buds 2,Accessories,4,not great,AMAZON,23-09-2024 00:00
Samsung Galaxy A54,Smartphone,3,worth it business large agree group better republican tax,amazon,13-04-2023 00:00
Samsung Galaxy S21 FE,Smartphone,4,worth it,flipkart,02-06-2024 00:00
Samsung Galaxy A34,Smartphone,2,waste of money issue overheating issue,FLIPKART,21-01-2022 00:00
Samsung Galaxy Tab A8,Smartphone,4,not great employee cup agree recognize religious,flipkart,23-02-2023 00:00
Samsung Galaxy M53,Smartphone,1,not great land ask thing bag understand entire reality,AMAZON,18-10-2023 00:00
Samsung Galaxy M53,Smartphone,3,good remain finish culture accept everything vote against issue overheating issue,flipkart,29-08-2024 00:00
Samsung Galaxy A34,Smartphone,3,worth it sell us night apply dinner,flipkart,28-11-2022 00:00
Samsung Galaxy M14,Smartphone,4,not great level represent people,FLIPKART,11-07-2022 00:00
Samsung Buds 2,Accessories,2,not great issue overheating issue,amazon,05-04-2022 00:00
Samsung Galaxy A14,Smartphone,4,waste of money production share evidence let,AMAZON,19-07-2023 00:00
 Samsung Galaxy S23 ,Smartphone,3,not great wide executive strong every issue battery draining fast,AMAZON,31-05-2022 00:00
Samsung Galaxy M14,Smartphone,5,worth it admit most time partner in,AMAZON,05-03-2023 00:00
 Samsung Galaxy S23 ,Smartphone,1,very userfriendly interface,FLIPKART,26-08-2023
 Samsung Galaxy Tab S7 FE ,Smartphone,3,not great issue camera quality is poor,amazon,14-08-2023 00:00
Samsung Galaxy M53,Smartphone,4,good stock determine everybody property,FLIPKART,30-10-2022 00:00
 Samsung Galaxy Tab A8 ,Smartphone,2,good east keep though look think,flipkart,25-05-2024 00:00
Samsung Galaxy S21 FE,Smartphone,4,good,AMAZON,09-12-2022 00:00
Samsung Galaxy Tab S7 FE,Smartphone,4,average peace beyond just above movie training kid,amazon,02-02-2024 00:00
Samsung Galaxy A34,Smartphone,2,worth it issue charging problem,AMAZON,21-02-2024 00:00
 Samsung Galaxy S23 ,Smartphone,5,nice product but a bit overpriced,flipkart,29-11-2023
Samsung Air Conditioner,Other,4,build quality feels premium,amazon,25-09-2023
Samsung Galaxy A54,Smartphone,4,waste of money system technology success sport lose manage,amazon,05-09-2023 00:00
Samsung Galaxy S21 FE,Smartphone,3,not great fine remember music network anything draw issue battery draining fast,FLIPKART,13-06-2024 00:00
Samsung Soundbar,Other,5,very durable and reliable,FLIPKART,30-09-2024
Samsung Galaxy Book 3,Smartphone,2,average,FLIPKART,07-10-2022 00:00
Samsung Galaxy S23,Smartphone,4,not great town conference upon opportunity impact,AMAZON,24-09-2024 00:00
 Samsung Galaxy S22 ,Smartphone,5,excellent hit culture few not try where general,AMAZON,26-11-2024 00:00
Samsung Galaxy Tab S7 FE,Smartphone,4,excellent test ok different issue scene season,AMAZON,13-02-2024 00:00
Samsung Galaxy M53,Smartphone,2,waste of money issue battery draining fast,flipkart,05-05-2024 00:00
 Samsung Galaxy S22 ,Smartphone,2,excellent issue charging problem,AMAZON,28-05-2022 00:00
 Samsung Galaxy A34 ,Smartphone,3,average how the suffer wait,AMAZON,15-01-2023 00:00
 Samsung Buds 2 ,Accessories,5,not great course event community close relate age phone,amazon,27-10-2023 00:00
Samsung Crystal UHD TV,TV,3,love the camera quality,FLIPKART,27-08-2023
 Samsung Air Conditioner ,Other,2,build quality feels premium,AMAZON,30-01-2023
Samsung Washing Machine,Other,2,not as expected returning it,AMAZON,21-07-2024
 Samsung Galaxy Tab S7 FE ,Smartphone,5,average may audience scientist unit their less,AMAZON,18-07-2023 00:00
Samsung Charger 25W,Accessories,3,average former light task present might difference true music issue charging problem,AMAZON,06-11-2022 00:00
Samsung Charger 25W,Accessories,3,bad live relationship like concern issue charging problem,flipkart,27-03-2022 00:00
Samsung Galaxy Tab A8,Smartphone,4,good,amazon,15-09-2023 00:00
Samsung Galaxy A54,Smartphone,3,good adult share animal trial interesting room husband look,flipkart,04-12-2024 00:00
Samsung Galaxy Buds2,Smartphone,3,amazing display quality,FLIPKART,25-03-2023
Samsung Buds Live,Accessories,4,bad wind everyone fire resource many,AMAZON,27-02-2024 00:00
Samsung Galaxy S23,Smartphone,1,good issue battery draining fast,amazon,07-04-2023 00:00
 Samsung Galaxy Tab A8 ,Smartphone,5,average,amazon,01-04-2022 00:00
Samsung Galaxy A34,Smartphone,3,good benefit safe special buy commercial issue slow performance,FLIPKART,01-12-2022 00:00
 Samsung Galaxy Tab A8 ,Smartphone,5,bad capital summer country much,flipkart,30-05-2023 00:00
 Samsung Crystal UHD TV ,TV,3,nice product but a bit overpriced,amazon,24-05-2023
Samsung Galaxy Z Fold5,Smartphone,1,speaker quality is amazing,amazon,20-10-2024
Samsung Galaxy M14,Smartphone,4,bad easy card chair else program same two,FLIPKART,16-10-2024 00:00
Samsung Refrigerator,Other,2,love the camera quality,flipkart,26-04-2024
Samsung Soundbar,Other,1,speaker quality is amazing,AMAZON,28-04-2023
 Samsung Galaxy M53 ,Smartphone,1,waste of money college carry rise personal test production,amazon,10-11-2024 00:00
 Samsung Galaxy A54 ,Smartphone,3,bad,flipkart,12-02-2022 00:00
 Samsung Galaxy A34 ,Smartphone,4,not great enjoy including look glass system finish note seek,FLIPKART,18-12-2023 00:00
 Samsung Galaxy A34 ,Smartphone,4,bad,AMAZON,01-01-2025 00:00
 Samsung Buds 2 ,Accessories,2,bad hotel mother order couple certainly science two save issue display flickering,flipkart,01-09-2023 00:00
 Samsung Galaxy A34 ,Smartphone,3,excellent issue slow performance,amazon,13-06-2022 00:00
 Samsung Galaxy Z Fold5 ,Smartphone,1,excellent product very satisfied,FLIPKART,10-07-2023
Samsung Galaxy Tab A8,Smartphone,4,worth it several base point finally someone whole,amazon,17-11-2023 00:00
Samsung Galaxy Tab S7 FE,Smartphone,5,bad,flipkart,11-06-2022 00:00
Samsung Buds Live,Accessories,3,waste of money issue overheating issue,FLIPKART,14-03-2024 00:00
 Samsung Galaxy Book 2 ,Smartphone,4,good,flipkart,29-04-2024 00:00
Samsung Galaxy S23,Smartphone,1,average spend nor save tonight administration issue battery draining fast,amazon,11-05-2022 00:00
Samsung Galaxy A14,Smartphone,3,good education meet fly treatment,AMAZON,18-03-2022 00:00
Samsung Galaxy A54,Smartphone,3,average fight relate technology mrs happen better issue camera quality is poor,amazon,08-08-2023 00:00
Samsung Galaxy Z Fold5,Smartphone,2,delivery was delayed but the product is great,flipkart,28-02-2024
Samsung Buds Live,Accessories,5,average seek reality so production,FLIPKART,08-05-2023 00:00
Samsung Galaxy A34,Smartphone,3,bad military expect above step avoid design issue display flickering,flipkart,05-11-2023 00:00
 Samsung Galaxy S22 ,Smartphone,2,not great class this someone number hotel memory size,AMAZON,21-02-2022 00:00
 Samsung Galaxy S21 FE ,Smartphone,2,worth it onto authority city between quality time issue battery draining fast,flipkart,09-05-2024 00:00
 Samsung Galaxy Book 3 ,Smartphone,4,worth it,FLIPKART,27-07-2024 00:00
Samsung Galaxy S21 FE,Smartphone,5,not great because away make talk page turn every,FLIPKART,22-10-2024 00:00
Samsung Galaxy M53,Smartphone,4,excellent though give civil spend mouth must,amazon,30-03-2023 00:00
Samsung Galaxy S22,Smartphone,4,worth it,flipkart,24-06-2022 00:00
Samsung Buds Live,Accessories,2,bad,flipkart,25-03-2024 00:00
Samsung Galaxy Tab S7 FE,Smartphone,3,not great site level commercial she nothing,flipkart,11-12-2024 00:00
Samsung Air Conditioner,Other,1,speaker quality is amazing,AMAZON,21-03-2023
 Samsung Galaxy M14 ,Smartphone,4,average enough book sort goal send nature,FLIPKART,05-07-2022 00:00
Samsung Galaxy Book 2,Smartphone,4,average out song nor,FLIPKART,14-04-2023 00:00
 Samsung Galaxy S21 FE ,Smartphone,3,good dog enjoy worker sea minute stop them significant issue camera quality is poor,AMAZON,13-12-2022 00:00
Samsung Galaxy S22,Smartphone,4,bad form book lead full coach just condition,amazon,31-07-2022 00:00
Samsung Galaxy S21 FE,Smartphone,5,average some rest game understand tonight method under,FLIPKART,03-03-2023 00:00
 Samsung Galaxy S23 ,Smartphone,3,bad wall prevent before magazine order likely,amazon,14-01-2022 00:00
Samsung Galaxy S23,Smartphone,5,average likely wife hotel inside try let,amazon,12-09-2023 00:00
Samsung Galaxy M34,Smartphone,4,worth it hundred majority activity,AMAZON,13-09-2024 00:00
Samsung Galaxy Tab A8,Smartphone,1,waste of money issue charging problem,flipkart,03-08-2024 00:00
Samsung Galaxy Tab A8,Smartphone,5,average,FLIPKART,08-01-2022 00:00
Samsung Galaxy M14,Smartphone,4,not great heavy young national,FLIPKART,14-01-2023 00:00
Samsung Galaxy Tab S7 FE,Smartphone,4,waste of money decision various but ago,amazon,12-07-2023 00:00
Samsung Galaxy S23,Smartphone,3,good alone suggest again issue charging problem,amazon,24-08-2024 00:00
Samsung Galaxy Watch6,Smartphone,3,featurepacked and smooth experience,AMAZON,20-02-2024
Samsung Buds 2,Accessories,4,not great success positive however free require check feel,amazon,03-06-2022 00:00
 Samsung Galaxy M14 ,Smartphone,4,bad budget story culture ok much throw,AMAZON,13-05-2022 00:00
Samsung Galaxy Book 2,Smartphone,1,good hospital recognize low issue camera quality is poor,amazon,06-11-2024 00:00
 Samsung Galaxy M34 ,Smartphone,3,average condition scene treatment really case expect issue slow performance,amazon,30-03-2023 00:00
Samsung Buds Live,Accessories,3,bad issue display flickering,FLIPKART,14-06-2023 00:00
 Samsung Galaxy A34 ,Smartphone,5,waste of money concern draw wind author,amazon,05-06-2023 00:00
 Samsung Galaxy A14 ,Smartphone,2,not great,FLIPKART,20-09-2023 00:00
Samsung Galaxy Book 3,Smartphone,4,good case series result,FLIPKART,09-07-2024 00:00
Samsung Galaxy Tab A8,Smartphone,5,average fight next oil property their area,flipkart,23-04-2024 00:00
 Samsung Galaxy Book 2 ,Smartphone,1,not great,AMAZON,30-01-2022 00:00
 Samsung Charger 25W ,Accessories,3,average travel usually product catch issue battery draining fast,FLIPKART,15-02-2024 00:00
Samsung Charger 25W,Accessories,3,bad however door lead box world interesting issue display flickering,flipkart,04-04-2023 00:00
Samsung Galaxy M34,Smartphone,4,waste of money few measure conference art,flipkart,17-10-2023 00:00
 Samsung Galaxy Tab A8 ,Smartphone,3,worth it produce land adult off better,amazon,09-10-2023 00:00
Samsung Galaxy Z Fold5,Smartphone,5,performance is topnotch,flipkart,08-01-2025
Samsung Galaxy A34,Smartphone,2,waste of money issue charging problem,amazon,22-08-2022 00:00
Samsung Galaxy S21 FE,Smartphone,4,good space law build,flipkart,28-06-2024 00:00
Samsung Buds Live,Accessories,4,good,flipkart,13-10-2024 00:00
 Samsung Galaxy S21 FE ,Smartphone,3,good night work trial water with like issue display flickering,AMAZON,25-12-2022 00:00
Samsung Galaxy Book 2,Smartphone,4,excellent test congress shake seven,FLIPKART,22-09-2024 00:00
 Samsung Galaxy Book 3 ,Smartphone,5,bad official group new every around choice,FLIPKART,07-08-2024 00:00
Samsung Galaxy A14,Smartphone,3,excellent provide agreement left throughout former issue charging problem,AMAZON,04-02-2023 00:00
Samsung Galaxy M53,Smartphone,5,excellent white significant allow degree,flipkart,17-07-2024 00:00
 Samsung Galaxy Tab A8 ,Smartphone,4,not great continue treatment amount heavy,amazon,28-08-2022 00:00
Samsung Galaxy Book 3,Smartphone,5,waste of money together reveal term book,amazon,14-06-2022 00:00
 Samsung Galaxy M53 ,Smartphone,3,good season place stock situation later before,amazon,05-01-2023 00:00
Samsung Galaxy Book 2,Smartphone,1,waste of money issue slow performance,AMAZON,24-06-2023 00:00
Samsung Galaxy Book 2,Smartphone,3,good throughout organization its white travel focus,FLIPKART,01-10-2024 00:00
Samsung Galaxy M34,Smartphone,5,good,flipkart,05-12-2024 00:00
 Samsung Galaxy Book 3 ,Smartphone,4,excellent blue word those forget,flipkart,15-05-2023 00:00
Samsung Galaxy Tab S7 FE,Smartphone,1,good spring stage talk house attorney kind rate population issue slow performance,amazon,29-11-2022 00:00
Samsung Galaxy M34,Smartphone,4,not great,AMAZON,05-09-2023 00:00
 Samsung Galaxy M53 ,Smartphone,4,average,FLIPKART,21-09-2022 00:00
Samsung Galaxy A34,Smartphone,4,waste of money much something because education along,amazon,28-09-2024 00:00
Samsung Galaxy Tab A8,Smartphone,4,bad,amazon,31-10-2022 00:00
Samsung Galaxy S23,Smartphone,3,average nor piece example other white brother,flipkart,23-09-2024 00:00
Samsung Galaxy A34,Smartphone,5,average course director marriage international travel kid animal,FLIPKART,12-02-2023 00:00
 Samsung Galaxy Book 2 ,Smartphone,4,waste of money culture give church network realize guess raise,flipkart,14-04-2024 00:00
Samsung Galaxy M53,Smartphone,2,bad nice deal follow record issue battery draining fast,amazon,17-01-2024 00:00
Samsung Galaxy M34,Smartphone,3,not great decide food however job window western want,FLIPKART,02-04-2024 00:00
 Samsung Galaxy M14 ,Smartphone,4,excellent,amazon,21-09-2022 00:00
Samsung Galaxy S23,Smartphone,5,average something budget finish travel,FLIPKART,20-01-2022 00:00
 Samsung Galaxy S22 ,Smartphone,3,love the camera quality,amazon,12-04-2023
Samsung Charger 25W,Accessories,5,good vote dark two usually necessary yourself,flipkart,23-04-2024 00:00
Samsung Charger 25W,Accessories,2,average page the somebody none team nearly space issue charging problem,FLIPKART,11-08-2024 00:00
Samsung Galaxy Z Fold5,Smartphone,3,heats up sometimes during heavy usage,FLIPKART,29-06-2023
 Samsung Galaxy M14 ,Smartphone,4,average,AMAZON,08-09-2023 00:00
Samsung Galaxy Watch6,Smartphone,3,performance is topnotch,amazon,04-09-2023
 Samsung Galaxy Watch6 ,Smartphone,2,heats up sometimes during heavy usage,amazon,08-02-2024
 Samsung Buds 2 ,Accessories,5,excellent mr we security always economic,flipkart,04-03-2023 00:00
Samsung Galaxy Book 2,Smartphone,1,good,AMAZON,03-02-2022 00:00
Samsung Galaxy Tab A8,Smartphone,3,excellent traditional service news production,amazon,20-06-2023 00:00
Samsung Galaxy S23,Smartphone,1,waste of money,flipkart,23-07-2022 00:00
 Samsung Charger 25W ,Accessories,3,average place card find manager garden,AMAZON,29-05-2023 00:00
 Samsung Charger 25W ,Accessories,3,worth it,FLIPKART,15-06-2024 00:00
Samsung Galaxy Tab S7 FE,Smartphone,4,worth it finally buy scene media agency president another actually,AMAZON,06-11-2022 00:00
Samsung Galaxy S23,Smartphone,5,bad tell public free control hundred window another music,amazon,05-11-2023 00:00
 Samsung Galaxy S23 ,Smartphone,1,performance is topnotch,FLIPKART,26-11-2024
Samsung Galaxy S21 FE,Smartphone,1,average stage four along suddenly people prove strategy,flipkart,01-12-2024 00:00
Samsung Galaxy A54,Smartphone,5,average play effort practice although center really consider condition,amazon,21-03-2024 00:00
Samsung Galaxy A14,Smartphone,5,bad with one water truth early film result,FLIPKART,10-11-2024 00:00
Samsung Buds 2,Accessories,4,excellent black machine black something,AMAZON,18-04-2024 00:00
Samsung Galaxy M34,Smartphone,2,worth it most add visit organization say,AMAZON,31-12-2023 00:00
Samsung Galaxy Book 2,Smartphone,2,average interesting share whose left matter,AMAZON,25-01-2023 00:00
Samsung Galaxy A54,Smartphone,4,average himself show suggest catch,FLIPKART,05-05-2023 00:00
 Samsung Galaxy A54 ,Smartphone,5,bad grow strategy form follow least moment,AMAZON,15-05-2023 00:00
 Samsung Galaxy Tab A8 ,Smartphone,2,excellent issue battery draining fast,AMAZON,17-12-2022 00:00
Samsung Washing Machine,Other,5,excellent product very satisfied,AMAZON,17-11-2023
 Samsung Galaxy A54 ,Smartphone,4,average,amazon,13-02-2022 00:00
Samsung Galaxy M34,Smartphone,4,worth it know usually degree person total,FLIPKART,13-04-2022 00:00
Samsung Galaxy S23,Smartphone,4,bad account office rise high others vote until toward,flipkart,09-11-2023 00:00
Samsung Buds 2,Accessories,4,bad threat career ago war,AMAZON,03-03-2024 00:00
Samsung Galaxy M34,Smartphone,3,good note fund kind war many,AMAZON,06-01-2024 00:00
Samsung Soundbar,Other,3,featurepacked and smooth experience,amazon,13-10-2024
 Samsung Galaxy S23 ,Smartphone,4,bad,amazon,12-08-2022 00:00
Samsung Galaxy A54,Smartphone,3,not worth the price,FLIPKART,28-06-2023
Samsung Galaxy A54,Smartphone,2,software updates are slow,AMAZON,10-04-2024
Samsung Galaxy M34,Smartphone,4,bad summer few something along,flipkart,04-02-2022 00:00
Samsung Buds 2,Accessories,2,good family attack hot recognize address tax,AMAZON,27-02-2022 00:00
 Samsung Galaxy S21 FE ,Smartphone,4,good,AMAZON,07-07-2024 00:00
Samsung Galaxy M53,Smartphone,4,not great,flipkart,15-11-2022 00:00
Samsung Buds Live,Accessories,4,average population force fast open hot,AMAZON,03-12-2023 00:00
Samsung Refrigerator,Other,2,amazing display quality,AMAZON,03-03-2023
Samsung Galaxy A34,Smartphone,5,good evidence guy list difficult discuss event argue,AMAZON,09-02-2023 00:00
 Samsung Galaxy Tab S7 FE ,Smartphone,5,waste of money wide build fine than report send,AMAZON,23-03-2023 00:00
 Samsung Galaxy A34 ,Smartphone,4,worth it far into message language site,AMAZON,04-01-2022 00:00
Samsung Buds Live,Accessories,4,average human authority whatever couple start rule benefit,amazon,09-09-2023 00:00
Samsung Galaxy Tab S7 FE,Smartphone,5,worth it decide opportunity once us machine,amazon,05-03-2022 00:00
Samsung Galaxy Book 3,Smartphone,4,worth it available take pretty door join discuss near,flipkart,19-07-2024 00:00
 Samsung Galaxy Book 3 ,Smartphone,2,average really fall pretty let physical small result,FLIPKART,01-06-2022 00:00
Samsung Galaxy Book 2,Smartphone,4,average quickly interview explain like,amazon,07-10-2023 00:00
Samsung Galaxy Tab S7 FE,Smartphone,4,bad factor culture decade prevent will specific stock,AMAZON,09-12-2022 00:00
Samsung Galaxy Book 3,Smartphone,5,good none budget per city,FLIPKART,07-02-2023 00:00
 Samsung Galaxy A54 ,Smartphone,4,not great,flipkart,29-11-2023 00:00
 Samsung Galaxy M34 ,Smartphone,5,average organization side later rock expert respond writer career,amazon,03-12-2022 00:00
Samsung Galaxy M14,Smartphone,2,good item cell well begin,AMAZON,17-05-2022 00:00
 Samsung Galaxy S22 ,Smartphone,3,delivery was delayed but the product is great,flipkart,24-08-2024
Samsung Galaxy Tab A8,Smartphone,2,average world new before produce sure street,amazon,20-12-2024 00:00
 Samsung Galaxy A14 ,Smartphone,1,bad top stand carry tough office employee until issue slow performance,AMAZON,03-01-2024 00:00
 Samsung Galaxy A14 ,Smartphone,3,average goal try guess heart receive something,FLIPKART,04-07-2023 00:00
 Samsung Galaxy M53 ,Smartphone,4,worth it woman week even north what character cultural,amazon,01-07-2023 00:00
Samsung Galaxy A14,Smartphone,2,excellent suggest future civil smile loss human,flipkart,29-05-2022 00:00
 Samsung Galaxy Book 2 ,Smartphone,5,waste of money,flipkart,17-04-2024 00:00
Samsung Galaxy Book 2,Smartphone,5,good discover cut former seven dream,AMAZON,17-04-2024 00:00
 Samsung Galaxy A54 ,Smartphone,3,waste of money,FLIPKART,29-06-2023 00:00
Samsung Galaxy S22,Smartphone,5,waste of money,amazon,18-12-2022 00:00
 Samsung Galaxy S23 ,Smartphone,5,worth it care a since seem heavy congress,AMAZON,15-06-2023 00:00
Samsung Buds 2,Accessories,5,not great,AMAZON,15-04-2022 00:00
Samsung Galaxy M53,Smartphone,3,worth it everybody from natural writer fly image issue slow performance,flipkart,24-02-2023 00:00
 Samsung Galaxy M14 ,Smartphone,4,worth it somebody it forward watch rule push more learn,AMAZON,29-03-2022 00:00
 Samsung Charger 25W ,Accessories,5,average health language explain money cost trouble social,amazon,11-05-2024 00:00
 Samsung Buds 2 ,Accessories,4,waste of money safe public now notice billion bag finish finish,FLIPKART,02-09-2022 00:00
Samsung Buds 2,Accessories,5,average near international design positive police part imagine,AMAZON,22-05-2023 00:00
Samsung Galaxy M53,Smartphone,4,not great size smile cut modern step themselves west,amazon,28-02-2024 00:00
Samsung Galaxy S22,Smartphone,2,not great stop address however fall state firm black issue charging problem,flipkart,08-06-2023 00:00
Samsung Galaxy M53,Smartphone,5,waste of money kind environmental final hand that long,FLIPKART,27-09-2022 00:00
Samsung Galaxy S22,Smartphone,3,average official high without store,amazon,03-01-2022 00:00
Samsung Galaxy A34,Smartphone,4,average too mind explain allow still,FLIPKART,14-01-2023 00:00
 Samsung Buds Live ,Accessories,3,not great smile world listen certain,flipkart,05-06-2022 00:00
Samsung Galaxy S22,Smartphone,2,excellent work buy life role economic attorney what station,FLIPKART,22-09-2022 00:00
 Samsung Soundbar ,Other,2,software updates are slow,amazon,12-06-2024
 Samsung Galaxy Book 2 ,Smartphone,5,worth it yes first turn fly news develop treatment degree,flipkart,26-12-2024 00:00
Samsung Galaxy M53,Smartphone,3,not great issue battery draining fast,AMAZON,28-07-2022 00:00
Samsung Charger 25W,Accessories,3,worth it issue overheating issue,FLIPKART,27-10-2023 00:00
Samsung Galaxy Tab S7 FE,Smartphone,3,not great soldier social toward usually material enter memory issue battery draining fast,flipkart,07-02-2024 00:00
Samsung Galaxy S23,Smartphone,4,not great together international indeed sell success page traditional,flipkart,04-08-2023 00:00
 Samsung Galaxy A14 ,Smartphone,3,good,AMAZON,24-12-2022 00:00
Samsung Galaxy S23,Smartphone,1,waste of money control tv window issue battery draining fast,FLIPKART,18-09-2022 00:00
 Samsung Buds Live ,Accessories,2,bad hundred low try well number chair consider issue charging problem,AMAZON,27-03-2023 00:00
Samsung Galaxy A54,Smartphone,5,good floor young i contain manager father,AMAZON,04-05-2023 00:00
Samsung Galaxy Tab S7 FE,Smartphone,5,not great,FLIPKART,08-06-2022 00:00
Samsung Charger 25W,Accessories,4,bad base after situation,flipkart,18-12-2024 00:00
Samsung Charger 25W,Accessories,3,worth it who talk morning when understand sometimes issue overheating issue,FLIPKART,07-02-2023 00:00
 Samsung Galaxy A14 ,Smartphone,4,good,amazon,01-09-2023 00:00
Samsung Galaxy A54,Smartphone,5,good,flipkart,07-04-2024 00:00
Samsung Galaxy Book 3,Smartphone,2,waste of money issue overheating issue,FLIPKART,23-03-2022 00:00
 Samsung Buds Live ,Accessories,1,worth it social kind concern night,flipkart,19-11-2022 00:00
Samsung Galaxy Book 2,Smartphone,5,waste of money performance character cultural respond various end,FLIPKART,30-12-2022 00:00
Samsung Galaxy A34,Smartphone,4,good name fund who hard song forward,AMAZON,01-04-2023 00:00
Samsung Galaxy A34,Smartphone,5,worth it while option weight hour wrong meeting church,AMAZON,14-06-2023 00:00
Samsung Galaxy Tab A8,Smartphone,3,waste of money pattern ability adult small issue slow performance,FLIPKART,13-05-2024 00:00
Samsung Galaxy A54,Smartphone,4,average,AMAZON,27-06-2022 00:00
Samsung Buds Live,Accessories,4,not great,AMAZON,16-10-2023 00:00
Samsung Galaxy S21 FE,Smartphone,2,average issue battery draining fast,flipkart,21-01-2022 00:00
 Samsung Galaxy M34 ,Smartphone,3,not great when produce language agent yeah no hot issue battery draining fast,AMAZON,26-03-2022 00:00
Samsung Buds 2,Accessories,4,average,FLIPKART,29-02-2024 00:00
Samsung Galaxy Tab A8,Smartphone,2,good bit president miss risk vote need,flipkart,06-06-2022 00:00
Samsung Galaxy A54,Smartphone,4,waste of money,amazon,07-03-2024 00:00
Samsung Galaxy A54,Smartphone,2,very userfriendly interface,amazon,29-06-2023
Samsung Charger 25W,Accessories,1,average issue display flickering,FLIPKART,02-08-2022 00:00
Samsung Galaxy Tab A8,Smartphone,3,good lose dream stuff radio issue display flickering,FLIPKART,13-07-2022 00:00
Samsung Galaxy A54,Smartphone,2,excellent green act ago true strategy,amazon,28-11-2024 00:00
 Samsung Refrigerator ,Other,5,great value for money,AMAZON,23-01-2024
 Samsung Buds 2 ,Accessories,3,bad guy century follow high issue charging problem,FLIPKART,13-05-2023 00:00
Samsung Charger 25W,Accessories,5,average site leave understand democratic generation here can collection,FLIPKART,11-12-2024 00:00
Samsung Galaxy S21 FE,Smartphone,4,not great,FLIPKART,17-07-2023 00:00
 Samsung Galaxy Book 3 ,Smartphone,4,worth it spring suddenly direction,FLIPKART,09-05-2022 00:00
Samsung Galaxy Book 3,Smartphone,5,bad during year expert day,amazon,12-12-2023 00:00
 Samsung Galaxy M14 ,Smartphone,4,worth it almost affect beautiful many,FLIPKART,24-02-2022 00:00
Samsung Charger 25W,Accessories,4,waste of money cost turn just inside here debate,FLIPKART,17-10-2023 00:00
Samsung Charger 25W,Accessories,3,good low process executive young among mission,AMAZON,15-03-2022 00:00
 Samsung Galaxy Tab A8 ,Smartphone,4,not great tend control enjoy anything democratic whole,FLIPKART,05-12-2023 00:00
 Samsung Galaxy Book 2 ,Smartphone,5,not great card religious wait republican including return into,flipkart,29-07-2023 00:00
Samsung Galaxy S22,Smartphone,4,worth it family week international rate kitchen,AMAZON,08-10-2024 00:00
Samsung Galaxy Tab A8,Smartphone,2,not great issue battery draining fast,AMAZON,04-04-2023 00:00
Samsung Galaxy S21 FE,Smartphone,4,waste of money scientist maintain character after agent see trial,flipkart,20-03-2024 00:00
Samsung Galaxy M34,Smartphone,4,waste of money generation western fast wall,FLIPKART,02-08-2024 00:00
 Samsung Galaxy A14 ,Smartphone,4,worth it,flipkart,16-04-2023 00:00
Samsung Galaxy A14,Smartphone,4,bad,AMAZON,23-08-2022 00:00
Samsung Buds 2,Accessories,3,average social big federal personal reality pattern issue charging problem,amazon,06-12-2024 00:00
Samsung Galaxy M34,Smartphone,4,worth it,flipkart,12-07-2024 00:00
Samsung Charger 25W,Accessories,5,good second serve of hand,amazon,10-02-2022 00:00
 Samsung Galaxy Book 3 ,Smartphone,4,excellent,flipkart,26-12-2024 00:00
 Samsung Galaxy M34 ,Smartphone,4,waste of money trial commercial when bit stop happen street,AMAZON,18-11-2022 00:00
 Samsung Galaxy M34 ,Smartphone,5,average,flipkart,26-06-2024 00:00
Samsung Galaxy S22,Smartphone,2,waste of money travel star structure wide issue charging problem,AMAZON,13-10-2022 00:00
 Samsung Buds 2 ,Accessories,5,waste of money we see interest produce official option drop no,FLIPKART,20-02-2024 00:00
 Samsung Galaxy Tab S7 FE ,Smartphone,3,waste of money list experience book purpose scene former issue charging problem,AMAZON,01-08-2024 00:00
Samsung Galaxy M34,Smartphone,4,bad,flipkart,25-03-2023 00:00
 Samsung Buds Live ,Accessories,5,bad,FLIPKART,01-02-2023 00:00
 Samsung Galaxy M34 ,Smartphone,4,good,amazon,09-05-2022 00:00
Samsung Galaxy A14,Smartphone,4,worth it,amazon,28-03-2024 00:00
Samsung Galaxy S23,Smartphone,3,not great professional north face heavy world toward southern customer,flipkart,03-12-2023 00:00
Samsung Galaxy Tab S7 FE,Smartphone,2,not great likely draw south strong message how,flipkart,08-05-2024 00:00
 Samsung Galaxy A54 ,Smartphone,5,good,amazon,27-08-2024 00:00
Samsung Galaxy A34,Smartphone,4,good,AMAZON,07-07-2024 00:00
Samsung Galaxy S22,Smartphone,5,good space try fine military create space,amazon,29-03-2024 00:00
Samsung Buds 2,Accessories,5,not great room rock can suggest bank adult,FLIPKART,05-02-2022 00:00
Samsung Galaxy S21 FE,Smartphone,4,not great off trade money improve buy strong artist,amazon,28-08-2022 00:00
Samsung Galaxy M14,Smartphone,1,average issue charging problem,AMAZON,29-09-2022 00:00
Samsung Charger 25W,Accessories,4,waste of money share section politics woman practice size result,amazon,21-06-2023 00:00
Samsung Charger 25W,Accessories,4,bad across sea determine ever address level situation upon,FLIPKART,15-12-2023 00:00
 Samsung Galaxy S21 FE ,Smartphone,4,good,amazon,12-06-2024 00:00
Samsung Galaxy M14,Smartphone,5,bad act eye under eat along,FLIPKART,02-09-2022 00:00
 Samsung Buds Live ,Accessories,4,good avoid fine serve effect,amazon,28-10-2024 00:00
 Samsung Galaxy M34 ,Smartphone,5,good lot majority land,amazon,04-10-2024 00:00
 Samsung Galaxy S21 FE ,Smartphone,2,average man many likely beyond issue overheating issue,AMAZON,18-08-2023 00:00
Samsung Galaxy Book 3,Smartphone,4,waste of money behavior piece recognize marriage,flipkart,03-11-2024 00:00
Samsung Galaxy A54,Smartphone,2,waste of money issue display flickering,AMAZON,18-09-2022 00:00
 Samsung Galaxy A34 ,Smartphone,1,not great,AMAZON,24-07-2023 00:00
Samsung Galaxy M34,Smartphone,4,excellent message term my,AMAZON,24-08-2023 00:00
Samsung Crystal UHD TV,TV,1,good for basic usage,AMAZON,22-04-2024
Samsung Galaxy M34,Smartphone,1,not great popular attack thought whole democratic last,AMAZON,13-01-2024 00:00
 Samsung Galaxy M14 ,Smartphone,3,waste of money,AMAZON,05-07-2024 00:00
Samsung Galaxy M53,Smartphone,3,not great market wrong these outside,FLIPKART,31-05-2023 00:00
Samsung Galaxy S23,Smartphone,5,worth it argue place determine ok activity none,FLIPKART,30-04-2023 00:00
 Samsung Galaxy M53 ,Smartphone,5,average around keep real really,FLIPKART,01-06-2023 00:00
 Samsung Galaxy A54 ,Smartphone,2,waste of money issue battery draining fast,amazon,19-12-2024 00:00
Samsung Galaxy M53,Smartphone,5,waste of money,flipkart,18-02-2024 00:00
Samsung Galaxy Tab S7 FE,Smartphone,1,good,FLIPKART,05-05-2024 00:00
Samsung Charger 25W,Accessories,4,good shake scientist official during,flipkart,24-02-2022 00:00
 Samsung Galaxy M53 ,Smartphone,4,excellent director star century picture including among his whole,flipkart,04-08-2023 00:00
Samsung Galaxy A34,Smartphone,5,bad significant education without,AMAZON,18-11-2024 00:00
Samsung Galaxy A14,Smartphone,4,bad,flipkart,24-01-2024 00:00
Samsung Charger 25W,Accessories,4,average half country rather soon lead condition,amazon,19-12-2022 00:00
 Samsung Galaxy A54 ,Smartphone,5,bad ready here dog improve program,FLIPKART,28-10-2023 00:00
Samsung Galaxy S23,Smartphone,3,bad next boy student i student art issue overheating issue,amazon,01-11-2022 00:00
 Samsung Buds 2 ,Accessories,4,waste of money according claim character lot must,amazon,03-01-2023 00:00
 Samsung Galaxy Book 2 ,Smartphone,5,average structure realize once deep person country,AMAZON,22-12-2022 00:00
Samsung Galaxy Tab S7 FE,Smartphone,2,average much change yard hundred order other choose,AMAZON,20-04-2022 00:00
Samsung Galaxy S23,Smartphone,5,excellent director window bank energy structure course very,flipkart,05-02-2024 00:00
Samsung Galaxy A14,Smartphone,4,average,AMAZON,07-12-2022 00:00
 Samsung Galaxy S21 FE ,Smartphone,5,worth it authority case air particular painting ability from,amazon,09-02-2022 00:00
Samsung Galaxy Tab S7 FE,Smartphone,2,bad issue display flickering,flipkart,07-05-2022 00:00
Samsung Galaxy S21 FE,Smartphone,4,waste of money,FLIPKART,01-12-2023 00:00
Samsung Buds 2,Accessories,4,average office its doctor join society,amazon,21-03-2023 00:00
Samsung Buds Live,Accessories,4,bad movement together live involve different,FLIPKART,28-08-2024 00:00
Samsung Galaxy S23,Smartphone,3,bad issue charging problem,flipkart,15-01-2024 00:00
Samsung Galaxy S21 FE,Smartphone,4,not great source during town another sometimes alone,flipkart,30-06-2022 00:00
 Samsung Galaxy A14 ,Smartphone,3,waste of money,AMAZON,28-08-2024 00:00
Samsung Galaxy S21 FE,Smartphone,3,excellent card red success floor contain product media best issue battery draining fast,AMAZON,13-07-2022 00:00
 Samsung Galaxy Tab A8 ,Smartphone,4,worth it they trip voice show there low capital technology,FLIPKART,02-11-2024 00:00
Samsung Soundbar,Other,1,very userfriendly interface,flipkart,19-04-2024
Samsung Galaxy M34,Smartphone,5,waste of money onto than interest decision,flipkart,19-06-2022 00:00
 Samsung Galaxy S22 ,Smartphone,3,worth it,FLIPKART,10-05-2022 00:00
Samsung Galaxy M34,Smartphone,5,average summer technology interest company,AMAZON,30-10-2022 00:00
Samsung Galaxy S21 FE,Smartphone,4,waste of money magazine value pick run put today police,amazon,11-05-2022 00:00
Samsung Galaxy Buds2,Smartphone,1,speaker quality is amazing,flipkart,28-02-2023
 Samsung Charger 25W ,Accessories,5,worth it hair brother kid many energy politics stop american,AMAZON,26-01-2022 00:00
Samsung Galaxy M14,Smartphone,4,waste of money,FLIPKART,05-10-2024 00:00
Samsung Galaxy A34,Smartphone,3,not great difference executive figure coach free,flipkart,05-03-2024 00:00
Samsung Galaxy A54,Smartphone,5,good,FLIPKART,06-09-2022 00:00
Samsung Buds Live,Accessories,5,good example since daughter music,flipkart,25-07-2023 00:00
Samsung Galaxy A14,Smartphone,5,average,flipkart,01-08-2023 00:00
 Samsung Galaxy Book 2 ,Smartphone,3,worth it issue overheating issue,flipkart,14-12-2023 00:00
Samsung Buds Live,Accessories,1,worth it social kind concern night,FLIPKART,19-11-2022 00:00
 Samsung Galaxy A54 ,Smartphone,5,not great ability at toward increase,FLIPKART,16-06-2024 00:00
Samsung Galaxy S21 FE,Smartphone,1,waste of money issue charging problem,amazon,02-06-2022 00:00
Samsung Galaxy A14,Smartphone,3,excellent issue slow performance,amazon,13-03-2022 00:00
Samsung Buds 2,Accessories,3,bad approach how collection lot student issue slow performance,amazon,05-02-2024 00:00
Samsung Galaxy M34,Smartphone,4,average participant standard investment market question boy wife seem,flipkart,14-01-2023 00:00
 Samsung Galaxy Tab A8 ,Smartphone,5,good international book most movement practice employee key,FLIPKART,28-05-2022 00:00
Samsung Galaxy S21 FE,Smartphone,5,not great by open wait record begin,AMAZON,16-03-2023 00:00
Samsung Buds Live,Accessories,5,excellent economy perhaps statement wish our through,AMAZON,07-08-2023 00:00
Samsung Galaxy Book 2,Smartphone,3,waste of money much benefit matter where effect center two issue charging problem,FLIPKART,19-07-2023 00:00
Samsung Buds Live,Accessories,2,worth it his hit suffer state benefit,FLIPKART,23-05-2024 00:00
 Samsung Galaxy A34 ,Smartphone,4,excellent interview itself meet according hot,flipkart,04-01-2022 00:00
 Samsung Galaxy Book 3 ,Smartphone,5,not great rise mission change human,FLIPKART,15-07-2022 00:00
Samsung Galaxy Tab S7 FE,Smartphone,3,excellent many such remain difference issue display flickering,AMAZON,01-10-2024 00:00
Samsung Buds Live,Accessories,4,good choice develop us hospital body fish,FLIPKART,01-09-2022 00:00
Samsung Galaxy A54,Smartphone,5,not great expert company heart some,amazon,15-02-2023 00:00
 Samsung Galaxy S21 FE ,Smartphone,5,excellent miss until cut against tend relate,amazon,02-06-2023 00:00
Samsung Galaxy A34,Smartphone,5,waste of money morning our only plan,amazon,19-10-2023 00:00
Samsung QLED TV,TV,4,battery life could be better,FLIPKART,25-05-2024
Samsung Galaxy M14,Smartphone,3,waste of money get hospital almost total decision choose until,flipkart,26-09-2022 00:00
Samsung Galaxy M14,Smartphone,1,worth it,flipkart,29-05-2022 00:00
Samsung Galaxy A14,Smartphone,3,good dinner hospital summer office green issue charging problem,FLIPKART,16-04-2023 00:00
 Samsung Charger 25W ,Accessories,4,excellent statement young for start doctor agreement,AMAZON,14-06-2022 00:00
Samsung Buds 2,Accessories,4,good leave able new yes bring maintain,FLIPKART,03-02-2024 00:00
Samsung Galaxy M53,Smartphone,2,good necessary beat later green left nature bit,amazon,09-10-2023 00:00
Samsung Galaxy Tab A8,Smartphone,3,waste of money factor understand maybe his issue charging problem,flipkart,22-04-2022 00:00
Samsung Galaxy Book 3,Smartphone,3,good response education or officer investment next join,AMAZON,04-04-2024 00:00
Samsung Galaxy A34,Smartphone,4,worth it tough set quality southern store,FLIPKART,24-01-2023 00:00
Samsung Galaxy A14,Smartphone,5,bad fish she base much easy what,amazon,16-10-2022 00:00
Samsung Galaxy Book 3,Smartphone,5,bad use case discussion analysis say toward,AMAZON,14-08-2024 00:00
Samsung Galaxy Book 2,Smartphone,4,average radio good meeting life church heart degree,amazon,26-05-2022 00:00
Samsung Charger 25W,Accessories,2,average issue camera quality is poor,FLIPKART,10-06-2022 00:00
Samsung Galaxy A14,Smartphone,4,excellent power we production where goal,amazon,12-04-2024 00:00
Samsung Galaxy S22,Smartphone,4,excellent style mouth whole second against claim,FLIPKART,25-12-2023 00:00
Samsung Galaxy S23,Smartphone,5,good fly ten mission something near,amazon,25-08-2023 00:00
Samsung Galaxy Tab A8,Smartphone,5,average,AMAZON,08-08-2023 00:00
Samsung Buds 2,Accessories,1,waste of money issue camera quality is poor,AMAZON,12-11-2024 00:00
 Samsung Galaxy A14 ,Smartphone,4,not great continue support few goal food instead,amazon,15-05-2023 00:00
 Samsung Charger 25W ,Accessories,3,average may certainly else great standard approach simply address,FLIPKART,10-01-2023 00:00
 Samsung Galaxy S21 FE ,Smartphone,4,excellent,flipkart,03-06-2023 00:00
Samsung Soundbar,Other,2,not worth the price,flipkart,03-07-2024
Samsung Galaxy Book 2,Smartphone,4,excellent girl enjoy ahead name will,FLIPKART,10-05-2024 00:00
Samsung Galaxy Watch6,Smartphone,1,highly recommend to others,flipkart,14-11-2024
Samsung Galaxy S22,Smartphone,1,worth it loss manager heart also care,FLIPKART,27-03-2024 00:00
Samsung Galaxy S23,Smartphone,4,good world early office find cut from,flipkart,23-06-2022 00:00
Samsung Galaxy A34,Smartphone,1,average,amazon,14-12-2024 00:00
Samsung Buds Live,Accessories,1,excellent today remain everything first strong,FLIPKART,12-08-2024 00:00
Samsung Galaxy Book 3,Smartphone,3,excellent somebody front reveal rock issue overheating issue,AMAZON,11-07-2023 00:00
 Samsung Buds 2 ,Accessories,4,good discuss agency professional left clear,amazon,19-08-2023 00:00
Samsung Charger 25W,Accessories,5,average,flipkart,07-05-2022 00:00
 Samsung Galaxy M14 ,Smartphone,4,not great,flipkart,17-11-2022 00:00
Samsung Galaxy S23,Smartphone,4,good shake lead both grow blood,FLIPKART,04-08-2023 00:00
Samsung Buds 2,Accessories,5,bad black give itself,amazon,28-01-2024 00:00
 Samsung Buds 2 ,Accessories,4,not great,flipkart,31-03-2024 00:00
Samsung Galaxy M14,Smartphone,5,bad southern at science fall market western director,flipkart,11-12-2024 00:00
 Samsung Galaxy Tab S7 FE ,Smartphone,5,average model another situation not chair big far,flipkart,12-09-2024 00:00
Samsung Galaxy M14,Smartphone,4,good relationship national dinner house minute almost option,FLIPKART,04-04-2023 00:00
Samsung Galaxy Book 3,Smartphone,5,bad,amazon,28-01-2023 00:00
Samsung Charger 25W,Accessories,4,not great prepare project care,amazon,06-02-2024 00:00
Samsung Galaxy S23,Smartphone,4,good,flipkart,27-10-2023 00:00
Samsung Galaxy M14,Smartphone,3,bad air real health view treat issue display flickering,FLIPKART,21-08-2024 00:00
 Samsung Galaxy M34 ,Smartphone,2,not great,AMAZON,01-04-2024 00:00
Samsung Charger 25W,Accessories,3,worth it him tv little soon store garden issue display flickering,flipkart,16-04-2023 00:00
 Samsung Buds 2 ,Accessories,3,bad artist create appear,amazon,11-12-2022 00:00
Samsung Galaxy A34,Smartphone,4,not great crime peace seem provide page,FLIPKART,28-01-2024 00:00
 Samsung Galaxy S22 ,Smartphone,1,good guess end do issue display flickering,flipkart,18-01-2022 00:00
Samsung Galaxy Tab S7 FE,Smartphone,2,waste of money into last store yourself attack issue charging problem,flipkart,31-12-2024 00:00
 Samsung Galaxy A14 ,Smartphone,3,not great city seek every natural safe issue slow performance,amazon,27-12-2024 00:00
 Samsung Charger 25W ,Accessories,4,average decision herself throw plan,AMAZON,30-10-2022 00:00
Samsung Galaxy Book 2,Smartphone,2,not great specific south worry lot process kind dark it issue battery draining fast,flipkart,06-12-2022 00:00
Samsung Galaxy A54,Smartphone,1,good brother hand treat tonight rock paper issue slow performance,FLIPKART,23-03-2024 00:00
 Samsung Galaxy M34 ,Smartphone,5,bad region discussion detail behavior reveal respond affect,AMAZON,06-04-2023 00:00
Samsung Refrigerator,Other,1,good for basic usage,FLIPKART,14-10-2024
Samsung Galaxy A14,Smartphone,5,waste of money admit arm rest three,AMAZON,03-02-2024 00:00
Samsung Galaxy A34,Smartphone,4,waste of money part exist religious adult,amazon,28-03-2023 00:00
Samsung Galaxy Book 2,Smartphone,4,waste of money,FLIPKART,20-07-2024 00:00
 Samsung Galaxy A34 ,Smartphone,5,waste of money,amazon,03-03-2024 00:00
 Samsung Galaxy S22 ,Smartphone,3,good base focus more measure food,FLIPKART,18-07-2022 00:00
Samsung Galaxy S23,Smartphone,5,average room catch form country life,amazon,12-12-2023 00:00
 Samsung Galaxy M53 ,Smartphone,5,not great he military future scientist,AMAZON,07-06-2023 00:00
Samsung Galaxy Tab A8,Smartphone,4,waste of money,FLIPKART,20-05-2022 00:00
 Samsung Galaxy Book 2 ,Smartphone,4,excellent,amazon,12-04-2022 00:00
 Samsung Soundbar ,Other,3,not worth the price,amazon,27-07-2023
Samsung Buds Live,Accessories,5,excellent mother soon night quality western provide its,amazon,02-02-2022 00:00
Samsung Crystal UHD TV,TV,4,excellent product very satisfied,AMAZON,08-09-2023
Samsung Galaxy Book 2,Smartphone,4,not great talk scientist own cost chair,FLIPKART,12-11-2023 00:00
Samsung Galaxy Tab S7 FE,Smartphone,4,waste of money role owner third crime accept game,AMAZON,03-04-2022 00:00
 Samsung Soundbar ,Other,2,highly recommend to others,FLIPKART,16-11-2024
 Samsung Galaxy Book 3 ,Smartphone,4,bad face theory as ever popular speak painting,amazon,28-08-2023 00:00
Samsung Galaxy M53,Smartphone,3,waste of money issue slow performance,AMAZON,20-01-2024 00:00
Samsung Galaxy S22,Smartphone,3,not as expected returning it,flipkart,06-01-2024
Samsung Galaxy M34,Smartphone,3,excellent issue battery draining fast,amazon,19-10-2023 00:00
Samsung Galaxy Book 3,Smartphone,5,not great spring nation discover result cold animal,amazon,07-09-2024 00:00
Samsung Galaxy A54,Smartphone,4,not great test star step argue,FLIPKART,15-04-2022 00:00
Samsung Galaxy S21 FE,Smartphone,3,waste of money idea morning hair food,amazon,18-02-2023 00:00
 Samsung Galaxy M53 ,Smartphone,3,worth it field table hope issue battery draining fast,flipkart,12-06-2022 00:00
 Samsung Galaxy A34 ,Smartphone,3,good scientist grow pressure my improve control light issue battery draining fast,AMAZON,29-06-2024 00:00
Samsung Galaxy M53,Smartphone,4,average me miss light network trip,FLIPKART,13-12-2022 00:00
Samsung Galaxy S22,Smartphone,4,average response choose organization decide table adult station,amazon,23-08-2023 00:00
Samsung Air Conditioner,Other,4,disappointed with the customer service,flipkart,09-12-2023
Samsung Galaxy Tab A8,Smartphone,3,not great,AMAZON,23-12-2023 00:00
Samsung Galaxy M14,Smartphone,2,waste of money son level national investment daughter main issue display flickering,amazon,17-07-2023 00:00
Samsung Galaxy M53,Smartphone,4,bad coach identify degree decision,FLIPKART,02-11-2023 00:00
Samsung Galaxy M53,Smartphone,4,worth it mouth program economy best social marriage recent kid,FLIPKART,21-11-2024 00:00
Samsung Buds 2,Accessories,1,average work ground contain arm issue slow performance,amazon,05-11-2022 00:00
 Samsung Galaxy S21 FE ,Smartphone,1,waste of money issue charging problem,AMAZON,02-06-2022 00:00
 Samsung Buds Live ,Accessories,4,excellent especially forward congress energy,AMAZON,24-01-2023 00:00
Samsung Galaxy M34,Smartphone,4,good memory pass his coach away,AMAZON,28-03-2024 00:00
 Samsung Charger 25W ,Accessories,4,excellent itself without play region,AMAZON,01-06-2022 00:00
 Samsung Galaxy A34 ,Smartphone,3,average chance success fire get issue camera quality is poor,FLIPKART,06-03-2022 00:00
Samsung Galaxy S22,Smartphone,5,worth it control lead free,FLIPKART,22-07-2024 00:00
Samsung Galaxy Book 2,Smartphone,5,average into watch national knowledge much,amazon,16-03-2024 00:00
Samsung Galaxy S21 FE,Smartphone,3,good allow skill use draw benefit easy issue display flickering,AMAZON,06-11-2022 00:00
Samsung Buds 2,Accessories,4,waste of money film ground action resource southern,flipkart,02-06-2022 00:00
Samsung Galaxy Book 2,Smartphone,4,bad seven suffer your reason would,flipkart,30-11-2024 00:00
 Samsung Galaxy M14 ,Smartphone,5,bad,amazon,19-11-2024 00:00
Samsung Galaxy Book 3,Smartphone,4,bad somebody evidence assume question,FLIPKART,17-08-2022 00:00
Samsung Buds 2,Accessories,4,bad hour task difference happy condition day fear,amazon,21-05-2024 00:00
Samsung Galaxy Tab S7 FE,Smartphone,4,waste of money fund forget quickly until eat,AMAZON,04-04-2024 00:00
 Samsung Galaxy M34 ,Smartphone,4,not great study near least mr child,FLIPKART,26-05-2024 00:00
Samsung Buds Live,Accessories,2,excellent city evening must story,amazon,19-12-2022 00:00
Samsung Galaxy M53,Smartphone,5,good discover above second week,amazon,20-09-2024 00:00
 Samsung Galaxy A54 ,Smartphone,1,heats up sometimes during heavy usage,AMAZON,14-10-2023
Samsung Galaxy M34,Smartphone,4,not great next fall air,FLIPKART,08-08-2022 00:00
Samsung Soundbar,Other,2,great value for money,amazon,30-08-2023
Samsung Buds 2,Accessories,2,not great issue battery draining fast,amazon,15-04-2024 00:00
Samsung Galaxy S23,Smartphone,3,not great,AMAZON,16-03-2023 00:00
Samsung Galaxy M14,Smartphone,3,average issue display flickering,AMAZON,12-07-2022 00:00
Samsung Galaxy A34,Smartphone,3,not great image trial sound poor leader it car issue charging problem,amazon,30-12-2022 00:00
Samsung Galaxy M14,Smartphone,2,not great focus federal detail fine issue overheating issue,amazon,31-05-2023 00:00
 Samsung Galaxy Book 3 ,Smartphone,3,average actually new federal issue display flickering,amazon,23-09-2022 00:00
Samsung Galaxy Tab A8,Smartphone,5,good determine teacher adult activity,AMAZON,06-09-2023 00:00
Samsung Buds Live,Accessories,1,bad kind decade tell girl product yard issue camera quality is poor,amazon,09-07-2024 00:00
 Samsung Galaxy Book 2 ,Smartphone,3,waste of money perform wide plant idea push boy issue slow performance,AMAZON,04-02-2024 00:00
Samsung Galaxy M34,Smartphone,5,excellent election together home national identify section mouth,FLIPKART,17-02-2023 00:00
Samsung Galaxy M53,Smartphone,4,not great turn despite interesting attack professional,AMAZON,09-01-2022 00:00
 Samsung Galaxy S22 ,Smartphone,4,featurepacked and smooth experience,FLIPKART,26-02-2023
Samsung Galaxy A54,Smartphone,4,not great,AMAZON,18-06-2023 00:00
Samsung Galaxy M53,Smartphone,2,average issue slow performance,AMAZON,05-10-2022 00:00
Samsung Galaxy S21 FE,Smartphone,2,good amount against provide good art attack determine,AMAZON,26-08-2022 00:00
Samsung Galaxy A14,Smartphone,3,worth it issue slow performance,flipkart,20-09-2022 00:00
Samsung Galaxy S23,Smartphone,3,worth it these produce always relate,AMAZON,03-04-2024 00:00
Samsung Galaxy Book 2,Smartphone,2,bad reveal against long over well get issue camera quality is poor,AMAZON,05-12-2023 00:00
 Samsung Galaxy A14 ,Smartphone,4,waste of money defense much home recently measure most,amazon,11-08-2022 00:00
Samsung Charger 25W,Accessories,3,average ten skill while use scientist issue overheating issue,AMAZON,13-03-2023 00:00
Samsung Galaxy S21 FE,Smartphone,3,waste of money issue battery draining fast,AMAZON,29-03-2022 00:00
Samsung Galaxy S23,Smartphone,4,average receive indeed quite democratic win,flipkart,03-06-2023 00:00
Samsung Galaxy A14,Smartphone,1,waste of money up get admit cost she near issue battery draining fast,flipkart,27-10-2022 00:00
Samsung Galaxy M14,Smartphone,4,excellent daughter the scientist within doctor purpose,amazon,09-10-2022 00:00
Samsung Galaxy M34,Smartphone,2,average type international peace too yet,amazon,27-12-2022 00:00
Samsung Galaxy Tab S7 FE,Smartphone,3,bad capital quite country truth special claim fight issue display flickering,flipkart,06-05-2023 00:00
 Samsung Galaxy A54 ,Smartphone,4,good,flipkart,30-01-2022 00:00
Samsung Galaxy Tab A8,Smartphone,5,excellent head more evidence claim,flipkart,22-07-2022 00:00
Samsung Buds 2,Accessories,4,good improve fast south arm type pick girl international,FLIPKART,10-08-2022 00:00
Samsung Galaxy S23,Smartphone,4,average hospital term cause administration large,amazon,27-12-2022 00:00
Samsung Galaxy M14,Smartphone,3,excellent use open son simply,AMAZON,30-03-2024 00:00
 Samsung Galaxy S21 FE ,Smartphone,5,good learn theory environment once,flipkart,01-08-2024 00:00
Samsung Galaxy A34,Smartphone,5,worth it,amazon,11-05-2024 00:00
Samsung Galaxy Tab S7 FE,Smartphone,4,excellent stage open pm write recognize as answer,amazon,01-06-2023 00:00
Samsung Buds Live,Accessories,2,worth it move language rule father cover memory,FLIPKART,07-08-2022 00:00
 Samsung Galaxy A54 ,Smartphone,4,bad issue reveal black lose although,AMAZON,09-07-2023 00:00
 Samsung Galaxy Tab S7 FE ,Smartphone,5,worth it conference or sign imagine road and,flipkart,16-07-2024 00:00
Samsung Galaxy Tab A8,Smartphone,5,worth it ok nothing say catch production,flipkart,24-01-2022 00:00
Samsung Charger 25W,Accessories,5,bad student political go about,AMAZON,07-02-2024 00:00
 Samsung Buds 2 ,Accessories,5,bad speak what person group they as interview,FLIPKART,26-04-2023 00:00
 Samsung Buds 2 ,Accessories,3,worth it paper recently participant until cultural leave base issue camera quality is poor,AMAZON,08-07-2023 00:00
 Samsung Galaxy M34 ,Smartphone,4,worth it consumer mr worker offer third,amazon,10-12-2024 00:00
Samsung Galaxy S21 FE,Smartphone,4,bad administration theory recent,flipkart,28-06-2024 00:00
Samsung Galaxy S23,Smartphone,4,not great score middle fund entire,amazon,05-10-2024 00:00
Samsung Galaxy M53,Smartphone,5,excellent sort once challenge even start edge environmental middle,amazon,02-05-2022 00:00
Samsung Galaxy Tab A8,Smartphone,5,waste of money event last music best watch my rather,AMAZON,07-04-2022 00:00
Samsung Galaxy Tab S7 FE,Smartphone,4,average mention international soldier from up dark people,AMAZON,04-12-2022 00:00
Samsung Buds 2,Accessories,5,not great book important music central former me,FLIPKART,23-01-2023 00:00
Samsung Galaxy S21 FE,Smartphone,3,worth it daughter marriage fall adult issue camera quality is poor,amazon,01-10-2023 00:00
 Samsung Galaxy S21 FE ,Smartphone,3,excellent wish key everybody unit rule security,flipkart,02-05-2023 00:00
Samsung Charger 25W,Accessories,4,waste of money each choose newspaper,FLIPKART,16-01-2022 00:00
Samsung Galaxy M53,Smartphone,3,bad certain guess factor may knowledge help three,amazon,06-03-2023 00:00
Samsung Charger 25W,Accessories,3,bad soon especially production resource hit issue slow performance,flipkart,25-08-2024 00:00
 Samsung Galaxy S22 ,Smartphone,1,average hour their individual yourself television relate later issue camera quality is poor,AMAZON,06-11-2023 00:00
Samsung Galaxy S21 FE,Smartphone,5,excellent add return personal be because writer read,amazon,14-05-2022 00:00
Samsung Charger 25W,Accessories,5,bad television range say model school issue structure,FLIPKART,01-08-2024 00:00
Samsung Galaxy M53,Smartphone,4,average amount buy show available,amazon,07-03-2024 00:00
Samsung Charger 25W,Accessories,5,bad,AMAZON,09-09-2024 00:00
 Samsung Galaxy A34 ,Smartphone,5,waste of money north note of attorney,FLIPKART,11-06-2024 00:00
Samsung Galaxy S21 FE,Smartphone,4,worth it concern its rule mention reduce red,FLIPKART,30-12-2023 00:00
Samsung Galaxy Tab A8,Smartphone,4,worth it boy attention message medical bad,flipkart,20-09-2022 00:00
Samsung Galaxy S22,Smartphone,3,worth it beyond fish most century institution vote ability his,FLIPKART,24-11-2023 00:00
Samsung Galaxy A14,Smartphone,1,excellent issue battery draining fast,flipkart,20-12-2022 00:00
 Samsung Galaxy Book 2 ,Smartphone,4,bad,FLIPKART,01-10-2023 00:00
Samsung Galaxy M53,Smartphone,2,bad bad girl industry tv need deep,FLIPKART,13-11-2023 00:00
Samsung Galaxy S21 FE,Smartphone,2,worth it issue battery draining fast,flipkart,02-12-2023 00:00
Samsung Galaxy M34,Smartphone,5,excellent technology professor bag sell,AMAZON,26-09-2022 00:00
 Samsung Buds 2 ,Accessories,1,excellent it check forward participant establish yourself cold issue slow performance,amazon,23-01-2022 00:00
Samsung Galaxy S22,Smartphone,5,excellent once sometimes feeling true test onto,amazon,09-11-2022 00:00
 Samsung Galaxy Tab A8 ,Smartphone,4,not great,amazon,05-02-2022 00:00
Samsung Galaxy A14,Smartphone,1,excellent blood employee have radio here help address issue display flickering,flipkart,20-03-2022 00:00
Samsung Buds Live,Accessories,3,good particular happen recently question edge suffer issue battery draining fast,AMAZON,12-09-2022 00:00
Samsung Galaxy S23,Smartphone,4,bad consider consumer ago market morning,amazon,11-11-2022 00:00
Samsung Charger 25W,Accessories,4,excellent,FLIPKART,27-04-2023 00:00
Samsung Galaxy S22,Smartphone,4,worth it voice republican charge election network six,AMAZON,27-05-2023 00:00
Samsung Refrigerator,Other,5,very userfriendly interface,amazon,12-12-2024
Samsung Galaxy Book 2,Smartphone,1,not great issue overheating issue,AMAZON,09-12-2023 00:00
Samsung Galaxy Buds2,Smartphone,2,very userfriendly interface,AMAZON,04-02-2023
 Samsung Buds 2 ,Accessories,5,worth it myself meeting friend city our eat white,AMAZON,05-08-2024 00:00
 Samsung Galaxy M14 ,Smartphone,4,worth it government expert coach beat water group impact,AMAZON,14-09-2023 00:00
Samsung Galaxy Tab S7 FE,Smartphone,4,bad human time different,AMAZON,01-07-2023 00:00
Samsung Galaxy Z Fold5,Smartphone,5,great value for money,flipkart,25-01-2024
 Samsung Galaxy Z Fold5 ,Smartphone,3,not worth the price,flipkart,15-02-2023
 Samsung Charger 25W ,Accessories,5,excellent exist soldier same stop movie bill sound,amazon,22-06-2022 00:00
Samsung Galaxy S23,Smartphone,5,not great,AMAZON,07-02-2023 00:00
 Samsung Galaxy M53 ,Smartphone,5,waste of money nice yard since black source ready art who,FLIPKART,25-08-2022 00:00
Samsung Crystal UHD TV,TV,2,performance is topnotch,amazon,30-07-2024
Samsung Galaxy S22,Smartphone,5,average,flipkart,08-05-2024 00:00
Samsung Buds Live,Accessories,5,waste of money expert much without enough parent much,FLIPKART,02-05-2022 00:00
Samsung Galaxy S23,Smartphone,2,speaker quality is amazing,flipkart,23-01-2024
 Samsung Galaxy M34 ,Smartphone,4,bad beyond trouble big be pretty,amazon,31-01-2024 00:00
Samsung Galaxy Tab A8,Smartphone,5,worth it,FLIPKART,28-06-2022 00:00
Samsung Galaxy S21 FE,Smartphone,4,waste of money,flipkart,14-05-2022 00:00
 Samsung Buds Live ,Accessories,1,waste of money issue battery draining fast,FLIPKART,13-12-2024 00:00
Samsung Buds Live,Accessories,4,bad since product along early could energy,flipkart,28-07-2024 00:00
Samsung Galaxy S22,Smartphone,4,average attorney one collection might,flipkart,15-04-2023 00:00
 Samsung Charger 25W ,Accessories,3,waste of money head drug long institution process tend tough,amazon,27-11-2024 00:00
 Samsung Galaxy M34 ,Smartphone,4,not great player reduce record,flipkart,05-01-2022 00:00
Samsung QLED TV,TV,4,performance is topnotch,FLIPKART,23-01-2025
Samsung Buds Live,Accessories,3,worth it site head face start film else,AMAZON,24-11-2023 00:00
 Samsung Galaxy Tab A8 ,Smartphone,4,bad view some east,flipkart,25-01-2023 00:00
 Samsung Galaxy M34 ,Smartphone,2,waste of money poor expert southern watch,amazon,28-05-2023 00:00
 Samsung Galaxy S21 FE ,Smartphone,3,average meeting state enter member,flipkart,09-03-2023 00:00
Samsung Galaxy S22,Smartphone,4,heats up sometimes during heavy usage,flipkart,16-07-2023
 Samsung Galaxy M34 ,Smartphone,5,good apply who kid,flipkart,07-05-2024 00:00
Samsung Galaxy Book 2,Smartphone,3,good young daughter ask spend compare difference campaign issue camera quality is poor,flipkart,14-03-2022 00:00
 Samsung Galaxy S23 ,Smartphone,4,not great spring church cover very per score,flipkart,22-04-2022 00:00
Samsung Galaxy M14,Smartphone,5,waste of money end future live paper whatever material see,flipkart,31-05-2023 00:00
 Samsung Buds Live ,Accessories,3,worth it send traditional hold air by none,FLIPKART,03-02-2022 00:00
 Samsung Galaxy Tab S7 FE ,Smartphone,4,not great particular rock window modern job,AMAZON,01-03-2022 00:00
 Samsung Galaxy M14 ,Smartphone,3,good model police each none part book issue camera quality is poor,amazon,10-08-2024 00:00
Samsung Galaxy S21 FE,Smartphone,3,bad social force who professor build report response issue overheating issue,FLIPKART,18-12-2024 00:00
Samsung Galaxy M53,Smartphone,5,waste of money,flipkart,21-02-2023 00:00
Samsung Buds Live,Accessories,5,worth it floor concern where state product,amazon,25-12-2023 00:00
Samsung Buds Live,Accessories,5,excellent,flipkart,09-07-2024 00:00
Samsung Galaxy S23,Smartphone,5,not great buy score above before attack structure southern offer,AMAZON,21-07-2023 00:00
 Samsung Galaxy S22 ,Smartphone,4,not great reduce project mission,amazon,09-07-2023 00:00
Samsung Galaxy Book 2,Smartphone,4,bad outside about ahead glass fly we yourself,AMAZON,17-06-2023 00:00
 Samsung Galaxy M34 ,Smartphone,5,good wide relate church thank some leg thought,flipkart,19-01-2022 00:00
 Samsung Buds Live ,Accessories,2,not great stage about decide pm issue charging problem,amazon,12-12-2023 00:00
Samsung Galaxy S22,Smartphone,1,average shake add role animal might fear might,AMAZON,03-05-2022 00:00
Samsung Charger 25W,Accessories,1,excellent,FLIPKART,04-10-2024 00:00
Samsung Galaxy Tab S7 FE,Smartphone,3,not great spend wear big wall together specific turn issue slow performance,flipkart,06-03-2023 00:00
Samsung Galaxy Book 2,Smartphone,4,waste of money public rest western argue usually within station,FLIPKART,30-01-2023 00:00
 Samsung Galaxy S22 ,Smartphone,4,bad hit song season thus large,flipkart,30-06-2024 00:00
Samsung Buds Live,Accessories,4,worth it within describe community low role,flipkart,24-12-2024 00:00
Samsung Buds Live,Accessories,2,average itself level finally student politics charge later because,AMAZON,15-04-2023 00:00
Samsung Galaxy A54,Smartphone,3,highly recommend to others,AMAZON,20-11-2023
 Samsung Galaxy M53 ,Smartphone,4,good near team authority see scientist night,AMAZON,23-01-2022 00:00
Samsung Galaxy A34,Smartphone,5,not great,FLIPKART,29-11-2022 00:00
 Samsung Galaxy A14 ,Smartphone,3,average issue display flickering,amazon,02-02-2024 00:00
Samsung Galaxy Tab A8,Smartphone,3,worth it thank reveal maybe clear yeah either,flipkart,08-09-2022 00:00
 Samsung Galaxy S22 ,Smartphone,1,not great dark enough money beautiful republican list,flipkart,20-06-2023 00:00
 Samsung Charger 25W ,Accessories,4,excellent visit subject conference avoid instead,amazon,21-12-2023 00:00
Samsung Galaxy S23,Smartphone,5,average,amazon,31-10-2022 00:00
 Samsung Galaxy M53 ,Smartphone,1,good why here test issue camera quality is poor,FLIPKART,25-07-2022 00:00
Samsung Galaxy S21 FE,Smartphone,4,good rest difficult report like buy simple find,flipkart,06-04-2024 00:00
Samsung Air Conditioner,Other,5,performance is topnotch,amazon,19-05-2023
 Samsung Galaxy A14 ,Smartphone,5,worth it benefit hotel treat end especially ground example point,amazon,08-06-2024 00:00
 Samsung Galaxy M34 ,Smartphone,4,bad will use kind need,amazon,08-07-2022 00:00
 Samsung Buds Live ,Accessories,4,worth it,FLIPKART,18-07-2022 00:00
 Samsung Galaxy A14 ,Smartphone,1,not great suggest blood way if behind half issue charging problem,amazon,08-06-2024 00:00
 Samsung Galaxy S23 ,Smartphone,4,bad rule high today mind add party,amazon,19-07-2024 00:00
Samsung Galaxy S23,Smartphone,5,excellent,AMAZON,30-07-2022 00:00
Samsung Galaxy Buds2,Smartphone,2,great value for money,amazon,18-12-2024
 Samsung Galaxy M34 ,Smartphone,4,waste of money early somebody recognize man,amazon,10-03-2022 00:00
 Samsung Charger 25W ,Accessories,4,good close but parent ago court,FLIPKART,01-03-2023 00:00
Samsung Galaxy A34,Smartphone,3,bad quite describe usually factor soldier beat know issue camera quality is poor,AMAZON,31-01-2022 00:00
Samsung Charger 25W,Accessories,3,bad issue slow performance,AMAZON,30-06-2024 00:00
Samsung Galaxy S23,Smartphone,4,average medical long energy ball age,AMAZON,10-08-2024 00:00
Samsung Air Conditioner,Other,2,good for basic usage,FLIPKART,11-01-2024
 Samsung Galaxy M53 ,Smartphone,3,worth it admit continue project measure forget information western culture,FLIPKART,18-06-2023 00:00
 Samsung Galaxy S22 ,Smartphone,5,bad personal particular laugh staff factor,FLIPKART,05-12-2022 00:00
Samsung Galaxy Tab S7 FE,Smartphone,4,excellent performance dark space speak magazine wrong,flipkart,07-02-2022 00:00
Samsung Galaxy M53,Smartphone,4,worth it call result ever nice movement partner practice,flipkart,07-04-2023 00:00
Samsung Galaxy A14,Smartphone,2,good issue battery draining fast,AMAZON,28-09-2023 00:00
 Samsung Charger 25W ,Accessories,4,bad month window herself above live,amazon,11-07-2024 00:00
Samsung Galaxy S22,Smartphone,4,good them themselves decision old measure agency,AMAZON,09-04-2022 00:00
Samsung Galaxy Tab A8,Smartphone,1,good security simple southern space week material real down issue charging problem,amazon,10-09-2024 00:00
Samsung Galaxy S21 FE,Smartphone,3,good race face challenge could paper value issue slow performance,amazon,16-08-2023 00:00
Samsung Galaxy M34,Smartphone,5,worth it its organization story,FLIPKART,04-03-2022 00:00
Samsung Galaxy S23,Smartphone,5,featurepacked and smooth experience,AMAZON,18-04-2024
Samsung Buds Live,Accessories,3,worth it long hope hard laugh democrat,AMAZON,23-11-2023 00:00
Samsung Galaxy A54,Smartphone,3,bad popular still rock community issue camera quality is poor,amazon,11-06-2022 00:00
Samsung Galaxy M53,Smartphone,5,worth it expect address forget dinner american citizen,amazon,01-11-2023 00:00
Samsung Galaxy M34,Smartphone,4,good attorney tax friend record hand,flipkart,18-12-2023 00:00
Samsung Galaxy S23,Smartphone,4,bad necessary occur foot agency year important,flipkart,12-04-2024 00:00
Samsung Galaxy S23,Smartphone,4,worth it,amazon,03-05-2022 00:00
Samsung Galaxy Z Fold5,Smartphone,2,good for basic usage,FLIPKART,12-04-2024
Samsung Galaxy M34,Smartphone,4,worth it threat put important sort color,flipkart,14-02-2023 00:00
Samsung Galaxy S21 FE,Smartphone,5,not great,amazon,02-10-2023 00:00
Samsung Galaxy S22,Smartphone,4,not great fast market discover onto congress ask,FLIPKART,12-02-2023 00:00
Samsung Galaxy Book 3,Smartphone,5,good,AMAZON,07-10-2023 00:00
Samsung Air Conditioner,Other,1,love the camera quality,AMAZON,29-11-2023
Samsung Galaxy S23,Smartphone,3,not great six just surface add week health small issue overheating issue,flipkart,25-06-2024 00:00
Samsung Galaxy Tab S7 FE,Smartphone,5,excellent contain task here,amazon,24-10-2023 00:00
Samsung Galaxy S21 FE,Smartphone,4,waste of money church report list line letter above visit,amazon,27-11-2023 00:00
 Samsung Buds Live ,Accessories,1,good will well support window,amazon,06-05-2024 00:00
Samsung Buds Live,Accessories,4,worth it notice structure turn much section treat win,FLIPKART,09-06-2022 00:00
 Samsung Galaxy A34 ,Smartphone,1,worth it second boy economy start,AMAZON,19-04-2024 00:00
 Samsung Galaxy S23 ,Smartphone,3,excellent foreign you single trip else performance,FLIPKART,15-05-2022 00:00
 Samsung Charger 25W ,Accessories,4,excellent approach floor treatment read,flipkart,09-12-2023 00:00
Samsung Galaxy A34,Smartphone,5,excellent,FLIPKART,03-03-2023 00:00
 Samsung Galaxy S22 ,Smartphone,1,bad beyond section back list,amazon,17-03-2022 00:00
 Samsung Galaxy M34 ,Smartphone,3,bad,AMAZON,07-08-2023 00:00
Samsung Buds Live,Accessories,2,waste of money evidence give compare meeting same,FLIPKART,15-03-2023 00:00
Samsung Galaxy Book 2,Smartphone,4,not great any source behavior year carry,AMAZON,07-11-2024 00:00
 Samsung Galaxy S23 ,Smartphone,4,average program well world him lawyer card,AMAZON,11-12-2022 00:00
 Samsung Galaxy Tab A8 ,Smartphone,2,worth it not win green interesting issue camera quality is poor,flipkart,07-02-2024 00:00
 Samsung Galaxy S22 ,Smartphone,3,bad western establish issue six first increase,AMAZON,07-08-2024 00:00
Samsung Galaxy Book 2,Smartphone,2,bad issue camera quality is poor,AMAZON,29-12-2023 00:00
Samsung Galaxy S21 FE,Smartphone,4,average,AMAZON,31-01-2022 00:00
Samsung Galaxy M53,Smartphone,4,excellent toward language decide usually especially lose,amazon,22-03-2023 00:00
Samsung Galaxy Book 2,Smartphone,4,not great at area good store move reflect could partner,amazon,29-05-2023 00:00
Samsung Galaxy S21 FE,Smartphone,1,excellent article fall would need war,amazon,25-08-2024 00:00
Samsung Buds Live,Accessories,2,good physical work generation he however box,amazon,05-09-2022 00:00
Samsung Galaxy Tab A8,Smartphone,4,waste of money all assume wear management,amazon,23-07-2022 00:00
Samsung Galaxy S21 FE,Smartphone,5,good area strategy reflect brother world church,AMAZON,02-12-2022 00:00
Samsung Galaxy Z Fold5,Smartphone,4,disappointed with the customer service,amazon,23-08-2024
 Samsung Charger 25W ,Accessories,5,average,AMAZON,02-05-2023 00:00
Samsung Galaxy Book 2,Smartphone,1,bad accept school increase story leader weight issue overheating issue,AMAZON,09-08-2023 00:00
Samsung Buds 2,Accessories,3,bad issue display flickering,amazon,14-10-2022 00:00
Samsung Washing Machine,Other,5,not worth the price,flipkart,10-02-2023
 Samsung Galaxy S23 ,Smartphone,4,worth it,FLIPKART,10-10-2023 00:00
Samsung Galaxy Tab S7 FE,Smartphone,5,worth it himself none price tax region,AMAZON,12-12-2022 00:00
Samsung Galaxy A34,Smartphone,1,average brother describe may money scientist character appear,AMAZON,10-11-2023 00:00
Samsung Galaxy A14,Smartphone,4,waste of money pressure last front ball fund thank challenge,amazon,28-02-2024 00:00
Samsung Galaxy S21 FE,Smartphone,2,average,AMAZON,30-06-2024 00:00
Samsung Galaxy M53,Smartphone,1,not great issue overheating issue,AMAZON,27-02-2023 00:00
 Samsung Charger 25W ,Accessories,3,not great imagine meet local you issue camera quality is poor,AMAZON,13-03-2022 00:00
 Samsung Refrigerator ,Other,4,heats up sometimes during heavy usage,AMAZON,27-04-2024
Samsung Galaxy M34,Smartphone,4,excellent form certainly range,AMAZON,14-08-2022 00:00
 Samsung Galaxy A34 ,Smartphone,4,bad state that fly ahead,amazon,29-06-2022 00:00
 Samsung Galaxy A14 ,Smartphone,5,not great student more color,flipkart,23-10-2022 00:00
Samsung Galaxy A14,Smartphone,4,bad thus tough ten drive,amazon,20-04-2024 00:00
Samsung Galaxy Z Fold5,Smartphone,4,very userfriendly interface,AMAZON,21-01-2024
Samsung Galaxy A34,Smartphone,3,waste of money law black when it deep,amazon,07-02-2022 00:00
Samsung Buds 2,Accessories,5,good,amazon,31-07-2024 00:00
Samsung Galaxy Tab S7 FE,Smartphone,4,excellent option growth population,FLIPKART,22-05-2023 00:00
Samsung Galaxy S22,Smartphone,5,excellent,amazon,06-10-2022 00:00
Samsung Galaxy Buds2,Smartphone,1,battery life could be better,amazon,28-03-2024
Samsung Galaxy M34,Smartphone,3,good issue slow performance,FLIPKART,15-03-2022 00:00
 Samsung Galaxy Tab A8 ,Smartphone,3,excellent owner same gas truth issue display flickering,AMAZON,23-12-2023 00:00
Samsung Galaxy A34,Smartphone,5,not great no threat cause possible exactly customer consumer,FLIPKART,24-09-2022 00:00
 Samsung Galaxy M14 ,Smartphone,3,waste of money issue display flickering,flipkart,30-11-2022 00:00
 Samsung Galaxy S21 FE ,Smartphone,3,excellent lay tough first wind property military issue charging problem,AMAZON,27-02-2024 00:00
Samsung Galaxy A14,Smartphone,5,bad life population plan hear glass wife season,flipkart,04-10-2022 00:00
 Samsung Galaxy Tab S7 FE ,Smartphone,5,excellent reveal ability tough population,amazon,08-08-2023 00:00
Samsung Galaxy M14,Smartphone,5,waste of money argue man sometimes build natural during political,amazon,23-06-2024 00:00
Samsung Galaxy S21 FE,Smartphone,4,not great drug maybe late mission relationship capital half whole,FLIPKART,30-01-2022 00:00
Samsung Galaxy A54,Smartphone,3,worth it issue display flickering,AMAZON,26-05-2023 00:00
Samsung Galaxy S23,Smartphone,5,average,AMAZON,04-06-2024 00:00
Samsung Galaxy Tab A8,Smartphone,5,not great after drug protect ago,FLIPKART,05-11-2024 00:00
 Samsung Galaxy Book 2 ,Smartphone,4,waste of money help wide join according,amazon,29-06-2024 00:00
Samsung Galaxy A54,Smartphone,3,excellent behavior after case painting expect issue battery draining fast,AMAZON,16-05-2023 00:00
 Samsung Galaxy Book 3 ,Smartphone,4,not great,FLIPKART,28-10-2023 00:00
Samsung Galaxy M14,Smartphone,4,good,flipkart,16-03-2023 00:00
Samsung Galaxy S21 FE,Smartphone,4,bad heart reveal executive,flipkart,23-03-2022 00:00
 Samsung Galaxy M53 ,Smartphone,3,bad issue overheating issue,AMAZON,08-08-2022 00:00
Samsung Galaxy Book 2,Smartphone,3,excellent interesting tree walk positive mind keep,FLIPKART,27-09-2022 00:00
 Samsung Galaxy S22 ,Smartphone,4,good,AMAZON,18-01-2024 00:00
Samsung Galaxy S21 FE,Smartphone,4,not great occur number according fact ask already dinner,FLIPKART,11-11-2022 00:00
 Samsung Galaxy M34 ,Smartphone,4,excellent ball including management skill,amazon,30-01-2022 00:00
Samsung Galaxy M34,Smartphone,3,average,flipkart,10-08-2022 00:00
 Samsung Galaxy Tab S7 FE ,Smartphone,5,worth it special himself share partner behind every imagine hundred,flipkart,12-05-2023 00:00
 Samsung Galaxy M53 ,Smartphone,4,not great,flipkart,04-03-2023 00:00
Samsung Washing Machine,Other,5,great value for money,FLIPKART,21-04-2024
 Samsung Galaxy S23 ,Smartphone,1,worth it late toward son dark issue battery draining fast,amazon,17-11-2024 00:00
Samsung Galaxy Tab S7 FE,Smartphone,5,waste of money public prepare probably would people born institution,flipkart,03-06-2023 00:00
 Samsung Galaxy A14 ,Smartphone,4,excellent head federal staff doctor ready when describe,flipkart,21-12-2023 00:00
Samsung Galaxy M34,Smartphone,3,excellent save exist join finish hotel say organization issue overheating issue,amazon,18-09-2022 00:00
Samsung Galaxy Book 3,Smartphone,2,waste of money around choice security station maintain suffer issue camera quality is poor,flipkart,31-08-2022 00:00
Samsung Galaxy A14,Smartphone,4,worth it place prove result sit,flipkart,06-01-2024 00:00
Samsung Galaxy S22,Smartphone,4,good medical your computer when risk bring bag,FLIPKART,15-12-2024 00:00
Samsung Galaxy A34,Smartphone,3,not great according building crime describe form seven tax issue camera quality is poor,amazon,21-04-2024 00:00
Samsung QLED TV,TV,1,not as expected returning it,FLIPKART,15-11-2024
 Samsung Galaxy M14 ,Smartphone,2,worth it better candidate building every guess remain issue camera quality is poor,FLIPKART,07-07-2022 00:00
Samsung Buds 2,Accessories,3,average issue slow performance,AMAZON,22-05-2024 00:00
Samsung Galaxy Tab S7 FE,Smartphone,2,waste of money from quality party,flipkart,18-05-2024 00:00
Samsung Buds Live,Accessories,4,good cold real page,amazon,20-11-2023 00:00
Samsung Galaxy A54,Smartphone,5,good responsibility tonight thus different several note,AMAZON,09-04-2024 00:00
Samsung Soundbar,Other,4,not as expected returning it,AMAZON,13-03-2023
Samsung Galaxy Tab S7 FE,Smartphone,5,bad concern cup daughter issue determine against,AMAZON,29-07-2024 00:00
Samsung Galaxy M14,Smartphone,3,worth it common fast policy leg issue camera quality is poor,amazon,13-09-2023 00:00
Samsung Galaxy S23,Smartphone,4,excellent skin security cultural section image modern science,FLIPKART,26-12-2022 00:00
Samsung Galaxy M34,Smartphone,3,excellent those by experience pressure somebody down issue camera quality is poor,amazon,15-05-2023 00:00
 Samsung Galaxy Tab S7 FE ,Smartphone,4,good nothing star take involve her,FLIPKART,11-03-2024 00:00
 Samsung Galaxy A14 ,Smartphone,4,bad leave last similar control catch turn concern,FLIPKART,18-12-2024 00:00
Samsung Galaxy S22,Smartphone,1,bad he describe maintain clear culture however today,FLIPKART,02-04-2024 00:00
Samsung Buds Live,Accessories,4,bad remember past development nearly professional,amazon,22-08-2023 00:00
 Samsung Galaxy S22 ,Smartphone,4,worth it natural herself test poor,flipkart,09-02-2023 00:00
 Samsung Galaxy S23 ,Smartphone,4,not great college on realize white somebody,flipkart,04-05-2022 00:00
 Samsung Galaxy S22 ,Smartphone,4,excellent so eye environment particularly series rather,amazon,06-07-2023 00:00
 Samsung Buds Live ,Accessories,5,not great always sort environmental major staff,FLIPKART,02-11-2022 00:00
Samsung Buds 2,Accessories,2,waste of money begin place notice art civil real yes,amazon,06-07-2024 00:00
Samsung Galaxy M34,Smartphone,2,worth it thing method toward leader century may listen issue camera quality is poor,FLIPKART,04-10-2024 00:00
Samsung Galaxy M14,Smartphone,4,waste of money property decade arrive participant character,flipkart,21-08-2022 00:00
 Samsung Galaxy Tab A8 ,Smartphone,3,excellent young reality civil issue camera quality is poor,FLIPKART,04-02-2022 00:00
Samsung Galaxy Watch6,Smartphone,5,great value for money,amazon,07-03-2024
Samsung Galaxy A34,Smartphone,4,waste of money strategy serve plant west ready three charge statement,FLIPKART,02-10-2022 00:00
 Samsung Galaxy Tab S7 FE ,Smartphone,4,worth it world trip player four writer positive,AMAZON,19-06-2023 00:00
 Samsung Refrigerator ,Other,2,very durable and reliable,AMAZON,02-10-2023
Samsung Galaxy M53,Smartphone,4,worth it,FLIPKART,25-04-2022 00:00
Samsung Galaxy M34,Smartphone,5,not great next resource firm institution material and,flipkart,25-02-2022 00:00
Samsung Galaxy A34,Smartphone,5,average have successful interest tree young network student,FLIPKART,08-12-2022 00:00
 Samsung Galaxy M34 ,Smartphone,3,average radio in sound kind anything charge article shoulder,AMAZON,08-03-2023 00:00
Samsung Charger 25W,Accessories,5,good,flipkart,30-01-2024 00:00
 Samsung Galaxy A34 ,Smartphone,4,waste of money line argue clear girl raise sit contain,flipkart,15-02-2022 00:00
Samsung Galaxy M34,Smartphone,4,excellent,flipkart,20-11-2023 00:00
Samsung Charger 25W,Accessories,3,excellent paper pm nice story issue slow performance,FLIPKART,18-02-2023 00:00
Samsung Buds 2,Accessories,3,waste of money issue display flickering,flipkart,16-06-2024 00:00
Samsung Buds 2,Accessories,5,excellent focus wind much here,flipkart,19-06-2023 00:00
 Samsung Galaxy Tab S7 FE ,Smartphone,5,waste of money treatment sell majority hard standard behind at,AMAZON,02-09-2024 00:00
Samsung Galaxy S22,Smartphone,5,bad participant three thousand charge huge,amazon,23-07-2023 00:00
 Samsung Galaxy Watch6 ,Smartphone,4,great value for money,flipkart,06-01-2025
 Samsung Galaxy S21 FE ,Smartphone,4,not great,flipkart,27-07-2024 00:00
Samsung Galaxy S21 FE,Smartphone,5,excellent teach bill because well several second,flipkart,13-09-2022 00:00
Samsung Galaxy Book 3,Smartphone,4,not great around me present form glass,flipkart,23-02-2023 00:00
Samsung Galaxy S22,Smartphone,1,not great perform effect what issue overheating issue,AMAZON,29-01-2024 00:00
Samsung Buds 2,Accessories,2,bad,amazon,24-12-2022 00:00
Samsung Refrigerator,Other,3,not as expected returning it,flipkart,13-11-2023
 Samsung Galaxy A34 ,Smartphone,1,worth it create skin free top child,FLIPKART,23-05-2022 00:00
Samsung Charger 25W,Accessories,5,good the sit successful drop grow,AMAZON,25-01-2024 00:00
Samsung Galaxy A34,Smartphone,5,waste of money,flipkart,14-02-2024 00:00
 Samsung Galaxy S22 ,Smartphone,2,average issue slow performance,AMAZON,15-10-2022 00:00
 Samsung Galaxy A34 ,Smartphone,2,waste of money issue charging problem,amazon,18-11-2022 00:00
Samsung Galaxy Tab S7 FE,Smartphone,4,excellent along test music,amazon,14-01-2022 00:00
Samsung Galaxy S23,Smartphone,4,waste of money contain fire east person rest morning trade have,FLIPKART,29-05-2022 00:00
Samsung Galaxy S23,Smartphone,4,delivery was delayed but the product is great,FLIPKART,03-03-2023
Samsung Galaxy A34,Smartphone,4,bad let look himself compare yourself play,FLIPKART,01-08-2023 00:00
Samsung Galaxy Book 3,Smartphone,5,worth it line much card trade,FLIPKART,02-10-2023 00:00
 Samsung Galaxy S21 FE ,Smartphone,3,excellent issue slow performance,flipkart,16-04-2022 00:00
Samsung Galaxy A14,Smartphone,4,not great spring fund different its reflect,AMAZON,20-10-2024 00:00
Samsung Galaxy Tab A8,Smartphone,5,waste of money,amazon,14-09-2023 00:00
Samsung Buds Live,Accessories,5,bad letter fly wonder city poor,amazon,20-09-2023 00:00
Samsung Galaxy S22,Smartphone,2,worth it sport born trade middle before new game over,amazon,30-07-2023 00:00
Samsung Buds Live,Accessories,4,waste of money nice stand animal owner face purpose,AMAZON,15-08-2024 00:00
Samsung Galaxy S22,Smartphone,4,waste of money race add while,flipkart,04-03-2022 00:00
 Samsung Air Conditioner ,Other,5,featurepacked and smooth experience,flipkart,21-08-2023
 Samsung Galaxy M14 ,Smartphone,3,bad admit nearly computer role woman argue issue slow performance,AMAZON,03-11-2023 00:00
Samsung Galaxy A14,Smartphone,4,waste of money account learn with of data,flipkart,20-02-2022 00:00
 Samsung Galaxy S22 ,Smartphone,3,excellent activity business century easy read issue camera quality is poor,AMAZON,25-06-2022 00:00
Samsung Galaxy Book 3,Smartphone,5,waste of money along party listen water film discussion wide year,flipkart,21-09-2024 00:00
Samsung Galaxy M14,Smartphone,4,bad during professional doctor beyond short company peace,amazon,15-04-2023 00:00
Samsung Galaxy Book 3,Smartphone,1,good father create audience under anything worry,amazon,30-10-2023 00:00
 Samsung Galaxy M14 ,Smartphone,3,excellent style player manage free issue charging problem,AMAZON,10-07-2024 00:00
 Samsung Buds 2 ,Accessories,5,worth it cell west television bank floor,flipkart,28-05-2023 00:00
 Samsung Galaxy Z Fold5 ,Smartphone,2,good for basic usage,AMAZON,24-03-2023
Samsung Galaxy Book 3,Smartphone,2,bad statement american increase force member radio item issue display flickering,AMAZON,06-08-2024 00:00
Samsung Galaxy S21 FE,Smartphone,4,bad republican all similar suddenly public,AMAZON,19-09-2022 00:00
Samsung Galaxy A54,Smartphone,1,worth it so model seven major star pull apply issue camera quality is poor,AMAZON,22-06-2022 00:00
 Samsung Galaxy Tab S7 FE ,Smartphone,4,excellent throw put stand attention drive where,AMAZON,07-08-2024 00:00
Samsung Charger 25W,Accessories,4,worth it industry here them because,amazon,24-01-2024 00:00
Samsung Galaxy Buds2,Smartphone,5,not as expected returning it,amazon,11-03-2023
 Samsung Galaxy M34 ,Smartphone,1,not great issue display flickering,amazon,24-09-2022 00:00
Samsung Galaxy Watch6,Smartphone,2,speaker quality is amazing,amazon,04-02-2024
Samsung Buds 2,Accessories,4,good benefit give there stand think receive ok dark,flipkart,22-04-2023 00:00
Samsung Galaxy M14,Smartphone,1,good issue camera quality is poor,FLIPKART,29-07-2022 00:00
Samsung Galaxy A54,Smartphone,3,average hour conference save understand issue slow performance,amazon,23-11-2023 00:00
Samsung Galaxy Tab S7 FE,Smartphone,4,excellent threat rather two paper something authority,FLIPKART,18-09-2023 00:00
Samsung Galaxy S23,Smartphone,4,waste of money company ok event,amazon,02-11-2024 00:00
 Samsung Charger 25W ,Accessories,4,waste of money baby agent couple heavy serve,flipkart,21-11-2022 00:00
Samsung Galaxy A54,Smartphone,3,average society green officer plant community,FLIPKART,28-05-2024 00:00
 Samsung Soundbar ,Other,5,performance is topnotch,FLIPKART,06-08-2024
Samsung Galaxy Tab A8,Smartphone,5,excellent work same lot purpose street,AMAZON,19-07-2024 00:00
Samsung Galaxy A14,Smartphone,5,average camera apply wind from imagine anything and,amazon,26-07-2024 00:00
Samsung Galaxy Tab S7 FE,Smartphone,5,good song science center,FLIPKART,01-08-2023 00:00
Samsung Galaxy Tab S7 FE,Smartphone,4,not great both only effect rich need song anything,flipkart,05-09-2024 00:00
Samsung Galaxy Tab A8,Smartphone,5,average she save hair across explain affect,amazon,12-06-2023 00:00
Samsung Galaxy S23,Smartphone,3,waste of money issue battery draining fast,AMAZON,12-07-2022 00:00
Samsung Galaxy A34,Smartphone,4,bad represent firm mouth body,flipkart,27-02-2022 00:00
 Samsung Charger 25W ,Accessories,4,worth it scientist represent serve include answer mean performance,amazon,01-08-2022 00:00
Samsung Buds 2,Accessories,4,excellent,flipkart,18-10-2022 00:00
Samsung Galaxy S22,Smartphone,5,not great sing person role i,FLIPKART,21-02-2024 00:00
 Samsung Buds Live ,Accessories,2,excellent issue camera quality is poor,FLIPKART,22-01-2022 00:00
Samsung Galaxy S22,Smartphone,2,software updates are slow,AMAZON,19-04-2023
Samsung Charger 25W,Accessories,4,not great already best event gas floor kid,flipkart,26-12-2024 00:00
Samsung Charger 25W,Accessories,5,excellent deep media home yes,amazon,19-02-2024 00:00
Samsung Refrigerator,Other,4,software updates are slow,flipkart,18-09-2024
Samsung Galaxy M53,Smartphone,4,excellent market avoid each wonder pretty strategy collection various,amazon,09-04-2024 00:00
Samsung Galaxy A34,Smartphone,4,average sign rate shake hotel style contain rock vote,amazon,20-07-2022 00:00
Samsung Galaxy A14,Smartphone,1,good scene trade study manage develop various success glass,amazon,25-10-2024 00:00
Samsung Galaxy A34,Smartphone,5,good,flipkart,04-11-2022 00:00
Samsung Galaxy A14,Smartphone,3,bad my hospital race issue battery draining fast,amazon,10-09-2022 00:00
 Samsung Buds 2 ,Accessories,5,excellent sense develop seem call government five mrs,AMAZON,25-04-2022 00:00
Samsung Galaxy S21 FE,Smartphone,5,excellent measure theory ago bank half,AMAZON,03-01-2023 00:00
 Samsung Buds Live ,Accessories,4,good far firm program example prevent lot,amazon,17-08-2024 00:00
Samsung Galaxy S21 FE,Smartphone,5,bad through president talk traditional stop new goal,flipkart,10-04-2022 00:00
Samsung Galaxy M14,Smartphone,3,not great garden another real great issue battery draining fast,amazon,30-03-2022 00:00
 Samsung Buds Live ,Accessories,3,average technology last science director candidate issue slow performance,flipkart,16-10-2023 00:00
Samsung Galaxy A14,Smartphone,3,waste of money read point per notice nearly just it issue charging problem,FLIPKART,02-01-2023 00:00
Samsung Galaxy A14,Smartphone,2,average huge life how performance hard issue display flickering,flipkart,01-06-2022 00:00
Samsung Galaxy S22,Smartphone,3,bad,amazon,13-04-2022 00:00
Samsung Galaxy M53,Smartphone,4,bad,flipkart,04-10-2024 00:00
Samsung Galaxy Tab S7 FE,Smartphone,4,average including product test find have,AMAZON,21-10-2023 00:00
Samsung Galaxy Book 3,Smartphone,4,worth it boy health discuss let shake well itself ago,AMAZON,12-09-2023 00:00
 Samsung Galaxy S23 ,Smartphone,5,excellent table good citizen them ability special anything,amazon,06-02-2022 00:00
 Samsung Galaxy Tab S7 FE ,Smartphone,2,bad issue display flickering,amazon,12-08-2023 00:00
Samsung Galaxy S22,Smartphone,1,not great station green bar home research issue overheating issue,AMAZON,21-06-2023 00:00
Samsung Galaxy A14,Smartphone,2,average issue charging problem,FLIPKART,28-12-2022 00:00
Samsung Galaxy M34,Smartphone,3,excellent close action which defense hand fall issue slow performance,amazon,22-03-2023 00:00
Samsung Galaxy A14,Smartphone,2,waste of money family wind sport everyone may issue charging problem,flipkart,13-02-2024 00:00
Samsung Galaxy M53,Smartphone,4,excellent white institution my stock important,amazon,29-04-2023 00:00
Samsung Galaxy S23,Smartphone,5,worth it good teacher environment process deal,flipkart,04-08-2022 00:00
 Samsung Charger 25W ,Accessories,4,bad effort response nearly edge save tv,AMAZON,04-11-2023 00:00
 Samsung Buds Live ,Accessories,5,bad address american find since,AMAZON,07-04-2022 00:00
 Samsung Galaxy S21 FE ,Smartphone,4,not great fire blue believe design,amazon,18-04-2024 00:00
Samsung Galaxy S23,Smartphone,3,worth it tax gas paper benefit,amazon,19-11-2023 00:00
Samsung Charger 25W,Accessories,4,worth it investment our here nation,amazon,16-07-2022 00:00
 Samsung Galaxy Tab A8 ,Smartphone,4,excellent admit everybody audience understand,flipkart,26-02-2024 00:00
Samsung Galaxy Tab S7 FE,Smartphone,2,waste of money enough amount expert sell among consider hundred south issue overheating issue,AMAZON,30-10-2024 00:00
Samsung Galaxy Tab A8,Smartphone,1,good we outside contain never fill type field official issue battery draining fast,amazon,16-08-2024 00:00
Samsung Galaxy S22,Smartphone,4,worth it choose arm southern seven car beat,FLIPKART,04-06-2024 00:00
 Samsung Galaxy S21 FE ,Smartphone,2,not great issue display flickering,amazon,26-03-2023 00:00
Samsung Charger 25W,Accessories,3,excellent knowledge avoid factor mission well every discover,amazon,22-09-2024 00:00
 Samsung Galaxy Book 3 ,Smartphone,3,worth it issue battery draining fast,FLIPKART,23-05-2024 00:00
Samsung Buds 2,Accessories,4,average,flipkart,27-05-2024 00:00
Samsung Galaxy M53,Smartphone,3,bad issue battery draining fast,amazon,26-12-2023 00:00
 Samsung Buds Live ,Accessories,4,average music national either,FLIPKART,28-08-2023 00:00
Samsung Galaxy Z Fold5,Smartphone,3,nice product but a bit overpriced,AMAZON,08-06-2023
Samsung Galaxy M53,Smartphone,2,average stage attorney environment pay idea issue slow performance,FLIPKART,27-09-2022 00:00
Samsung Galaxy S23,Smartphone,4,disappointed with the customer service,flipkart,15-02-2023
 Samsung Galaxy Tab S7 FE ,Smartphone,4,good safe sit carry discussion need doctor,FLIPKART,25-01-2022 00:00
Samsung Galaxy Tab S7 FE,Smartphone,5,worth it,AMAZON,08-08-2024 00:00
Samsung Galaxy M34,Smartphone,3,not great history about member let task discuss issue display flickering,AMAZON,17-11-2022 00:00
 Samsung Galaxy S22 ,Smartphone,3,worth it through life imagine phone low article issue charging problem,amazon,19-10-2022 00:00
Samsung Galaxy S21 FE,Smartphone,4,bad idea pattern information carry wonder,amazon,03-01-2022 00:00
Samsung Galaxy A54,Smartphone,5,excellent participant happy respond first,flipkart,13-12-2023 00:00
 Samsung Galaxy Watch6 ,Smartphone,1,love the camera quality,FLIPKART,16-09-2024
Samsung Galaxy M53,Smartphone,4,not great many foot start four woman fly sea,AMAZON,17-05-2022 00:00
 Samsung Galaxy A34 ,Smartphone,4,average too mind explain allow still,FLIPKART,14-01-2023 00:00
 Samsung Charger 25W ,Accessories,5,not great able almost carry price box,AMAZON,16-07-2024 00:00
Samsung Galaxy Tab A8,Smartphone,1,average son visit case couple animal of,amazon,20-01-2024 00:00
 Samsung Buds 2 ,Accessories,5,bad receive agree sea,FLIPKART,15-06-2022 00:00
Samsung Galaxy A34,Smartphone,5,bad look positive world discussion very outside,amazon,23-10-2024 00:00
Samsung Galaxy A54,Smartphone,4,not great six free list person along network,amazon,02-02-2022 00:00
Samsung Galaxy Tab S7 FE,Smartphone,5,waste of money central mission employee allow performance story agreement go,FLIPKART,03-10-2023 00:00
 Samsung Galaxy M34 ,Smartphone,2,bad issue battery draining fast,amazon,14-08-2022 00:00
 Samsung Galaxy M34 ,Smartphone,4,waste of money woman matter meet compare,amazon,29-11-2023 00:00
Samsung Galaxy Tab A8,Smartphone,5,waste of money account their third,flipkart,24-05-2022 00:00
 Samsung Galaxy Book 3 ,Smartphone,5,waste of money difficult discover car heart,FLIPKART,17-03-2023 00:00
 Samsung Galaxy A14 ,Smartphone,4,waste of money car support up view senior treat production,amazon,14-05-2023 00:00
Samsung Galaxy Tab A8,Smartphone,3,waste of money big bring new fine manager put perhaps issue slow performance,amazon,31-10-2022 00:00
Samsung Galaxy S21 FE,Smartphone,3,bad,amazon,01-02-2022 00:00
 Samsung Galaxy A34 ,Smartphone,4,good,FLIPKART,16-09-2024 00:00
 Samsung Galaxy M53 ,Smartphone,3,bad medical clear everything believe congress hot girl,flipkart,30-03-2024 00:00
Samsung Galaxy M53,Smartphone,5,waste of money create difficult them father case,AMAZON,06-04-2022 00:00
Samsung Galaxy Tab S7 FE,Smartphone,4,not great few article research,amazon,27-05-2022 00:00
Samsung Charger 25W,Accessories,4,not great,amazon,05-08-2024 00:00
 Samsung Air Conditioner ,Other,2,not as expected returning it,AMAZON,17-03-2024
 Samsung Galaxy A54 ,Smartphone,4,not great six price young parent,flipkart,02-11-2023 00:00
Samsung Galaxy M34,Smartphone,4,good interview late back interesting laugh,flipkart,02-03-2024 00:00
Samsung Galaxy A34,Smartphone,4,average financial evidence fall oil dog upon,AMAZON,25-01-2022 00:00
 Samsung Galaxy Book 3 ,Smartphone,3,excellent your quickly go new pick cut physical,amazon,05-03-2022 00:00
Samsung Galaxy A54,Smartphone,5,not great i sport when pull,AMAZON,22-06-2023 00:00
Samsung Galaxy Tab S7 FE,Smartphone,5,worth it so phone thought him beat understand,flipkart,25-08-2023 00:00
Samsung Galaxy A54,Smartphone,4,worth it then sit prevent window mr reach break,FLIPKART,12-11-2023 00:00
Samsung Galaxy Book 2,Smartphone,4,bad month film choice base offer religious,amazon,08-05-2024 00:00
Samsung Buds Live,Accessories,5,not great particularly traditional best why go pick,flipkart,11-08-2022 00:00
Samsung Galaxy M34,Smartphone,4,not great hear develop wear add debate natural,AMAZON,07-07-2022 00:00
 Samsung Galaxy A14 ,Smartphone,4,bad,flipkart,26-02-2022 00:00
Samsung Charger 25W,Accessories,4,average concern beautiful war design,amazon,03-02-2024 00:00
Samsung Charger 25W,Accessories,1,bad until focus social kitchen issue camera quality is poor,FLIPKART,16-04-2024 00:00
 Samsung Galaxy S21 FE ,Smartphone,4,average economy in baby light,amazon,26-04-2023 00:00
 Samsung Galaxy A54 ,Smartphone,4,good human heavy strategy,flipkart,07-03-2024 00:00
Samsung Galaxy A54,Smartphone,4,excellent,flipkart,01-11-2024 00:00
 Samsung Galaxy S22 ,Smartphone,4,excellent believe establish leg recently open represent,AMAZON,03-06-2022 00:00
Samsung Galaxy M14,Smartphone,1,worth it law turn approach argue much staff issue camera quality is poor,AMAZON,17-05-2023 00:00
 Samsung Galaxy Tab A8 ,Smartphone,3,not great be control until toward interest job represent begin issue battery draining fast,FLIPKART,21-07-2022 00:00
Samsung Washing Machine,Other,1,heats up sometimes during heavy usage,FLIPKART,31-01-2023
Samsung Galaxy Book 2,Smartphone,4,not great state approach address worry war job news since,flipkart,14-01-2024 00:00
Samsung Galaxy Tab A8,Smartphone,4,average thing certainly thus ten million home simply,AMAZON,08-06-2023 00:00
 Samsung Galaxy Book 2 ,Smartphone,2,excellent issue camera quality is poor,amazon,12-10-2023 00:00
 Samsung Buds Live ,Accessories,5,worth it meeting real good century discover art attorney hold,AMAZON,04-02-2022 00:00
 Samsung Galaxy S21 FE ,Smartphone,2,excellent official serious play by issue camera quality is poor,flipkart,30-12-2024 00:00
Samsung Galaxy A54,Smartphone,1,waste of money indeed gas computer remain understand,FLIPKART,25-11-2024 00:00
Samsung Galaxy Tab A8,Smartphone,2,waste of money with service check participant what reveal result,flipkart,21-06-2022 00:00
Samsung Galaxy A34,Smartphone,2,waste of money foreign baby field miss nature trouble,flipkart,17-12-2024 00:00
Samsung Galaxy A14,Smartphone,4,average prevent old pattern over claim,FLIPKART,22-07-2024 00:00
Samsung Galaxy Tab A8,Smartphone,5,worth it among place oil reduce table foreign,amazon,05-10-2024 00:00
Samsung Galaxy S22,Smartphone,5,bad role should share treatment explain short your,amazon,26-12-2024 00:00
Samsung Charger 25W,Accessories,5,bad view important thought,amazon,07-06-2022 00:00
 Samsung Galaxy A34 ,Smartphone,3,worth it their ahead role us between issue display flickering,AMAZON,26-07-2024 00:00
Samsung Buds 2,Accessories,5,good,amazon,08-09-2024 00:00
Samsung Galaxy M14,Smartphone,5,excellent hot consider but suggest free,AMAZON,26-08-2022 00:00
Samsung Galaxy Book 2,Smartphone,4,average firm true this end tough,amazon,28-10-2023 00:00
Samsung Charger 25W,Accessories,4,not great,amazon,14-10-2023 00:00
Samsung Galaxy M34,Smartphone,1,worth it finish hard right about,amazon,25-07-2023 00:00
Samsung Buds 2,Accessories,4,average tree talk candidate safe value,flipkart,21-07-2022 00:00
 Samsung Galaxy M53 ,Smartphone,4,not great executive home nor former,AMAZON,02-09-2023 00:00
Samsung Galaxy Tab S7 FE,Smartphone,4,good action deep affect,FLIPKART,19-10-2022 00:00
Samsung Galaxy A14,Smartphone,5,good phone open paper improve mr serve away rate,FLIPKART,30-09-2024 00:00
Samsung Galaxy M14,Smartphone,5,average peace general lead,amazon,12-03-2023 00:00
Samsung Galaxy M14,Smartphone,2,good beyond old reach industry such bed different require,flipkart,10-10-2024 00:00
Samsung Galaxy M14,Smartphone,3,average issue battery draining fast,FLIPKART,12-03-2023 00:00
 Samsung Galaxy S21 FE ,Smartphone,5,not great different long maybe time huge,AMAZON,07-10-2022 00:00
Samsung Galaxy S22,Smartphone,4,worth it box feeling dark great relate official,AMAZON,09-04-2023 00:00
Samsung Galaxy A54,Smartphone,4,bad,FLIPKART,07-01-2024 00:00
Samsung Galaxy M34,Smartphone,4,good,amazon,21-08-2024 00:00
 Samsung Galaxy S22 ,Smartphone,4,excellent,FLIPKART,07-07-2023 00:00
Samsung Buds Live,Accessories,2,average be body my politics issue display flickering,AMAZON,19-09-2022 00:00
Samsung Galaxy Tab A8,Smartphone,5,excellent style or list,FLIPKART,29-04-2023 00:00
Samsung Galaxy Watch6,Smartphone,4,disappointed with the customer service,amazon,31-03-2024
Samsung Galaxy S21 FE,Smartphone,4,waste of money public same south war,FLIPKART,03-07-2024 00:00
Samsung Galaxy M14,Smartphone,1,average voice book agent well network address reach issue overheating issue,amazon,25-01-2022 00:00
Samsung Galaxy M53,Smartphone,1,waste of money issue camera quality is poor,flipkart,22-10-2022 00:00
Samsung Galaxy A34,Smartphone,3,bad fact range main think read religious,AMAZON,11-06-2022 00:00
 Samsung Galaxy M34 ,Smartphone,5,not great,amazon,23-04-2023 00:00
Samsung Galaxy Book 3,Smartphone,4,not great,amazon,05-02-2024 00:00
Samsung Galaxy S21 FE,Smartphone,1,excellent minute energy list issue charging problem,amazon,26-07-2022 00:00
 Samsung Galaxy M34 ,Smartphone,2,bad arm available sell,flipkart,17-11-2024 00:00
Samsung Buds 2,Accessories,4,worth it discussion condition when anything,AMAZON,23-08-2022 00:00
 Samsung Galaxy Tab S7 FE ,Smartphone,3,bad generation star produce may might,amazon,13-10-2024 00:00
Samsung Galaxy Tab A8,Smartphone,2,not great town become recognize money issue display flickering,FLIPKART,16-08-2024 00:00
Samsung Galaxy S23,Smartphone,3,not great movie cover he against phone son exist,amazon,08-05-2024 00:00
Samsung Galaxy Book 3,Smartphone,5,excellent,FLIPKART,04-07-2022 00:00
 Samsung Galaxy Book 3 ,Smartphone,2,not great issue battery draining fast,flipkart,22-01-2022 00:00
Samsung Galaxy A54,Smartphone,3,average wish recently everybody participant performance point sell standard issue charging problem,FLIPKART,15-05-2022 00:00
Samsung Galaxy M14,Smartphone,3,good stuff physical chair perform daughter expert,FLIPKART,27-11-2023 00:00
Samsung Galaxy Tab A8,Smartphone,4,average door plan piece later true what still,flipkart,04-02-2023 00:00
 Samsung Galaxy Book 2 ,Smartphone,4,good feeling later whose personal,AMAZON,19-04-2023 00:00
 Samsung Galaxy Book 2 ,Smartphone,1,not great realize run very red design kid hold issue battery draining fast,FLIPKART,12-07-2024 00:00
 Samsung Galaxy M53 ,Smartphone,4,waste of money information center join trade,amazon,27-10-2024 00:00
Samsung Galaxy A54,Smartphone,3,average issue display flickering,FLIPKART,01-03-2024 00:00
Samsung Buds 2,Accessories,4,worth it,flipkart,15-08-2023 00:00
Samsung Galaxy M34,Smartphone,4,bad beyond success bar this party factor,flipkart,18-01-2023 00:00
Samsung Galaxy M53,Smartphone,5,not great recent item source blood each ahead throw,FLIPKART,26-11-2023 00:00
 Samsung Charger 25W ,Accessories,4,average international stop maybe strategy behind have,flipkart,26-10-2023 00:00
Samsung Galaxy A34,Smartphone,4,waste of money kid forward entire station,flipkart,23-01-2024 00:00
 Samsung Charger 25W ,Accessories,1,bad issue battery draining fast,AMAZON,09-04-2024 00:00
Samsung Buds 2,Accessories,3,excellent billion produce soon republican check pattern,AMAZON,15-05-2022 00:00
Samsung Galaxy S22,Smartphone,3,waste of money issue charging problem,flipkart,28-09-2024 00:00
Samsung Galaxy A14,Smartphone,5,not great like without everyone yet least safe that,AMAZON,09-04-2023 00:00
Samsung Galaxy Book 2,Smartphone,1,not great want staff off interesting draw ready market after,AMAZON,18-10-2024 00:00
Samsung Galaxy Tab A8,Smartphone,4,waste of money price federal any soon,AMAZON,23-04-2022 00:00
Samsung Galaxy M53,Smartphone,3,waste of money window future commercial yeah issue overheating issue,AMAZON,21-06-2024 00:00
Samsung Galaxy S21 FE,Smartphone,3,average issue overheating issue,AMAZON,21-03-2023 00:00
Samsung Galaxy A14,Smartphone,4,waste of money defense much home recently measure most,amazon,11-08-2022 00:00
Samsung Galaxy Book 2,Smartphone,1,bad town sit about plan citizen,FLIPKART,16-10-2022 00:00
 Samsung Galaxy M53 ,Smartphone,3,waste of money issue slow performance,AMAZON,10-11-2023 00:00
 Samsung Galaxy A34 ,Smartphone,4,not great front million add population point over protect,amazon,02-02-2022 00:00
Samsung Galaxy S23,Smartphone,5,not great show three rich end already,amazon,16-10-2024 00:00
Samsung Charger 25W,Accessories,4,bad worry sea there air seven less,amazon,16-02-2023 00:00
 Samsung Galaxy Buds2 ,Smartphone,5,very userfriendly interface,AMAZON,25-04-2024
Samsung Galaxy A34,Smartphone,3,bad chance need others issue overheating issue,flipkart,25-03-2023 00:00
Samsung Buds 2,Accessories,5,not great sister follow pass young series commercial do,amazon,24-04-2022 00:00
Samsung Galaxy S21 FE,Smartphone,4,excellent generation point go without trouble strong same yet,flipkart,20-10-2023 00:00
Samsung Galaxy Book 3,Smartphone,5,average,AMAZON,17-12-2024 00:00
 Samsung Buds 2 ,Accessories,3,bad range deal material expert center issue slow performance,AMAZON,14-01-2024 00:00
Samsung QLED TV,TV,4,love the camera quality,FLIPKART,14-01-2024
 Samsung Galaxy Tab A8 ,Smartphone,4,not great,flipkart,27-01-2024 00:00
 Samsung Galaxy S22 ,Smartphone,5,bad defense tend marriage film,amazon,20-09-2024 00:00
 Samsung Buds Live ,Accessories,1,waste of money,AMAZON,07-10-2022 00:00
 Samsung Washing Machine ,Other,2,highly recommend to others,AMAZON,21-10-2023
Samsung Galaxy Book 3,Smartphone,4,good itself force decide sit hundred administration,FLIPKART,11-09-2024 00:00
Samsung Galaxy A54,Smartphone,2,nice product but a bit overpriced,FLIPKART,07-04-2023
Samsung Galaxy S21 FE,Smartphone,5,waste of money president coach each owner,amazon,07-08-2023 00:00
Samsung Galaxy A14,Smartphone,4,excellent black pattern whom give,amazon,08-07-2024 00:00
Samsung Galaxy S23,Smartphone,2,great value for money,flipkart,29-02-2024
Samsung Galaxy S23,Smartphone,4,excellent,flipkart,09-01-2023 00:00
Samsung Galaxy Tab S7 FE,Smartphone,4,excellent,FLIPKART,13-04-2022 00:00
 Samsung Buds 2 ,Accessories,4,waste of money dog debate consider,FLIPKART,14-10-2023 00:00
 Samsung Galaxy M53 ,Smartphone,4,good,FLIPKART,21-07-2022 00:00
Samsung Soundbar,Other,5,nice product but a bit overpriced,FLIPKART,14-04-2024
Samsung Galaxy Tab S7 FE,Smartphone,2,good dinner pressure half size budget issue slow performance,amazon,18-01-2022 00:00
Samsung Galaxy S23,Smartphone,4,good,FLIPKART,04-08-2024 00:00
 Samsung Galaxy M34 ,Smartphone,2,excellent he it miss tree issue battery draining fast,AMAZON,31-03-2022 00:00
 Samsung Galaxy S21 FE ,Smartphone,4,average stage senior simply,amazon,28-04-2022 00:00
Samsung Buds 2,Accessories,2,not great information finally smile particularly issue overheating issue,FLIPKART,03-03-2024 00:00
Samsung Galaxy A54,Smartphone,5,not great account exactly site still wear whose news,FLIPKART,09-12-2024 00:00
 Samsung Buds Live ,Accessories,5,not great,amazon,07-04-2024 00:00
 Samsung Galaxy S21 FE ,Smartphone,3,worth it issue camera quality is poor,flipkart,08-07-2024 00:00
 Samsung Galaxy A54 ,Smartphone,5,worth it,FLIPKART,22-02-2024 00:00
Samsung Galaxy S21 FE,Smartphone,4,bad pull box wide,amazon,01-05-2023 00:00
Samsung Galaxy M34,Smartphone,4,not great return hand his exactly leader,flipkart,23-11-2023 00:00
Samsung Galaxy S22,Smartphone,4,not great page region manager charge,amazon,12-05-2023 00:00
Samsung Buds 2,Accessories,5,not great strategy catch ok radio drug class dog,FLIPKART,22-03-2022 00:00
Samsung Galaxy S21 FE,Smartphone,4,excellent even fact anything,amazon,01-05-2023 00:00
 Samsung Buds 2 ,Accessories,4,waste of money,FLIPKART,11-10-2024 00:00
Samsung Galaxy S22,Smartphone,4,average,AMAZON,17-04-2023 00:00
Samsung Buds 2,Accessories,4,not great career chair word add no,FLIPKART,23-06-2022 00:00
Samsung Galaxy S23,Smartphone,1,waste of money television modern newspaper pull identify sort,amazon,22-01-2024 00:00
Samsung Galaxy Tab A8,Smartphone,4,waste of money condition though from inside happy food discuss,AMAZON,06-04-2022 00:00
 Samsung Galaxy S21 FE ,Smartphone,4,average participant enjoy assume modern,amazon,15-01-2022 00:00
 Samsung QLED TV ,TV,2,software updates are slow,flipkart,21-09-2024
 Samsung Galaxy A54 ,Smartphone,3,worth it hundred imagine against maybe whom,amazon,25-11-2022 00:00
Samsung Galaxy Tab A8,Smartphone,4,good memory could old lay kitchen majority people,amazon,12-04-2024 00:00
Samsung Galaxy S22,Smartphone,4,good look phone police stage conference course building,FLIPKART,05-12-2024 00:00
Samsung Galaxy Tab A8,Smartphone,5,not great table agent despite resource,FLIPKART,12-09-2022 00:00
Samsung Galaxy Tab S7 FE,Smartphone,5,average hand both positive where deep you,AMAZON,01-10-2023 00:00
Samsung Galaxy M34,Smartphone,4,not great,AMAZON,02-07-2024 00:00
Samsung Galaxy M53,Smartphone,4,good pull south remain house organization,AMAZON,24-09-2023 00:00
 Samsung Galaxy A34 ,Smartphone,5,good hot system position suffer son ok,AMAZON,20-05-2023 00:00
Samsung Galaxy Tab A8,Smartphone,5,good recently within single along decide,FLIPKART,29-06-2022 00:00
Samsung Galaxy M14,Smartphone,1,average issue battery draining fast,AMAZON,30-05-2023 00:00
 Samsung Galaxy Book 3 ,Smartphone,4,bad voice drive day story nature,amazon,27-03-2023 00:00
Samsung Galaxy A54,Smartphone,2,waste of money whose try president smile yard office issue slow performance,FLIPKART,27-05-2024 00:00
Samsung Galaxy A14,Smartphone,4,bad push hospital seven likely individual red,flipkart,14-06-2024 00:00
 Samsung Galaxy M53 ,Smartphone,5,excellent,AMAZON,11-06-2023 00:00
Samsung Galaxy A14,Smartphone,4,worth it describe sea learn contain,AMAZON,14-02-2022 00:00
Samsung Galaxy S21 FE,Smartphone,3,not great issue display flickering,flipkart,29-10-2023 00:00
 Samsung Galaxy Tab A8 ,Smartphone,4,bad phone effect land myself plant,amazon,12-12-2022 00:00
Samsung Buds 2,Accessories,3,bad issue display flickering,amazon,24-03-2024 00:00
 Samsung Galaxy Tab S7 FE ,Smartphone,3,good tonight attack executive cold then line benefit issue camera quality is poor,amazon,08-11-2022 00:00
Samsung Galaxy M14,Smartphone,4,good data government black low exist,flipkart,09-05-2024 00:00
Samsung Galaxy Tab A8,Smartphone,1,excellent option many woman whether chance order,flipkart,13-03-2024 00:00
Samsung Charger 25W,Accessories,4,waste of money far network forget late information,flipkart,13-09-2022 00:00
Samsung Galaxy A14,Smartphone,4,excellent,FLIPKART,24-08-2024 00:00
Samsung Galaxy M53,Smartphone,3,not great issue display flickering,FLIPKART,27-05-2022 00:00
 Samsung Galaxy S22 ,Smartphone,5,good,AMAZON,02-04-2024 00:00
 Samsung Soundbar ,Other,2,good for basic usage,flipkart,16-02-2023
Samsung Galaxy S22,Smartphone,5,good,AMAZON,18-06-2024 00:00
Samsung Galaxy Book 3,Smartphone,2,excellent issue overheating issue,flipkart,23-08-2024 00:00
Samsung Galaxy A34,Smartphone,3,bad ball politics meeting bank bed first fine issue battery draining fast,AMAZON,09-07-2023 00:00
Samsung Galaxy Tab A8,Smartphone,1,not great can sing during campaign head strong hear whom issue battery draining fast,FLIPKART,09-04-2023 00:00
 Samsung Galaxy Watch6 ,Smartphone,2,good for basic usage,amazon,26-10-2024
Samsung Galaxy Tab S7 FE,Smartphone,4,waste of money pretty black open large present beyond,flipkart,14-12-2023 00:00
Samsung Galaxy A34,Smartphone,4,worth it yard century happen close campaign report environmental,AMAZON,03-11-2024 00:00
Samsung Charger 25W,Accessories,4,waste of money yard fight drug cost evening,amazon,16-10-2024 00:00
Samsung Galaxy Tab S7 FE,Smartphone,3,bad answer foot trade indeed nation issue camera quality is poor,flipkart,16-07-2024 00:00
 Samsung Air Conditioner ,Other,1,very userfriendly interface,amazon,20-01-2024
Samsung Galaxy A14,Smartphone,4,good indeed difficult expect reach too could politics,flipkart,19-05-2023 00:00
Samsung Galaxy A14,Smartphone,4,bad wait high half turn claim,AMAZON,12-06-2024 00:00
Samsung Galaxy A54,Smartphone,1,not as expected returning it,amazon,18-12-2024
Samsung Galaxy S23,Smartphone,2,good possible seat everything into oil grow long,flipkart,04-01-2022 00:00
Samsung Buds Live,Accessories,5,bad wonder nor operation opportunity lead involve note,flipkart,06-01-2022 00:00
 Samsung Galaxy M34 ,Smartphone,4,good movie south he,FLIPKART,17-11-2024 00:00
 Samsung Galaxy M14 ,Smartphone,4,worth it themselves head war whether appear throw,AMAZON,20-07-2024 00:00
Samsung Charger 25W,Accessories,4,excellent family happy able another business,flipkart,30-05-2022 00:00
 Samsung Galaxy A14 ,Smartphone,4,excellent commercial protect current treatment thing,amazon,18-07-2024 00:00
 Samsung Buds 2 ,Accessories,2,bad,AMAZON,27-05-2022 00:00
Samsung Galaxy Tab S7 FE,Smartphone,3,good information activity college issue slow performance,flipkart,15-10-2023 00:00
 Samsung Galaxy Book 3 ,Smartphone,3,average cell various answer standard issue display flickering,flipkart,19-09-2024 00:00
 Samsung Galaxy S23 ,Smartphone,5,excellent sing with quite your husband property if,FLIPKART,19-02-2023 00:00
 Samsung Galaxy M34 ,Smartphone,3,good understand however type century wife affect,flipkart,29-04-2022 00:00
 Samsung Galaxy S21 FE ,Smartphone,4,waste of money reveal base system military,flipkart,07-07-2022 00:00
Samsung Crystal UHD TV,TV,3,nice product but a bit overpriced,flipkart,01-05-2023
Samsung Galaxy S23,Smartphone,4,average face fear where information tell camera south role,AMAZON,08-01-2023 00:00
 Samsung Galaxy Tab S7 FE ,Smartphone,4,waste of money church world them technology decade garden,FLIPKART,04-04-2022 00:00
Samsung Soundbar,Other,1,good for basic usage,AMAZON,22-08-2023
Samsung Galaxy M53,Smartphone,5,bad right appear field recognize community painting energy,flipkart,12-01-2022 00:00
Samsung Charger 25W,Accessories,3,good quickly authority character staff usually,FLIPKART,18-10-2022 00:00
 Samsung Charger 25W ,Accessories,2,not great name leader plant gun issue camera quality is poor,AMAZON,04-10-2023 00:00
 Samsung Galaxy A14 ,Smartphone,1,worth it a discover reality less issue slow performance,AMAZON,14-09-2024 00:00
Samsung Galaxy M34,Smartphone,3,excellent civil difficult own fill economic power issue overheating issue,flipkart,13-04-2024 00:00
 Samsung Galaxy A14 ,Smartphone,5,waste of money citizen parent effort involve everyone billion,amazon,25-03-2022 00:00
Samsung Galaxy M34,Smartphone,4,good that do social worker worry yard improve,flipkart,01-07-2024 00:00
Samsung Galaxy M14,Smartphone,5,excellent figure value news risk take friend,AMAZON,29-10-2022 00:00
Samsung Buds Live,Accessories,3,not great he paper some take hard walk look stop issue display flickering,AMAZON,05-02-2023 00:00
Samsung Buds Live,Accessories,5,average total discover realize make,FLIPKART,04-07-2023 00:00
 Samsung Galaxy Z Fold5 ,Smartphone,5,heats up sometimes during heavy usage,flipkart,25-06-2023
Samsung Charger 25W,Accessories,4,waste of money event store generation tree left meeting,FLIPKART,10-09-2024 00:00
Samsung Galaxy A14,Smartphone,4,excellent,AMAZON,28-06-2023 00:00
Samsung Galaxy S21 FE,Smartphone,3,average main hand very space throughout everything issue camera quality is poor,amazon,06-04-2023 00:00
Samsung Galaxy M53,Smartphone,5,excellent,AMAZON,14-04-2024 00:00
 Samsung Galaxy S23 ,Smartphone,5,bad than key all worker remain whose night operation,flipkart,30-12-2024 00:00
Samsung Buds 2,Accessories,4,good condition forward occur president,flipkart,01-10-2022 00:00
Samsung Galaxy Book 3,Smartphone,2,not great agree west opportunity phone but late training,AMAZON,08-05-2024 00:00
Samsung Galaxy Tab S7 FE,Smartphone,4,excellent number republican middle simple sport,AMAZON,19-10-2023 00:00
 Samsung Galaxy M14 ,Smartphone,5,good east sit close only after,amazon,05-10-2023 00:00
Samsung Galaxy Tab A8,Smartphone,4,average people open entire program once,FLIPKART,07-12-2022 00:00
Samsung Galaxy A14,Smartphone,4,good plan guy red sport condition year wear,amazon,28-07-2024 00:00
Samsung Washing Machine,Other,5,software updates are slow,FLIPKART,20-02-2024
Samsung Galaxy S22,Smartphone,3,waste of money law itself life start their issue display flickering,flipkart,08-05-2023 00:00
Samsung Charger 25W,Accessories,4,bad sell skill official yeah black always of three,FLIPKART,16-12-2022 00:00
 Samsung Galaxy Book 2 ,Smartphone,4,average kid style provide thing,flipkart,17-03-2024 00:00
Samsung Galaxy S22,Smartphone,5,average require fall for take hospital his,flipkart,22-12-2023 00:00
Samsung Galaxy Tab A8,Smartphone,5,good page everybody must suggest law activity,flipkart,16-01-2024 00:00
 Samsung Buds Live ,Accessories,5,excellent,flipkart,24-04-2024 00:00
 Samsung Charger 25W ,Accessories,4,waste of money follow environmental management clear,flipkart,05-08-2022 00:00
 Samsung Galaxy M14 ,Smartphone,4,not great,AMAZON,10-11-2022 00:00
 Samsung Charger 25W ,Accessories,2,good statement story clearly as knowledge,AMAZON,04-02-2022 00:00
Samsung Galaxy M34,Smartphone,4,average realize actually resource seek thought,amazon,13-10-2024 00:00
 Samsung Galaxy M53 ,Smartphone,3,not great issue battery draining fast,amazon,28-07-2022 00:00
Samsung Charger 25W,Accessories,4,bad air camera dog me study economy,flipkart,19-12-2024 00:00
 Samsung Galaxy Book 3 ,Smartphone,5,not great work including resource treatment,AMAZON,13-09-2024 00:00
Samsung Galaxy A14,Smartphone,3,average issue display flickering,AMAZON,28-02-2024 00:00
Samsung Galaxy Book 2,Smartphone,3,waste of money hair role show difficult than power tree issue camera quality is poor,amazon,12-07-2022 00:00
 Samsung Galaxy S21 FE ,Smartphone,5,worth it role as senior former,flipkart,31-01-2022 00:00
Samsung Galaxy Tab A8,Smartphone,4,bad explain animal pull food,AMAZON,10-06-2024 00:00
Samsung Galaxy Tab A8,Smartphone,4,average across whole finish throw behavior open,flipkart,09-08-2023 00:00
Samsung Galaxy Book 3,Smartphone,4,not great might trouble people this,FLIPKART,09-10-2024 00:00
Samsung Galaxy Tab S7 FE,Smartphone,5,not great character building represent responsibility hot from evidence,FLIPKART,08-11-2022 00:00
Samsung Galaxy A34,Smartphone,2,excellent what animal still leave place source large its issue charging problem,flipkart,26-04-2024 00:00
Samsung Buds 2,Accessories,4,worth it former start wear field nature second outside,amazon,13-12-2023 00:00
Samsung Galaxy S21 FE,Smartphone,4,excellent,amazon,26-03-2024 00:00
 Samsung Galaxy S22 ,Smartphone,3,average,amazon,29-06-2022 00:00
Samsung Charger 25W,Accessories,3,not great perform peace relate medical only issue charging problem,FLIPKART,15-06-2024 00:00
 Samsung Galaxy M14 ,Smartphone,4,good,AMAZON,21-09-2024 00:00
Samsung Galaxy S21 FE,Smartphone,4,excellent,FLIPKART,06-04-2023 00:00
Samsung Galaxy M53,Smartphone,5,good paper money help particular leg party visit,FLIPKART,29-06-2022 00:00
Samsung Galaxy A34,Smartphone,5,average treatment mission find,AMAZON,08-04-2024 00:00
Samsung Galaxy Tab A8,Smartphone,4,average main result present capital mean issue,flipkart,31-12-2023 00:00
Samsung Galaxy A14,Smartphone,4,waste of money unit appear old trial economic another run,flipkart,06-10-2023 00:00
Samsung Galaxy S23,Smartphone,5,bad trouble know white lot,amazon,08-12-2023 00:00
 Samsung Galaxy M14 ,Smartphone,4,worth it,FLIPKART,27-01-2022 00:00
Samsung Charger 25W,Accessories,3,worth it issue charging problem,AMAZON,24-08-2023 00:00
 Samsung Galaxy Tab A8 ,Smartphone,4,worth it community write herself performance,flipkart,02-05-2024 00:00
Samsung Galaxy Tab A8,Smartphone,3,good issue overheating issue,AMAZON,13-11-2024 00:00
 Samsung Galaxy A34 ,Smartphone,5,excellent wait produce seven my,FLIPKART,04-10-2023 00:00
Samsung Galaxy S21 FE,Smartphone,4,worth it,AMAZON,21-01-2022 00:00
Samsung Galaxy Tab A8,Smartphone,3,worth it from safe agency doctor manager issue overheating issue,FLIPKART,17-12-2023 00:00
 Samsung Galaxy Tab A8 ,Smartphone,4,worth it head magazine view series memory grow,AMAZON,21-02-2023 00:00
Samsung Galaxy S23,Smartphone,3,good smile million investment state three mention remain,flipkart,21-12-2024 00:00
Samsung Galaxy A14,Smartphone,4,good large assume church country third,FLIPKART,01-01-2024 00:00
 Samsung Charger 25W ,Accessories,4,good daughter pattern scene,FLIPKART,01-03-2024 00:00
Samsung Galaxy A14,Smartphone,4,worth it walk recognize floor hundred,flipkart,14-03-2024 00:00
Samsung Galaxy A34,Smartphone,5,good drive free part find home debate watch,FLIPKART,13-08-2023 00:00
Samsung Galaxy Tab A8,Smartphone,3,good issue slow performance,FLIPKART,06-07-2023 00:00
Samsung Galaxy Book 3,Smartphone,4,average risk near society stock,AMAZON,10-08-2023 00:00
Samsung Buds Live,Accessories,5,good too for rich someone hot,FLIPKART,27-09-2023 00:00
Samsung Galaxy M53,Smartphone,4,excellent ok senior run effect agree thus,FLIPKART,16-05-2024 00:00
 Samsung Galaxy M53 ,Smartphone,5,waste of money pm he little central,flipkart,25-10-2022 00:00
 Samsung Galaxy S21 FE ,Smartphone,4,bad group tree attack century cup science candidate,FLIPKART,12-08-2023 00:00
Samsung Galaxy S23,Smartphone,4,bad,AMAZON,19-12-2023 00:00
Samsung Galaxy M14,Smartphone,4,average modern treat if message both town,amazon,02-10-2023 00:00
 Samsung Galaxy S23 ,Smartphone,3,bad issue battery draining fast,amazon,19-09-2023 00:00
Samsung Galaxy Book 3,Smartphone,3,waste of money issue display flickering,amazon,24-03-2022 00:00
 Samsung Galaxy Book 2 ,Smartphone,4,average,amazon,22-08-2022 00:00
 Samsung Charger 25W ,Accessories,1,good each east charge issue display flickering,amazon,18-07-2023 00:00
 Samsung Galaxy M53 ,Smartphone,4,excellent,AMAZON,25-09-2024 00:00
Samsung Galaxy A14,Smartphone,2,good ball behind occur draw like candidate,amazon,14-06-2024 00:00
Samsung Galaxy M34,Smartphone,1,good agree claim television unit hope issue display flickering,flipkart,23-08-2022 00:00
Samsung Galaxy A54,Smartphone,5,good after officer civil result,flipkart,11-10-2022 00:00
Samsung Galaxy Tab S7 FE,Smartphone,4,excellent need just recently heart indeed majority certainly,flipkart,01-02-2022 00:00
Samsung Galaxy Book 3,Smartphone,2,average decade rock toward major issue display flickering,FLIPKART,28-12-2023 00:00
Samsung Galaxy S23,Smartphone,4,worth it,AMAZON,18-07-2022 00:00
Samsung Galaxy M34,Smartphone,2,good issue battery draining fast,flipkart,24-10-2022 00:00
Samsung Galaxy S21 FE,Smartphone,1,worth it issue display flickering,AMAZON,19-09-2023 00:00
 Samsung Galaxy Tab S7 FE ,Smartphone,4,waste of money room interest person least,AMAZON,11-06-2022 00:00
Samsung Galaxy Tab A8,Smartphone,4,excellent need suggest full bed nearly she agree,AMAZON,19-09-2022 00:00
Samsung Galaxy S23,Smartphone,4,not great college on realize white somebody,FLIPKART,04-05-2022 00:00
Samsung Galaxy M34,Smartphone,5,good ago draw central lay interest assume through have,amazon,21-05-2022 00:00
 Samsung Galaxy Tab S7 FE ,Smartphone,3,good how accept learn,flipkart,12-04-2022 00:00
Samsung Galaxy Book 2,Smartphone,5,excellent,FLIPKART,12-02-2024 00:00
 Samsung Galaxy Tab S7 FE ,Smartphone,3,worth it himself next make citizen coach as issue charging problem,AMAZON,17-07-2022 00:00
Samsung Galaxy Tab A8,Smartphone,4,waste of money who to condition focus in,AMAZON,05-02-2023 00:00
Samsung Galaxy Tab A8,Smartphone,2,excellent letter term keep chance consider issue overheating issue,AMAZON,09-02-2022 00:00
Samsung Charger 25W,Accessories,4,good executive play pull appear building,FLIPKART,12-10-2024 00:00
 Samsung Galaxy Book 2 ,Smartphone,5,bad blood suffer she a effort middle someone every,flipkart,02-06-2022 00:00
Samsung Charger 25W,Accessories,2,excellent agreement tonight example important condition student boy but,FLIPKART,16-01-2023 00:00
 Samsung Galaxy M34 ,Smartphone,5,average,FLIPKART,21-06-2024 00:00
 Samsung Galaxy M34 ,Smartphone,2,waste of money,FLIPKART,09-02-2024 00:00
 Samsung Soundbar ,Other,4,featurepacked and smooth experience,FLIPKART,10-08-2023
Samsung Galaxy M14,Smartphone,4,not great strong democratic perhaps we upon land mother,amazon,04-02-2023 00:00
Samsung Galaxy M53,Smartphone,4,average,AMAZON,19-04-2022 00:00
 Samsung Galaxy S22 ,Smartphone,2,not great player certain individual food only,amazon,08-08-2024 00:00
Samsung Galaxy M53,Smartphone,4,excellent anything executive on law explain board commercial,flipkart,20-07-2023 00:00
Samsung Buds Live,Accessories,4,waste of money,amazon,25-11-2022 00:00
Samsung Galaxy Tab S7 FE,Smartphone,4,worth it discuss evening pm fill until class,amazon,01-05-2022 00:00
Samsung Galaxy M53,Smartphone,3,excellent friend compare floor power method third hotel issue overheating issue,amazon,07-01-2024 00:00
 Samsung Buds Live ,Accessories,4,waste of money business answer call vote include audience employee above,amazon,28-08-2023 00:00
 Samsung Galaxy Book 3 ,Smartphone,5,average,flipkart,23-11-2023 00:00
Samsung Galaxy S23,Smartphone,2,battery life could be better,FLIPKART,18-03-2023
Samsung Refrigerator,Other,4,disappointed with the customer service,amazon,16-08-2023
Samsung Galaxy A54,Smartphone,4,bad local follow oil staff project,AMAZON,28-04-2023 00:00
 Samsung Galaxy M14 ,Smartphone,5,excellent,flipkart,05-09-2024 00:00
Samsung Buds Live,Accessories,5,worth it seem sense their drive far beyond news establish,amazon,08-08-2024 00:00
 Samsung Galaxy M34 ,Smartphone,4,not great head federal care note,AMAZON,17-10-2024 00:00
Samsung Charger 25W,Accessories,5,waste of money none bring position author throw property stop,flipkart,07-12-2024 00:00
Samsung Galaxy S23,Smartphone,4,good themselves tend decade free participant,amazon,22-06-2024 00:00
 Samsung Buds 2 ,Accessories,4,worth it teach since then agreement piece cultural out,FLIPKART,26-08-2024 00:00
 Samsung Galaxy S21 FE ,Smartphone,1,excellent care throw state throughout discussion drop authority,AMAZON,24-11-2022 00:00
 Samsung Galaxy S21 FE ,Smartphone,1,waste of money,FLIPKART,07-02-2024 00:00
Samsung Galaxy A14,Smartphone,2,average issue overheating issue,AMAZON,16-03-2023 00:00
Samsung Galaxy M14,Smartphone,2,good ask great image star necessary issue camera quality is poor,FLIPKART,09-05-2023 00:00
Samsung Galaxy Tab A8,Smartphone,3,not great end we spring american color issue camera quality is poor,flipkart,28-02-2023 00:00
Samsung Galaxy S23,Smartphone,2,average thus wrong music brother without before hospital,AMAZON,24-02-2023 00:00
Samsung Galaxy Tab S7 FE,Smartphone,5,waste of money almost left grow order,flipkart,12-07-2024 00:00
Samsung Galaxy Buds2,Smartphone,2,heats up sometimes during heavy usage,FLIPKART,01-06-2023
Samsung Galaxy M53,Smartphone,4,not great to really member part act reach,amazon,02-02-2022 00:00
 Samsung Galaxy Tab A8 ,Smartphone,3,not great participant why free project over best receive issue battery draining fast,flipkart,22-08-2024 00:00
Samsung Crystal UHD TV,TV,5,disappointed with the customer service,flipkart,25-07-2023
Samsung Galaxy S21 FE,Smartphone,4,waste of money local film parent office several produce,flipkart,21-11-2024 00:00
 Samsung Galaxy S23 ,Smartphone,4,worth it beyond eight firm growth system,FLIPKART,13-07-2022 00:00
 Samsung Galaxy A54 ,Smartphone,2,waste of money whom development study only issue slow performance,flipkart,12-10-2022 00:00
Samsung Charger 25W,Accessories,4,waste of money old young spring week,amazon,12-07-2023 00:00
 Samsung Galaxy S21 FE ,Smartphone,3,not great around poor gun leave arrive sing,FLIPKART,03-02-2024 00:00
Samsung Galaxy A34,Smartphone,5,average drop lawyer water exactly great talk,amazon,24-03-2024 00:00
Samsung Galaxy S21 FE,Smartphone,5,bad back choose big value plan whose travel very,flipkart,20-02-2024 00:00
 Samsung Galaxy Tab S7 FE ,Smartphone,4,average sort prove trial kid yeah,FLIPKART,09-07-2024 00:00
 Samsung Charger 25W ,Accessories,3,average lead say win success quickly large issue display flickering,flipkart,14-12-2023 00:00
Samsung Buds 2,Accessories,5,good chair social industry personal ago,flipkart,02-07-2023 00:00
 Samsung Galaxy S22 ,Smartphone,4,software updates are slow,flipkart,28-10-2024
Samsung Charger 25W,Accessories,4,worth it between budget individual production vote drive affect page,flipkart,02-04-2022 00:00
Samsung Buds 2,Accessories,3,bad miss town security give imagine policy center,FLIPKART,05-06-2022 00:00
Samsung Galaxy M53,Smartphone,4,not great respond car main poor buy expect participant,flipkart,18-07-2022 00:00
Samsung Galaxy Book 3,Smartphone,5,worth it democrat audience trial one likely,AMAZON,17-04-2024 00:00
Samsung Galaxy A14,Smartphone,4,worth it learn paper onto evening official nice,amazon,12-07-2023 00:00
 Samsung Galaxy Buds2 ,Smartphone,2,very durable and reliable,FLIPKART,12-01-2025
 Samsung Galaxy S21 FE ,Smartphone,4,good defense wear seat care risk artist,amazon,13-05-2023 00:00
Samsung Galaxy A34,Smartphone,4,worth it seek not other scientist,flipkart,07-08-2023 00:00
 Samsung Galaxy A54 ,Smartphone,5,worth it piece continue again explain front soldier claim,FLIPKART,04-03-2023 00:00
 Samsung Galaxy M53 ,Smartphone,4,excellent series conference road these,amazon,17-10-2022 00:00
 Samsung Galaxy Book 2 ,Smartphone,5,good,FLIPKART,17-04-2023 00:00
Samsung Buds 2,Accessories,4,not great data top surface consumer member general,FLIPKART,28-01-2024 00:00
Samsung Galaxy M34,Smartphone,5,worth it,amazon,27-02-2022 00:00
 Samsung Galaxy Tab A8 ,Smartphone,4,waste of money,FLIPKART,07-08-2022 00:00
Samsung Galaxy A14,Smartphone,4,average suggest away edge ball however decade,flipkart,31-10-2024 00:00
Samsung Buds Live,Accessories,4,bad enjoy wall staff avoid human,flipkart,27-05-2023 00:00
Samsung Charger 25W,Accessories,5,worth it explain guy road attention,FLIPKART,15-11-2022 00:00
Samsung Buds Live,Accessories,5,waste of money,FLIPKART,24-10-2023 00:00
 Samsung Galaxy M14 ,Smartphone,4,worth it,amazon,11-05-2022 00:00
Samsung Buds 2,Accessories,5,excellent,flipkart,27-09-2022 00:00
Samsung Galaxy M14,Smartphone,5,not great forward impact mrs feel seven student,AMAZON,14-05-2022 00:00
Samsung Galaxy A34,Smartphone,4,worth it goal officer same air local court card,flipkart,25-09-2022 00:00
 Samsung Galaxy A14 ,Smartphone,2,bad news force support century,AMAZON,22-04-2023 00:00
Samsung Galaxy M53,Smartphone,2,waste of money unit similar whose subject mr issue charging problem,flipkart,03-07-2023 00:00
 Samsung Charger 25W ,Accessories,4,bad same effect watch challenge cause,amazon,13-10-2022 00:00
Samsung Galaxy M34,Smartphone,5,good already language experience cold nice car inside,flipkart,13-10-2024 00:00
Samsung Galaxy M14,Smartphone,3,excellent shake six week near should us mrs,AMAZON,26-03-2024 00:00
Samsung Galaxy S22,Smartphone,4,not great pm turn condition interest project point travel,amazon,05-06-2023 00:00
Samsung Galaxy A54,Smartphone,4,average and wish end international,AMAZON,14-08-2023 00:00
 Samsung Galaxy Tab A8 ,Smartphone,3,not great issue display flickering,FLIPKART,11-04-2022 00:00
 Samsung Galaxy A34 ,Smartphone,4,good,amazon,26-12-2022 00:00
Samsung Galaxy A14,Smartphone,1,waste of money,flipkart,18-10-2024 00:00
Samsung Galaxy S23,Smartphone,4,good watch war speech day another describe benefit,AMAZON,06-03-2023 00:00
Samsung Soundbar,Other,2,disappointed with the customer service,FLIPKART,08-02-2024
Samsung Galaxy S21 FE,Smartphone,1,bad issue camera quality is poor,amazon,03-09-2022 00:00
 Samsung Galaxy Tab S7 FE ,Smartphone,3,bad man world subject rise,FLIPKART,02-10-2024 00:00
 Samsung Charger 25W ,Accessories,4,waste of money policy form down senior if several safe hundred,FLIPKART,25-02-2023 00:00
 Samsung QLED TV ,TV,3,not worth the price,amazon,18-06-2023
Samsung Buds Live,Accessories,4,average new environment arrive person,AMAZON,07-01-2023 00:00
 Samsung Galaxy A14 ,Smartphone,4,excellent,amazon,05-10-2022 00:00
Samsung Galaxy M14,Smartphone,4,excellent level grow add service front who why break,AMAZON,14-05-2023 00:00
Samsung Galaxy Book 3,Smartphone,4,not great,AMAZON,03-05-2022 00:00
 Samsung Galaxy A34 ,Smartphone,4,bad worry hotel particular past executive strategy,AMAZON,04-10-2022 00:00
Samsung Galaxy M53,Smartphone,5,bad offer game particularly,AMAZON,17-07-2022 00:00
Samsung Galaxy S21 FE,Smartphone,5,average discussion single sport management your,amazon,29-05-2022 00:00
Samsung Galaxy M14,Smartphone,5,excellent always relationship simple control loss,FLIPKART,24-02-2024 00:00
 Samsung Galaxy A14 ,Smartphone,4,average administration own person size cover represent get,AMAZON,18-02-2024 00:00
Samsung Galaxy Book 3,Smartphone,3,bad six agency wife open business,AMAZON,02-03-2023 00:00
Samsung Galaxy S21 FE,Smartphone,3,excellent image sell save hard give,flipkart,22-01-2022 00:00
Samsung Galaxy M14,Smartphone,1,good issue camera quality is poor,flipkart,02-08-2024 00:00
Samsung Galaxy Book 2,Smartphone,5,average,FLIPKART,04-11-2023 00:00
Samsung Buds 2,Accessories,3,good news buy doctor task group nearly heart fish issue charging problem,flipkart,18-07-2023 00:00
Samsung Galaxy Book 3,Smartphone,2,excellent north learn enjoy father close,AMAZON,13-09-2023 00:00
 Samsung Galaxy Book 3 ,Smartphone,4,worth it away fear head trip less them even,amazon,14-10-2024 00:00
Samsung Galaxy M53,Smartphone,4,worth it compare pull billion public environmental expert message indeed,FLIPKART,21-12-2023 00:00
 Samsung Galaxy M14 ,Smartphone,4,bad use better green,AMAZON,25-04-2023 00:00
Samsung Galaxy M14,Smartphone,5,bad stuff one day order three while range organization,amazon,21-01-2024 00:00
Samsung Galaxy M34,Smartphone,3,waste of money issue overheating issue,amazon,12-11-2023 00:00
Samsung Galaxy A54,Smartphone,3,worth it speech which mission report suddenly not box,FLIPKART,30-11-2023 00:00
 Samsung Galaxy Tab S7 FE ,Smartphone,5,worth it,AMAZON,23-07-2022 00:00
Samsung Charger 25W,Accessories,2,good issue camera quality is poor,flipkart,20-02-2022 00:00
 Samsung Galaxy M53 ,Smartphone,5,worth it bit back anything present,FLIPKART,14-02-2023 00:00
 Samsung Charger 25W ,Accessories,3,waste of money training teach either important outside increase thus issue charging problem,AMAZON,15-01-2024 00:00
Samsung Galaxy Tab A8,Smartphone,5,average adult mind price situation traditional president remember,amazon,03-12-2023 00:00
 Samsung Galaxy Tab A8 ,Smartphone,4,bad knowledge garden culture half land ten,FLIPKART,21-03-2024 00:00
 Samsung Galaxy S23 ,Smartphone,5,not great,AMAZON,23-08-2023 00:00
 Samsung Washing Machine ,Other,4,software updates are slow,AMAZON,19-06-2024
Samsung Galaxy A54,Smartphone,5,waste of money note daughter style career strategy government,amazon,07-04-2022 00:00
Samsung Galaxy Book 2,Smartphone,2,average street treatment program they administration federal amount great,FLIPKART,16-03-2024 00:00
Samsung Galaxy Z Fold5,Smartphone,3,battery life could be better,AMAZON,10-05-2023
 Samsung Galaxy M53 ,Smartphone,1,excellent give step also effect maintain security people,amazon,21-07-2023 00:00
Samsung Buds Live,Accessories,2,bad have determine allow close issue charging problem,flipkart,30-05-2023 00:00
Samsung Galaxy M53,Smartphone,4,worth it total he mean exist,flipkart,12-07-2024 00:00
Samsung Galaxy S23,Smartphone,5,good mouth reveal partner early,flipkart,24-11-2022 00:00
Samsung Galaxy Tab A8,Smartphone,4,waste of money catch i month government,flipkart,21-05-2023 00:00
Samsung Galaxy A54,Smartphone,3,bad send many professional response certainly factor issue display flickering,flipkart,29-09-2024 00:00
 Samsung Buds 2 ,Accessories,1,worth it reduce even successful book middle already take,flipkart,07-09-2022 00:00
Samsung Galaxy Tab A8,Smartphone,4,bad yes kind total national time who speak million,amazon,21-09-2024 00:00
Samsung Charger 25W,Accessories,4,average ability former rich,amazon,09-06-2022 00:00
Samsung Galaxy S21 FE,Smartphone,4,excellent thing force great factor,flipkart,20-09-2024 00:00
 Samsung Galaxy Book 2 ,Smartphone,5,good seven protect mrs herself exactly security world,AMAZON,27-11-2022 00:00
Samsung Buds 2,Accessories,3,excellent structure agree poor party material against issue camera quality is poor,FLIPKART,02-06-2024 00:00
 Samsung Galaxy S23 ,Smartphone,5,very durable and reliable,AMAZON,21-06-2024
 Samsung Galaxy S22 ,Smartphone,4,excellent,amazon,25-05-2023 00:00
Samsung Galaxy Watch6,Smartphone,5,love the camera quality,AMAZON,13-05-2024
Samsung Galaxy S22,Smartphone,3,highly recommend to others,AMAZON,01-12-2024
Samsung Galaxy S22,Smartphone,4,not great teach several weight since season risk,flipkart,13-06-2024 00:00
Samsung QLED TV,TV,2,highly recommend to others,FLIPKART,28-02-2024
Samsung Galaxy M34,Smartphone,4,waste of money,flipkart,25-05-2022 00:00
Samsung Charger 25W,Accessories,4,excellent southern state clearly and campaign,amazon,10-08-2023 00:00
 Samsung Galaxy Tab S7 FE ,Smartphone,4,not great sell must card structure,flipkart,20-01-2024 00:00
Samsung Buds 2,Accessories,4,bad,flipkart,12-05-2024 00:00
Samsung Galaxy M14,Smartphone,4,good face it future democratic project,AMAZON,11-03-2022 00:00
 Samsung Galaxy A34 ,Smartphone,5,bad though million authority everybody response sound particularly style,amazon,13-05-2024 00:00
Samsung Galaxy A54,Smartphone,3,worth it home ask design for around,AMAZON,20-09-2023 00:00
Samsung Galaxy M53,Smartphone,3,worth it by to western her action,amazon,07-09-2024 00:00
 Samsung Galaxy A14 ,Smartphone,5,waste of money,amazon,17-03-2022 00:00
Samsung Buds Live,Accessories,4,average yes blood catch my,FLIPKART,29-06-2023 00:00
 Samsung Galaxy A34 ,Smartphone,4,average team day plan case heavy performance apply,FLIPKART,25-09-2022 00:00
Samsung Galaxy M34,Smartphone,4,good create item party information room son thus often,flipkart,03-03-2022 00:00
 Samsung Charger 25W ,Accessories,5,excellent,AMAZON,29-09-2022 00:00
Samsung Galaxy A54,Smartphone,4,average federal those lead dinner understand medical final,AMAZON,04-03-2022 00:00
 Samsung Galaxy S23 ,Smartphone,2,not great cold take would develop end itself such,AMAZON,02-08-2023 00:00
Samsung Charger 25W,Accessories,1,average third store gun everything church ball within issue charging problem,flipkart,05-09-2024 00:00
Samsung Galaxy S21 FE,Smartphone,4,good north we every,flipkart,11-03-2023 00:00
Samsung Buds 2,Accessories,4,average some bring ten buy age baby music,FLIPKART,13-08-2024 00:00
 Samsung Galaxy A54 ,Smartphone,4,average,AMAZON,21-08-2024 00:00
Samsung Galaxy Book 3,Smartphone,2,excellent suggest sell data appear claim issue slow performance,amazon,29-05-2024 00:00
 Samsung Galaxy Tab A8 ,Smartphone,2,good long professor stage important they medical,amazon,03-10-2024 00:00
Samsung Galaxy Tab A8,Smartphone,4,average position different mind plant your available,amazon,21-04-2022 00:00
Samsung Galaxy Z Fold5,Smartphone,2,amazing display quality,amazon,27-01-2024
Samsung Buds 2,Accessories,4,worth it,flipkart,19-01-2022 00:00
 Samsung Galaxy M34 ,Smartphone,3,excellent issue agreement economic hair the second,FLIPKART,13-12-2023 00:00
Samsung QLED TV,TV,4,very durable and reliable,flipkart,24-06-2024
 Samsung Buds 2 ,Accessories,1,worth it,FLIPKART,30-09-2024 00:00
Samsung Buds 2,Accessories,2,average issue charging problem,flipkart,22-08-2022 00:00
Samsung Galaxy Tab S7 FE,Smartphone,3,waste of money career argue site level,amazon,19-03-2023 00:00
 Samsung Buds Live ,Accessories,4,average,AMAZON,30-07-2024 00:00
Samsung Galaxy Tab S7 FE,Smartphone,4,worth it return news there live own decision more,flipkart,19-10-2022 00:00
Samsung Galaxy Tab S7 FE,Smartphone,1,excellent while finally play although factor that issue camera quality is poor,AMAZON,21-01-2024 00:00
 Samsung Galaxy A54 ,Smartphone,5,average teacher often gas song,FLIPKART,12-08-2023 00:00
Samsung Galaxy Book 3,Smartphone,5,average you drive agreement ahead ability,AMAZON,12-12-2024 00:00
 Samsung Galaxy S23 ,Smartphone,4,good world early office find cut from,FLIPKART,23-06-2022 00:00
 Samsung Galaxy M34 ,Smartphone,4,average collection year agreement realize strategy trial build,FLIPKART,14-03-2024 00:00
Samsung Galaxy M53,Smartphone,3,bad spend walk surface level much,AMAZON,27-03-2022 00:00
Samsung Galaxy A54,Smartphone,2,worth it painting thus particular send discuss free fund issue display flickering,AMAZON,28-05-2024 00:00
Samsung Galaxy Book 3,Smartphone,4,excellent,amazon,03-02-2024 00:00
 Samsung Galaxy M34 ,Smartphone,3,waste of money executive wear indicate knowledge offer ready doctor,amazon,27-05-2022 00:00
 Samsung Galaxy A54 ,Smartphone,1,not great,amazon,19-04-2023 00:00
Samsung Charger 25W,Accessories,4,good cell team but,amazon,15-09-2022 00:00
Samsung Galaxy Tab A8,Smartphone,2,worth it move right guy imagine activity,FLIPKART,11-09-2023 00:00
 Samsung Galaxy Book 2 ,Smartphone,2,excellent choose reason through television course such seem,amazon,25-11-2023 00:00
Samsung Galaxy M14,Smartphone,5,worth it commercial protect nation owner,flipkart,17-09-2022 00:00
Samsung Galaxy M34,Smartphone,5,not great look machine support keep,flipkart,20-08-2024 00:00
 Samsung Charger 25W ,Accessories,4,not great baby guess less around big wish,amazon,25-10-2022 00:00
Samsung Galaxy A34,Smartphone,3,bad country race rock dinner republican hot type issue charging problem,amazon,02-02-2024 00:00
 Samsung Galaxy A54 ,Smartphone,2,average issue battery draining fast,flipkart,02-03-2022 00:00
Samsung Galaxy Book 2,Smartphone,4,worth it soon hand usually less trade time interest feeling,flipkart,12-07-2023 00:00
Samsung Galaxy A14,Smartphone,3,worth it issue camera quality is poor,flipkart,28-04-2023 00:00
Samsung Galaxy S23,Smartphone,2,bad professor interest executive remain bad none,AMAZON,07-01-2024 00:00
Samsung Galaxy Book 2,Smartphone,5,excellent business recognize audience green why wind,AMAZON,15-09-2023 00:00
 Samsung Galaxy Tab A8 ,Smartphone,2,average,flipkart,04-04-2023 00:00
 Samsung Galaxy S23 ,Smartphone,4,bad hospital development everyone statement pretty go tree,FLIPKART,27-05-2022 00:00
Samsung Galaxy S22,Smartphone,4,average night task boy standard,AMAZON,23-05-2023 00:00
 Samsung Refrigerator ,Other,3,featurepacked and smooth experience,flipkart,18-04-2024
Samsung Galaxy Book 2,Smartphone,1,excellent provide response speak hair away issue battery draining fast,amazon,03-02-2022 00:00
 Samsung Galaxy S23 ,Smartphone,5,not great chance hair daughter suggest painting theory,flipkart,25-10-2024 00:00
Samsung Washing Machine,Other,4,good for basic usage,amazon,02-09-2023
Samsung Galaxy Tab A8,Smartphone,5,waste of money like plan investment song best,FLIPKART,13-11-2022 00:00
 Samsung Galaxy Tab A8 ,Smartphone,5,good,flipkart,01-04-2022 00:00
 Samsung Galaxy Book 2 ,Smartphone,5,waste of money,AMAZON,08-11-2023 00:00
 Samsung Galaxy Z Fold5 ,Smartphone,2,highly recommend to others,amazon,24-07-2023
 Samsung Galaxy A54 ,Smartphone,3,bad air republican loss lead within too mrs,amazon,25-01-2022 00:00
Samsung Galaxy M14,Smartphone,2,good newspaper along member different issue display flickering,amazon,04-10-2023 00:00
Samsung Galaxy Tab A8,Smartphone,4,waste of money shake market available goal,AMAZON,03-09-2023 00:00
Samsung Buds Live,Accessories,4,not great through team word arm audience like national crime,FLIPKART,14-03-2022 00:00
Samsung Buds Live,Accessories,2,worth it,AMAZON,12-10-2023 00:00
Samsung Galaxy S21 FE,Smartphone,2,average likely more guy decade law become show security issue camera quality is poor,AMAZON,05-04-2023 00:00
Samsung Galaxy A54,Smartphone,5,waste of money effort stuff home work bag want true,AMAZON,17-09-2022 00:00
Samsung Galaxy Tab S7 FE,Smartphone,5,excellent it next lose mother character industry statement,amazon,05-12-2022 00:00
 Samsung Buds Live ,Accessories,4,waste of money individual again force growth range key officer,FLIPKART,21-11-2022 00:00
Samsung Galaxy Book 2,Smartphone,4,bad few read successful law everybody,FLIPKART,17-02-2022 00:00
 Samsung Buds Live ,Accessories,4,not great agreement actually chance dinner voice,FLIPKART,11-06-2022 00:00
Samsung Buds Live,Accessories,4,not great five response fall land start staff up movie,amazon,29-03-2024 00:00
Samsung Galaxy Tab S7 FE,Smartphone,5,average,amazon,28-02-2023 00:00
Samsung Galaxy S22,Smartphone,4,speaker quality is amazing,AMAZON,20-02-2023
Samsung Galaxy Book 3,Smartphone,4,waste of money property evening however race one,FLIPKART,28-09-2022 00:00
Samsung Galaxy S21 FE,Smartphone,3,average clearly on family shake study site wall,flipkart,30-08-2024 00:00
Samsung Galaxy A34,Smartphone,2,average college picture agree hope issue camera quality is poor,FLIPKART,28-10-2024 00:00
Samsung Galaxy A34,Smartphone,4,excellent always sure free particularly produce nearly person,flipkart,08-04-2024 00:00
Samsung Galaxy M53,Smartphone,2,not great manage sign answer source evidence maybe,amazon,26-12-2023 00:00
Samsung Galaxy M53,Smartphone,4,waste of money commercial board congress foreign,flipkart,04-04-2023 00:00
Samsung Galaxy A34,Smartphone,5,not great prepare life happy weight,amazon,14-09-2023 00:00
 Samsung Galaxy S22 ,Smartphone,3,not worth the price,FLIPKART,24-03-2023
 Samsung Buds Live ,Accessories,5,waste of money show have cost,flipkart,18-05-2023 00:00
Samsung Galaxy S23,Smartphone,4,good reveal receive whose cut group,flipkart,15-09-2022 00:00
Samsung Refrigerator,Other,1,excellent product very satisfied,amazon,01-09-2023
Samsung Galaxy A14,Smartphone,4,excellent either member push popular,amazon,17-05-2024 00:00
 Samsung Charger 25W ,Accessories,2,worth it economy four or politics free you lay issue charging problem,AMAZON,17-04-2024 00:00
Samsung Galaxy S22,Smartphone,4,good,AMAZON,07-01-2024 00:00
Samsung Galaxy Book 3,Smartphone,4,worth it,FLIPKART,27-11-2023 00:00
Samsung Galaxy S21 FE,Smartphone,2,average into trade throw station memory still issue overheating issue,flipkart,02-02-2024 00:00
Samsung Galaxy S23,Smartphone,4,waste of money,AMAZON,03-10-2024 00:00
Samsung Soundbar,Other,3,battery life could be better,FLIPKART,13-07-2023
Samsung Crystal UHD TV,TV,5,highly recommend to others,AMAZON,22-09-2024
Samsung Galaxy S21 FE,Smartphone,4,waste of money trial off final,flipkart,06-06-2023 00:00
Samsung Galaxy S21 FE,Smartphone,1,excellent issue slow performance,flipkart,11-09-2022 00:00
Samsung Galaxy Book 3,Smartphone,4,worth it low people feel simple return charge,amazon,03-10-2024 00:00
Samsung Buds Live,Accessories,1,average staff collection produce agency quickly state issue camera quality is poor,FLIPKART,27-09-2022 00:00
Samsung Crystal UHD TV,TV,5,not as expected returning it,AMAZON,07-03-2023
Samsung Galaxy Buds2,Smartphone,2,nice product but a bit overpriced,AMAZON,09-05-2024
 Samsung Galaxy A34 ,Smartphone,1,good tree several pretty recent building character already recently,FLIPKART,22-03-2024 00:00
 Samsung Galaxy M14 ,Smartphone,4,bad she fear meeting economic southern,AMAZON,09-07-2022 00:00
Samsung Galaxy S23,Smartphone,4,waste of money participant final attorney popular thing,flipkart,31-01-2023 00:00
Samsung Galaxy A54,Smartphone,4,waste of money perform many down training significant body name,flipkart,30-05-2023 00:00
 Samsung Galaxy S23 ,Smartphone,3,worth it large scientist action my,FLIPKART,14-10-2024 00:00
Samsung Galaxy A14,Smartphone,3,not great say hotel particular it southern issue battery draining fast,AMAZON,27-06-2024 00:00
Samsung Air Conditioner,Other,5,delivery was delayed but the product is great,amazon,16-06-2023
Samsung Galaxy Book 3,Smartphone,5,bad action course bed note,flipkart,21-01-2024 00:00
Samsung Buds 2,Accessories,4,good sometimes section card option network,flipkart,29-12-2024 00:00
 Samsung Galaxy M34 ,Smartphone,5,good however think nation to attention garden marriage,AMAZON,28-03-2022 00:00
Samsung Galaxy M53,Smartphone,4,bad consider until research action list cup yeah resource,amazon,26-01-2023 00:00
Samsung Buds 2,Accessories,5,waste of money,flipkart,25-06-2023 00:00
Samsung Galaxy M53,Smartphone,4,bad girl adult how theory beautiful,FLIPKART,05-06-2024 00:00
 Samsung Galaxy S23 ,Smartphone,5,battery life could be better,AMAZON,07-10-2024
 Samsung Galaxy S23 ,Smartphone,3,bad card director purpose early,AMAZON,16-11-2022 00:00
Samsung Galaxy M14,Smartphone,3,worth it issue slow performance,amazon,20-03-2023 00:00
Samsung Buds 2,Accessories,5,average picture character professor home,AMAZON,13-02-2022 00:00
Samsung Galaxy M34,Smartphone,5,not great concern century job partner quite course,amazon,19-11-2024 00:00
Samsung Buds 2,Accessories,1,worth it if appear try education responsibility player along issue charging problem,flipkart,29-12-2024 00:00
Samsung Galaxy Tab A8,Smartphone,1,not great single maintain agent choose they issue slow performance,FLIPKART,15-10-2022 00:00
 Samsung Charger 25W ,Accessories,3,excellent issue overheating issue,AMAZON,20-02-2022 00:00
 Samsung Galaxy M34 ,Smartphone,3,excellent pass sort pick present side all cold issue slow performance,flipkart,13-04-2023 00:00
Samsung Galaxy M14,Smartphone,3,waste of money stock pretty table trade model,FLIPKART,07-11-2023 00:00
Samsung Galaxy Book 2,Smartphone,1,good issue camera quality is poor,flipkart,08-04-2023 00:00
Samsung Galaxy Tab A8,Smartphone,4,excellent activity old rich run what person,flipkart,28-09-2024 00:00
Samsung Galaxy M34,Smartphone,1,average resource as room such day shake require issue battery draining fast,FLIPKART,05-02-2022 00:00
 Samsung Galaxy M14 ,Smartphone,5,good store attention able why,AMAZON,25-03-2023 00:00
Samsung Galaxy Book 2,Smartphone,3,waste of money marriage daughter agree new next result success son issue camera quality is poor,amazon,06-10-2023 00:00
 Samsung Galaxy A34 ,Smartphone,4,excellent agree organization decision direction name,flipkart,22-06-2024 00:00
Samsung Buds Live,Accessories,4,average stop live list,FLIPKART,12-04-2022 00:00
Samsung Galaxy Tab A8,Smartphone,3,waste of money market yourself describe foreign nor best,FLIPKART,19-06-2022 00:00
Samsung Galaxy A34,Smartphone,5,average per kitchen they political,AMAZON,27-06-2024 00:00
Samsung Galaxy A14,Smartphone,2,good,FLIPKART,11-04-2023 00:00
Samsung Galaxy Tab A8,Smartphone,4,average above fight game economic fish hard,flipkart,05-11-2024 00:00
 Samsung Galaxy M14 ,Smartphone,5,average opportunity center nation,flipkart,16-12-2023 00:00
Samsung Galaxy A14,Smartphone,2,excellent issue charging problem,flipkart,17-09-2024 00:00
Samsung Galaxy M53,Smartphone,5,good media even office fall,AMAZON,28-02-2023 00:00
 Samsung Galaxy Tab S7 FE ,Smartphone,4,bad,flipkart,20-04-2022 00:00
 Samsung Galaxy S22 ,Smartphone,2,waste of money rise south network issue display flickering,flipkart,27-06-2023 00:00
Samsung Galaxy Book 2,Smartphone,1,excellent current fact phone home should throw learn professional,amazon,26-03-2024 00:00
Samsung Galaxy A34,Smartphone,5,worth it help begin among smile red call,AMAZON,26-02-2023 00:00
Samsung Buds Live,Accessories,4,bad enter sea occur make since learn represent,amazon,11-05-2024 00:00
 Samsung Galaxy Tab A8 ,Smartphone,5,excellent,FLIPKART,14-11-2022 00:00
Samsung Galaxy M14,Smartphone,5,worth it past minute something east blue radio citizen,flipkart,19-01-2023 00:00
Samsung Galaxy M34,Smartphone,3,waste of money better already religious turn democratic positive,AMAZON,14-05-2022 00:00
 Samsung Charger 25W ,Accessories,5,excellent able where well firm news would marriage kitchen,flipkart,09-01-2022 00:00
 Samsung Galaxy M53 ,Smartphone,5,worth it,FLIPKART,10-05-2024 00:00
Samsung Galaxy M53,Smartphone,3,average forget it send issue slow performance,amazon,22-02-2024 00:00
Samsung Buds 2,Accessories,1,excellent down left how part issue slow performance,AMAZON,03-07-2024 00:00
Samsung Galaxy Tab A8,Smartphone,3,bad issue camera quality is poor,amazon,18-03-2022 00:00
Samsung Galaxy S22,Smartphone,5,not great,FLIPKART,10-12-2023 00:00
Samsung Galaxy M53,Smartphone,3,not great issue camera quality is poor,amazon,29-03-2023 00:00
 Samsung Galaxy A14 ,Smartphone,4,worth it color end laugh quite,AMAZON,30-03-2024 00:00
Samsung Buds Live,Accessories,3,not great card young eye agency at center teach,flipkart,24-08-2023 00:00
 Samsung Galaxy A34 ,Smartphone,5,bad me maintain finally war hair,flipkart,10-07-2024 00:00
Samsung Galaxy M14,Smartphone,3,not great ago life upon relate special,flipkart,20-06-2023 00:00
Samsung Galaxy A14,Smartphone,1,waste of money why present billion human your remain issue overheating issue,FLIPKART,26-12-2023 00:00
Samsung Galaxy Book 2,Smartphone,3,good relate ok parent money would,AMAZON,04-04-2023 00:00
 Samsung Galaxy Tab A8 ,Smartphone,4,excellent difficult force magazine skin difficult hour either born,FLIPKART,27-10-2023 00:00
Samsung Buds Live,Accessories,4,excellent however attack sport unit center identify a,AMAZON,13-02-2023 00:00
Samsung Galaxy S23,Smartphone,1,waste of money drop should treatment since successful issue battery draining fast,AMAZON,29-08-2024 00:00
Samsung Galaxy A54,Smartphone,4,bad art employee lead process,FLIPKART,21-03-2022 00:00
Samsung Galaxy S22,Smartphone,5,worth it throughout bring production style,flipkart,18-09-2024 00:00
Samsung Buds Live,Accessories,5,waste of money product history performance minute bed be trouble,FLIPKART,11-05-2024 00:00
Samsung Galaxy Book 3,Smartphone,4,bad example simple rest art other south protect,FLIPKART,13-08-2023 00:00
Samsung Galaxy Book 3,Smartphone,4,waste of money finish everyone source impact play subject investment,AMAZON,05-10-2024 00:00
Samsung Charger 25W,Accessories,5,not great impact score above enter door,flipkart,13-01-2022 00:00
Samsung Galaxy A14,Smartphone,2,worth it effort beautiful from yet onto threat style issue camera quality is poor,AMAZON,23-11-2024 00:00
Samsung Galaxy S23,Smartphone,5,bad mrs lay ask movie,AMAZON,02-02-2023 00:00
Samsung Soundbar,Other,2,build quality feels premium,flipkart,07-07-2023
Samsung Galaxy Watch6,Smartphone,3,nice product but a bit overpriced,AMAZON,16-04-2023
 Samsung Galaxy Watch6 ,Smartphone,3,build quality feels premium,FLIPKART,11-09-2023
 Samsung Galaxy M14 ,Smartphone,5,worth it teach when debate,amazon,24-12-2024 00:00
Samsung Galaxy Book 3,Smartphone,3,worth it thank poor mention author marriage bring second thank issue camera quality is poor,flipkart,03-03-2023 00:00
 Samsung Galaxy A14 ,Smartphone,5,worth it long between feeling,FLIPKART,21-01-2023 00:00
 Samsung Washing Machine ,Other,4,performance is topnotch,amazon,28-02-2023
 Samsung Galaxy M53 ,Smartphone,4,average,amazon,25-07-2023 00:00
Samsung Galaxy Book 3,Smartphone,1,waste of money him law president black including determine very issue camera quality is poor,flipkart,26-06-2024 00:00
 Samsung Galaxy Book 2 ,Smartphone,2,waste of money collection beat note author,flipkart,07-12-2023 00:00
Samsung Buds 2,Accessories,4,bad guy guy design quality idea,flipkart,13-01-2022 00:00
Samsung Buds 2,Accessories,4,worth it hospital throughout upon trade participant mind occur,amazon,01-08-2024 00:00
 Samsung Galaxy M34 ,Smartphone,4,not great per meeting look baby team use or knowledge,AMAZON,05-09-2024 00:00
 Samsung Galaxy Book 3 ,Smartphone,2,worth it relationship deep subject security issue display flickering,flipkart,25-09-2024 00:00
 Samsung Galaxy S23 ,Smartphone,2,heats up sometimes during heavy usage,FLIPKART,07-03-2023
Samsung Galaxy A54,Smartphone,2,worth it,flipkart,24-03-2023 00:00
Samsung Galaxy M53,Smartphone,5,not great several speak its find thought expect college campaign,flipkart,22-10-2023 00:00
Samsung Charger 25W,Accessories,5,average let keep brother,FLIPKART,22-12-2024 00:00
Samsung Buds Live,Accessories,4,bad agency yes social evidence a concern,FLIPKART,07-04-2022 00:00
 Samsung Galaxy Tab S7 FE ,Smartphone,4,good language kitchen specific above tell relationship fact,amazon,16-06-2022 00:00
 Samsung Galaxy M14 ,Smartphone,4,bad eat beautiful account or,FLIPKART,29-12-2023 00:00
Samsung Galaxy A14,Smartphone,4,worth it write believe policy billion life,AMAZON,16-10-2023 00:00
Samsung Charger 25W,Accessories,1,bad party before home task blue could issue slow performance,amazon,01-05-2024 00:00
Samsung Galaxy Tab A8,Smartphone,4,bad writer hold yard responsibility example some,FLIPKART,22-10-2023 00:00
 Samsung Galaxy A34 ,Smartphone,4,not great face bit for,AMAZON,06-10-2022 00:00
Samsung Galaxy S23,Smartphone,2,excellent pattern determine south character figure media consumer issue display flickering,AMAZON,04-01-2024 00:00
 Samsung Galaxy S23 ,Smartphone,3,amazing display quality,AMAZON,09-06-2024
Samsung Galaxy A14,Smartphone,5,waste of money,flipkart,28-02-2024 00:00
Samsung Refrigerator,Other,1,battery life could be better,amazon,11-11-2024
 Samsung Galaxy M14 ,Smartphone,5,average simple audience degree choose their simple forward finally,amazon,15-12-2023 00:00
Samsung Galaxy S22,Smartphone,3,worth it traditional easy be at speak son issue battery draining fast,amazon,27-10-2024 00:00
Samsung Galaxy Tab A8,Smartphone,1,not great,AMAZON,21-09-2024 00:00
Samsung Galaxy Tab A8,Smartphone,3,bad man final still money issue camera quality is poor,AMAZON,29-09-2024 00:00
 Samsung Buds Live ,Accessories,3,worth it issue battery draining fast,AMAZON,16-10-2022 00:00
 Samsung Galaxy Book 2 ,Smartphone,5,worth it church anything authority these ok coach lot,FLIPKART,07-07-2022 00:00
Samsung Galaxy M34,Smartphone,4,worth it million material trip star than,flipkart,08-09-2022 00:00
 Samsung Galaxy M53 ,Smartphone,5,bad,amazon,17-08-2024 00:00
 Samsung Charger 25W ,Accessories,2,bad too hair would center issue camera quality is poor,flipkart,04-06-2023 00:00
 Samsung Galaxy Book 2 ,Smartphone,5,not great white some remain and better,flipkart,30-01-2022 00:00
 Samsung Galaxy A54 ,Smartphone,3,not great leg major street remember success range issue battery draining fast,flipkart,03-10-2024 00:00
Samsung Galaxy Tab S7 FE,Smartphone,4,waste of money tell customer few form finish,amazon,19-04-2022 00:00
Samsung Galaxy A54,Smartphone,2,not great card relate whether help military,FLIPKART,04-06-2023 00:00
 Samsung Charger 25W ,Accessories,3,worth it issue slow performance,FLIPKART,05-08-2022 00:00
Samsung Galaxy Book 2,Smartphone,5,bad,amazon,25-07-2023 00:00
Samsung Galaxy A14,Smartphone,3,waste of money chair between food walk film force few audience,AMAZON,26-03-2024 00:00
Samsung Buds 2,Accessories,3,bad nor dinner summer lead factor maybe,amazon,01-10-2022 00:00
 Samsung Galaxy S22 ,Smartphone,4,good collection base what live conference,amazon,21-11-2023 00:00
 Samsung Galaxy M14 ,Smartphone,4,not great list country heart time loss win inside article,AMAZON,04-10-2024 00:00
Samsung QLED TV,TV,5,good for basic usage,flipkart,16-04-2024
Samsung Galaxy M14,Smartphone,4,bad,FLIPKART,16-01-2023 00:00
Samsung Galaxy M14,Smartphone,4,excellent after fund during claim ask,AMAZON,13-12-2024 00:00
Samsung Galaxy S21 FE,Smartphone,1,good movie meet can occur across whether issue battery draining fast,amazon,31-08-2022 00:00
Samsung Galaxy A14,Smartphone,5,average edge believe seat set into,AMAZON,27-02-2024 00:00
 Samsung Galaxy S22 ,Smartphone,4,worth it opportunity talk nation recent party its,flipkart,02-07-2024 00:00
Samsung Galaxy Tab A8,Smartphone,4,average player training candidate hit finally long know,AMAZON,24-08-2023 00:00
Samsung Galaxy Book 3,Smartphone,2,bad pick environmental cut last strategy,flipkart,16-06-2024 00:00
 Samsung Galaxy M53 ,Smartphone,4,not great young leave including heart chance star world organization,flipkart,18-02-2024 00:00
 Samsung Galaxy M14 ,Smartphone,4,good area employee popular image chair strategy democrat defense,flipkart,23-04-2024 00:00
 Samsung Galaxy M53 ,Smartphone,3,waste of money involve office establish especially issue slow performance,FLIPKART,07-05-2024 00:00
Samsung Galaxy A14,Smartphone,2,worth it,flipkart,10-07-2023 00:00
Samsung Galaxy A54,Smartphone,4,not great yet more one sure charge feel it,amazon,04-06-2022 00:00
Samsung Charger 25W,Accessories,4,worth it movement address guy issue article until former,amazon,01-07-2022 00:00
Samsung Galaxy M34,Smartphone,5,worth it paper best standard,FLIPKART,26-08-2022 00:00
Samsung Galaxy Tab S7 FE,Smartphone,5,waste of money trial almost try drop color itself,amazon,13-03-2024 00:00
 Samsung Galaxy A34 ,Smartphone,3,worth it necessary single professional admit high surface son individual issue battery draining fast,amazon,04-03-2023 00:00
Samsung Galaxy S23,Smartphone,3,not great staff college hour audience thought whom factor in issue slow performance,flipkart,26-01-2023 00:00
Samsung Galaxy M53,Smartphone,1,waste of money support what foot director issue camera quality is poor,AMAZON,07-09-2024 00:00
Samsung Galaxy Tab S7 FE,Smartphone,1,good involve material toward movie base final off issue display flickering,FLIPKART,14-06-2023 00:00
Samsung Galaxy S23,Smartphone,4,not great than most fact fall certain,FLIPKART,09-03-2022 00:00
Samsung Charger 25W,Accessories,3,worth it issue overheating issue,amazon,30-06-2022 00:00
Samsung Galaxy M53,Smartphone,4,average information to skill whose hour attention total,FLIPKART,12-07-2022 00:00
Samsung Galaxy Tab S7 FE,Smartphone,4,not great eight up any support,amazon,04-02-2022 00:00
Samsung Charger 25W,Accessories,2,not great write develop hair live issue display flickering,FLIPKART,14-06-2023 00:00
 Samsung Galaxy S22 ,Smartphone,5,not great suggest customer street about read early challenge,amazon,15-11-2022 00:00
Samsung Galaxy S23,Smartphone,4,good few fact truth concern,flipkart,06-03-2022 00:00
Samsung Galaxy M53,Smartphone,4,bad suffer land view half,AMAZON,06-04-2024 00:00
Samsung Galaxy S21 FE,Smartphone,3,average interview smile issue between issue camera quality is poor,amazon,13-05-2023 00:00
Samsung Galaxy M34,Smartphone,1,worth it air keep letter issue slow performance,flipkart,17-02-2022 00:00
Samsung Galaxy Tab S7 FE,Smartphone,3,excellent issue battery draining fast,FLIPKART,19-11-2022 00:00
Samsung Buds 2,Accessories,1,excellent shoulder recognize relate to issue slow performance,FLIPKART,28-05-2023 00:00
 Samsung Buds 2 ,Accessories,4,average physical behavior spend less role security,FLIPKART,23-08-2022 00:00
Samsung QLED TV,TV,3,nice product but a bit overpriced,flipkart,21-11-2023
Samsung Galaxy A14,Smartphone,4,average success behavior result its training,AMAZON,28-05-2022 00:00
 Samsung Galaxy M14 ,Smartphone,5,bad,FLIPKART,17-10-2023 00:00
 Samsung Galaxy S22 ,Smartphone,4,excellent will end together professional,flipkart,01-02-2024 00:00
Samsung Galaxy S21 FE,Smartphone,4,average while serious clearly scientist movie,flipkart,25-08-2024 00:00
Samsung Galaxy Tab A8,Smartphone,5,average thing could apply yeah ok quickly,flipkart,17-11-2023 00:00
Samsung Galaxy Tab A8,Smartphone,3,average issue overheating issue,flipkart,01-10-2024 00:00
 Samsung Galaxy Book 3 ,Smartphone,2,excellent move stuff foreign worker strong,amazon,15-07-2023 00:00
Samsung Galaxy Tab A8,Smartphone,3,excellent job owner choice report road save issue camera quality is poor,AMAZON,17-03-2022 00:00
Samsung Galaxy Book 2,Smartphone,4,good low technology fund ok front despite,amazon,06-06-2024 00:00
Samsung Buds 2,Accessories,4,worth it against majority stuff lot fact,flipkart,17-11-2022 00:00
Samsung Galaxy A14,Smartphone,2,average phone task work place sort commercial,flipkart,15-10-2024 00:00
Samsung Galaxy Watch6,Smartphone,5,very durable and reliable,flipkart,27-01-2025
Samsung Galaxy S22,Smartphone,4,average specific head life by level,FLIPKART,24-02-2023 00:00
Samsung Galaxy A14,Smartphone,5,bad me personal to improve study product,FLIPKART,09-05-2023 00:00
Samsung Galaxy M34,Smartphone,5,good operation never late agree which class resource,amazon,08-07-2023 00:00
Samsung Galaxy A34,Smartphone,4,good shake cover factor brother outside physical especially,flipkart,02-06-2023 00:00
 Samsung Galaxy S21 FE ,Smartphone,4,good rule will able major commercial especially wish today,amazon,16-08-2024 00:00
Samsung Galaxy M14,Smartphone,4,waste of money stop put lead crime trouble,FLIPKART,22-04-2024 00:00
 Samsung Galaxy S22 ,Smartphone,4,excellent since hot wide pay activity no into,flipkart,29-12-2023 00:00
Samsung Buds Live,Accessories,4,average firm hope most hear west information nearly,FLIPKART,05-07-2022 00:00
 Samsung Galaxy A14 ,Smartphone,3,not great side phone once budget issue display flickering,amazon,12-10-2022 00:00
Samsung Galaxy M34,Smartphone,4,bad,flipkart,25-12-2023 00:00
 Samsung Galaxy Book 2 ,Smartphone,4,excellent remember congress back as whom fly add raise,AMAZON,06-06-2022 00:00
 Samsung Buds 2 ,Accessories,3,not great white manager center current issue battery draining fast,flipkart,12-06-2023 00:00
Samsung Galaxy A54,Smartphone,3,bad my will able stop issue overheating issue,FLIPKART,30-05-2023 00:00
Samsung Galaxy S23,Smartphone,5,worth it end unit language,FLIPKART,26-04-2023 00:00
Samsung Galaxy M14,Smartphone,4,average,AMAZON,23-09-2023 00:00
Samsung Galaxy Book 2,Smartphone,3,good old personal resource,AMAZON,08-08-2023 00:00
Samsung Galaxy M14,Smartphone,4,bad college according crime true player positive,AMAZON,13-02-2022 00:00
 Samsung Galaxy S23 ,Smartphone,3,not worth the price,flipkart,11-02-2023
Samsung Buds Live,Accessories,3,worth it find body either water analysis issue slow performance,amazon,17-04-2024 00:00
Samsung Galaxy Book 3,Smartphone,5,good pull join treat commercial,flipkart,19-01-2022 00:00
Samsung Galaxy M53,Smartphone,5,worth it medical few yourself whatever security order grow first,AMAZON,20-02-2023 00:00
Samsung Galaxy M34,Smartphone,5,waste of money yard face group,FLIPKART,01-11-2022 00:00
 Samsung Galaxy Book 2 ,Smartphone,4,excellent hear hundred five inside nation social matter,FLIPKART,29-07-2022 00:00
Samsung Galaxy M53,Smartphone,4,bad dinner even agent improve,flipkart,27-02-2022 00:00
Samsung Charger 25W,Accessories,4,not great local everyone lot less win smile price avoid,flipkart,13-11-2022 00:00
Samsung Galaxy A34,Smartphone,4,worth it walk hotel include join fact do,amazon,01-07-2022 00:00
Samsung Galaxy A14,Smartphone,5,not great themselves guess training painting memory nor road,amazon,19-07-2023 00:00
Samsung Charger 25W,Accessories,5,average door their performance personal somebody,AMAZON,01-10-2023 00:00
Samsung Galaxy M14,Smartphone,4,average series speak stock cup mean,FLIPKART,13-04-2023 00:00
 Samsung Galaxy M14 ,Smartphone,1,average able when magazine well issue overheating issue,flipkart,16-04-2023 00:00
Samsung Galaxy Book 2,Smartphone,4,not great interview alone family occur should next power,flipkart,04-06-2023 00:00
 Samsung Galaxy S22 ,Smartphone,3,nice product but a bit overpriced,FLIPKART,21-11-2023
 Samsung Galaxy M53 ,Smartphone,4,waste of money father measure rate color beautiful wrong,amazon,25-05-2024 00:00
Samsung Galaxy A54,Smartphone,4,excellent stuff gun probably size man involve,FLIPKART,29-12-2024 00:00
 Samsung Galaxy M14 ,Smartphone,3,bad door attorney manager kid issue charging problem,AMAZON,14-07-2024 00:00
 Samsung Galaxy M34 ,Smartphone,4,excellent,AMAZON,01-07-2023 00:00
 Samsung Galaxy S23 ,Smartphone,3,not great very course happen break general decade gas issue camera quality is poor,FLIPKART,13-12-2022 00:00
Samsung Buds 2,Accessories,3,good issue overheating issue,amazon,16-04-2022 00:00
Samsung Galaxy A14,Smartphone,5,worth it soldier little alone exactly certainly,flipkart,02-04-2024 00:00
Samsung Crystal UHD TV,TV,1,not worth the price,FLIPKART,15-10-2023
Samsung Galaxy Z Fold5,Smartphone,2,highly recommend to others,amazon,29-02-2024
 Samsung Galaxy S21 FE ,Smartphone,2,not great foreign general nation radio pattern month issue display flickering,amazon,13-02-2024 00:00
Samsung Galaxy S21 FE,Smartphone,3,worth it issue camera quality is poor,FLIPKART,19-01-2024 00:00
Samsung Galaxy Tab A8,Smartphone,4,bad fear another recently book course event,flipkart,14-01-2024 00:00
 Samsung Galaxy M34 ,Smartphone,3,excellent summer within military since exactly need even,AMAZON,18-07-2022 00:00
Samsung Galaxy Book 3,Smartphone,3,excellent product base guess spend pull still issue camera quality is poor,amazon,17-01-2022 00:00
Samsung Galaxy Tab A8,Smartphone,4,excellent,flipkart,25-08-2024 00:00
Samsung Galaxy M53,Smartphone,4,excellent,flipkart,21-12-2023 00:00
 Samsung Buds 2 ,Accessories,4,worth it successful table arm speak,flipkart,06-07-2024 00:00
Samsung Galaxy Book 3,Smartphone,4,worth it entire involve dream,FLIPKART,01-09-2024 00:00
Samsung Galaxy S22,Smartphone,2,worth it himself prevent operation within attorney end issue charging problem,AMAZON,22-05-2022 00:00
Samsung Galaxy Book 3,Smartphone,2,excellent main design challenge once issue display flickering,AMAZON,21-04-2024 00:00
Samsung Galaxy S22,Smartphone,4,waste of money painting letter president reach opportunity give goal,FLIPKART,24-09-2024 00:00
Samsung Galaxy A34,Smartphone,5,waste of money likely everything agent democratic key onto,FLIPKART,26-01-2022 00:00
Samsung Galaxy A34,Smartphone,3,bad agent resource feeling third hold age both,amazon,23-01-2023 00:00
Samsung Galaxy Book 2,Smartphone,4,bad behind look wrong new where story,FLIPKART,03-04-2022 00:00
Samsung Buds Live,Accessories,4,bad by or glass thought,flipkart,24-10-2024 00:00
Samsung Galaxy Tab A8,Smartphone,4,not great mrs range quickly product front,amazon,14-08-2022 00:00
Samsung Galaxy S21 FE,Smartphone,5,waste of money show short discuss politics,FLIPKART,23-02-2022 00:00
Samsung Buds 2,Accessories,2,good say though old issue battery draining fast,amazon,22-04-2024 00:00
Samsung Galaxy S23,Smartphone,3,not great nature certain likely imagine issue display flickering,amazon,09-05-2024 00:00
Samsung Galaxy M53,Smartphone,2,good,FLIPKART,22-01-2023 00:00
Samsung Galaxy M34,Smartphone,1,not great issue display flickering,amazon,20-08-2024 00:00
Samsung Buds 2,Accessories,1,average appear speak action ready wide list pull issue battery draining fast,AMAZON,18-05-2024 00:00
 Samsung Galaxy S23 ,Smartphone,1,average interest enter give take country third issue slow performance,amazon,03-07-2024 00:00
Samsung Galaxy M14,Smartphone,4,excellent nice now church direction against article fish bed,AMAZON,21-11-2023 00:00
Samsung Galaxy A54,Smartphone,5,waste of money performance pattern nation blue avoid claim plan,FLIPKART,01-01-2025 00:00
Samsung Galaxy Tab S7 FE,Smartphone,3,average director garden herself tv outside manager,AMAZON,27-10-2022 00:00
 Samsung Galaxy S21 FE ,Smartphone,3,good far evening weight article issue battery draining fast,flipkart,25-06-2023 00:00
 Samsung Galaxy Tab S7 FE ,Smartphone,3,waste of money,flipkart,08-07-2024 00:00
Samsung Galaxy S23,Smartphone,3,not great need more itself majority bill parent,amazon,03-08-2024 00:00
Samsung Galaxy S23,Smartphone,1,waste of money issue charging problem,AMAZON,20-09-2023 00:00
Samsung Galaxy Book 3,Smartphone,3,bad issue camera quality is poor,AMAZON,18-10-2022 00:00
 Samsung Galaxy A34 ,Smartphone,5,not great,AMAZON,20-03-2023 00:00
 Samsung Galaxy M34 ,Smartphone,4,bad position hospital important,amazon,23-09-2023 00:00
Samsung Galaxy A54,Smartphone,4,good third hand animal despite,AMAZON,16-04-2022 00:00
 Samsung Buds 2 ,Accessories,4,bad this character few personal everything,flipkart,12-03-2024 00:00
 Samsung Buds 2 ,Accessories,1,waste of money issue camera quality is poor,flipkart,30-11-2022 00:00
Samsung Galaxy Book 2,Smartphone,4,bad,AMAZON,14-03-2023 00:00
Samsung Galaxy M14,Smartphone,3,excellent animal city remain issue display flickering,AMAZON,27-11-2024 00:00
Samsung Galaxy A14,Smartphone,3,good issue charging problem,flipkart,06-02-2024 00:00
Samsung Buds Live,Accessories,3,excellent nation guess when,FLIPKART,23-06-2023 00:00
 Samsung Buds 2 ,Accessories,4,average yeah decision day pull republican southern,FLIPKART,13-08-2023 00:00
Samsung Galaxy S22,Smartphone,2,bad allow indicate rise discuss,AMAZON,29-09-2023 00:00
Samsung Galaxy Tab S7 FE,Smartphone,2,excellent cup move sit such agree issue slow performance,flipkart,26-05-2022 00:00
Samsung Buds Live,Accessories,5,good education respond what boy power country almost rate,AMAZON,12-09-2023 00:00
Samsung Galaxy Tab A8,Smartphone,5,bad too center sign explain,FLIPKART,16-01-2024 00:00
Samsung Charger 25W,Accessories,5,excellent law discussion just thing some through community,FLIPKART,01-10-2024 00:00
 Samsung Washing Machine ,Other,2,very durable and reliable,amazon,12-08-2024
Samsung Charger 25W,Accessories,5,waste of money,FLIPKART,17-05-2023 00:00
Samsung Galaxy M14,Smartphone,5,bad scientist either air mean building month audience,FLIPKART,11-09-2023 00:00
 Samsung Charger 25W ,Accessories,3,worth it mother decade player national evidence industry court score,AMAZON,02-06-2022 00:00
Samsung Galaxy A34,Smartphone,5,worth it draw future today organization high,flipkart,04-04-2024 00:00
Samsung Buds 2,Accessories,4,average policy subject manage game our,FLIPKART,06-12-2024 00:00
Samsung Galaxy M53,Smartphone,4,worth it glass avoid green team fly social,FLIPKART,18-06-2022 00:00
Samsung Galaxy A14,Smartphone,3,excellent per front paper perhaps issue camera quality is poor,AMAZON,25-09-2023 00:00
Samsung Charger 25W,Accessories,3,excellent there when form church chance social local head issue overheating issue,FLIPKART,18-04-2023 00:00
 Samsung QLED TV ,TV,2,battery life could be better,amazon,25-10-2023
Samsung Galaxy A54,Smartphone,5,worth it day newspaper just discuss account,AMAZON,19-02-2022 00:00
Samsung Galaxy M53,Smartphone,3,excellent cell left seem realize others issue display flickering,AMAZON,30-06-2023 00:00
Samsung Galaxy A14,Smartphone,3,bad it describe at responsibility figure,amazon,03-09-2022 00:00
Samsung Galaxy Tab A8,Smartphone,3,worth it get check them gas,AMAZON,21-05-2022 00:00
Samsung Galaxy Book 2,Smartphone,2,excellent issue overheating issue,flipkart,27-07-2024 00:00
Samsung Galaxy M14,Smartphone,4,good score try old eat option more gas,amazon,11-03-2022 00:00
 Samsung Buds 2 ,Accessories,5,excellent doctor agent friend attorney very keep,flipkart,04-07-2023 00:00
Samsung Galaxy M34,Smartphone,4,not great service last under product all color easy national,FLIPKART,30-05-2023 00:00
Samsung Galaxy A54,Smartphone,3,waste of money level beautiful save news wish when,flipkart,26-06-2022 00:00
Samsung Galaxy S23,Smartphone,4,good bill key small record instead detail,amazon,25-02-2022 00:00
Samsung Galaxy A54,Smartphone,3,bad own hospital no lay per issue slow performance,amazon,07-10-2024 00:00
 Samsung Galaxy A14 ,Smartphone,5,good song market house sister then,FLIPKART,19-01-2024 00:00
Samsung Galaxy M53,Smartphone,5,waste of money north production art word can,FLIPKART,02-05-2023 00:00
Samsung Galaxy M14,Smartphone,5,good know society now understand ever,AMAZON,01-02-2024 00:00
Samsung Galaxy Tab A8,Smartphone,5,bad church plan expect piece letter,AMAZON,21-02-2023 00:00
 Samsung Galaxy S23 ,Smartphone,1,bad front catch seem glass just make issue display flickering,AMAZON,01-02-2023 00:00
Samsung Galaxy S23,Smartphone,2,good recent under relate over blood,AMAZON,27-03-2023 00:00
Samsung Galaxy Book 2,Smartphone,2,waste of money difficult final be whose human fill north issue camera quality is poor,AMAZON,09-05-2023 00:00
 Samsung Galaxy A34 ,Smartphone,2,average issue charging problem,amazon,10-11-2022 00:00
Samsung Galaxy S21 FE,Smartphone,3,waste of money mother reveal within drop,flipkart,01-01-2024 00:00
 Samsung Galaxy M34 ,Smartphone,3,waste of money three specific worry seat whom issue slow performance,FLIPKART,07-04-2022 00:00
 Samsung Charger 25W ,Accessories,4,bad glass occur development light mission,AMAZON,03-07-2024 00:00
 Samsung Galaxy S21 FE ,Smartphone,4,not great oil cold office although evidence sea,flipkart,11-12-2023 00:00
Samsung Buds Live,Accessories,2,bad quickly check between image feel all economy issue display flickering,AMAZON,07-08-2024 00:00
Samsung Air Conditioner,Other,1,amazing display quality,amazon,20-01-2024
 Samsung Galaxy A54 ,Smartphone,4,waste of money ball fish participant his computer late,amazon,23-05-2023 00:00
Samsung Galaxy A14,Smartphone,3,not great security company doctor item everyone issue charging problem,flipkart,20-11-2022 00:00
Samsung Charger 25W,Accessories,4,not great southern summer chair trade right,amazon,29-09-2023 00:00
 Samsung Galaxy Tab A8 ,Smartphone,4,worth it,AMAZON,17-05-2023 00:00
 Samsung Buds 2 ,Accessories,5,waste of money still season model along evening society so west,FLIPKART,12-10-2024 00:00
Samsung Galaxy S22,Smartphone,2,excellent issue charging problem,AMAZON,15-09-2023 00:00
 Samsung Galaxy Tab S7 FE ,Smartphone,4,average force speak wall item money you,flipkart,07-06-2022 00:00
Samsung Galaxy S22,Smartphone,5,average floor until which system message model food,FLIPKART,13-12-2022 00:00
Samsung Charger 25W,Accessories,4,waste of money,FLIPKART,22-06-2022 00:00
Samsung Buds 2,Accessories,3,waste of money hit force goal heart tv likely congress,FLIPKART,31-07-2023 00:00
 Samsung Galaxy A34 ,Smartphone,5,excellent sure year off low,amazon,04-10-2024 00:00
Samsung Buds Live,Accessories,3,average issue charging problem,FLIPKART,14-05-2024 00:00
 Samsung Galaxy Book 3 ,Smartphone,5,bad family voice smile lose party room,FLIPKART,26-04-2024 00:00
Samsung Galaxy M34,Smartphone,5,waste of money concern enough simple painting book miss end message,amazon,23-08-2023 00:00
 Samsung Crystal UHD TV ,TV,1,not worth the price,AMAZON,04-04-2023
 Samsung Galaxy M14 ,Smartphone,1,bad capital cultural participant recent just issue overheating issue,flipkart,24-10-2023 00:00
Samsung Galaxy A34,Smartphone,3,good nature about congress fine follow buy choose issue display flickering,amazon,15-09-2024 00:00
Samsung Galaxy Book 3,Smartphone,3,waste of money,amazon,30-05-2022 00:00
Samsung Galaxy Tab A8,Smartphone,4,waste of money ability child bed story morning middle toward several,amazon,29-12-2022 00:00
Samsung Galaxy Book 2,Smartphone,4,not great design food you recognize discuss only seat rest,amazon,13-02-2022 00:00
Samsung Galaxy A34,Smartphone,5,bad wear job probably thousand traditional item,AMAZON,18-01-2022 00:00
Samsung Galaxy Book 2,Smartphone,4,bad send human along section act about while resource,FLIPKART,24-03-2022 00:00
 Samsung Charger 25W ,Accessories,4,waste of money contain yeah discussion one follow kitchen maintain,AMAZON,18-11-2022 00:00
Samsung Galaxy A14,Smartphone,1,waste of money issue overheating issue,amazon,24-09-2022 00:00
Samsung Galaxy Tab S7 FE,Smartphone,2,waste of money sound happen church mother trip education fund,AMAZON,03-10-2022 00:00
 Samsung Galaxy A54 ,Smartphone,2,delivery was delayed but the product is great,FLIPKART,19-05-2023
Samsung Galaxy Watch6,Smartphone,4,very userfriendly interface,FLIPKART,01-05-2023
Samsung Buds 2,Accessories,5,average account not consider really she well several,amazon,18-07-2024 00:00
 Samsung Buds Live ,Accessories,5,not great citizen onto former these threat official,flipkart,22-09-2023 00:00
 Samsung Galaxy Tab S7 FE ,Smartphone,4,not great,FLIPKART,19-09-2022 00:00
Samsung Buds 2,Accessories,4,average same high a machine somebody,amazon,12-02-2023 00:00
Samsung Buds Live,Accessories,4,excellent city wish design former class about surface pay,amazon,15-02-2024 00:00
Samsung Galaxy M53,Smartphone,5,waste of money against hand various figure house live,AMAZON,06-02-2023 00:00
Samsung Charger 25W,Accessories,4,average,FLIPKART,29-05-2022 00:00
Samsung Galaxy S21 FE,Smartphone,2,average ground bank understand tend picture past issue camera quality is poor,amazon,16-01-2023 00:00
 Samsung Galaxy S22 ,Smartphone,4,excellent return challenge they,FLIPKART,15-11-2023 00:00
Samsung Galaxy M34,Smartphone,3,bad collection current clear sit during case top,amazon,21-06-2023 00:00
Samsung Galaxy A54,Smartphone,3,waste of money,AMAZON,20-08-2023 00:00
Samsung Galaxy A54,Smartphone,5,worth it husband large prove,AMAZON,27-03-2023 00:00
 Samsung Buds 2 ,Accessories,3,average,flipkart,07-09-2022 00:00
Samsung Galaxy M14,Smartphone,4,average carry enjoy before,AMAZON,10-03-2024 00:00
Samsung Galaxy Book 2,Smartphone,5,worth it claim such say discover live rate wall,flipkart,18-12-2024 00:00
Samsung Galaxy A34,Smartphone,4,excellent main fine take on event down,AMAZON,13-07-2022 00:00
Samsung Galaxy S23,Smartphone,4,performance is topnotch,amazon,06-01-2024
Samsung Galaxy S22,Smartphone,5,excellent sell although move effect owner hair free cup,amazon,27-01-2022 00:00
Samsung Galaxy Book 3,Smartphone,4,bad tough administration energy way ability add body,flipkart,21-10-2024 00:00
Samsung Galaxy S23,Smartphone,2,love the camera quality,amazon,11-07-2024
Samsung Galaxy S23,Smartphone,4,very userfriendly interface,amazon,25-07-2023
Samsung Buds 2,Accessories,4,bad strategy trade size week,amazon,16-03-2024 00:00
Samsung Galaxy M34,Smartphone,4,bad world individual current next us,flipkart,02-05-2022 00:00
Samsung Galaxy A54,Smartphone,3,good including bar realize determine positive yard issue overheating issue,flipkart,25-01-2023 00:00
 Samsung Galaxy S22 ,Smartphone,4,waste of money call blue minute writer,FLIPKART,26-08-2022 00:00
Samsung Galaxy S22,Smartphone,5,excellent director manager fund even reality value standard,AMAZON,13-10-2023 00:00
Samsung Galaxy S23,Smartphone,5,worth it not card stuff question north ready father,flipkart,24-04-2022 00:00
Samsung Charger 25W,Accessories,4,waste of money vote miss show board,amazon,17-03-2024 00:00
Samsung Galaxy A54,Smartphone,2,average issue slow performance,flipkart,14-01-2023 00:00
Samsung Galaxy S22,Smartphone,1,worth it tree government treatment step,AMAZON,25-03-2023 00:00
Samsung Galaxy Tab S7 FE,Smartphone,4,not great day prevent pull,FLIPKART,09-05-2024 00:00
 Samsung Buds 2 ,Accessories,4,good weight inside fear attack wide,AMAZON,03-11-2023 00:00
 Samsung Galaxy S21 FE ,Smartphone,4,average population four direction future possible,FLIPKART,27-08-2024 00:00
 Samsung Galaxy A14 ,Smartphone,5,excellent yet operation true small woman,FLIPKART,03-04-2022 00:00
Samsung QLED TV,TV,4,very userfriendly interface,flipkart,14-05-2024
Samsung Galaxy Book 3,Smartphone,4,average career development record available bit affect will,FLIPKART,27-05-2024 00:00
Samsung Buds 2,Accessories,3,good hear son hospital rule note table mission issue camera quality is poor,flipkart,21-12-2024 00:00
Samsung Galaxy Book 3,Smartphone,5,average tell approach woman white study,amazon,07-08-2022 00:00
Samsung Galaxy S23,Smartphone,5,good our simple law beat,amazon,16-11-2023 00:00
 Samsung Galaxy S21 FE ,Smartphone,4,good range read join so toward section oil,FLIPKART,13-12-2023 00:00
Samsung Galaxy Book 3,Smartphone,3,not great item feel sea form with issue slow performance,amazon,29-03-2023 00:00
 Samsung Galaxy Buds2 ,Smartphone,1,software updates are slow,FLIPKART,12-06-2023
Samsung Buds Live,Accessories,4,average with if new today rock but cost,amazon,21-11-2024 00:00
 Samsung Galaxy S23 ,Smartphone,5,average,amazon,17-06-2024 00:00
 Samsung Galaxy Book 2 ,Smartphone,5,worth it,flipkart,15-05-2023 00:00
Samsung Galaxy M14,Smartphone,1,good serve fine no,amazon,18-04-2022 00:00
Samsung Galaxy M14,Smartphone,3,good yourself agency suddenly issue battery draining fast,AMAZON,02-01-2023 00:00
 Samsung Buds Live ,Accessories,4,good traditional story card several traditional,FLIPKART,18-07-2022 00:00
 Samsung Galaxy S23 ,Smartphone,3,excellent rich conference well south single set property,FLIPKART,10-08-2024 00:00
Samsung Galaxy M53,Smartphone,5,bad list instead follow,flipkart,05-05-2024 00:00
Samsung Charger 25W,Accessories,4,good single around thousand give ever attention dark,FLIPKART,12-09-2023 00:00
 Samsung Galaxy M14 ,Smartphone,1,worth it stage that reflect fear himself green medical issue slow performance,FLIPKART,06-01-2024 00:00
Samsung Buds Live,Accessories,5,not great,amazon,11-08-2022 00:00
Samsung Galaxy Book 2,Smartphone,3,not great anyone on cultural last compare issue camera quality is poor,amazon,16-04-2023 00:00
 Samsung Galaxy S22 ,Smartphone,3,performance is topnotch,FLIPKART,09-06-2023
Samsung Buds 2,Accessories,4,bad this character few personal everything,FLIPKART,12-03-2024 00:00
Samsung Galaxy S23,Smartphone,3,not great issue display flickering,AMAZON,09-04-2022 00:00
Samsung Galaxy M34,Smartphone,4,bad off better reduce keep,flipkart,10-06-2024 00:00
Samsung Galaxy S23,Smartphone,4,bad mention teach though admit gun democratic kitchen every,amazon,04-07-2023 00:00
 Samsung Buds 2 ,Accessories,5,bad,FLIPKART,16-07-2023 00:00
 Samsung Galaxy S22 ,Smartphone,5,average easy take interesting style,FLIPKART,09-02-2023 00:00
 Samsung Galaxy M53 ,Smartphone,4,not great to really member part act reach,amazon,02-02-2022 00:00
 Samsung Galaxy S21 FE ,Smartphone,4,not great small against than approach bad once author,FLIPKART,03-04-2024 00:00
 Samsung Galaxy M53 ,Smartphone,4,good throw ball month daughter plant,FLIPKART,20-04-2023 00:00
Samsung Galaxy S22,Smartphone,2,waste of money issue camera quality is poor,AMAZON,07-08-2024 00:00
Samsung Galaxy A54,Smartphone,4,worth it,amazon,10-01-2022 00:00
Samsung Galaxy M34,Smartphone,1,not great gun rule want hotel issue camera quality is poor,AMAZON,25-08-2024 00:00
Samsung Galaxy M14,Smartphone,4,not great house security near assume member tax build official,flipkart,23-04-2023 00:00
Samsung Galaxy S23,Smartphone,4,bad,amazon,28-11-2022 00:00
Samsung Galaxy Tab S7 FE,Smartphone,5,bad accept nothing force region card,flipkart,15-03-2022 00:00
Samsung Buds 2,Accessories,3,not great middle describe between admit card issue ability issue charging problem,flipkart,15-03-2023 00:00
Samsung Galaxy M34,Smartphone,4,excellent cause goal care perform back down,FLIPKART,05-03-2023 00:00
Samsung Buds Live,Accessories,5,waste of money anything spring claim road police thought,amazon,11-11-2023 00:00
Samsung Galaxy M14,Smartphone,3,good,flipkart,03-07-2024 00:00
Samsung Galaxy Book 2,Smartphone,4,excellent,amazon,18-10-2023 00:00
 Samsung Galaxy Tab A8 ,Smartphone,5,waste of money,AMAZON,11-01-2023 00:00
Samsung Galaxy M34,Smartphone,4,not great grow perform present task front ready democrat,amazon,09-12-2023 00:00
Samsung Galaxy A34,Smartphone,4,average this into scene table loss people future,flipkart,10-12-2023 00:00
Samsung Galaxy Tab S7 FE,Smartphone,4,worth it successful per oil thus town four,AMAZON,04-12-2024 00:00
 Samsung Galaxy M34 ,Smartphone,4,bad central admit night might,amazon,23-10-2024 00:00
 Samsung Galaxy Tab S7 FE ,Smartphone,5,good we customer involve yourself begin,flipkart,07-09-2024 00:00
Samsung Galaxy M53,Smartphone,4,not great different song consumer culture expert,amazon,13-12-2022 00:00
 Samsung Galaxy M34 ,Smartphone,3,bad issue camera quality is poor,flipkart,19-02-2024 00:00
Samsung Galaxy Book 2,Smartphone,4,worth it fish hospital rather resource task,amazon,11-10-2024 00:00
Samsung Galaxy S22,Smartphone,2,good house human some into any,FLIPKART,15-08-2023 00:00
Samsung Galaxy M34,Smartphone,3,average service along somebody outside,FLIPKART,08-01-2023 00:00
 Samsung Buds 2 ,Accessories,5,waste of money myself out may think,flipkart,22-08-2024 00:00
Samsung Galaxy A14,Smartphone,4,worth it report claim growth by son,FLIPKART,04-11-2024 00:00
Samsung Buds 2,Accessories,5,worth it try voice section,AMAZON,11-07-2024 00:00
Samsung Galaxy M34,Smartphone,1,bad issue overheating issue,FLIPKART,19-05-2024 00:00
Samsung Galaxy M53,Smartphone,4,average face less color understand sing level step second,FLIPKART,16-05-2023 00:00
Samsung Galaxy A34,Smartphone,1,not great sell throw hand rest issue camera quality is poor,AMAZON,15-10-2023 00:00
Samsung Galaxy Tab A8,Smartphone,4,bad research campaign cut against,FLIPKART,19-12-2023 00:00
Samsung Galaxy S23,Smartphone,4,waste of money final despite cover,FLIPKART,21-05-2022 00:00
Samsung Galaxy A14,Smartphone,5,bad well turn loss general,AMAZON,08-11-2024 00:00
 Samsung Charger 25W ,Accessories,4,good never growth city under,AMAZON,17-04-2022 00:00
Samsung Galaxy Tab S7 FE,Smartphone,4,bad contain test any product phone,flipkart,20-08-2024 00:00
Samsung Buds 2,Accessories,4,average quite peace congress off,amazon,19-02-2023 00:00
Samsung Buds Live,Accessories,5,good training itself focus remain name staff thank cause,flipkart,17-06-2022 00:00
Samsung Galaxy S21 FE,Smartphone,3,bad read drop decide issue camera quality is poor,FLIPKART,12-02-2022 00:00
Samsung Galaxy A34,Smartphone,3,bad account born building late issue charging problem,AMAZON,22-03-2022 00:00
 Samsung Galaxy S23 ,Smartphone,1,worth it the check stay direction issue overheating issue,amazon,15-04-2023 00:00
Samsung Charger 25W,Accessories,4,bad discover avoid life store base election director,amazon,29-10-2022 00:00
Samsung Galaxy Tab S7 FE,Smartphone,4,bad building after glass strong official,flipkart,16-11-2023 00:00
Samsung Galaxy S22,Smartphone,4,worth it receive hair despite right,amazon,28-05-2024 00:00
Samsung Buds 2,Accessories,4,not great technology perform final race respond,flipkart,23-12-2022 00:00
 Samsung Galaxy S21 FE ,Smartphone,2,worth it,flipkart,07-12-2022 00:00
Samsung Galaxy A34,Smartphone,4,average laugh test tax chair player despite,FLIPKART,18-07-2024 00:00
Samsung Galaxy S21 FE,Smartphone,5,average heavy camera value city real data,AMAZON,05-10-2023 00:00
Samsung Galaxy Tab S7 FE,Smartphone,4,average look production make fill happy recent firm,AMAZON,04-07-2024 00:00
Samsung Washing Machine,Other,4,amazing display quality,AMAZON,20-06-2023
 Samsung Buds 2 ,Accessories,1,waste of money issue display flickering,AMAZON,03-01-2023 00:00
Samsung Galaxy Tab S7 FE,Smartphone,3,waste of money again happen week star friend else issue overheating issue,FLIPKART,01-09-2024 00:00
 Samsung Galaxy Book 3 ,Smartphone,4,average pattern continue you success employee issue mrs under,flipkart,02-08-2023 00:00
Samsung Galaxy A14,Smartphone,3,bad although impact follow brother available cover,FLIPKART,14-02-2023 00:00
Samsung Galaxy Book 3,Smartphone,5,worth it mention least method old contain left campaign,amazon,13-06-2024 00:00
Samsung Galaxy Tab S7 FE,Smartphone,4,average try let training word mention fund mean,amazon,06-04-2023 00:00
 Samsung Galaxy M53 ,Smartphone,4,waste of money mind do image challenge seat natural interesting under,flipkart,04-03-2023 00:00
Samsung QLED TV,TV,1,great value for money,flipkart,21-05-2023
Samsung Buds 2,Accessories,4,excellent wrong manager get people result across,AMAZON,23-05-2022 00:00
Samsung Galaxy Tab A8,Smartphone,4,bad behind reflect himself event budget,FLIPKART,02-03-2024 00:00
 Samsung Buds Live ,Accessories,5,worth it hundred until citizen continue someone image budget,flipkart,06-12-2022 00:00
Samsung Galaxy M14,Smartphone,4,bad because treatment fund concern sense mouth,FLIPKART,08-02-2024 00:00
Samsung Galaxy Tab S7 FE,Smartphone,4,waste of money among only prepare believe,AMAZON,12-04-2022 00:00
 Samsung Buds 2 ,Accessories,5,average,amazon,29-10-2024 00:00
 Samsung Galaxy A34 ,Smartphone,2,bad focus ok name every issue display flickering,amazon,07-11-2023 00:00
Samsung Galaxy Tab S7 FE,Smartphone,4,bad after station treat major sense final record,flipkart,19-02-2022 00:00
Samsung Galaxy Tab S7 FE,Smartphone,2,worth it issue charging problem,FLIPKART,30-11-2023 00:00
 Samsung Galaxy M14 ,Smartphone,4,bad go important like practice,AMAZON,03-12-2022 00:00
Samsung Galaxy A34,Smartphone,4,good audience economic prove buy song leave,AMAZON,02-09-2022 00:00
Samsung QLED TV,TV,5,speaker quality is amazing,FLIPKART,02-02-2024
Samsung Galaxy Watch6,Smartphone,1,amazing display quality,FLIPKART,14-03-2023
Samsung Galaxy Book 3,Smartphone,4,waste of money adult our international agency tax production though well,AMAZON,18-10-2024 00:00
 Samsung Galaxy M14 ,Smartphone,2,average check authority police exist issue camera quality is poor,AMAZON,25-05-2023 00:00
Samsung Galaxy Tab S7 FE,Smartphone,4,worth it reason leave middle another public increase,flipkart,10-06-2022 00:00
 Samsung Galaxy A54 ,Smartphone,4,excellent science career position sign pretty answer,flipkart,31-10-2023 00:00
Samsung Galaxy A14,Smartphone,4,average thus spend your should career,AMAZON,28-02-2022 00:00
Samsung Galaxy M14,Smartphone,3,bad issue slow performance,amazon,09-07-2023 00:00
Samsung Galaxy A14,Smartphone,5,waste of money stock fall accept risk,FLIPKART,31-03-2023 00:00
 Samsung Buds Live ,Accessories,4,excellent become paper example specific same,amazon,24-10-2024 00:00
 Samsung Galaxy M53 ,Smartphone,4,waste of money,amazon,29-10-2023 00:00
 Samsung Galaxy S22 ,Smartphone,4,average military final only win require full,amazon,16-06-2023 00:00
Samsung Galaxy Book 2,Smartphone,2,not great tree line wear represent voice various issue charging problem,amazon,09-09-2023 00:00
 Samsung Charger 25W ,Accessories,4,excellent,AMAZON,05-03-2023 00:00
Samsung Charger 25W,Accessories,3,bad society likely result less wide drug head,amazon,05-12-2022 00:00
Samsung Galaxy A14,Smartphone,3,worth it phone him door good adult issue slow performance,AMAZON,17-02-2023 00:00
Samsung Buds 2,Accessories,3,waste of money particular power same standard likely issue battery draining fast,FLIPKART,29-04-2023 00:00
Samsung Galaxy Tab A8,Smartphone,2,waste of money leave student guess structure despite help point represent issue slow performance,flipkart,17-07-2024 00:00
 Samsung Galaxy S23 ,Smartphone,3,worth it painting hair course site might issue battery draining fast,AMAZON,08-02-2024 00:00
 Samsung Galaxy M14 ,Smartphone,3,average figure direction draw source run simple,AMAZON,25-02-2023 00:00
Samsung Galaxy M53,Smartphone,4,worth it add list under indeed hold cause,FLIPKART,09-06-2023 00:00
 Samsung Buds Live ,Accessories,1,not great test dinner chair today place issue slow performance,FLIPKART,02-12-2023 00:00
Samsung Buds Live,Accessories,3,bad court campaign fire view contain issue charging problem,amazon,20-09-2022 00:00
 Samsung Galaxy Tab S7 FE ,Smartphone,1,average region model probably shake issue charging problem,AMAZON,08-11-2023 00:00
 Samsung Galaxy A54 ,Smartphone,5,excellent up various also pattern,flipkart,22-11-2024 00:00
 Samsung Galaxy Book 2 ,Smartphone,1,average pay like article red door main issue overheating issue,FLIPKART,08-01-2024 00:00
Samsung Galaxy S23,Smartphone,1,not great use which material leg issue overheating issue,amazon,11-08-2022 00:00
 Samsung Galaxy S23 ,Smartphone,3,excellent still direction his piece everybody stage the yet issue battery draining fast,AMAZON,16-11-2022 00:00
Samsung Galaxy S21 FE,Smartphone,5,waste of money wrong member color dream support,amazon,20-07-2022 00:00
 Samsung Galaxy Tab S7 FE ,Smartphone,3,bad positive hotel remain check church population give maintain issue battery draining fast,amazon,15-02-2024 00:00
 Samsung Galaxy S23 ,Smartphone,5,excellent his campaign cold health,AMAZON,29-04-2022 00:00
Samsung Galaxy Tab S7 FE,Smartphone,1,good issue camera quality is poor,FLIPKART,08-05-2022 00:00
Samsung Galaxy Tab A8,Smartphone,3,waste of money cause nature condition cultural order site thing issue charging problem,amazon,25-03-2022 00:00
Samsung Galaxy S21 FE,Smartphone,4,average technology sea law effort we subject,flipkart,26-06-2024 00:00
Samsung Galaxy M14,Smartphone,3,excellent door take future,AMAZON,29-12-2023 00:00
 Samsung Galaxy Tab S7 FE ,Smartphone,2,waste of money former very cover for lose,FLIPKART,28-08-2024 00:00
 Samsung Galaxy Buds2 ,Smartphone,3,disappointed with the customer service,flipkart,11-12-2023
Samsung Galaxy S22,Smartphone,2,average issue battery draining fast,AMAZON,16-11-2022 00:00
Samsung Buds Live,Accessories,2,not great i class hot majority,amazon,24-12-2024 00:00
Samsung Galaxy Tab A8,Smartphone,4,not great recent mean better whose quite,AMAZON,18-04-2024 00:00
Samsung Galaxy A34,Smartphone,3,good amount down kind everything issue battery draining fast,FLIPKART,12-04-2023 00:00
Samsung Galaxy Tab A8,Smartphone,4,bad week store air guy,AMAZON,27-01-2023 00:00
 Samsung Galaxy S21 FE ,Smartphone,4,average major explain thought market wish,FLIPKART,17-05-2024 00:00
 Samsung Crystal UHD TV ,TV,1,battery life could be better,amazon,08-09-2024
Samsung Charger 25W,Accessories,4,bad agency girl operation write true,AMAZON,12-05-2022 00:00
Samsung Galaxy S22,Smartphone,4,average since difficult appear wrong,amazon,21-09-2022 00:00
Samsung Galaxy Tab A8,Smartphone,1,waste of money issue camera quality is poor,AMAZON,10-09-2024 00:00
Samsung Galaxy A54,Smartphone,3,speaker quality is amazing,flipkart,28-01-2025
Samsung Galaxy A34,Smartphone,4,bad fear easy understand cold mr authority,FLIPKART,30-11-2022 00:00
 Samsung Galaxy A54 ,Smartphone,4,waste of money,FLIPKART,26-06-2024 00:00
Samsung Buds 2,Accessories,5,not great fish language along hold start because test,AMAZON,15-12-2023 00:00
 Samsung Galaxy A54 ,Smartphone,4,worth it because success method challenge oil organization popular everyone,amazon,03-05-2024 00:00
 Samsung Galaxy Z Fold5 ,Smartphone,3,disappointed with the customer service,FLIPKART,09-10-2023
Samsung Galaxy S22,Smartphone,3,not great issue charging problem,flipkart,14-09-2022 00:00
 Samsung Galaxy A34 ,Smartphone,4,not great leader ready after control new from,AMAZON,07-05-2022 00:00
 Samsung Galaxy A54 ,Smartphone,4,waste of money girl half sport,amazon,18-05-2024 00:00
Samsung Buds Live,Accessories,4,not great go them though step theory today identify,flipkart,17-12-2022 00:00
Samsung Buds 2,Accessories,3,bad finally improve above ten situation seat issue display flickering,FLIPKART,20-04-2022 00:00
 Samsung Galaxy A54 ,Smartphone,5,not great another interesting field since herself beautiful shake,AMAZON,11-05-2022 00:00
Samsung Charger 25W,Accessories,5,excellent cause move guess debate region war,FLIPKART,01-02-2022 00:00
Samsung Galaxy M53,Smartphone,4,waste of money news full fire effort approach,flipkart,27-10-2023 00:00
Samsung Galaxy Tab A8,Smartphone,5,good town others man teacher magazine,AMAZON,22-01-2024 00:00
 Samsung Buds 2 ,Accessories,4,waste of money report wait rest,FLIPKART,22-11-2024 00:00
Samsung Galaxy A14,Smartphone,5,average production measure entire book,AMAZON,23-10-2022 00:00
 Samsung Galaxy Tab A8 ,Smartphone,3,bad man final still money issue camera quality is poor,amazon,29-09-2024 00:00
Samsung Galaxy Buds2,Smartphone,4,performance is topnotch,AMAZON,08-07-2023
Samsung Galaxy A34,Smartphone,1,bad i court knowledge guy put,FLIPKART,21-05-2023 00:00
Samsung Galaxy M34,Smartphone,5,average international whether society institution west part hundred part,flipkart,05-07-2023 00:00
Samsung Buds 2,Accessories,2,waste of money image find west down issue charging problem,amazon,27-02-2022 00:00
Samsung Buds Live,Accessories,4,waste of money trouble when option,flipkart,30-06-2023 00:00
Samsung Galaxy A54,Smartphone,3,worth it issue overheating issue,amazon,16-12-2022 00:00
 Samsung Crystal UHD TV ,TV,3,amazing display quality,amazon,31-01-2024
Samsung Galaxy S23,Smartphone,3,waste of money which able meet arrive face my final,amazon,06-09-2023 00:00
Samsung Galaxy M14,Smartphone,2,not great less perform machine interview issue battery draining fast,AMAZON,13-03-2023 00:00
 Samsung Galaxy A54 ,Smartphone,3,excellent issue battery draining fast,AMAZON,01-04-2023 00:00
 Samsung Galaxy Book 2 ,Smartphone,2,waste of money issue display flickering,FLIPKART,12-02-2023 00:00
 Samsung Galaxy M53 ,Smartphone,5,average medical structure yeah carry past learn reveal,FLIPKART,06-06-2023 00:00
Samsung Buds 2,Accessories,3,waste of money agreement news perform idea issue overheating issue,FLIPKART,03-03-2023 00:00
Samsung Galaxy Book 3,Smartphone,5,good baby report watch news knowledge,AMAZON,08-03-2024 00:00
Samsung Charger 25W,Accessories,1,worth it operation pay agent themselves now these glass,FLIPKART,03-01-2022 00:00
Samsung Galaxy A54,Smartphone,4,waste of money three purpose now beat strategy,AMAZON,30-11-2023 00:00
Samsung Galaxy S22,Smartphone,1,waste of money trade collection mother something seek minute issue charging problem,AMAZON,21-08-2024 00:00
 Samsung Galaxy S22 ,Smartphone,4,waste of money least finish deal new himself whatever study guy,amazon,13-06-2023 00:00
Samsung Galaxy A54,Smartphone,1,good system land box eight issue display flickering,FLIPKART,18-08-2022 00:00
Samsung Charger 25W,Accessories,5,good machine reduce say large,FLIPKART,10-08-2023 00:00
 Samsung Galaxy A14 ,Smartphone,4,average space movement can the,FLIPKART,26-06-2022 00:00
 Samsung Galaxy M34 ,Smartphone,4,waste of money,amazon,04-06-2023 00:00
 Samsung Buds 2 ,Accessories,4,good best watch want discussion,flipkart,17-07-2023 00:00
Samsung Galaxy M34,Smartphone,5,bad region discussion detail behavior reveal respond affect,amazon,06-04-2023 00:00
Samsung Charger 25W,Accessories,3,average indicate thus site operation little property enjoy,FLIPKART,20-09-2024 00:00
Samsung Buds Live,Accessories,3,average after office alone individual sure purpose often,flipkart,10-05-2024 00:00
Samsung Galaxy M34,Smartphone,3,excellent others level clearly attention record alone issue camera quality is poor,AMAZON,25-05-2023 00:00
Samsung Galaxy S21 FE,Smartphone,4,average story answer beyond owner,AMAZON,19-01-2024 00:00
Samsung Buds Live,Accessories,3,not great challenge song born call election father consider congress,AMAZON,03-10-2023 00:00
Samsung Charger 25W,Accessories,4,not great player police treatment box right,FLIPKART,10-07-2022 00:00
 Samsung Galaxy A54 ,Smartphone,4,good economic medical pick want turn,AMAZON,15-04-2024 00:00
 Samsung Galaxy A54 ,Smartphone,4,worth it give true congress study while fill,amazon,06-05-2024 00:00
Samsung Galaxy M34,Smartphone,4,average need future before arm say board,flipkart,04-05-2022 00:00
Samsung Galaxy Tab A8,Smartphone,1,average fine worry but close recognize type,flipkart,12-08-2023 00:00
Samsung Galaxy M53,Smartphone,3,average letter tonight event service main issue camera quality is poor,AMAZON,08-05-2023 00:00
Samsung Buds Live,Accessories,2,excellent issue battery draining fast,FLIPKART,13-11-2024 00:00
 Samsung Galaxy A54 ,Smartphone,4,not great practice commercial expect catch,AMAZON,20-04-2024 00:00
Samsung Galaxy Tab A8,Smartphone,5,excellent western fly if support so discover author,flipkart,01-02-2022 00:00
Samsung Galaxy A34,Smartphone,5,worth it herself doctor debate or you remain,AMAZON,22-06-2024 00:00
 Samsung Galaxy S23 ,Smartphone,2,not great technology everyone personal record,FLIPKART,15-01-2022 00:00
Samsung Galaxy A34,Smartphone,3,bad board start recently contain issue battery draining fast,AMAZON,31-08-2023 00:00
 Samsung Galaxy S21 FE ,Smartphone,3,bad pm difference leave strategy list participant issue overheating issue,FLIPKART,27-06-2023 00:00
Samsung Charger 25W,Accessories,5,worth it race fall fall society,flipkart,11-02-2023 00:00
Samsung Galaxy A14,Smartphone,3,excellent least back store they drug identify report issue overheating issue,flipkart,01-02-2023 00:00
Samsung Buds Live,Accessories,5,excellent war thank government need site other trip certain,amazon,26-10-2022 00:00
Samsung Galaxy A34,Smartphone,4,worth it wide kitchen rest,FLIPKART,07-04-2024 00:00
Samsung Galaxy Tab S7 FE,Smartphone,5,average hold somebody including practice window middle,FLIPKART,20-06-2023 00:00
Samsung Charger 25W,Accessories,5,excellent north herself today majority,AMAZON,24-02-2022 00:00
Samsung Galaxy A54,Smartphone,3,worth it test travel market other day box save issue slow performance,AMAZON,12-07-2023 00:00
Samsung Galaxy Tab S7 FE,Smartphone,3,worth it find spring nature available total paper,flipkart,13-05-2023 00:00
 Samsung Galaxy Tab S7 FE ,Smartphone,4,good suddenly blood movie middle address bag the,amazon,14-05-2023 00:00
Samsung Galaxy M34,Smartphone,2,excellent issue battery draining fast,amazon,27-08-2022 00:00
 Samsung Buds 2 ,Accessories,4,worth it style summer teacher game kind relate food line,amazon,23-08-2024 00:00
Samsung Galaxy Tab S7 FE,Smartphone,4,not great sit claim threat north truth,AMAZON,05-06-2023 00:00
Samsung Buds Live,Accessories,5,bad,AMAZON,06-03-2022 00:00
Samsung Galaxy S21 FE,Smartphone,4,bad detail try reason activity,amazon,20-11-2022 00:00
 Samsung Galaxy A14 ,Smartphone,5,worth it indicate according only minute agree up,AMAZON,08-03-2022 00:00
 Samsung Galaxy M53 ,Smartphone,3,good whether ground particularly out call,FLIPKART,09-07-2022 00:00
Samsung Buds Live,Accessories,3,average,FLIPKART,12-07-2022 00:00
Samsung Galaxy Tab S7 FE,Smartphone,5,good kid work attack positive term show,AMAZON,16-04-2024 00:00
Samsung Galaxy M53,Smartphone,5,waste of money realize thank wish,flipkart,17-12-2023 00:00
 Samsung Galaxy A34 ,Smartphone,4,worth it traditional fall sure economic light,AMAZON,13-02-2022 00:00
Samsung Galaxy A54,Smartphone,1,waste of money end rule decision issue slow performance,amazon,05-11-2023 00:00
 Samsung Galaxy S22 ,Smartphone,1,excellent issue battery draining fast,FLIPKART,21-03-2024 00:00
Samsung Galaxy A14,Smartphone,5,not great girl leg authority likely approach,AMAZON,23-11-2024 00:00
 Samsung Galaxy Book 3 ,Smartphone,3,excellent debate community school audience successful,AMAZON,08-05-2022 00:00
Samsung Buds 2,Accessories,5,average religious difficult against stay,amazon,29-10-2022 00:00
Samsung Galaxy Tab S7 FE,Smartphone,4,excellent us toward great such,flipkart,31-07-2022 00:00
 Samsung Galaxy M53 ,Smartphone,5,good case before return above choose me score,FLIPKART,01-09-2024 00:00
 Samsung Charger 25W ,Accessories,1,worth it movement hand woman try politics exactly inside true,flipkart,17-12-2023 00:00
 Samsung Galaxy A14 ,Smartphone,5,not great experience last leg firm section wide democrat,AMAZON,08-05-2024 00:00
Samsung Galaxy S21 FE,Smartphone,5,not great last no someone real hair appear,amazon,17-01-2023 00:00
Samsung Galaxy A54,Smartphone,3,average easy member family detail force issue camera quality is poor,flipkart,13-12-2022 00:00
Samsung Galaxy M53,Smartphone,3,not great create recent shake day issue slow performance,amazon,27-01-2023 00:00
 Samsung Galaxy M34 ,Smartphone,4,bad world individual current next us,flipkart,02-05-2022 00:00
 Samsung Charger 25W ,Accessories,5,bad station trade blood west offer,FLIPKART,23-05-2024 00:00
Samsung Galaxy S23,Smartphone,1,excellent product very satisfied,flipkart,02-07-2024
Samsung Galaxy M53,Smartphone,4,good force speak close strong record ask million,FLIPKART,18-11-2024 00:00
Samsung Galaxy Tab S7 FE,Smartphone,4,waste of money act human visit more perhaps think media,FLIPKART,13-03-2022 00:00
Samsung Refrigerator,Other,5,delivery was delayed but the product is great,FLIPKART,15-10-2023
Samsung Galaxy Tab S7 FE,Smartphone,2,waste of money issue overheating issue,flipkart,30-01-2023 00:00
Samsung Galaxy S23,Smartphone,3,good them back receive similar,amazon,18-05-2022 00:00
Samsung Galaxy Tab S7 FE,Smartphone,3,not great these off relate side issue camera quality is poor,AMAZON,02-03-2024 00:00
Samsung Galaxy Tab S7 FE,Smartphone,4,average attack detail color,flipkart,17-12-2024 00:00
 Samsung Galaxy Tab S7 FE ,Smartphone,4,waste of money effort different technology young claim hundred shake,FLIPKART,30-11-2024 00:00
 Samsung Galaxy Tab S7 FE ,Smartphone,5,average any quality power focus,FLIPKART,03-09-2022 00:00
Samsung Crystal UHD TV,TV,3,battery life could be better,flipkart,21-11-2024
Samsung Galaxy M14,Smartphone,4,bad tend box claim election true her,FLIPKART,27-07-2022 00:00
 Samsung Galaxy A34 ,Smartphone,5,worth it former from night understand produce spend company,AMAZON,11-05-2022 00:00
Samsung Buds Live,Accessories,3,waste of money issue overheating issue,AMAZON,17-04-2022 00:00
Samsung Galaxy M14,Smartphone,5,worth it risk third ever traditional country blue,AMAZON,19-10-2023 00:00
Samsung Buds Live,Accessories,5,good trouble someone free,FLIPKART,23-06-2022 00:00
 Samsung Galaxy M14 ,Smartphone,5,bad together million accept coach forward,FLIPKART,02-12-2023 00:00
Samsung Galaxy Tab A8,Smartphone,4,average garden be term into strategy ok,flipkart,20-03-2023 00:00
Samsung Galaxy Tab S7 FE,Smartphone,5,waste of money,amazon,21-08-2023 00:00
Samsung Galaxy Tab A8,Smartphone,3,bad tend red point sign,amazon,09-02-2023 00:00
 Samsung Galaxy S21 FE ,Smartphone,5,bad spend country style quickly people,amazon,25-01-2022 00:00
Samsung Galaxy S22,Smartphone,4,worth it drive right theory product worker relationship,AMAZON,30-12-2023 00:00
Samsung Galaxy S21 FE,Smartphone,3,excellent finally another hour issue overheating issue,amazon,06-02-2022 00:00
Samsung Buds Live,Accessories,5,good plan international military window,flipkart,16-12-2024 00:00
Samsung Charger 25W,Accessories,4,not great name economic north edge,FLIPKART,13-02-2023 00:00
Samsung Galaxy Buds2,Smartphone,3,disappointed with the customer service,FLIPKART,01-06-2023
 Samsung Galaxy Book 3 ,Smartphone,2,not great radio ground list education year mrs me issue camera quality is poor,amazon,30-11-2022 00:00
 Samsung Galaxy S22 ,Smartphone,1,waste of money plant cultural moment simple level wife eat,AMAZON,01-04-2023 00:00
Samsung Galaxy A34,Smartphone,2,average issue camera quality is poor,AMAZON,24-12-2024 00:00
 Samsung Galaxy A34 ,Smartphone,4,worth it think movement tree better level describe house,AMAZON,01-04-2024 00:00
Samsung Galaxy M53,Smartphone,3,good chair else option about picture section issue slow performance,AMAZON,16-04-2022 00:00
 Samsung Galaxy S22 ,Smartphone,1,not great,flipkart,30-09-2023 00:00
 Samsung Galaxy S22 ,Smartphone,4,bad magazine protect avoid break individual,flipkart,02-09-2023 00:00
Samsung Galaxy Tab S7 FE,Smartphone,4,average throw before couple culture law program everybody body,FLIPKART,11-10-2022 00:00
Samsung Charger 25W,Accessories,4,average into statement she relationship according decade,amazon,08-08-2024 00:00
Samsung Charger 25W,Accessories,4,good kid put yourself rule,flipkart,13-05-2023 00:00
 Samsung Buds Live ,Accessories,4,average collection market institution language middle,flipkart,25-11-2022 00:00
Samsung Buds 2,Accessories,4,excellent cause someone cold at cut,amazon,23-08-2024 00:00
Samsung Galaxy A14,Smartphone,1,bad issue display flickering,flipkart,20-07-2024 00:00
Samsung Galaxy S22,Smartphone,4,bad glass inside side,amazon,10-11-2022 00:00
Samsung Galaxy Tab A8,Smartphone,5,bad send value because wish,flipkart,30-05-2023 00:00
 Samsung Galaxy M14 ,Smartphone,3,excellent less skill send order say list realize,FLIPKART,22-06-2024 00:00
Samsung Galaxy M53,Smartphone,3,waste of money strategy identify ask air art,FLIPKART,30-06-2024 00:00
Samsung Galaxy Book 2,Smartphone,4,good another hotel with through,AMAZON,17-03-2022 00:00
Samsung Galaxy S22,Smartphone,5,good his protect entire white fund listen,AMAZON,26-06-2024 00:00
 Samsung Buds Live ,Accessories,1,average skin capital dream prevent continue black education issue display flickering,FLIPKART,25-11-2024 00:00
Samsung Galaxy M53,Smartphone,3,bad expert make radio most position issue display flickering,amazon,14-03-2022 00:00
Samsung Galaxy A54,Smartphone,1,average lawyer teacher thought bit especially factor,FLIPKART,22-12-2022 00:00
Samsung Galaxy M14,Smartphone,3,not great artist mouth wall protect project subject win issue display flickering,FLIPKART,04-10-2024 00:00
Samsung Galaxy S23,Smartphone,5,average clearly because parent ahead agree charge,flipkart,05-10-2022 00:00
 Samsung Galaxy M34 ,Smartphone,5,good state consider positive song star relationship,AMAZON,15-01-2022 00:00
Samsung Galaxy Book 2,Smartphone,1,waste of money defense boy your after respond production,FLIPKART,29-04-2024 00:00
 Samsung Buds Live ,Accessories,4,waste of money must home message,AMAZON,13-11-2022 00:00
 Samsung Galaxy A14 ,Smartphone,3,worth it join good company wrong data western issue display flickering,FLIPKART,22-03-2024 00:00
 Samsung Galaxy Tab A8 ,Smartphone,4,bad guy public same republican,flipkart,20-08-2024 00:00
Samsung Galaxy S23,Smartphone,4,excellent performance until alone seek parent,FLIPKART,02-09-2024 00:00
Samsung Galaxy Book 3,Smartphone,2,waste of money exist fly activity nearly throughout look issue slow performance,AMAZON,03-09-2022 00:00
Samsung Galaxy A14,Smartphone,3,bad blood hundred occur two seat certain,amazon,17-04-2022 00:00
Samsung Galaxy S22,Smartphone,4,good artist heavy as moment white,FLIPKART,06-08-2023 00:00
Samsung Galaxy Buds2,Smartphone,3,software updates are slow,flipkart,09-02-2023
Samsung Galaxy S23,Smartphone,4,not great one ask surface ok building,FLIPKART,25-11-2022 00:00
Samsung Galaxy Book 2,Smartphone,5,worth it interest soldier with sit air,flipkart,18-06-2022 00:00
Samsung Galaxy S22,Smartphone,4,bad board pick type hit west,flipkart,19-09-2022 00:00
Samsung Galaxy Tab S7 FE,Smartphone,3,worth it describe will film produce issue camera quality is poor,FLIPKART,11-06-2022 00:00
 Samsung Galaxy Tab A8 ,Smartphone,5,average different argue special explain,AMAZON,13-05-2022 00:00
Samsung Galaxy Tab S7 FE,Smartphone,1,not great least fire sister series fall citizen wait issue display flickering,flipkart,03-03-2023 00:00
Samsung Galaxy Tab S7 FE,Smartphone,4,worth it,AMAZON,20-09-2024 00:00
Samsung Galaxy A54,Smartphone,3,good onto both maybe building consumer amount issue camera quality is poor,AMAZON,21-04-2023 00:00
Samsung Galaxy M53,Smartphone,4,good say discover already light police,AMAZON,08-09-2023 00:00
Samsung Galaxy S23,Smartphone,5,worth it western factor animal likely read,AMAZON,04-05-2022 00:00
Samsung Galaxy S21 FE,Smartphone,1,bad investment including high make talk in single,AMAZON,08-04-2024 00:00
Samsung Galaxy A14,Smartphone,2,average issue battery draining fast,amazon,08-10-2022 00:00
 Samsung Galaxy S22 ,Smartphone,4,not great family agency method despite term international,FLIPKART,19-11-2022 00:00
Samsung Buds 2,Accessories,5,bad case even night senior,FLIPKART,25-12-2022 00:00
Samsung Galaxy S21 FE,Smartphone,5,average scientist rich store produce art loss,FLIPKART,30-12-2022 00:00
 Samsung Galaxy A54 ,Smartphone,5,waste of money especially movement set agree draw,FLIPKART,29-03-2023 00:00
Samsung Galaxy Tab S7 FE,Smartphone,1,excellent,flipkart,25-05-2022 00:00
 Samsung Charger 25W ,Accessories,4,waste of money,amazon,11-02-2022 00:00
Samsung Galaxy A34,Smartphone,5,average down write degree attorney building live my would,AMAZON,10-01-2024 00:00
Samsung Galaxy A34,Smartphone,5,not great trip answer tv ball brother,flipkart,21-10-2022 00:00
 Samsung Galaxy M53 ,Smartphone,4,excellent these dog standard young above career,FLIPKART,01-01-2022 00:00
Samsung Galaxy S21 FE,Smartphone,3,excellent order management usually fund past skill employee there,flipkart,12-11-2024 00:00
 Samsung Galaxy M14 ,Smartphone,4,worth it direction attack ago safe group conference reduce,amazon,07-03-2023 00:00
Samsung Galaxy M53,Smartphone,4,average join material any important very,FLIPKART,16-01-2024 00:00
 Samsung Galaxy S22 ,Smartphone,4,worth it everyone network important total reduce yeah myself,FLIPKART,27-01-2023 00:00
Samsung Buds 2,Accessories,5,excellent source away mrs,amazon,29-12-2023 00:00
Samsung Galaxy A14,Smartphone,1,not great contain food congress drug themselves building issue charging problem,flipkart,20-05-2024 00:00
 Samsung Galaxy Tab S7 FE ,Smartphone,4,excellent source research teacher figure,FLIPKART,20-01-2023 00:00
 Samsung Charger 25W ,Accessories,4,excellent another left discover now phone because,FLIPKART,30-03-2024 00:00
Samsung Galaxy Book 3,Smartphone,3,waste of money line try test take,flipkart,01-04-2023 00:00
 Samsung Refrigerator ,Other,1,nice product but a bit overpriced,flipkart,24-01-2025
Samsung Galaxy M14,Smartphone,5,good general mean water side former,flipkart,10-06-2023 00:00
Samsung Buds 2,Accessories,4,bad agree purpose film,AMAZON,28-04-2023 00:00
 Samsung Galaxy S21 FE ,Smartphone,5,average claim exist within,FLIPKART,13-02-2023 00:00
Samsung Galaxy M53,Smartphone,2,average who fly quality fire article issue slow performance,AMAZON,09-07-2022 00:00
Samsung Charger 25W,Accessories,4,excellent thousand than do floor north whether husband,flipkart,29-06-2023 00:00
Samsung Galaxy Tab S7 FE,Smartphone,3,bad husband collection employee visit its issue overheating issue,flipkart,22-06-2022 00:00
 Samsung Galaxy Book 3 ,Smartphone,5,waste of money,amazon,10-08-2023 00:00
 Samsung Galaxy A54 ,Smartphone,4,worth it expert sense themselves mention every improve position,FLIPKART,28-11-2024 00:00
 Samsung Galaxy S23 ,Smartphone,5,good,amazon,27-04-2024 00:00
Samsung Buds 2,Accessories,4,waste of money room without situation wait next,flipkart,01-01-2025 00:00
Samsung Galaxy M14,Smartphone,2,good issue charging problem,flipkart,06-09-2022 00:00
Samsung Galaxy Book 3,Smartphone,4,average grow control pm hard,amazon,25-07-2024 00:00
Samsung Galaxy M34,Smartphone,5,excellent bank agreement finish since,FLIPKART,05-08-2022 00:00
 Samsung Galaxy A54 ,Smartphone,5,not great mouth dog newspaper growth,FLIPKART,07-01-2024 00:00
Samsung Galaxy S22,Smartphone,1,not great black fact trouble subject design issue display flickering,AMAZON,12-08-2023 00:00
Samsung Charger 25W,Accessories,5,good evidence often someone break woman,flipkart,16-02-2022 00:00
 Samsung Galaxy Tab S7 FE ,Smartphone,4,waste of money create decade do,amazon,14-06-2023 00:00
Samsung Galaxy A54,Smartphone,5,bad once watch her someone reality job,FLIPKART,08-07-2024 00:00
Samsung Galaxy Tab S7 FE,Smartphone,2,average medical involve thousand why take vote issue battery draining fast,flipkart,18-07-2023 00:00
Samsung Buds Live,Accessories,5,not great man other game,FLIPKART,25-07-2022 00:00
Samsung Galaxy M53,Smartphone,4,not great down color should world city cold job,flipkart,12-10-2023 00:00
Samsung Galaxy Tab A8,Smartphone,4,waste of money check program story claim police,FLIPKART,02-11-2024 00:00
Samsung Galaxy A54,Smartphone,1,excellent product very satisfied,FLIPKART,03-09-2024
Samsung Galaxy Z Fold5,Smartphone,1,not as expected returning it,FLIPKART,27-12-2024
 Samsung Galaxy M34 ,Smartphone,5,bad interview send sport choice situation leg,FLIPKART,17-03-2023 00:00
 Samsung Galaxy S22 ,Smartphone,4,not great toward offer scientist single table,flipkart,07-06-2024 00:00
Samsung Galaxy M53,Smartphone,5,average,FLIPKART,23-05-2022 00:00
Samsung Charger 25W,Accessories,3,good issue overheating issue,amazon,19-02-2023 00:00
 Samsung Galaxy Book 2 ,Smartphone,5,average paper century once option purpose memory,flipkart,30-08-2022 00:00
Samsung Galaxy A34,Smartphone,5,average already behind expect minute key,flipkart,24-01-2023 00:00
 Samsung Buds 2 ,Accessories,1,bad issue slow performance,amazon,04-11-2023 00:00
Samsung Galaxy Tab A8,Smartphone,4,excellent full decade world himself read mr,amazon,13-03-2023 00:00
Samsung Galaxy A34,Smartphone,4,worth it affect quality capital win,amazon,11-04-2024 00:00
 Samsung Galaxy Tab S7 FE ,Smartphone,2,not great concern soldier short short issue overheating issue,amazon,13-06-2022 00:00
 Samsung Galaxy Book 3 ,Smartphone,4,bad develop town religious ever tonight claim,AMAZON,26-09-2023 00:00
Samsung Galaxy Tab S7 FE,Smartphone,1,worth it movie day these,flipkart,14-01-2024 00:00
 Samsung Galaxy M14 ,Smartphone,3,excellent less husband task message class player else,amazon,23-10-2022 00:00
 Samsung Galaxy Z Fold5 ,Smartphone,3,very durable and reliable,FLIPKART,29-08-2023
Samsung Galaxy M53,Smartphone,2,good issue camera quality is poor,AMAZON,03-07-2022 00:00
Samsung Galaxy A34,Smartphone,5,waste of money loss despite approach provide experience marriage write,flipkart,20-07-2024 00:00
Samsung Galaxy M34,Smartphone,3,worth it century floor remain yourself issue display flickering,AMAZON,25-04-2022 00:00
 Samsung Galaxy A34 ,Smartphone,3,excellent issue camera quality is poor,AMAZON,21-08-2024 00:00
 Samsung Galaxy A54 ,Smartphone,4,good provide attack region between such into,amazon,01-07-2024 00:00
 Samsung Galaxy Tab A8 ,Smartphone,4,excellent cost tree chance sure above month,amazon,17-04-2022 00:00
 Samsung Refrigerator ,Other,4,good for basic usage,FLIPKART,05-03-2024
 Samsung Galaxy S23 ,Smartphone,5,waste of money middle eat sell not,AMAZON,01-03-2022 00:00
 Samsung Galaxy M53 ,Smartphone,4,good cup time find adult affect,flipkart,25-02-2024 00:00
 Samsung Galaxy Book 2 ,Smartphone,5,worth it well candidate source would picture possible financial,flipkart,03-03-2024 00:00
Samsung Charger 25W,Accessories,3,excellent security particularly pass marriage dark hit certainly issue camera quality is poor,AMAZON,25-02-2022 00:00
 Samsung Buds Live ,Accessories,4,good rate action arm,FLIPKART,24-10-2022 00:00
 Samsung Galaxy A34 ,Smartphone,5,waste of money unit across popular career law religious eight,FLIPKART,02-11-2024 00:00
Samsung Galaxy A34,Smartphone,4,not great democrat couple religious indicate value,amazon,02-01-2023 00:00
Samsung Galaxy S21 FE,Smartphone,1,bad something together enough but decide anything however issue charging problem,flipkart,23-04-2023 00:00
Samsung Charger 25W,Accessories,4,worth it treatment final theory spend responsibility itself nature,FLIPKART,30-04-2022 00:00
 Samsung Galaxy Book 2 ,Smartphone,3,bad music sometimes with huge join single question happy issue charging problem,AMAZON,07-07-2023 00:00
Samsung Galaxy Book 2,Smartphone,4,good worker hard firm result miss almost,FLIPKART,19-06-2024 00:00
 Samsung Charger 25W ,Accessories,1,bad meeting ground campaign executive issue slow performance,FLIPKART,11-10-2024 00:00
Samsung Galaxy M14,Smartphone,4,worth it be material side although base manage,AMAZON,17-09-2024 00:00
Samsung Galaxy Book 2,Smartphone,4,waste of money mention must fine,AMAZON,04-12-2023 00:00
Samsung Charger 25W,Accessories,4,average vote five medical exist common trial,FLIPKART,15-06-2024 00:00
Samsung Galaxy Tab S7 FE,Smartphone,4,excellent personal trip me charge also example,amazon,17-03-2022 00:00
 Samsung Galaxy S21 FE ,Smartphone,4,average,flipkart,14-12-2023 00:00
 Samsung Galaxy M14 ,Smartphone,1,good size support heart even pick someone issue overheating issue,AMAZON,31-03-2023 00:00
 Samsung Galaxy A14 ,Smartphone,5,good crime admit student return easy go lead,amazon,19-09-2023 00:00
 Samsung Galaxy Book 3 ,Smartphone,4,average police present own cold social,AMAZON,28-12-2024 00:00
Samsung Galaxy A34,Smartphone,4,bad human effect space kitchen system federal this debate,amazon,29-04-2023 00:00
Samsung Galaxy Book 2,Smartphone,3,waste of money go table worry seat its up issue battery draining fast,FLIPKART,08-02-2022 00:00
Samsung Galaxy Tab S7 FE,Smartphone,4,waste of money why full picture edge hotel talk,flipkart,25-03-2023 00:00
Samsung Galaxy M14,Smartphone,4,bad people down require painting,AMAZON,25-02-2024 00:00
Samsung Galaxy S22,Smartphone,5,average research require pretty despite sort,flipkart,07-04-2022 00:00
Samsung Galaxy S22,Smartphone,5,average such may personal need out international,amazon,09-04-2022 00:00
Samsung Galaxy M34,Smartphone,4,not great spend street hand husband actually let nothing,FLIPKART,05-12-2023 00:00
Samsung Buds Live,Accessories,4,bad require culture pressure,AMAZON,18-07-2024 00:00
 Samsung Buds Live ,Accessories,4,waste of money top between why value weight her,AMAZON,30-10-2024 00:00
 Samsung Buds Live ,Accessories,4,bad,AMAZON,04-12-2023 00:00
 Samsung Galaxy S23 ,Smartphone,1,disappointed with the customer service,amazon,21-07-2023
Samsung Galaxy M53,Smartphone,1,excellent usually ten truth car rise these issue overheating issue,AMAZON,30-04-2023 00:00
 Samsung Charger 25W ,Accessories,4,excellent sister strong sort space,AMAZON,24-12-2024 00:00
 Samsung Galaxy Book 3 ,Smartphone,5,worth it act american for control good,flipkart,05-06-2022 00:00
 Samsung Galaxy A54 ,Smartphone,4,waste of money fear enter message common likely,FLIPKART,29-12-2023 00:00
Samsung Charger 25W,Accessories,4,excellent each show hot smile drug,amazon,07-11-2024 00:00
Samsung Galaxy M14,Smartphone,5,average,AMAZON,03-08-2023 00:00
Samsung Galaxy M14,Smartphone,4,excellent gas night congress mention,flipkart,16-11-2024 00:00
 Samsung Buds 2 ,Accessories,2,bad action director color knowledge particular music far issue battery draining fast,AMAZON,25-11-2024 00:00
Samsung Galaxy Tab S7 FE,Smartphone,3,worth it six finish benefit brother chair program make issue overheating issue,amazon,20-01-2022 00:00
 Samsung Galaxy S21 FE ,Smartphone,4,worth it ten company miss,amazon,16-09-2024 00:00
Samsung Galaxy M14,Smartphone,4,waste of money side since on save event,amazon,21-08-2023 00:00
 Samsung Galaxy Tab S7 FE ,Smartphone,4,bad continue economy protect rock hospital case,FLIPKART,12-01-2023 00:00
Samsung Galaxy Book 3,Smartphone,3,good issue battery draining fast,amazon,06-03-2024 00:00
 Samsung Galaxy Tab A8 ,Smartphone,5,worth it family attorney nothing middle,amazon,13-12-2024 00:00
Samsung Galaxy S22,Smartphone,2,bad federal lawyer environmental issue battery draining fast,AMAZON,25-03-2024 00:00
 Samsung Galaxy Book 2 ,Smartphone,3,average issue slow performance,FLIPKART,24-05-2022 00:00
 Samsung Buds 2 ,Accessories,2,good born drug fear,flipkart,10-06-2022 00:00
Samsung Galaxy A14,Smartphone,4,not great force history mean skin various key father,FLIPKART,30-04-2024 00:00
 Samsung Galaxy Tab S7 FE ,Smartphone,4,average husband sign brother change network,amazon,21-07-2023 00:00
 Samsung Galaxy M34 ,Smartphone,4,excellent give guess necessary anyone future,flipkart,03-09-2023 00:00
Samsung Galaxy M34,Smartphone,2,worth it choice really man investment push not issue camera quality is poor,AMAZON,23-11-2022 00:00
Samsung Galaxy A34,Smartphone,4,average you pick republican they cold should style relationship,FLIPKART,08-08-2022 00:00
 Samsung Galaxy S23 ,Smartphone,2,not great debate rich occur card carry benefit find issue display flickering,flipkart,27-08-2024 00:00
Samsung Galaxy Book 3,Smartphone,4,average establish item state natural realize together,AMAZON,11-03-2024 00:00
 Samsung Galaxy A34 ,Smartphone,3,excellent analysis chance something price issue display flickering,flipkart,27-11-2022 00:00
 Samsung Galaxy M14 ,Smartphone,1,excellent issue overheating issue,flipkart,07-05-2023 00:00
Samsung Galaxy Tab A8,Smartphone,4,not great conference somebody including pretty traditional research,AMAZON,28-11-2023 00:00
Samsung Washing Machine,Other,1,disappointed with the customer service,flipkart,26-11-2023
 Samsung Refrigerator ,Other,4,build quality feels premium,amazon,22-08-2023
Samsung Galaxy M53,Smartphone,5,not great war skill also,AMAZON,25-11-2023 00:00
Samsung Galaxy Book 2,Smartphone,4,good candidate here catch reality yet,AMAZON,22-09-2024 00:00
 Samsung Buds 2 ,Accessories,2,bad issue camera quality is poor,AMAZON,18-10-2024 00:00
Samsung Buds 2,Accessories,4,worth it building life late out,flipkart,25-03-2024 00:00
Samsung Galaxy M34,Smartphone,1,waste of money practice all fund issue battery draining fast,AMAZON,08-11-2022 00:00
Samsung Galaxy A34,Smartphone,1,worth it issue battery draining fast,flipkart,26-09-2023 00:00
 Samsung Galaxy S23 ,Smartphone,4,excellent project sound hair write,FLIPKART,04-11-2022 00:00
Samsung Galaxy S23,Smartphone,3,nice product but a bit overpriced,FLIPKART,28-07-2023
Samsung Galaxy M14,Smartphone,2,worth it many then focus point kid issue overheating issue,AMAZON,17-12-2022 00:00
Samsung Galaxy S21 FE,Smartphone,5,average wide top speech top,AMAZON,05-05-2023 00:00
 Samsung Galaxy S23 ,Smartphone,3,waste of money issue charging problem,FLIPKART,31-12-2024 00:00
 Samsung Galaxy Book 2 ,Smartphone,4,average one keep once store,AMAZON,22-02-2022 00:00
 Samsung Galaxy Book 2 ,Smartphone,3,waste of money reveal trip job mrs painting dog catch,AMAZON,04-10-2023 00:00
Samsung Galaxy Tab A8,Smartphone,5,average soon on difference wait treatment church foot,FLIPKART,04-10-2023 00:00
Samsung Galaxy S23,Smartphone,3,good issue display flickering,flipkart,06-04-2023 00:00
Samsung Buds Live,Accessories,5,waste of money fly machine west,flipkart,18-07-2024 00:00
Samsung Galaxy A34,Smartphone,4,average couple where out itself assume close,AMAZON,10-01-2024 00:00
Samsung Galaxy A34,Smartphone,4,good offer increase push step environmental guy,AMAZON,16-04-2022 00:00
Samsung Galaxy A54,Smartphone,4,featurepacked and smooth experience,amazon,14-03-2023
Samsung Galaxy A14,Smartphone,3,not great collection town production,AMAZON,24-02-2022 00:00
Samsung Galaxy M53,Smartphone,4,excellent town alone grow business any worry,FLIPKART,19-02-2023 00:00
Samsung Galaxy M14,Smartphone,3,worth it city half forward,AMAZON,10-12-2022 00:00
Samsung Charger 25W,Accessories,3,bad issue charging problem,amazon,12-04-2022 00:00
Samsung Galaxy S22,Smartphone,5,waste of money show instead total inside security baby congress,amazon,21-09-2023 00:00
 Samsung Galaxy Buds2 ,Smartphone,1,not as expected returning it,AMAZON,02-10-2024
 Samsung Buds Live ,Accessories,4,not great factor hard among,flipkart,03-07-2024 00:00
Samsung Galaxy Tab A8,Smartphone,5,average number clear certainly memory ever tv accept name,AMAZON,15-09-2023 00:00
 Samsung Galaxy M14 ,Smartphone,1,bad box deep development dream issue charging problem,AMAZON,11-03-2022 00:00
Samsung Galaxy M34,Smartphone,3,waste of money example serve why hair reason between,flipkart,08-05-2022 00:00
 Samsung Galaxy S23 ,Smartphone,3,average try attention benefit reach drop above table issue display flickering,FLIPKART,09-08-2024 00:00
Samsung Galaxy M34,Smartphone,5,not great along tax reduce put fine type,FLIPKART,02-10-2022 00:00
 Samsung Buds 2 ,Accessories,2,good into science hard fire receive trade artist challenge,amazon,08-08-2024 00:00
Samsung Galaxy Book 3,Smartphone,4,good impact while society since look participant treatment,flipkart,18-12-2024 00:00
Samsung Galaxy Tab S7 FE,Smartphone,5,average republican international start do yet place night,flipkart,20-03-2023 00:00
 Samsung Galaxy S22 ,Smartphone,4,not great impact goal several network risk hour,AMAZON,14-02-2023 00:00
 Samsung Buds 2 ,Accessories,4,not great question back factor always board,AMAZON,01-03-2024 00:00
Samsung Galaxy M14,Smartphone,3,worth it issue camera quality is poor,AMAZON,03-12-2022 00:00
Samsung Galaxy S22,Smartphone,2,average issue slow performance,amazon,15-10-2022 00:00
 Samsung Galaxy A14 ,Smartphone,4,excellent direction girl bed,FLIPKART,05-10-2024 00:00
Samsung Galaxy Tab A8,Smartphone,1,good daughter force marriage break including,AMAZON,26-12-2023 00:00
 Samsung Galaxy A54 ,Smartphone,1,not great economy poor assume test issue slow performance,amazon,28-10-2022 00:00
Samsung Galaxy Book 2,Smartphone,4,worth it boy color statement them brother painting,amazon,22-05-2023 00:00
 Samsung Buds 2 ,Accessories,3,bad issue display flickering,amazon,14-10-2022 00:00
Samsung Galaxy M53,Smartphone,5,average without will go my reality month,FLIPKART,27-02-2023 00:00
 Samsung Galaxy A14 ,Smartphone,1,worth it issue battery draining fast,amazon,10-05-2023 00:00
Samsung Galaxy Tab A8,Smartphone,4,not great manager president site size herself,AMAZON,15-10-2023 00:00
Samsung Galaxy Book 2,Smartphone,5,good not across challenge act,amazon,28-02-2022 00:00
Samsung Buds 2,Accessories,4,not great blood next yard thought,FLIPKART,24-11-2022 00:00
 Samsung Buds Live ,Accessories,3,waste of money develop year scientist small issue slow performance,AMAZON,14-10-2023 00:00
Samsung Galaxy A34,Smartphone,2,bad hair language nature nothing issue overheating issue,amazon,11-10-2023 00:00
Samsung Galaxy Tab S7 FE,Smartphone,4,bad three cultural great good outside,amazon,27-12-2023 00:00
 Samsung Buds 2 ,Accessories,5,good,AMAZON,26-01-2022 00:00
 Samsung Galaxy Book 3 ,Smartphone,3,not great movie dog dream environment bill cell laugh,AMAZON,15-09-2022 00:00
Samsung Galaxy M34,Smartphone,2,excellent issue charging problem,FLIPKART,22-10-2022 00:00
Samsung Galaxy Book 3,Smartphone,5,bad lay table no,amazon,05-08-2022 00:00
Samsung Galaxy Book 2,Smartphone,5,excellent hold drive recently bag,flipkart,22-10-2022 00:00
Samsung Galaxy S22,Smartphone,4,waste of money low save section cultural,AMAZON,11-08-2023 00:00
 Samsung Galaxy M34 ,Smartphone,3,not great member threat here once green throughout break,amazon,14-03-2023 00:00
Samsung Galaxy S23,Smartphone,4,good civil of suffer through guess card,amazon,13-09-2022 00:00
Samsung Galaxy S23,Smartphone,4,excellent perform again win,flipkart,28-11-2022 00:00
Samsung Galaxy S21 FE,Smartphone,4,average major after occur truth,amazon,29-05-2022 00:00
Samsung Galaxy S21 FE,Smartphone,4,good whole professor defense,FLIPKART,23-07-2023 00:00
Samsung Galaxy Tab S7 FE,Smartphone,4,excellent after lead especially soon break yes,flipkart,02-04-2022 00:00
Samsung Galaxy A54,Smartphone,4,bad company already instead,flipkart,16-12-2024 00:00
Samsung Buds 2,Accessories,4,excellent particularly beyond enjoy value,FLIPKART,03-03-2024 00:00
 Samsung Galaxy A54 ,Smartphone,5,average deep girl television yes argue among huge,amazon,24-06-2023 00:00
Samsung Galaxy Book 2,Smartphone,4,waste of money issue watch job matter,FLIPKART,10-08-2022 00:00
Samsung Galaxy A34,Smartphone,4,bad former color center others during reflect,amazon,16-09-2023 00:00
Samsung Galaxy S23,Smartphone,4,good mr change offer gas,amazon,03-10-2024 00:00
Samsung Buds 2,Accessories,4,excellent rich college serious special,flipkart,02-09-2023 00:00
Samsung Galaxy Tab A8,Smartphone,5,average without including government better many old enter trial,AMAZON,01-02-2022 00:00
 Samsung Galaxy A54 ,Smartphone,2,amazing display quality,FLIPKART,17-06-2023
Samsung Galaxy S23,Smartphone,5,good measure right situation nation,AMAZON,18-02-2022 00:00
Samsung Galaxy A54,Smartphone,5,delivery was delayed but the product is great,flipkart,04-11-2023
Samsung Galaxy M53,Smartphone,4,bad election sit or character develop,flipkart,27-01-2024 00:00
 Samsung Galaxy Tab A8 ,Smartphone,3,worth it issue slow performance,amazon,01-10-2022 00:00
 Samsung Buds Live ,Accessories,5,excellent music one seat,amazon,17-10-2022 00:00
 Samsung Galaxy S22 ,Smartphone,4,average society factor seven western time painting,amazon,16-11-2023 00:00
Samsung Galaxy A34,Smartphone,1,good top option trade issue camera quality is poor,FLIPKART,30-11-2022 00:00
 Samsung Galaxy A34 ,Smartphone,5,waste of money some defense security choose situation year,amazon,24-04-2024 00:00
Samsung Galaxy A14,Smartphone,4,excellent four design street meeting window draw,amazon,23-04-2022 00:00
Samsung Galaxy Tab S7 FE,Smartphone,3,good traditional quite eight thing night put issue overheating issue,AMAZON,25-04-2023 00:00
Samsung Galaxy S23,Smartphone,3,not as expected returning it,AMAZON,27-04-2024
Samsung Galaxy A14,Smartphone,4,excellent without pick early history single return,amazon,15-05-2023 00:00
 Samsung Galaxy Tab S7 FE ,Smartphone,4,waste of money argue far different social current happy appear,FLIPKART,11-11-2024 00:00
Samsung Buds 2,Accessories,4,good agent help imagine,AMAZON,22-07-2024 00:00
 Samsung Galaxy S22 ,Smartphone,1,waste of money within individual fear every issue battery draining fast,flipkart,26-09-2023 00:00
Samsung Galaxy Tab A8,Smartphone,2,excellent issue display flickering,amazon,07-09-2024 00:00
 Samsung Galaxy A14 ,Smartphone,4,waste of money floor hope interview admit,AMAZON,26-01-2022 00:00
Samsung Charger 25W,Accessories,3,good southern modern wall than everyone bill husband,AMAZON,25-06-2024 00:00
Samsung Galaxy M34,Smartphone,4,average upon response owner near life,amazon,24-09-2023 00:00
Samsung Buds Live,Accessories,3,waste of money bank opportunity per truth,amazon,21-09-2023 00:00
Samsung Galaxy S21 FE,Smartphone,1,not great rule station garden set water fall,AMAZON,10-06-2023 00:00
Samsung Galaxy S22,Smartphone,1,love the camera quality,amazon,02-07-2024
Samsung Galaxy Tab A8,Smartphone,1,bad party make power movie issue display flickering,AMAZON,14-11-2024 00:00
 Samsung Buds Live ,Accessories,3,bad according prove interview loss involve fact,amazon,29-11-2023 00:00
Samsung Galaxy S23,Smartphone,1,good contain authority kitchen,amazon,12-12-2022 00:00
Samsung Buds 2,Accessories,3,average people lead huge still,amazon,05-08-2023 00:00
Samsung Air Conditioner,Other,5,very userfriendly interface,amazon,11-08-2023
 Samsung Galaxy S21 FE ,Smartphone,5,excellent town tonight consumer military,AMAZON,23-12-2024 00:00
 Samsung Galaxy A54 ,Smartphone,5,waste of money store can station toward seat best federal,FLIPKART,22-07-2022 00:00
Samsung Galaxy Tab S7 FE,Smartphone,3,waste of money issue battery draining fast,flipkart,09-10-2024 00:00
 Samsung Galaxy M14 ,Smartphone,5,good maintain foreign once half than,FLIPKART,19-05-2023 00:00
 Samsung Galaxy A14 ,Smartphone,4,bad clear might report every player arm,AMAZON,15-09-2024 00:00
Samsung Galaxy M53,Smartphone,2,excellent issue display flickering,FLIPKART,22-08-2023 00:00
 Samsung Galaxy S22 ,Smartphone,5,not great sort dog long,AMAZON,01-01-2025 00:00
Samsung Charger 25W,Accessories,2,worth it hand turn by future research color possible few issue camera quality is poor,amazon,23-07-2023 00:00
Samsung Galaxy S23,Smartphone,3,not great various thousand since accept environmental short president fish issue battery draining fast,flipkart,09-12-2024 00:00
Samsung Galaxy Book 3,Smartphone,3,bad issue camera quality is poor,amazon,07-09-2024 00:00
Samsung Buds 2,Accessories,1,waste of money man front process exactly everything issue display flickering,AMAZON,21-07-2022 00:00
 Samsung Galaxy M34 ,Smartphone,4,worth it,flipkart,12-05-2024 00:00
Samsung Galaxy Book 2,Smartphone,4,worth it,flipkart,04-11-2022 00:00
 Samsung Galaxy Book 3 ,Smartphone,4,worth it dark everybody play field plant foreign black hold,flipkart,28-01-2024 00:00
Samsung Buds Live,Accessories,4,excellent mind stage road popular western hold benefit,AMAZON,10-10-2023 00:00
Samsung Buds 2,Accessories,3,bad issue battery draining fast,AMAZON,08-08-2024 00:00
 Samsung Galaxy Tab A8 ,Smartphone,5,excellent recent oil ready everybody entire involve,flipkart,13-09-2024 00:00
Samsung Galaxy Tab A8,Smartphone,2,worth it issue battery draining fast,AMAZON,04-02-2022 00:00
Samsung Galaxy S21 FE,Smartphone,5,worth it station social everyone fish even,amazon,14-12-2023 00:00
Samsung Galaxy M53,Smartphone,4,waste of money few agreement all others,amazon,30-08-2022 00:00
Samsung Galaxy A54,Smartphone,3,excellent power girl game behind still though soldier,flipkart,23-08-2022 00:00
Samsung Galaxy Tab A8,Smartphone,1,bad wife point even bar issue camera quality is poor,amazon,05-01-2024 00:00
Samsung Charger 25W,Accessories,3,average seek both address travel town such interesting issue camera quality is poor,AMAZON,10-03-2024 00:00
Samsung Galaxy S23,Smartphone,5,average information glass relate south create share,amazon,23-03-2023 00:00
Samsung Charger 25W,Accessories,4,good far artist range,flipkart,21-04-2023 00:00
Samsung Galaxy Tab S7 FE,Smartphone,4,bad,flipkart,29-03-2022 00:00
 Samsung Galaxy M53 ,Smartphone,2,bad indeed stage away summer vote major also,flipkart,19-10-2022 00:00
Samsung Galaxy Tab S7 FE,Smartphone,3,average,FLIPKART,01-01-2023 00:00
 Samsung Soundbar ,Other,2,excellent product very satisfied,AMAZON,22-11-2023
Samsung Charger 25W,Accessories,3,good share operation baby involve ready again issue display flickering,amazon,03-10-2022 00:00
 Samsung Galaxy S22 ,Smartphone,4,good matter magazine page decade,AMAZON,13-10-2022 00:00
 Samsung Charger 25W ,Accessories,5,good lose record arm week son,flipkart,05-12-2024 00:00
Samsung Galaxy Buds2,Smartphone,3,love the camera quality,FLIPKART,24-07-2024
Samsung Galaxy M53,Smartphone,4,good democratic always product agree purpose guess,FLIPKART,16-03-2022 00:00
 Samsung Galaxy Tab S7 FE ,Smartphone,2,good fire environmental last modern food issue display flickering,AMAZON,14-08-2022 00:00
Samsung Galaxy A14,Smartphone,1,good natural now hand life issue slow performance,AMAZON,13-03-2024 00:00
Samsung Galaxy M53,Smartphone,2,average issue display flickering,AMAZON,14-04-2022 00:00
 Samsung Soundbar ,Other,3,disappointed with the customer service,FLIPKART,06-11-2023
Samsung Charger 25W,Accessories,4,average manage such by agency,amazon,03-06-2022 00:00
 Samsung Crystal UHD TV ,TV,2,build quality feels premium,amazon,26-08-2024
Samsung Buds 2,Accessories,5,average sing stop attorney,flipkart,11-01-2022 00:00
 Samsung Galaxy M53 ,Smartphone,3,excellent culture rise way pressure build,FLIPKART,29-09-2024 00:00
Samsung Galaxy M34,Smartphone,3,waste of money,flipkart,02-01-2023 00:00
Samsung Buds Live,Accessories,1,not great green technology receive their,amazon,01-11-2022 00:00
 Samsung Galaxy M14 ,Smartphone,3,bad choose pay cause situation occur instead sing series issue slow performance,flipkart,28-02-2024 00:00
 Samsung Galaxy M14 ,Smartphone,3,good sometimes suddenly bad spend trial admit issue battery draining fast,FLIPKART,07-10-2022 00:00
Samsung Galaxy S22,Smartphone,4,good board law man option,flipkart,07-04-2024 00:00
Samsung Galaxy M34,Smartphone,4,waste of money article heart style throughout war,flipkart,18-04-2024 00:00
Samsung Galaxy S23,Smartphone,4,not great person ahead shake put,amazon,29-04-2022 00:00
 Samsung Galaxy M14 ,Smartphone,5,waste of money build particular growth method store memory full,amazon,26-04-2022 00:00
Samsung Galaxy M34,Smartphone,3,worth it hit prove seat,amazon,31-05-2024 00:00
Samsung Buds 2,Accessories,3,not great leg unit couple issue battery draining fast,FLIPKART,19-03-2022 00:00
Samsung Galaxy Book 3,Smartphone,5,bad,flipkart,12-03-2024 00:00
Samsung Galaxy Book 2,Smartphone,4,average face ever fall ask film whom,flipkart,18-06-2023 00:00
Samsung Galaxy M14,Smartphone,4,excellent together treatment better kid available its relate,flipkart,12-03-2022 00:00
 Samsung Galaxy Tab S7 FE ,Smartphone,5,good open various fight,FLIPKART,03-05-2023 00:00
 Samsung Galaxy Tab A8 ,Smartphone,3,bad break various never,FLIPKART,28-03-2022 00:00
Samsung Galaxy M53,Smartphone,2,waste of money research describe will exist fast expect continue issue battery draining fast,AMAZON,11-01-2024 00:00
 Samsung Galaxy M34 ,Smartphone,4,average affect stage law everybody focus soon,AMAZON,24-12-2022 00:00
 Samsung Galaxy Tab A8 ,Smartphone,5,excellent different pretty first paper able pressure follow,amazon,04-01-2024 00:00
Samsung Galaxy S21 FE,Smartphone,4,average trouble happy site beat street radio,flipkart,28-03-2022 00:00
Samsung Galaxy Z Fold5,Smartphone,4,love the camera quality,AMAZON,25-12-2023
 Samsung Charger 25W ,Accessories,4,worth it build measure machine tell statement,amazon,01-09-2024 00:00
 Samsung Galaxy S22 ,Smartphone,5,bad bar dark beautiful recognize partner window,FLIPKART,18-08-2022 00:00
Samsung Galaxy A34,Smartphone,4,bad,flipkart,25-09-2023 00:00
Samsung Galaxy A54,Smartphone,4,excellent major point north choose cell,flipkart,18-01-2023 00:00
 Samsung Galaxy Book 3 ,Smartphone,5,not great yourself drug official lose in garden,flipkart,29-11-2024 00:00
 Samsung Galaxy M14 ,Smartphone,5,worth it guess alone determine hundred carry,flipkart,11-03-2023 00:00
Samsung Galaxy Tab S7 FE,Smartphone,5,excellent most total glass,AMAZON,20-02-2024 00:00
Samsung Galaxy M34,Smartphone,3,excellent issue slow performance,amazon,31-12-2024 00:00
 Samsung Charger 25W ,Accessories,2,waste of money bad bar improve arrive carry discussion issue battery draining fast,flipkart,07-10-2022 00:00
 Samsung Galaxy A34 ,Smartphone,5,worth it idea fast possible choose entire mother of,flipkart,26-03-2024 00:00
Samsung Galaxy M53,Smartphone,4,good sport daughter front week activity,flipkart,18-12-2024 00:00
Samsung Buds 2,Accessories,2,excellent put first claim spend issue slow performance,FLIPKART,30-12-2024 00:00
Samsung Galaxy S21 FE,Smartphone,5,average yeah fear join amount possible,flipkart,01-08-2024 00:00
Samsung Galaxy Book 3,Smartphone,3,bad almost offer station house set what health issue battery draining fast,AMAZON,28-11-2024 00:00
Samsung Galaxy Tab A8,Smartphone,4,good american learn admit take,FLIPKART,13-12-2022 00:00
Samsung Buds 2,Accessories,3,not great young win building low soldier arrive,FLIPKART,05-02-2024 00:00
Samsung Galaxy A14,Smartphone,4,not great finally from other dream,AMAZON,10-05-2024 00:00
Samsung Galaxy Tab S7 FE,Smartphone,1,worth it week product gun hotel make issue slow performance,flipkart,28-06-2024 00:00
 Samsung Galaxy M34 ,Smartphone,4,worth it wife partner ready college the explain result,amazon,16-01-2024 00:00
Samsung Galaxy A14,Smartphone,5,waste of money listen significant bank game to,flipkart,09-06-2022 00:00
 Samsung Galaxy Buds2 ,Smartphone,2,excellent product very satisfied,FLIPKART,10-09-2024
Samsung Air Conditioner,Other,4,highly recommend to others,FLIPKART,19-08-2023
Samsung Galaxy S21 FE,Smartphone,3,not great issue slow performance,flipkart,28-11-2024 00:00
Samsung Buds 2,Accessories,1,worth it issue camera quality is poor,FLIPKART,01-08-2023 00:00
 Samsung Buds 2 ,Accessories,5,not great fact yard politics economic subject save,AMAZON,09-09-2024 00:00
 Samsung Galaxy M14 ,Smartphone,4,waste of money themselves your while travel girl,AMAZON,21-09-2023 00:00
Samsung Galaxy S21 FE,Smartphone,4,worth it explain including major young best,FLIPKART,17-01-2023 00:00
 Samsung Galaxy A14 ,Smartphone,3,good vote tree ok style author issue camera quality is poor,amazon,30-01-2023 00:00
Samsung Galaxy Tab S7 FE,Smartphone,4,good maybe modern your choice high,amazon,23-09-2024 00:00
Samsung Charger 25W,Accessories,3,average society play information best you federal leader,amazon,08-05-2024 00:00
 Samsung Galaxy Book 3 ,Smartphone,3,excellent within mother thousand movement local set history issue slow performance,amazon,11-02-2023 00:00
 Samsung Galaxy S22 ,Smartphone,1,not great,FLIPKART,01-02-2023 00:00
Samsung Galaxy M53,Smartphone,4,bad,AMAZON,15-10-2022 00:00
Samsung Galaxy Book 2,Smartphone,5,excellent interview since than evidence memory book,AMAZON,29-04-2023 00:00
Samsung Galaxy S23,Smartphone,5,average garden include economic model,amazon,25-06-2022 00:00
 Samsung Galaxy A34 ,Smartphone,5,excellent,amazon,16-08-2024 00:00
 Samsung Galaxy A14 ,Smartphone,5,excellent heavy service face that,AMAZON,25-12-2022 00:00
Samsung Galaxy S22,Smartphone,1,bad issue slow performance,AMAZON,10-04-2024 00:00
 Samsung Galaxy M14 ,Smartphone,1,not great issue battery draining fast,flipkart,22-04-2024 00:00
Samsung Galaxy S21 FE,Smartphone,5,average treat water fall since audience be pm,FLIPKART,15-02-2022 00:00
Samsung Galaxy S23,Smartphone,3,not great issue battery draining fast,flipkart,21-02-2024 00:00
Samsung Charger 25W,Accessories,3,not great issue overheating issue,flipkart,07-04-2022 00:00
 Samsung Galaxy Book 2 ,Smartphone,5,not great morning population your the,flipkart,24-02-2022 00:00
Samsung Charger 25W,Accessories,4,worth it set year learn admit special home,AMAZON,25-03-2022 00:00
Samsung Galaxy S22,Smartphone,5,worth it between participant see very education budget,AMAZON,23-08-2022 00:00
 Samsung Galaxy S22 ,Smartphone,2,not great issue camera quality is poor,flipkart,05-02-2022 00:00
Samsung Galaxy A34,Smartphone,4,good before avoid plan,AMAZON,28-06-2024 00:00
 Samsung Galaxy S21 FE ,Smartphone,5,average boy war fear return environmental moment,flipkart,04-10-2023 00:00
Samsung Charger 25W,Accessories,1,worth it model total other short age fill add benefit,amazon,19-09-2022 00:00
Samsung Galaxy S23,Smartphone,4,worth it phone prevent ahead community question nation season,AMAZON,30-11-2024 00:00
Samsung Galaxy S23,Smartphone,4,average listen blood statement foreign music top,AMAZON,02-03-2022 00:00
Samsung Galaxy M14,Smartphone,1,waste of money simply sister whom do opportunity issue slow performance,flipkart,12-03-2022 00:00
Samsung Galaxy M53,Smartphone,5,average common interview write son able protect program,amazon,27-04-2024 00:00
Samsung Galaxy A34,Smartphone,3,good say know month air life issue battery draining fast,amazon,16-02-2024 00:00
 Samsung Galaxy A34 ,Smartphone,4,excellent day officer able benefit manage join,AMAZON,13-04-2022 00:00
Samsung Galaxy A14,Smartphone,4,good growth support hotel development whole,AMAZON,26-07-2023 00:00
 Samsung Galaxy M53 ,Smartphone,5,good,FLIPKART,09-05-2024 00:00
Samsung Buds 2,Accessories,3,waste of money mouth statement three better line,AMAZON,07-01-2023 00:00
Samsung Galaxy A34,Smartphone,4,waste of money likely experience business sort animal myself,FLIPKART,30-06-2023 00:00
Samsung Galaxy M53,Smartphone,4,good such international pattern to treatment,FLIPKART,13-04-2024 00:00
Samsung Galaxy Tab A8,Smartphone,3,average knowledge high build short issue slow performance,amazon,16-02-2022 00:00
 Samsung Galaxy S22 ,Smartphone,3,excellent product very satisfied,FLIPKART,04-07-2023
Samsung Soundbar,Other,5,amazing display quality,FLIPKART,23-12-2023
 Samsung Galaxy S23 ,Smartphone,4,average senior box meet,AMAZON,10-12-2023 00:00
 Samsung Galaxy M53 ,Smartphone,4,good pattern list nation,FLIPKART,22-04-2024 00:00
 Samsung Galaxy S21 FE ,Smartphone,4,not great,AMAZON,28-08-2022 00:00
Samsung Galaxy S22,Smartphone,3,good someone strong same second,flipkart,13-11-2022 00:00
Samsung Galaxy A54,Smartphone,4,not great woman short drive,AMAZON,15-03-2022 00:00
Samsung Buds 2,Accessories,5,bad show pressure great note need rise fine,flipkart,10-10-2022 00:00
Samsung Galaxy A54,Smartphone,4,waste of money somebody authority knowledge girl cup end half,amazon,19-06-2024 00:00
 Samsung Galaxy Watch6 ,Smartphone,1,not worth the price,FLIPKART,09-09-2024
 Samsung Galaxy S23 ,Smartphone,5,worth it nice live already himself,AMAZON,18-08-2022 00:00
 Samsung Galaxy M14 ,Smartphone,4,waste of money nothing ahead amount green example,flipkart,28-03-2023 00:00
Samsung Galaxy S22,Smartphone,1,not great like off during investment important modern which,AMAZON,08-07-2024 00:00
 Samsung Buds 2 ,Accessories,5,good,amazon,11-09-2023 00:00
Samsung Galaxy A34,Smartphone,4,waste of money ago movement next carry our conference,amazon,07-12-2023 00:00
Samsung Galaxy A34,Smartphone,4,not great myself nor question a turn film,AMAZON,12-05-2022 00:00
Samsung Galaxy M34,Smartphone,2,good area himself stop pressure soon product,FLIPKART,28-05-2022 00:00
 Samsung Charger 25W ,Accessories,5,not great deal society exist lay determine goal,FLIPKART,28-04-2024 00:00
Samsung Galaxy Book 2,Smartphone,2,worth it issue charging problem,flipkart,21-09-2022 00:00
Samsung Galaxy S21 FE,Smartphone,5,worth it staff firm well either,flipkart,08-04-2024 00:00
Samsung Galaxy A14,Smartphone,5,average military mouth service expert whether receive,AMAZON,05-08-2022 00:00
 Samsung Galaxy S22 ,Smartphone,3,excellent amount garden right speech see security issue slow performance,flipkart,16-12-2022 00:00
Samsung Galaxy A14,Smartphone,4,excellent theory kitchen last woman level begin,AMAZON,28-06-2023 00:00
Samsung Galaxy A14,Smartphone,5,good message discuss health town,FLIPKART,04-02-2024 00:00
Samsung Galaxy Tab A8,Smartphone,4,excellent sure yourself professor his,AMAZON,06-08-2023 00:00
 Samsung Charger 25W ,Accessories,4,not great,FLIPKART,19-09-2022 00:00
 Samsung Galaxy M53 ,Smartphone,3,good entire fight necessary respond star that,FLIPKART,29-01-2024 00:00
 Samsung Galaxy Tab S7 FE ,Smartphone,4,good,flipkart,02-08-2023 00:00
 Samsung Galaxy Tab S7 FE ,Smartphone,5,bad huge boy check,FLIPKART,07-11-2024 00:00
 Samsung Galaxy M53 ,Smartphone,3,not great people enough professor my project now college military issue charging problem,flipkart,30-12-2023 00:00
Samsung Galaxy Tab A8,Smartphone,4,average interest east religious resource dream skill color,FLIPKART,10-03-2023 00:00
Samsung Buds Live,Accessories,4,excellent rather skill day environmental property,AMAZON,21-12-2022 00:00
Samsung Buds Live,Accessories,5,not great result fill order adult item operation fact,flipkart,08-02-2022 00:00
Samsung Galaxy A34,Smartphone,4,not great,amazon,01-02-2022 00:00
Samsung Charger 25W,Accessories,5,worth it wind economic town body despite people play old,FLIPKART,29-11-2024 00:00
Samsung Charger 25W,Accessories,3,not great when college debate wish physical,amazon,30-01-2024 00:00
Samsung Galaxy S23,Smartphone,4,excellent point debate chair discuss senior blue pull,AMAZON,01-10-2023 00:00
 Samsung Galaxy A54 ,Smartphone,5,waste of money successful someone while machine age industry,amazon,23-10-2023 00:00
 Samsung Galaxy A54 ,Smartphone,3,good issue battery draining fast,FLIPKART,28-01-2023 00:00
Samsung Galaxy S21 FE,Smartphone,5,bad modern lose from sport finally dark,FLIPKART,02-07-2022 00:00
 Samsung Galaxy M34 ,Smartphone,2,worth it less number front,amazon,27-05-2024 00:00
Samsung Galaxy S21 FE,Smartphone,5,waste of money employee natural cost response all,FLIPKART,14-03-2022 00:00
Samsung Galaxy Tab S7 FE,Smartphone,4,not great step majority tv travel mouth front father such,amazon,06-12-2024 00:00
 Samsung Galaxy S21 FE ,Smartphone,4,worth it either serious report standard democratic place by arm,flipkart,08-01-2024 00:00
Samsung Galaxy A54,Smartphone,5,worth it window ready run design help stand deep,AMAZON,15-08-2022 00:00
 Samsung Galaxy A54 ,Smartphone,1,good issue overheating issue,AMAZON,28-12-2022 00:00
Samsung Galaxy Book 3,Smartphone,4,average media clearly vote stuff,FLIPKART,12-10-2024 00:00
Samsung Galaxy A54,Smartphone,5,waste of money sea green case choose could,FLIPKART,17-03-2023 00:00
Samsung Buds Live,Accessories,2,not great last office difference too south poor thing issue slow performance,AMAZON,24-11-2022 00:00
Samsung Buds 2,Accessories,5,not great half deal event under perhaps sport,amazon,18-05-2022 00:00
 Samsung Galaxy Z Fold5 ,Smartphone,1,delivery was delayed but the product is great,FLIPKART,07-11-2024
Samsung Galaxy Book 3,Smartphone,5,waste of money discuss activity find great nothing serious who,FLIPKART,28-03-2023 00:00
Samsung Galaxy A14,Smartphone,2,excellent machine her marriage against issue slow performance,flipkart,20-12-2022 00:00
Samsung Galaxy Book 3,Smartphone,2,excellent compare cold pass issue battery draining fast,AMAZON,19-10-2024 00:00
 Samsung Galaxy M53 ,Smartphone,4,average whole government where main identify third arm,AMAZON,21-07-2022 00:00
Samsung Galaxy M34,Smartphone,3,excellent push eye show ready issue slow performance,AMAZON,01-08-2022 00:00
Samsung Galaxy A54,Smartphone,3,excellent decide what something lot may program bed statement,amazon,04-02-2023 00:00
 Samsung Galaxy M14 ,Smartphone,4,waste of money black brother ok decade,amazon,10-02-2024 00:00
Samsung Buds 2,Accessories,4,good six spring success nor star more others,flipkart,30-03-2022 00:00
 Samsung Galaxy S23 ,Smartphone,5,bad anyone audience ten yeah scene,FLIPKART,15-05-2022 00:00
 Samsung Galaxy M14 ,Smartphone,3,worth it action cold still resource break issue battery draining fast,amazon,30-12-2023 00:00
 Samsung Galaxy Book 2 ,Smartphone,2,not great back free consider during many financial,flipkart,19-03-2022 00:00
Samsung Buds Live,Accessories,5,worth it act role need forward report the structure,amazon,18-07-2024 00:00
Samsung Galaxy A54,Smartphone,5,excellent,FLIPKART,09-08-2022 00:00
Samsung Buds 2,Accessories,1,waste of money yourself left where issue job people staff,FLIPKART,04-06-2024 00:00
 Samsung Buds Live ,Accessories,5,bad top some inside consider than quite,AMAZON,27-03-2022 00:00
Samsung Buds Live,Accessories,4,worth it seem necessary study recognize,amazon,12-10-2022 00:00
Samsung Charger 25W,Accessories,5,bad growth brother task,FLIPKART,03-10-2024 00:00
Samsung Galaxy S23,Smartphone,4,worth it necessary only leg without avoid can,flipkart,12-09-2024 00:00
Samsung Buds 2,Accessories,5,waste of money mean finally us,flipkart,03-02-2022 00:00
Samsung Galaxy A54,Smartphone,5,not great effect off stage,flipkart,23-01-2023 00:00
 Samsung Galaxy Book 2 ,Smartphone,1,bad stuff guess black white the professional fast,amazon,07-01-2022 00:00
 Samsung Galaxy A14 ,Smartphone,3,average issue battery draining fast,AMAZON,28-09-2023 00:00
Samsung Galaxy M14,Smartphone,4,excellent,amazon,08-07-2024 00:00
Samsung Galaxy Book 2,Smartphone,3,worth it issue overheating issue,FLIPKART,14-12-2023 00:00
Samsung Buds Live,Accessories,5,bad his country determine network may institution alone,FLIPKART,23-08-2022 00:00
Samsung Charger 25W,Accessories,3,good mean game discussion manage their wall issue camera quality is poor,AMAZON,30-12-2023 00:00
 Samsung Galaxy Tab A8 ,Smartphone,4,worth it best number different better,amazon,04-10-2022 00:00
Samsung Buds 2,Accessories,4,good turn memory surface computer long myself fund,FLIPKART,26-12-2024 00:00
Samsung Buds 2,Accessories,5,not great manage clearly full fund,amazon,27-07-2022 00:00
 Samsung Buds Live ,Accessories,4,average tell commercial business discuss,AMAZON,17-09-2023 00:00
Samsung Galaxy Book 3,Smartphone,4,bad show picture black wear add likely same suggest,FLIPKART,30-07-2023 00:00
 Samsung Buds 2 ,Accessories,1,waste of money single win street second season whose school issue display flickering,amazon,12-04-2022 00:00
Samsung Galaxy S22,Smartphone,4,not great quickly pm school its white organization the speech,amazon,14-09-2024 00:00
Samsung Galaxy S22,Smartphone,5,good price ok myself pm treat measure,flipkart,08-11-2023 00:00
Samsung Galaxy S23,Smartphone,5,worth it bring professional exactly wrong soldier approach,FLIPKART,04-04-2022 00:00
Samsung Buds Live,Accessories,3,average discuss area cup lose,amazon,20-06-2024 00:00
Samsung Galaxy A34,Smartphone,4,waste of money season by care statement tonight professional close,amazon,22-01-2024 00:00
Samsung Galaxy S22,Smartphone,3,bad might number car kind east side,amazon,01-12-2023 00:00
Samsung Galaxy Tab S7 FE,Smartphone,3,waste of money expect spend today design include report wrong issue battery draining fast,FLIPKART,07-11-2024 00:00
 Samsung Charger 25W ,Accessories,4,waste of money east analysis that chance may name area,amazon,10-08-2022 00:00
Samsung Galaxy M14,Smartphone,2,bad opportunity central work claim sing issue slow performance,amazon,19-11-2024 00:00
 Samsung Buds Live ,Accessories,3,not great issue overheating issue,amazon,05-11-2022 00:00
 Samsung Galaxy S22 ,Smartphone,3,waste of money issue display flickering,AMAZON,29-05-2023 00:00
Samsung Galaxy A54,Smartphone,3,bad team perhaps surface idea skill most indeed low,FLIPKART,02-07-2024 00:00
Samsung Galaxy A54,Smartphone,1,not great issue display flickering,amazon,07-12-2023 00:00
Samsung Buds Live,Accessories,5,good generation traditional group clear could,amazon,03-03-2024 00:00
Samsung Galaxy S22,Smartphone,4,bad effect past instead society land game music be,flipkart,08-08-2023 00:00
Samsung Galaxy Tab S7 FE,Smartphone,3,excellent issue charging problem,flipkart,20-08-2023 00:00
 Samsung Buds Live ,Accessories,4,bad usually truth agree three,AMAZON,25-10-2024 00:00
 Samsung Galaxy Book 3 ,Smartphone,4,good early ready main own radio small senior risk,flipkart,30-08-2022 00:00
 Samsung Galaxy S21 FE ,Smartphone,5,excellent plan sister which son owner development,AMAZON,13-06-2022 00:00
 Samsung Buds Live ,Accessories,4,average throw method say officer step,AMAZON,23-06-2023 00:00
Samsung Galaxy A34,Smartphone,3,good behind nature effort wall issue display flickering,FLIPKART,21-12-2023 00:00
 Samsung Galaxy Tab S7 FE ,Smartphone,3,excellent respond serious red receive future tell body,flipkart,20-11-2024 00:00
Samsung Buds Live,Accessories,5,worth it represent risk have suffer build,amazon,26-01-2023 00:00
 Samsung Galaxy Book 2 ,Smartphone,3,worth it idea fine democratic first issue battery draining fast,flipkart,10-03-2023 00:00
Samsung Galaxy Tab S7 FE,Smartphone,2,worth it fear rock person understand budget issue battery draining fast,FLIPKART,01-02-2023 00:00
Samsung Galaxy Book 2,Smartphone,4,worth it,amazon,30-09-2024 00:00
 Samsung Buds 2 ,Accessories,3,not great wear turn reflect heavy,flipkart,15-10-2024 00:00
Samsung Galaxy M34,Smartphone,4,waste of money next law try key very those,AMAZON,28-07-2023 00:00
Samsung Buds Live,Accessories,5,average take offer better control,amazon,27-08-2023 00:00
Samsung Galaxy A54,Smartphone,2,average talk power bar officer woman well,FLIPKART,11-11-2024 00:00
Samsung Galaxy S22,Smartphone,1,waste of money,flipkart,05-08-2023 00:00
 Samsung Galaxy Tab S7 FE ,Smartphone,4,good the my catch you per make attention,AMAZON,10-02-2023 00:00
 Samsung Galaxy Tab S7 FE ,Smartphone,5,not great night defense design,amazon,18-08-2023 00:00
Samsung Galaxy M34,Smartphone,2,bad pressure nothing party free long speech issue battery draining fast,FLIPKART,20-07-2024 00:00
Samsung Galaxy S22,Smartphone,5,excellent argue turn threat hand,FLIPKART,16-10-2024 00:00
 Samsung Crystal UHD TV ,TV,3,featurepacked and smooth experience,amazon,20-07-2023
Samsung Galaxy S22,Smartphone,1,excellent professor letter standard,FLIPKART,20-06-2024 00:00
Samsung Galaxy Z Fold5,Smartphone,4,excellent product very satisfied,amazon,16-04-2024
 Samsung Buds 2 ,Accessories,4,excellent information top out pattern heavy seek,FLIPKART,08-11-2022 00:00
Samsung Buds 2,Accessories,5,average change remain truth former dinner huge form,flipkart,02-01-2023 00:00
Samsung Galaxy Book 3,Smartphone,1,bad song some weight class necessary,amazon,29-10-2022 00:00
Samsung Galaxy S23,Smartphone,3,waste of money analysis good society majority issue overheating issue,amazon,12-05-2022 00:00
Samsung Galaxy S22,Smartphone,5,not great attention likely represent environmental center,FLIPKART,24-03-2022 00:00
Samsung Galaxy Book 2,Smartphone,2,not great stay couple enough man successful form,AMAZON,30-08-2023 00:00
Samsung Galaxy S22,Smartphone,3,bad game reach add within call follow industry,FLIPKART,02-07-2022 00:00
Samsung Galaxy S22,Smartphone,2,excellent where point after capital include minute serve draw issue display flickering,flipkart,30-10-2023 00:00
 Samsung Galaxy Book 3 ,Smartphone,4,excellent republican hold everybody best piece respond,amazon,28-10-2022 00:00
Samsung Charger 25W,Accessories,5,bad west half little way,FLIPKART,19-09-2024 00:00
Samsung Galaxy S22,Smartphone,4,worth it security hundred second most occur reason memory,FLIPKART,03-11-2022 00:00
 Samsung Galaxy A54 ,Smartphone,3,not great south police unit weight risk ask case issue overheating issue,flipkart,19-03-2022 00:00
Samsung Galaxy Book 2,Smartphone,5,waste of money carry attack trouble that,amazon,21-08-2022 00:00
Samsung Galaxy S21 FE,Smartphone,4,good once in wall meet indicate usually serve,amazon,08-04-2022 00:00
Samsung Buds 2,Accessories,4,worth it huge site what next future deep unit,AMAZON,01-11-2022 00:00
Samsung Galaxy Tab A8,Smartphone,1,average necessary rise yard say yourself face mention issue overheating issue,amazon,23-02-2024 00:00
Samsung Galaxy A34,Smartphone,3,good can election sure several,FLIPKART,16-08-2024 00:00
 Samsung Galaxy Book 3 ,Smartphone,2,waste of money raise attorney sea air make real radio owner issue slow performance,amazon,28-10-2023 00:00
Samsung Buds Live,Accessories,4,bad administration describe business might drug firm job fire,amazon,21-03-2023 00:00
Samsung Charger 25W,Accessories,3,bad itself cover sit along executive evidence middle natural issue overheating issue,AMAZON,12-03-2022 00:00
Samsung Galaxy Tab S7 FE,Smartphone,3,good end current enough issue slow performance,AMAZON,03-02-2023 00:00
 Samsung Washing Machine ,Other,3,very userfriendly interface,FLIPKART,25-10-2024
 Samsung Buds Live ,Accessories,1,worth it manage official side federal,FLIPKART,02-11-2024 00:00
Samsung Galaxy A34,Smartphone,3,average five people safe issue charging problem,amazon,03-07-2024 00:00
Samsung Galaxy M14,Smartphone,3,bad issue slow performance,flipkart,04-04-2023 00:00
Samsung Crystal UHD TV,TV,4,featurepacked and smooth experience,FLIPKART,30-05-2024
 Samsung Charger 25W ,Accessories,4,average lead still product statement,FLIPKART,03-08-2023 00:00
 Samsung Galaxy S22 ,Smartphone,4,not great exactly someone by drug drive,AMAZON,18-09-2024 00:00
Samsung Galaxy Book 2,Smartphone,4,average,amazon,25-11-2024 00:00
Samsung Galaxy Tab A8,Smartphone,5,waste of money trip strategy something student accept near,FLIPKART,19-01-2022 00:00
Samsung Galaxy S23,Smartphone,3,worth it fall technology ready one thus doctor,AMAZON,07-08-2022 00:00
Samsung Galaxy M53,Smartphone,4,waste of money on minute close between,AMAZON,16-05-2024 00:00
Samsung Galaxy M34,Smartphone,4,worth it boy suggest stay age artist agent pass,amazon,30-12-2023 00:00
 Samsung Galaxy S23 ,Smartphone,4,good congress turn lead theory remember,amazon,11-05-2023 00:00
Samsung Buds 2,Accessories,3,not great issue slow performance,FLIPKART,05-12-2024 00:00
 Samsung Galaxy Book 2 ,Smartphone,5,not great understand three protect most owner official,AMAZON,18-08-2022 00:00
 Samsung Galaxy S21 FE ,Smartphone,4,worth it,AMAZON,17-11-2024 00:00
Samsung Galaxy Tab S7 FE,Smartphone,4,waste of money seat opportunity interest skill amount economy increase,FLIPKART,28-05-2022 00:00
Samsung Galaxy A34,Smartphone,5,excellent of prove gas,amazon,20-07-2022 00:00
Samsung Refrigerator,Other,5,performance is topnotch,flipkart,13-04-2024
Samsung Galaxy S23,Smartphone,4,software updates are slow,AMAZON,25-03-2024
 Samsung Galaxy M53 ,Smartphone,2,waste of money form energy range job beautiful either other study issue slow performance,flipkart,13-03-2024 00:00
 Samsung Soundbar ,Other,5,very userfriendly interface,AMAZON,27-08-2023
Samsung Galaxy Tab S7 FE,Smartphone,4,worth it father summer chance pressure,amazon,12-03-2022 00:00
Samsung Galaxy Tab A8,Smartphone,4,excellent father behind move government,FLIPKART,07-07-2024 00:00
Samsung Galaxy S23,Smartphone,5,good night wear eight determine bad foreign do,flipkart,28-10-2022 00:00
Samsung Galaxy M53,Smartphone,4,excellent level personal could movement fire,flipkart,13-07-2022 00:00
Samsung Galaxy A34,Smartphone,3,average billion report seek mean wear,FLIPKART,19-06-2022 00:00
 Samsung Galaxy Book 3 ,Smartphone,4,bad thought movement race,flipkart,15-08-2023 00:00
Samsung Galaxy Tab A8,Smartphone,5,not great crime some red lot base heavy magazine,AMAZON,06-03-2023 00:00
Samsung Galaxy Tab A8,Smartphone,3,good friend reflect film shoulder miss issue overheating issue,amazon,17-04-2023 00:00
Samsung Galaxy Book 2,Smartphone,4,not great right brother kitchen modern,amazon,24-10-2023 00:00
Samsung Galaxy S23,Smartphone,3,worth it new push poor gas catch account issue battery draining fast,AMAZON,16-05-2022 00:00
 Samsung Galaxy S21 FE ,Smartphone,5,bad back choose big value plan whose travel very,flipkart,20-02-2024 00:00
Samsung Galaxy M14,Smartphone,3,excellent spend important director leave much indeed,flipkart,21-08-2023 00:00
Samsung Galaxy Book 2,Smartphone,2,good agree energy pull whatever majority build make,amazon,10-09-2023 00:00
Samsung Galaxy A34,Smartphone,4,waste of money month lose away spend,amazon,23-07-2024 00:00
 Samsung Galaxy Tab A8 ,Smartphone,5,not great policy knowledge too product machine customer,AMAZON,08-03-2022 00:00
 Samsung Buds Live ,Accessories,5,good value tend return think number,flipkart,27-06-2024 00:00
Samsung Galaxy M14,Smartphone,4,not great,FLIPKART,24-02-2022 00:00
 Samsung Buds 2 ,Accessories,4,good near pay risk onto leg,flipkart,23-01-2024 00:00
Samsung Galaxy Book 3,Smartphone,3,good reality check meet issue display flickering,flipkart,02-10-2022 00:00
Samsung Galaxy Tab S7 FE,Smartphone,5,excellent follow much education everything three,flipkart,23-01-2024 00:00
 Samsung Galaxy A14 ,Smartphone,4,excellent trial fund black still,amazon,18-05-2023 00:00
Samsung Buds Live,Accessories,3,bad issue slow performance,amazon,19-03-2022 00:00
Samsung Galaxy S22,Smartphone,4,not great reduce project mission,amazon,09-07-2023 00:00
Samsung Galaxy S22,Smartphone,4,good account such return ok get,FLIPKART,04-10-2022 00:00
Samsung Galaxy Tab A8,Smartphone,5,average call morning shoulder least,amazon,20-02-2022 00:00
Samsung Galaxy Tab S7 FE,Smartphone,5,waste of money look common skill take,flipkart,19-04-2022 00:00
Samsung Galaxy Book 2,Smartphone,1,waste of money memory student down project region,AMAZON,06-01-2024 00:00
 Samsung Galaxy Tab S7 FE ,Smartphone,5,waste of money former white sister hundred range,AMAZON,09-12-2024 00:00
Samsung Galaxy M53,Smartphone,3,bad issue display flickering,AMAZON,05-05-2023 00:00
Samsung Buds 2,Accessories,3,excellent toward source treat administration issue slow performance,amazon,23-06-2022 00:00
 Samsung Galaxy A34 ,Smartphone,4,excellent such shoulder many truth hand upon,AMAZON,23-01-2023 00:00
 Samsung Charger 25W ,Accessories,3,good seven consumer cost forget huge issue camera quality is poor,AMAZON,18-02-2022 00:00
Samsung Galaxy M14,Smartphone,5,excellent finish everyone necessary report land else,flipkart,12-10-2024 00:00
 Samsung Galaxy S23 ,Smartphone,2,average board may fact leg issue overheating issue,FLIPKART,12-08-2024 00:00
 Samsung Galaxy Book 2 ,Smartphone,3,not great mr world interview marriage specific,flipkart,17-11-2024 00:00
Samsung Galaxy S22,Smartphone,5,worth it,amazon,24-02-2022 00:00
Samsung Galaxy Tab S7 FE,Smartphone,4,good tree relationship feeling take garden phone oil oil,AMAZON,02-03-2022 00:00
Samsung Galaxy S23,Smartphone,4,average game challenge western,amazon,30-04-2023 00:00
Samsung Galaxy M14,Smartphone,3,not great once keep day adult bag issue overheating issue,amazon,25-06-2024 00:00
 Samsung Buds Live ,Accessories,2,average work way edge,amazon,13-07-2023 00:00
 Samsung Galaxy S22 ,Smartphone,4,waste of money on practice option collection,FLIPKART,22-04-2022 00:00
Samsung Buds 2,Accessories,3,average heavy administration entire again or issue charging problem,flipkart,09-10-2024 00:00
Samsung Galaxy Book 2,Smartphone,5,good food issue difference quite,FLIPKART,23-05-2022 00:00
 Samsung Galaxy Tab A8 ,Smartphone,3,worth it,AMAZON,03-01-2024 00:00
Samsung Charger 25W,Accessories,4,average give maintain at at be able close,flipkart,02-10-2022 00:00
Samsung Galaxy M14,Smartphone,4,waste of money,flipkart,22-09-2023 00:00
 Samsung Galaxy Tab A8 ,Smartphone,2,excellent certain few again,flipkart,15-11-2022 00:00
Samsung Galaxy S22,Smartphone,4,bad edge remember task at,flipkart,04-08-2022 00:00
Samsung Galaxy Tab S7 FE,Smartphone,4,worth it talk hour enough peace measure,flipkart,16-07-2022 00:00
Samsung Air Conditioner,Other,2,featurepacked and smooth experience,AMAZON,29-08-2023
Samsung Galaxy A14,Smartphone,4,not great,AMAZON,10-08-2023 00:00
 Samsung Galaxy M14 ,Smartphone,5,not great modern effect forget people guess,FLIPKART,10-07-2023 00:00
Samsung Buds Live,Accessories,4,waste of money animal nation option not imagine able tend same,FLIPKART,18-11-2024 00:00
 Samsung Galaxy Tab S7 FE ,Smartphone,4,good discover compare want here several theory,flipkart,17-01-2024 00:00
Samsung Galaxy Tab S7 FE,Smartphone,4,good service less grow popular line stuff dog also,amazon,23-07-2022 00:00
 Samsung Galaxy A34 ,Smartphone,5,good air seven across wonder walk ago future,flipkart,06-10-2024 00:00
 Samsung Charger 25W ,Accessories,4,bad voice watch many process against scientist,FLIPKART,21-01-2024 00:00
Samsung Galaxy A14,Smartphone,2,bad grow dinner large whether issue slow performance,amazon,30-09-2024 00:00
Samsung Charger 25W,Accessories,3,not great allow capital news town those baby red issue charging problem,FLIPKART,23-12-2024 00:00
Samsung Galaxy Tab A8,Smartphone,5,not great whatever should rise suggest,amazon,09-07-2023 00:00
Samsung Galaxy A34,Smartphone,5,bad two method different huge give,amazon,04-02-2022 00:00
 Samsung Galaxy M34 ,Smartphone,2,waste of money issue slow performance,amazon,01-06-2024 00:00
 Samsung Galaxy M53 ,Smartphone,5,not great herself character trial,flipkart,14-12-2023 00:00
Samsung Galaxy Book 3,Smartphone,5,bad east respond leave town us economic three,FLIPKART,01-02-2023 00:00
Samsung Buds Live,Accessories,4,worth it buy unit bad anything say,AMAZON,22-05-2023 00:00
Samsung Galaxy M53,Smartphone,5,bad many dream often my avoid,amazon,08-04-2022 00:00
Samsung Galaxy A54,Smartphone,5,bad couple language note store really,FLIPKART,24-04-2023 00:00
Samsung Galaxy A54,Smartphone,5,bad year line low friend,amazon,24-05-2022 00:00
Samsung Buds Live,Accessories,3,waste of money television direction sport ten by contain,amazon,18-04-2023 00:00
Samsung Galaxy M34,Smartphone,5,excellent place here chance yard use science,FLIPKART,14-05-2024 00:00
Samsung Galaxy Tab A8,Smartphone,5,good quite arm star none,flipkart,09-12-2024 00:00
Samsung Galaxy M53,Smartphone,1,waste of money enough age blood doctor officer any issue display flickering,FLIPKART,01-06-2023 00:00
Samsung Galaxy A34,Smartphone,3,waste of money issue battery draining fast,AMAZON,05-09-2023 00:00
Samsung Galaxy M14,Smartphone,4,not great ten gas main stay reflect any second trial,AMAZON,07-11-2024 00:00
Samsung Galaxy M34,Smartphone,4,good reduce it worry media story,amazon,25-01-2023 00:00
Samsung Buds 2,Accessories,4,not great building or institution commercial camera benefit,AMAZON,23-04-2024 00:00
 Samsung Galaxy A54 ,Smartphone,3,waste of money type now agency,flipkart,24-11-2024 00:00
 Samsung Galaxy M14 ,Smartphone,4,good,flipkart,16-04-2022 00:00
 Samsung Buds 2 ,Accessories,2,excellent girl strategy card issue camera quality is poor,amazon,30-09-2024 00:00
Samsung Galaxy M53,Smartphone,5,excellent rise continue sense goal,AMAZON,18-10-2023 00:00
Samsung Galaxy A14,Smartphone,3,bad issue slow performance,amazon,08-01-2024 00:00
Samsung Galaxy S22,Smartphone,4,bad industry impact star help break wrong,FLIPKART,21-09-2024 00:00
Samsung Galaxy A14,Smartphone,3,worth it important while for fly break pattern,amazon,01-02-2023 00:00
Samsung Galaxy A54,Smartphone,2,not great production experience air agency issue display flickering,AMAZON,09-01-2024 00:00
Samsung Galaxy S22,Smartphone,1,average another car against beat issue camera quality is poor,flipkart,14-07-2022 00:00
Samsung Washing Machine,Other,1,battery life could be better,amazon,31-07-2024
 Samsung Galaxy A54 ,Smartphone,2,software updates are slow,AMAZON,23-11-2024
Samsung Galaxy A34,Smartphone,5,good from each paper center world class them,FLIPKART,10-04-2022 00:00
Samsung Galaxy S21 FE,Smartphone,2,average unit word bring,flipkart,21-10-2022 00:00
Samsung Galaxy S22,Smartphone,5,average different arm end on bring explain,flipkart,08-11-2023 00:00
Samsung Galaxy M53,Smartphone,4,waste of money son health simple quite home improve voice,flipkart,24-10-2022 00:00
Samsung Galaxy A14,Smartphone,3,waste of money stand represent scientist such,AMAZON,12-01-2024 00:00
 Samsung Galaxy A34 ,Smartphone,3,worth it line prove coach issue slow performance,flipkart,26-06-2023 00:00
Samsung Galaxy S22,Smartphone,5,bad of treatment toward,AMAZON,19-06-2022 00:00
Samsung Galaxy M14,Smartphone,4,waste of money style gun computer,flipkart,07-10-2024 00:00
Samsung Buds 2,Accessories,5,excellent long arrive various,flipkart,16-09-2023 00:00
 Samsung Galaxy Tab S7 FE ,Smartphone,4,worth it hand treatment rock establish memory stay word,FLIPKART,24-05-2023 00:00
 Samsung Buds Live ,Accessories,3,bad travel probably success deep police share issue charging problem,amazon,25-02-2023 00:00
Samsung Galaxy Z Fold5,Smartphone,1,build quality feels premium,FLIPKART,18-08-2023
Samsung Galaxy M34,Smartphone,2,not great issue overheating issue,FLIPKART,08-08-2023 00:00
Samsung Galaxy S23,Smartphone,4,average professional school rather policy area score power,AMAZON,17-02-2023 00:00
Samsung Galaxy Tab S7 FE,Smartphone,5,waste of money opportunity somebody rock yet agreement never,FLIPKART,29-10-2022 00:00
 Samsung Galaxy S23 ,Smartphone,4,worth it skill yard these more,FLIPKART,02-03-2022 00:00
 Samsung QLED TV ,TV,5,love the camera quality,FLIPKART,09-10-2023
Samsung Galaxy Tab S7 FE,Smartphone,4,not great meet audience page between situation herself camera,FLIPKART,22-12-2022 00:00
 Samsung Buds Live ,Accessories,4,waste of money yes young power price,AMAZON,06-06-2024 00:00
 Samsung Galaxy Tab A8 ,Smartphone,4,excellent style fear scientist sound sense whatever,amazon,06-07-2024 00:00
Samsung Galaxy Buds2,Smartphone,1,build quality feels premium,flipkart,17-04-2023
Samsung Galaxy M34,Smartphone,3,waste of money executive meeting outside direction issue charging problem,amazon,14-10-2023 00:00
Samsung Charger 25W,Accessories,5,waste of money painting note science push fact draw,amazon,12-02-2023 00:00
 Samsung Galaxy A34 ,Smartphone,2,worth it generation cold smile issue display flickering,flipkart,07-07-2024 00:00
Samsung Charger 25W,Accessories,4,bad better street four smile,AMAZON,11-01-2023 00:00
 Samsung Charger 25W ,Accessories,3,worth it issue camera quality is poor,flipkart,08-07-2023 00:00
Samsung Buds 2,Accessories,3,waste of money group movement his issue battery draining fast,flipkart,13-12-2024 00:00
 Samsung Galaxy Tab S7 FE ,Smartphone,2,average citizen today possible exactly rise then sense,amazon,20-03-2023 00:00
Samsung Galaxy M34,Smartphone,4,worth it animal pick receive strong serve often family,FLIPKART,12-04-2023 00:00
Samsung Galaxy A54,Smartphone,4,not great break concern family your share born,FLIPKART,28-07-2022 00:00
Samsung Galaxy Tab S7 FE,Smartphone,3,good also hard choose point issue battery draining fast,flipkart,12-07-2022 00:00
Samsung Buds 2,Accessories,4,waste of money,amazon,24-02-2024 00:00
Samsung Galaxy Tab S7 FE,Smartphone,5,average these likely guess or red,flipkart,11-11-2022 00:00
Samsung Galaxy Buds2,Smartphone,1,delivery was delayed but the product is great,AMAZON,30-12-2023
Samsung Buds 2,Accessories,5,waste of money himself stuff arm strategy,AMAZON,30-10-2022 00:00
Samsung Galaxy A34,Smartphone,3,average,flipkart,30-01-2024 00:00
 Samsung Galaxy Tab S7 FE ,Smartphone,4,average gas ahead for,flipkart,25-05-2022 00:00
Samsung Galaxy Book 2,Smartphone,4,worth it company box land senior computer smile nation scene,AMAZON,17-10-2022 00:00
Samsung Galaxy A34,Smartphone,2,good parent today move economy situation seat issue battery draining fast,FLIPKART,02-07-2022 00:00
Samsung Galaxy Tab A8,Smartphone,5,average reduce natural political for human black,flipkart,18-01-2023 00:00
 Samsung Galaxy Tab S7 FE ,Smartphone,1,average field any rise improve great,FLIPKART,17-11-2022 00:00
Samsung Galaxy S21 FE,Smartphone,4,not great environment throw discuss administration my simply,AMAZON,31-08-2022 00:00
Samsung Galaxy M14,Smartphone,5,bad apply career environmental culture case good,FLIPKART,02-10-2023 00:00
Samsung Galaxy S21 FE,Smartphone,5,bad value medical spring stand price audience trial,AMAZON,13-11-2022 00:00
 Samsung Galaxy A34 ,Smartphone,4,not great land mrs require cell poor stage recently interest,FLIPKART,27-11-2024 00:00
Samsung Galaxy M34,Smartphone,4,not great fund situation consumer require could,flipkart,22-05-2024 00:00
Samsung Galaxy M34,Smartphone,4,waste of money dream much responsibility serious follow manager,flipkart,26-09-2024 00:00
Samsung Galaxy Book 2,Smartphone,5,average structure realize once deep person country,AMAZON,22-12-2022 00:00
Samsung Galaxy Tab A8,Smartphone,2,not great issue slow performance,AMAZON,23-12-2024 00:00
Samsung Galaxy M34,Smartphone,5,not great him believe admit deal,flipkart,12-12-2023 00:00
 Samsung Buds Live ,Accessories,2,waste of money recognize successful interesting meeting upon from issue slow performance,AMAZON,19-04-2024 00:00
Samsung Galaxy M14,Smartphone,4,not great help more manager common require assume,flipkart,19-10-2022 00:00
Samsung Galaxy M53,Smartphone,3,bad film agency find heart,flipkart,18-03-2023 00:00
Samsung Galaxy A54,Smartphone,4,bad hair final clearly yourself,amazon,14-08-2022 00:00
Samsung Galaxy M53,Smartphone,4,bad six grow organization career opportunity all,amazon,20-12-2023 00:00
Samsung Galaxy Tab A8,Smartphone,4,average real should tree,AMAZON,21-11-2022 00:00
Samsung Galaxy A54,Smartphone,4,bad let decide moment study,amazon,24-02-2024 00:00
Samsung Galaxy M34,Smartphone,3,average month region cut blue issue camera quality is poor,flipkart,02-06-2024 00:00
 Samsung Galaxy Book 2 ,Smartphone,4,good paper able team point will issue,AMAZON,10-06-2024 00:00
Samsung Buds Live,Accessories,4,good bad become black modern,AMAZON,28-07-2023 00:00
Samsung Galaxy M14,Smartphone,4,excellent message even majority investment white movement,amazon,27-01-2023 00:00
Samsung Galaxy M14,Smartphone,3,bad involve firm thousand strategy watch,flipkart,07-03-2024 00:00
Samsung Galaxy M34,Smartphone,5,good company trade sense foot,amazon,27-09-2024 00:00
 Samsung Galaxy S22 ,Smartphone,4,bad,flipkart,03-09-2022 00:00
Samsung Galaxy S22,Smartphone,1,average five woman life particularly difference american add issue overheating issue,FLIPKART,17-12-2023 00:00
Samsung Buds 2,Accessories,3,average kitchen end arm,FLIPKART,23-04-2023 00:00
Samsung Galaxy A34,Smartphone,2,worth it cost cup father prevent story follow offer,FLIPKART,22-09-2022 00:00
 Samsung Galaxy A34 ,Smartphone,5,worth it down mr home treatment language star claim,FLIPKART,03-11-2022 00:00
 Samsung Galaxy M14 ,Smartphone,3,excellent most blood item off,FLIPKART,21-06-2024 00:00
Samsung Galaxy M14,Smartphone,3,excellent less skill send order say list realize,flipkart,22-06-2024 00:00
 Samsung Galaxy Book 2 ,Smartphone,5,good short list support trial population,amazon,25-05-2023 00:00
Samsung Washing Machine,Other,3,build quality feels premium,amazon,22-11-2023
 Samsung Galaxy A54 ,Smartphone,4,bad pay somebody state capital social,FLIPKART,04-07-2023 00:00
 Samsung Galaxy S21 FE ,Smartphone,4,bad majority direction order write southern mission mouth,amazon,21-09-2022 00:00
 Samsung Galaxy A34 ,Smartphone,2,worth it share under half state only others issue overheating issue,AMAZON,06-11-2023 00:00
Samsung Galaxy S22,Smartphone,5,waste of money be public actually sometimes front live together fact,AMAZON,21-07-2024 00:00
Samsung Galaxy Book 2,Smartphone,4,not great,amazon,05-09-2022 00:00
Samsung Charger 25W,Accessories,3,not great top main decision same involve issue battery draining fast,flipkart,06-05-2024 00:00
Samsung Galaxy A34,Smartphone,3,good interest notice defense yes rest,flipkart,22-09-2024 00:00
Samsung Galaxy Tab A8,Smartphone,2,excellent dream stuff because know single issue charging problem,flipkart,07-11-2024 00:00
 Samsung Buds 2 ,Accessories,3,waste of money charge but morning note figure political remain,amazon,12-12-2023 00:00
Samsung Buds 2,Accessories,5,bad occur player ground true after,flipkart,05-12-2022 00:00
Samsung Galaxy S22,Smartphone,4,waste of money music act along yard,FLIPKART,03-03-2024 00:00
 Samsung Galaxy A34 ,Smartphone,4,worth it offer quite beat action quite argue detail,FLIPKART,27-09-2024 00:00
Samsung Galaxy A54,Smartphone,5,worth it half game for somebody common foot,FLIPKART,13-12-2023 00:00
Samsung Galaxy Tab S7 FE,Smartphone,1,not great able true list subject issue display flickering,FLIPKART,02-10-2022 00:00
 Samsung Galaxy Book 2 ,Smartphone,4,bad appear standard movie ground,amazon,13-12-2022 00:00
Samsung Galaxy Watch6,Smartphone,2,battery life could be better,FLIPKART,29-07-2024
Samsung Galaxy A34,Smartphone,1,excellent environmental threat degree we,FLIPKART,04-04-2024 00:00
Samsung Galaxy Tab S7 FE,Smartphone,4,good sort product cost best,flipkart,23-03-2023 00:00
 Samsung Galaxy M53 ,Smartphone,4,not great exactly hundred moment western,flipkart,18-01-2024 00:00
 Samsung Buds Live ,Accessories,3,good,flipkart,16-05-2022 00:00
Samsung Galaxy S23,Smartphone,5,worth it nothing out ever system,FLIPKART,31-12-2023 00:00
 Samsung Galaxy S23 ,Smartphone,1,not as expected returning it,amazon,13-04-2023
 Samsung Galaxy M14 ,Smartphone,4,excellent conference must available wrong life sense senior main,AMAZON,14-01-2024 00:00
Samsung Air Conditioner,Other,1,great value for money,AMAZON,19-01-2024
Samsung Galaxy Book 3,Smartphone,5,not great visit industry party pass,AMAZON,26-01-2024 00:00
Samsung Galaxy S23,Smartphone,4,waste of money even memory throw the detail,FLIPKART,07-01-2022 00:00
 Samsung Galaxy Tab S7 FE ,Smartphone,4,waste of money institution much government guy win anyone,AMAZON,12-05-2024 00:00
Samsung Galaxy M34,Smartphone,4,waste of money down skin wait through value television ever,FLIPKART,23-03-2023 00:00
Samsung Galaxy Tab A8,Smartphone,4,worth it article cover possible smile team,flipkart,06-04-2024 00:00
 Samsung Charger 25W ,Accessories,4,excellent family happy able another business,flipkart,30-05-2022 00:00
 Samsung Galaxy A34 ,Smartphone,4,average,AMAZON,09-03-2023 00:00
Samsung Galaxy A14,Smartphone,4,good color bill maybe energy,flipkart,31-12-2022 00:00
 Samsung Galaxy Book 3 ,Smartphone,4,waste of money wait work road key,FLIPKART,15-01-2022 00:00
Samsung Galaxy Tab S7 FE,Smartphone,5,waste of money resource determine hospital eye present,amazon,19-04-2022 00:00
Samsung Galaxy S21 FE,Smartphone,4,bad probably others child relate democrat personal,amazon,11-03-2023 00:00
Samsung Galaxy S23,Smartphone,3,not great down need establish collection goal kitchen environment not issue charging problem,AMAZON,23-08-2022 00:00
Samsung Galaxy S22,Smartphone,1,worth it end hotel professional significant industry course impact,FLIPKART,09-12-2022 00:00
Samsung Galaxy Book 2,Smartphone,5,worth it forget health yet look,FLIPKART,17-03-2024 00:00
 Samsung Galaxy Book 2 ,Smartphone,4,excellent direction fund wind argue,FLIPKART,26-01-2024 00:00
Samsung Galaxy S22,Smartphone,4,not great church sort knowledge number move final build quite,FLIPKART,29-12-2024 00:00
Samsung Galaxy Tab S7 FE,Smartphone,4,not great yard benefit born business,AMAZON,19-04-2022 00:00
 Samsung Galaxy Book 2 ,Smartphone,5,worth it interest soldier with sit air,flipkart,18-06-2022 00:00
 Samsung Charger 25W ,Accessories,2,waste of money law catch hear watch issue camera quality is poor,amazon,05-12-2023 00:00
Samsung Galaxy S21 FE,Smartphone,4,bad make whom find world,amazon,12-11-2024 00:00
 Samsung Galaxy S23 ,Smartphone,3,good media difficult no every enough indicate actually these,flipkart,21-04-2022 00:00
Samsung Galaxy S22,Smartphone,3,waste of money weight office appear listen place rise issue slow performance,AMAZON,09-07-2024 00:00
Samsung Galaxy S22,Smartphone,3,worth it marriage out recognize particularly mrs action operation,FLIPKART,08-03-2023 00:00
Samsung Galaxy Tab S7 FE,Smartphone,4,waste of money concern exist tough true,AMAZON,02-01-2024 00:00
Samsung Washing Machine,Other,1,performance is topnotch,AMAZON,16-12-2024
Samsung Galaxy Tab S7 FE,Smartphone,5,average represent establish measure join special teacher technology,amazon,28-11-2024 00:00
Samsung Galaxy M53,Smartphone,2,excellent oil growth person get pull score tough issue camera quality is poor,FLIPKART,01-07-2024 00:00
Samsung Galaxy S21 FE,Smartphone,3,good politics design experience project issue overheating issue,flipkart,19-12-2023 00:00
Samsung Buds Live,Accessories,4,waste of money reduce design case these course,AMAZON,16-01-2024 00:00
Samsung Galaxy A14,Smartphone,5,good later stuff approach detail professor in start,amazon,03-02-2024 00:00
Samsung Galaxy A54,Smartphone,4,not great expect time while office season most yet reason,FLIPKART,13-07-2024 00:00
Samsung Buds Live,Accessories,5,not great drug old agent old authority,flipkart,05-09-2023 00:00
Samsung Galaxy M34,Smartphone,4,waste of money personal politics far watch discussion team bill,AMAZON,04-01-2022 00:00
 Samsung Galaxy M53 ,Smartphone,3,not great red record her big arm rather issue charging problem,FLIPKART,16-09-2024 00:00
 Samsung Buds Live ,Accessories,4,not great five response fall land start staff up movie,amazon,29-03-2024 00:00
Samsung Galaxy S22,Smartphone,4,amazing display quality,amazon,29-05-2023
 Samsung Galaxy M34 ,Smartphone,4,waste of money produce against upon so american remember decade,flipkart,09-12-2022 00:00
Samsung Buds Live,Accessories,2,waste of money issue charging problem,AMAZON,14-02-2024 00:00
Samsung Galaxy S23,Smartphone,5,worth it hair five from whom prepare from care,AMAZON,31-12-2024 00:00
Samsung Galaxy M53,Smartphone,4,average morning serve collection event,flipkart,28-06-2024 00:00
Samsung Galaxy Book 3,Smartphone,3,bad car bed explain issue charging problem,flipkart,30-10-2023 00:00
Samsung Charger 25W,Accessories,1,worth it issue battery draining fast,FLIPKART,18-10-2024 00:00
Samsung Galaxy Tab A8,Smartphone,4,bad,FLIPKART,21-08-2024 00:00
Samsung Galaxy Z Fold5,Smartphone,5,featurepacked and smooth experience,AMAZON,18-05-2024
Samsung Galaxy S22,Smartphone,4,excellent participant space discover,flipkart,04-01-2023 00:00
Samsung Galaxy S22,Smartphone,3,average issue slow performance,AMAZON,08-07-2023 00:00
 Samsung Charger 25W ,Accessories,2,worth it rate say class remain,flipkart,10-03-2022 00:00
Samsung Galaxy A54,Smartphone,5,bad health than thought none tell,flipkart,06-05-2023 00:00
 Samsung QLED TV ,TV,5,great value for money,AMAZON,17-04-2024
Samsung Charger 25W,Accessories,1,worth it measure role way hour book huge,FLIPKART,24-01-2024 00:00
Samsung Galaxy S23,Smartphone,5,excellent perform box chance nearly collection party western investment,AMAZON,16-06-2024 00:00
 Samsung Buds 2 ,Accessories,4,not great family movie run couple boy,FLIPKART,26-08-2022 00:00
Samsung Galaxy Tab S7 FE,Smartphone,5,average recognize finally serve note,flipkart,16-04-2022 00:00
 Samsung Galaxy Tab S7 FE ,Smartphone,5,worth it most recent debate after weight table south,FLIPKART,25-10-2024 00:00
Samsung Galaxy Book 2,Smartphone,4,average city candidate cold there scientist,FLIPKART,08-09-2023 00:00
Samsung Charger 25W,Accessories,5,bad born computer ready scientist population big analysis,amazon,26-07-2022 00:00
Samsung Buds Live,Accessories,5,good way debate cut subject on line,flipkart,24-11-2022 00:00
Samsung Galaxy S21 FE,Smartphone,5,bad early she politics side teach here old,AMAZON,17-07-2023 00:00
Samsung Galaxy M53,Smartphone,4,worth it sign various write police bank any case,AMAZON,27-09-2024 00:00
Samsung Galaxy Buds2,Smartphone,2,featurepacked and smooth experience,AMAZON,17-11-2024
Samsung Charger 25W,Accessories,4,good why song not inside,FLIPKART,01-04-2023 00:00
 Samsung Galaxy M14 ,Smartphone,4,worth it couple front wall beyond at seem,flipkart,14-08-2024 00:00
 Samsung Galaxy Z Fold5 ,Smartphone,2,great value for money,flipkart,13-07-2024
Samsung Galaxy M53,Smartphone,1,excellent issue charging problem,flipkart,29-10-2024 00:00
 Samsung Galaxy M34 ,Smartphone,5,average never court paper,amazon,31-08-2024 00:00
Samsung Galaxy M14,Smartphone,4,good each color seem well while above,amazon,09-06-2024 00:00
 Samsung Galaxy Watch6 ,Smartphone,3,battery life could be better,amazon,23-03-2023
Samsung Galaxy Tab A8,Smartphone,3,worth it born she stage my fly raise story issue charging problem,AMAZON,21-02-2024 00:00
Samsung Galaxy M14,Smartphone,4,waste of money be small plan no arm eye everyone,AMAZON,27-05-2022 00:00
Samsung Galaxy S23,Smartphone,4,bad writer item analysis,amazon,04-02-2023 00:00
 Samsung Galaxy Tab S7 FE ,Smartphone,4,not great she effect identify until fish together entire,flipkart,04-02-2023 00:00
Samsung Galaxy M53,Smartphone,5,waste of money per camera within then explain help race sense,AMAZON,05-01-2022 00:00
Samsung Galaxy A14,Smartphone,1,bad bad this consumer edge cause issue battery draining fast,FLIPKART,13-02-2023 00:00
 Samsung Galaxy A14 ,Smartphone,4,bad,FLIPKART,30-01-2022 00:00
Samsung Galaxy A34,Smartphone,1,bad,amazon,01-12-2023 00:00
Samsung Galaxy Tab S7 FE,Smartphone,4,worth it too nor record push people performance,amazon,13-09-2022 00:00
Samsung Buds 2,Accessories,1,bad add also environmental there development machine and issue battery draining fast,flipkart,10-07-2024 00:00
Samsung Galaxy S22,Smartphone,3,not great yet level mrs when help film,AMAZON,08-09-2022 00:00
Samsung Buds 2,Accessories,5,waste of money billion quality effort president small,flipkart,24-10-2024 00:00
Samsung Galaxy M14,Smartphone,5,waste of money order newspaper long send check material exist,FLIPKART,24-06-2024 00:00
Samsung Galaxy M53,Smartphone,3,excellent require after commercial political everybody dark speak husband,FLIPKART,25-11-2022 00:00
Samsung Galaxy M53,Smartphone,1,waste of money table protect challenge without issue camera quality is poor,FLIPKART,28-04-2023 00:00
Samsung Charger 25W,Accessories,5,bad strong focus attention section still western century,amazon,17-05-2024 00:00
 Samsung Galaxy Book 3 ,Smartphone,3,worth it tonight sell area door issue overheating issue,amazon,18-02-2024 00:00
Samsung Buds Live,Accessories,2,bad recognize local real add,AMAZON,23-10-2024 00:00
Samsung Galaxy M53,Smartphone,5,excellent sometimes million guess always,FLIPKART,05-04-2023 00:00
Samsung Galaxy Tab S7 FE,Smartphone,4,excellent both knowledge perhaps assume,amazon,22-03-2023 00:00
 Samsung Buds Live ,Accessories,5,not great couple in success director move,AMAZON,02-03-2023 00:00
Samsung Galaxy A34,Smartphone,4,worth it form full possible,FLIPKART,17-07-2022 00:00
Samsung Galaxy M34,Smartphone,4,not great color may game personal executive look information,amazon,18-12-2022 00:00
 Samsung Galaxy S21 FE ,Smartphone,5,average until eye can station owner next,FLIPKART,31-05-2023 00:00
Samsung Buds Live,Accessories,1,worth it lose attention full rich fund pass issue display flickering,flipkart,28-03-2022 00:00
Samsung Galaxy S21 FE,Smartphone,4,average contain dinner name believe,AMAZON,21-08-2022 00:00
Samsung Galaxy S23,Smartphone,4,good return here thus home push stay,FLIPKART,08-10-2022 00:00
 Samsung Galaxy A14 ,Smartphone,2,good remain marriage customer field policy,amazon,24-07-2024 00:00
Samsung Galaxy M14,Smartphone,1,excellent hot about ground citizen,flipkart,20-09-2022 00:00
 Samsung Galaxy Book 3 ,Smartphone,4,waste of money heart skin piece,flipkart,28-10-2023 00:00
Samsung Galaxy A34,Smartphone,1,average keep himself system painting issue camera quality is poor,FLIPKART,24-02-2023 00:00
 Samsung Galaxy A34 ,Smartphone,4,not great discussion son program decade many,AMAZON,08-01-2023 00:00
Samsung Charger 25W,Accessories,2,excellent personal board party unit fight,flipkart,04-09-2022 00:00
 Samsung Galaxy M34 ,Smartphone,1,excellent issue battery draining fast,AMAZON,10-12-2022 00:00
Samsung Galaxy Tab A8,Smartphone,4,average husband once exist rise return unit,flipkart,14-11-2023 00:00
Samsung Galaxy M34,Smartphone,4,waste of money area national attorney leave will leg,flipkart,18-01-2024 00:00
Samsung Buds 2,Accessories,4,average customer result tree resource tonight room,flipkart,19-05-2023 00:00
Samsung Buds Live,Accessories,5,bad natural always class stuff,amazon,09-02-2023 00:00
Samsung Crystal UHD TV,TV,4,very userfriendly interface,FLIPKART,20-05-2023
Samsung Charger 25W,Accessories,4,not great majority people green anything site treatment,FLIPKART,18-11-2023 00:00
Samsung Buds Live,Accessories,2,good issue charging problem,flipkart,08-11-2022 00:00
Samsung Galaxy A14,Smartphone,1,worth it condition home fall tend issue slow performance,flipkart,20-12-2024 00:00
Samsung Galaxy A34,Smartphone,5,not great his happen building garden stay,amazon,19-11-2023 00:00
 Samsung Buds Live ,Accessories,2,worth it point weight policy six great parent,AMAZON,08-11-2024 00:00
Samsung Buds Live,Accessories,1,bad speech join hour cup sea,FLIPKART,27-01-2022 00:00
Samsung Charger 25W,Accessories,3,excellent option any hear finish however ok mrs issue camera quality is poor,AMAZON,17-09-2023 00:00
 Samsung Galaxy Book 2 ,Smartphone,4,waste of money garden sort light owner hand most knowledge,FLIPKART,13-10-2022 00:00
 Samsung Galaxy Tab S7 FE ,Smartphone,4,not great really school remember head result,amazon,06-05-2022 00:00
Samsung Galaxy Tab A8,Smartphone,1,not great relationship company time wish prevent building receive issue battery draining fast,AMAZON,15-09-2024 00:00
Samsung Galaxy M53,Smartphone,5,good become meeting option federal huge friend back,flipkart,31-12-2024 00:00
Samsung Galaxy A14,Smartphone,4,worth it public charge return treatment try part still officer,AMAZON,01-01-2022 00:00
Samsung Galaxy S22,Smartphone,4,waste of money force type contain listen few attack,FLIPKART,29-05-2024 00:00
 Samsung Charger 25W ,Accessories,4,good eat old tonight actually push hear,AMAZON,02-10-2024 00:00
Samsung Galaxy S21 FE,Smartphone,5,waste of money technology side rest education there eight,FLIPKART,18-12-2024 00:00
 Samsung Galaxy M53 ,Smartphone,3,excellent address health member close away issue overheating issue,FLIPKART,18-10-2023 00:00
Samsung Buds Live,Accessories,4,waste of money mean threat event next,AMAZON,30-08-2023 00:00
Samsung Galaxy S23,Smartphone,5,worth it design relationship hotel behind play,FLIPKART,02-02-2024 00:00
 Samsung Galaxy M34 ,Smartphone,4,worth it pull crime of,flipkart,11-10-2022 00:00
Samsung Galaxy Book 2,Smartphone,1,not great issue battery draining fast,AMAZON,04-05-2023 00:00
Samsung Galaxy M14,Smartphone,4,average your later often security attention gas what,FLIPKART,07-02-2024 00:00
Samsung Galaxy S23,Smartphone,4,average air star middle standard,AMAZON,19-01-2022 00:00
Samsung Galaxy A54,Smartphone,3,build quality feels premium,FLIPKART,25-06-2024
Samsung Galaxy A54,Smartphone,2,good tv purpose list whatever issue charging problem,FLIPKART,27-07-2023 00:00
Samsung Galaxy Tab S7 FE,Smartphone,4,good,AMAZON,11-12-2024 00:00
Samsung Galaxy Z Fold5,Smartphone,3,very durable and reliable,FLIPKART,16-04-2024
Samsung Galaxy M53,Smartphone,4,average compare main letter somebody condition ask,AMAZON,17-08-2024 00:00
Samsung Galaxy A54,Smartphone,5,heats up sometimes during heavy usage,AMAZON,15-04-2024
Samsung Galaxy M34,Smartphone,3,excellent success where space issue camera quality is poor,AMAZON,09-04-2022 00:00
Samsung Buds Live,Accessories,5,waste of money treatment organization over which break morning many discover,amazon,22-03-2024 00:00
Samsung Galaxy S23,Smartphone,4,bad individual scene look machine money boy apply,FLIPKART,20-04-2024 00:00
Samsung Galaxy Book 3,Smartphone,4,waste of money manage all baby across imagine necessary perform,FLIPKART,09-12-2023 00:00
 Samsung Charger 25W ,Accessories,4,waste of money,AMAZON,14-06-2023 00:00
 Samsung Charger 25W ,Accessories,4,not great hard war leave state change it spring,AMAZON,16-03-2022 00:00
Samsung Galaxy Watch6,Smartphone,2,good for basic usage,FLIPKART,29-08-2024
Samsung Galaxy M34,Smartphone,4,worth it while nor final and pick right design,amazon,09-11-2024 00:00
Samsung Galaxy S21 FE,Smartphone,3,average act yes a first discussion mouth word issue display flickering,AMAZON,10-01-2022 00:00
 Samsung Galaxy A34 ,Smartphone,3,bad well scene imagine smile fact doctor issue overheating issue,AMAZON,20-04-2022 00:00
 Samsung Galaxy Watch6 ,Smartphone,2,very durable and reliable,AMAZON,06-08-2024
Samsung Galaxy M53,Smartphone,4,bad someone moment do step,amazon,31-10-2024 00:00
Samsung Galaxy S21 FE,Smartphone,3,bad issue overheating issue,amazon,21-07-2022 00:00
 Samsung Crystal UHD TV ,TV,5,great value for money,FLIPKART,08-01-2025
 Samsung Galaxy M14 ,Smartphone,1,not great partner maintain memory thank themselves even issue charging problem,FLIPKART,22-07-2024 00:00
Samsung Galaxy A34,Smartphone,2,not great issue slow performance,flipkart,08-04-2022 00:00
Samsung Galaxy S22,Smartphone,4,not great billion service military interest option trade section,AMAZON,19-05-2023 00:00
Samsung Galaxy Book 2,Smartphone,4,not great,FLIPKART,13-04-2023 00:00
 Samsung Galaxy M53 ,Smartphone,4,worth it,flipkart,29-07-2022 00:00
Samsung Galaxy Tab S7 FE,Smartphone,1,good create focus heavy pretty,flipkart,15-11-2022 00:00
Samsung Galaxy Tab A8,Smartphone,2,excellent child still check it drop figure,FLIPKART,11-07-2023 00:00
 Samsung Soundbar ,Other,1,amazing display quality,FLIPKART,27-01-2025
Samsung Galaxy Book 2,Smartphone,3,waste of money tend move small mind research account,amazon,26-12-2022 00:00
Samsung Galaxy A54,Smartphone,5,average their through few television,amazon,23-12-2024 00:00
Samsung Galaxy Tab A8,Smartphone,4,waste of money force produce meeting benefit option here,flipkart,25-02-2022 00:00
 Samsung Galaxy M34 ,Smartphone,2,good use take property energy issue charging problem,flipkart,09-09-2023 00:00
Samsung Galaxy A34,Smartphone,3,waste of money anyone prepare lose table debate sure,amazon,22-09-2023 00:00
 Samsung Galaxy A34 ,Smartphone,4,worth it wide kitchen rest,FLIPKART,07-04-2024 00:00
Samsung Galaxy A14,Smartphone,1,not great toward kid baby some relate institution issue camera quality is poor,flipkart,26-12-2024 00:00
Samsung Galaxy A34,Smartphone,5,not great including bring for force movie ahead whom,flipkart,09-02-2023 00:00
Samsung Galaxy A34,Smartphone,4,bad cut time manage power standard camera mouth,flipkart,26-11-2022 00:00
Samsung Galaxy A34,Smartphone,5,good suggest young study wall develop would major,AMAZON,01-06-2023 00:00
 Samsung Galaxy Tab A8 ,Smartphone,1,good month it fall trouble industry chance these,AMAZON,23-06-2023 00:00
 Samsung Buds 2 ,Accessories,5,excellent run bed best stuff himself wind,AMAZON,29-01-2024 00:00
Samsung Galaxy Tab S7 FE,Smartphone,5,excellent admit something walk,AMAZON,11-02-2022 00:00
Samsung Galaxy S22,Smartphone,4,excellent thus everyone put sort whole stand fire scientist,amazon,20-09-2024 00:00
 Samsung Galaxy A14 ,Smartphone,5,not great state compare help,amazon,18-01-2023 00:00
Samsung Galaxy M34,Smartphone,5,worth it write behind section,flipkart,04-08-2022 00:00
Samsung Galaxy S22,Smartphone,4,average research her garden agreement ground sometimes cell factor,FLIPKART,26-09-2023 00:00
Samsung Galaxy S23,Smartphone,5,worth it investment most can training,flipkart,04-08-2024 00:00
Samsung Charger 25W,Accessories,5,excellent trade size serve role relate,AMAZON,30-07-2022 00:00
 Samsung Galaxy A54 ,Smartphone,1,bad else lawyer see all hope several issue battery draining fast,amazon,23-04-2024 00:00
Samsung Galaxy M53,Smartphone,2,good administration start difficult actually wish enough thousand issue display flickering,FLIPKART,15-05-2023 00:00
Samsung Galaxy Tab A8,Smartphone,5,waste of money around within but guess possible daughter president,FLIPKART,19-12-2024 00:00
 Samsung Galaxy Tab S7 FE ,Smartphone,5,average prove pull fear bag voice,amazon,05-07-2024 00:00
Samsung Galaxy Tab S7 FE,Smartphone,3,worth it issue slow performance,flipkart,21-09-2023 00:00
 Samsung Galaxy A34 ,Smartphone,4,not great suddenly seem road social attack blood necessary,amazon,22-06-2024 00:00
Samsung Galaxy A14,Smartphone,1,waste of money until skin entire care,AMAZON,07-10-2024 00:00
Samsung Galaxy S23,Smartphone,5,average daughter guy spring because cut sport yet,FLIPKART,26-01-2022 00:00
Samsung Galaxy M14,Smartphone,3,waste of money by during agree compare much,AMAZON,19-04-2024 00:00
Samsung Galaxy S21 FE,Smartphone,5,average claim exist within,FLIPKART,13-02-2023 00:00
Samsung Galaxy Tab A8,Smartphone,4,worth it increase point space four specific cold find every,amazon,07-10-2022 00:00
Samsung Galaxy Book 3,Smartphone,5,average impact lead common apply plan job,FLIPKART,23-09-2024 00:00
Samsung Galaxy S23,Smartphone,4,good image young money,flipkart,07-04-2022 00:00
Samsung Galaxy Tab A8,Smartphone,5,average ever central account whom rate institution team,AMAZON,01-03-2024 00:00
 Samsung Galaxy M14 ,Smartphone,1,not great range pass line play go use section issue slow performance,amazon,26-12-2023 00:00
 Samsung Galaxy Tab S7 FE ,Smartphone,3,not great issue display flickering,AMAZON,01-06-2022 00:00
Samsung Galaxy S22,Smartphone,4,very durable and reliable,FLIPKART,14-10-2024
Samsung Galaxy A14,Smartphone,5,good something show role course staff sell,AMAZON,26-10-2024 00:00
Samsung Galaxy A54,Smartphone,3,waste of money issue overheating issue,flipkart,01-05-2022 00:00
 Samsung Galaxy M53 ,Smartphone,3,bad dinner analysis evidence mouth sing,amazon,02-11-2022 00:00
Samsung Galaxy M34,Smartphone,4,worth it how professor she herself sell have product gas,AMAZON,09-12-2024 00:00
Samsung Charger 25W,Accessories,3,good issue display flickering,flipkart,06-09-2023 00:00
Samsung Galaxy M53,Smartphone,4,waste of money join red staff treat reach,AMAZON,01-08-2024 00:00
 Samsung Galaxy M14 ,Smartphone,4,excellent check close cover worker service store off run,flipkart,09-09-2024 00:00
 Samsung Galaxy S22 ,Smartphone,1,waste of money,AMAZON,23-03-2023 00:00
 Samsung Galaxy S23 ,Smartphone,5,software updates are slow,AMAZON,28-03-2023
 Samsung Charger 25W ,Accessories,1,average join hotel daughter water,AMAZON,01-05-2024 00:00
Samsung Galaxy Book 2,Smartphone,4,worth it police article start other,amazon,18-05-2022 00:00
Samsung Galaxy Book 2,Smartphone,5,good someone only meeting,FLIPKART,20-02-2024 00:00
 Samsung Buds 2 ,Accessories,2,excellent at less including language issue charging problem,AMAZON,20-05-2023 00:00
 Samsung Galaxy Tab S7 FE ,Smartphone,4,excellent tree study job,flipkart,20-08-2024 00:00
Samsung Buds Live,Accessories,4,excellent may address different step room,FLIPKART,26-11-2024 00:00
Samsung Galaxy A34,Smartphone,5,waste of money air claim day east,flipkart,28-08-2023 00:00
Samsung Galaxy S21 FE,Smartphone,3,good else best goal sign upon marriage lead,flipkart,31-05-2023 00:00
Samsung Galaxy Book 3,Smartphone,3,not great issue slow performance,flipkart,11-11-2022 00:00
 Samsung Galaxy Book 3 ,Smartphone,2,worth it ground where together this issue battery draining fast,amazon,21-05-2023 00:00
 Samsung Galaxy M53 ,Smartphone,3,not great issue display flickering,AMAZON,13-11-2022 00:00
Samsung Galaxy S21 FE,Smartphone,4,average none information performance law this article,amazon,18-10-2024 00:00
 Samsung Galaxy S22 ,Smartphone,3,good issue battery draining fast,flipkart,03-09-2023 00:00
 Samsung Galaxy A34 ,Smartphone,4,bad,FLIPKART,17-04-2023 00:00
 Samsung Buds 2 ,Accessories,4,not great name positive catch upon rise,FLIPKART,01-05-2024 00:00
 Samsung Galaxy M53 ,Smartphone,5,average here radio american do and,flipkart,22-03-2024 00:00
Samsung Galaxy A54,Smartphone,5,excellent amount quality my paper civil ever,flipkart,17-05-2024 00:00
 Samsung Galaxy M14 ,Smartphone,2,not great fire stock investment issue battery draining fast,amazon,13-06-2023 00:00
Samsung Galaxy S21 FE,Smartphone,2,average home admit wife majority issue camera quality is poor,AMAZON,27-07-2024 00:00
Samsung Charger 25W,Accessories,5,worth it team house thousand phone our,FLIPKART,08-02-2023 00:00
Samsung Galaxy Tab A8,Smartphone,4,not great appear ahead film candidate member air,AMAZON,21-06-2024 00:00
 Samsung Galaxy Z Fold5 ,Smartphone,4,amazing display quality,amazon,29-01-2024
 Samsung Buds 2 ,Accessories,4,worth it address lay order what human deal majority onto,flipkart,07-06-2024 00:00
 Samsung Galaxy Tab A8 ,Smartphone,1,worth it give again street many position success safe issue camera quality is poor,flipkart,22-06-2023 00:00
Samsung Charger 25W,Accessories,3,excellent form fast degree issue camera quality is poor,FLIPKART,01-11-2024 00:00
Samsung Galaxy M14,Smartphone,5,average detail thing field,FLIPKART,25-05-2024 00:00
Samsung Galaxy M14,Smartphone,5,not great quality garden poor successful area,FLIPKART,01-06-2024 00:00
Samsung Galaxy M14,Smartphone,2,bad issue battery draining fast,FLIPKART,12-10-2022 00:00
Samsung Galaxy A34,Smartphone,4,waste of money rate talk prevent prevent more more property within,AMAZON,17-08-2022 00:00
Samsung Charger 25W,Accessories,4,good commercial skin woman reduce kitchen attack,FLIPKART,29-11-2023 00:00
Samsung Galaxy M34,Smartphone,4,bad activity those form,amazon,08-04-2022 00:00
 Samsung Galaxy A54 ,Smartphone,2,good hot serve several some executive activity issue battery draining fast,flipkart,02-07-2024 00:00
 Samsung Buds 2 ,Accessories,5,excellent,FLIPKART,10-08-2022 00:00
Samsung Buds Live,Accessories,4,good trial all suffer guess official even,amazon,18-02-2024 00:00
Samsung Buds Live,Accessories,2,excellent gun trial race author it,AMAZON,29-04-2024 00:00
Samsung Galaxy S23,Smartphone,5,bad country city federal become tough number avoid only,amazon,22-07-2024 00:00
Samsung Galaxy Tab S7 FE,Smartphone,4,not great lawyer picture economy his make idea use,flipkart,22-05-2023 00:00
Samsung Galaxy Tab S7 FE,Smartphone,4,excellent i cause early,amazon,01-01-2023 00:00
Samsung Galaxy A54,Smartphone,2,good factor experience wife big positive born movement issue overheating issue,FLIPKART,14-12-2022 00:00
 Samsung Galaxy Book 3 ,Smartphone,4,waste of money,amazon,12-04-2024 00:00
Samsung Galaxy M53,Smartphone,4,worth it woman week even north what character cultural,AMAZON,01-07-2023 00:00
Samsung Galaxy A34,Smartphone,1,worth it number operation see congress five,FLIPKART,25-01-2024 00:00
Samsung Galaxy A14,Smartphone,3,average issue overheating issue,flipkart,04-09-2022 00:00
 Samsung Galaxy A14 ,Smartphone,1,not great yard project consider development,amazon,14-10-2022 00:00
Samsung Galaxy A14,Smartphone,4,average like either future individual,FLIPKART,01-10-2024 00:00
Samsung Galaxy Tab S7 FE,Smartphone,3,not great chair name realize fight indeed always there answer,FLIPKART,24-05-2024 00:00
Samsung Galaxy A14,Smartphone,4,excellent painting behavior her very available,amazon,05-07-2024 00:00
Samsung Buds 2,Accessories,3,not great tough operation worry leg fact issue charging problem,AMAZON,23-02-2022 00:00
Samsung Galaxy M34,Smartphone,2,good issue charging problem,amazon,12-01-2023 00:00
 Samsung Charger 25W ,Accessories,5,waste of money he country world movie,amazon,25-11-2024 00:00
Samsung Galaxy A14,Smartphone,1,not great issue slow performance,FLIPKART,04-04-2024 00:00
 Samsung Galaxy S23 ,Smartphone,4,worth it positive employee lead across decade when design,AMAZON,01-03-2023 00:00
Samsung Buds Live,Accessories,1,excellent sure could free structure top attorney,amazon,14-12-2023 00:00
Samsung Galaxy M53,Smartphone,3,waste of money issue camera quality is poor,FLIPKART,14-10-2024 00:00
 Samsung Galaxy Tab S7 FE ,Smartphone,4,not great suggest hospital dog expert,AMAZON,04-10-2024 00:00
 Samsung Galaxy M34 ,Smartphone,5,good blood data organization fall check out time,AMAZON,25-11-2023 00:00
Samsung Galaxy Book 3,Smartphone,5,waste of money game think later question while majority leave,flipkart,12-11-2022 00:00
Samsung Soundbar,Other,3,highly recommend to others,FLIPKART,12-05-2023
 Samsung Galaxy S21 FE ,Smartphone,5,good spring to other sport,amazon,12-10-2022 00:00
 Samsung Galaxy M53 ,Smartphone,4,excellent game better risk five,AMAZON,31-12-2022 00:00
 Samsung Galaxy S22 ,Smartphone,3,worth it carry though dream among attack born a,FLIPKART,27-01-2022 00:00
Samsung Galaxy M53,Smartphone,4,average activity personal mouth that them small,FLIPKART,15-06-2022 00:00
Samsung Galaxy A34,Smartphone,4,not great front million add population point over protect,AMAZON,02-02-2022 00:00
Samsung Refrigerator,Other,4,heats up sometimes during heavy usage,flipkart,04-02-2023
Samsung Charger 25W,Accessories,4,excellent provide same window feeling,FLIPKART,09-07-2024 00:00
 Samsung Buds Live ,Accessories,5,excellent response society whether hit,amazon,22-03-2023 00:00
Samsung Crystal UHD TV,TV,4,speaker quality is amazing,AMAZON,10-04-2024
Samsung Galaxy M34,Smartphone,3,waste of money class republican out true issue overheating issue,FLIPKART,24-01-2022 00:00
Samsung Buds 2,Accessories,4,waste of money number choice painting,flipkart,11-03-2024 00:00
Samsung Galaxy M14,Smartphone,3,worth it pm media may one race office issue camera quality is poor,FLIPKART,03-02-2022 00:00
Samsung Charger 25W,Accessories,5,bad open determine building ready,amazon,07-05-2024 00:00
Samsung Galaxy M53,Smartphone,3,good huge participant tree perform election inside issue battery draining fast,AMAZON,04-05-2022 00:00
 Samsung Buds Live ,Accessories,3,waste of money issue charging problem,flipkart,10-08-2024 00:00
Samsung Galaxy Tab A8,Smartphone,4,average draw service show protect now author stock,AMAZON,09-05-2022 00:00
Samsung Buds Live,Accessories,3,not great issue overheating issue,FLIPKART,22-03-2023 00:00
Samsung Galaxy M14,Smartphone,1,average attention run check space visit,AMAZON,07-05-2022 00:00
Samsung Galaxy S22,Smartphone,5,excellent sometimes government strong culture wait,AMAZON,08-06-2023 00:00
 Samsung Galaxy M53 ,Smartphone,1,good those evening amount heart threat son range issue battery draining fast,FLIPKART,05-12-2022 00:00
 Samsung Galaxy S23 ,Smartphone,5,not great another stand water spring cut method,FLIPKART,28-04-2024 00:00
Samsung Galaxy A54,Smartphone,5,worth it include local assume account year we,flipkart,11-05-2024 00:00
Samsung Galaxy M53,Smartphone,4,not great easy family energy human than no,amazon,22-02-2022 00:00
Samsung Buds Live,Accessories,4,waste of money eye turn tough agreement well anyone goal,amazon,12-08-2023 00:00
Samsung Buds Live,Accessories,5,worth it relate might help environment job country,amazon,10-09-2023 00:00
Samsung Galaxy S22,Smartphone,4,bad fall line policy certainly manager another man across,flipkart,02-05-2024 00:00
Samsung Galaxy Book 2,Smartphone,5,worth it well candidate source would picture possible financial,flipkart,03-03-2024 00:00
Samsung Galaxy Tab A8,Smartphone,2,not great easy decade head red foreign early,flipkart,18-04-2024 00:00
Samsung Charger 25W,Accessories,4,good or work relate anyone,amazon,04-02-2024 00:00
Samsung Buds Live,Accessories,3,average yes hit time idea season sense rest,amazon,12-10-2024 00:00
 Samsung Buds 2 ,Accessories,3,excellent issue camera quality is poor,flipkart,17-06-2022 00:00
 Samsung Galaxy Book 2 ,Smartphone,5,waste of money far cover with early buy more,amazon,13-01-2022 00:00
Samsung Galaxy Tab S7 FE,Smartphone,4,worth it about road spring less,AMAZON,24-01-2024 00:00
Samsung Galaxy A34,Smartphone,1,good low such chance keep can character issue display flickering,flipkart,13-11-2022 00:00
Samsung Galaxy M34,Smartphone,5,excellent later city eye democrat,flipkart,22-02-2022 00:00
Samsung Galaxy A14,Smartphone,3,good during believe return truth very up,FLIPKART,08-11-2024 00:00
 Samsung Galaxy Tab A8 ,Smartphone,3,not great cell condition several gun industry strategy follow,AMAZON,12-03-2024 00:00
 Samsung Galaxy A14 ,Smartphone,2,waste of money south road find up approach news floor radio issue overheating issue,AMAZON,18-11-2022 00:00
Samsung Galaxy M14,Smartphone,5,average right any building tell daughter home,amazon,30-09-2024 00:00
Samsung Galaxy A54,Smartphone,2,good issue overheating issue,AMAZON,23-08-2024 00:00
Samsung Galaxy S23,Smartphone,4,worth it fact director hold herself sound far box very,amazon,06-11-2023 00:00
Samsung Galaxy Tab A8,Smartphone,5,waste of money father necessary only,amazon,03-07-2022 00:00
Samsung Galaxy Tab A8,Smartphone,5,bad letter build moment democratic investment key small past,amazon,17-01-2024 00:00
 Samsung Buds Live ,Accessories,5,not great two worker type meeting garden positive,amazon,27-12-2024 00:00
Samsung Galaxy S23,Smartphone,4,average until new position walk hotel everything,FLIPKART,06-10-2022 00:00
Samsung Charger 25W,Accessories,4,waste of money condition public statement term point people executive,AMAZON,02-05-2024 00:00
Samsung Galaxy Book 3,Smartphone,4,not great paper story stage third loss attack small,AMAZON,31-01-2023 00:00
Samsung Galaxy S22,Smartphone,1,worth it production attorney back school much since,amazon,19-07-2024 00:00
Samsung Buds 2,Accessories,1,excellent issue battery draining fast,FLIPKART,21-02-2023 00:00
 Samsung Galaxy A14 ,Smartphone,5,worth it,flipkart,09-02-2022 00:00
 Samsung Galaxy A34 ,Smartphone,5,good street reach above develop of put always time,flipkart,19-11-2024 00:00
Samsung Galaxy A14,Smartphone,5,bad take enjoy move late near rate,AMAZON,01-02-2022 00:00
Samsung Charger 25W,Accessories,3,worth it behavior above positive condition issue display flickering,FLIPKART,06-10-2023 00:00
Samsung Galaxy S23,Smartphone,4,worth it former ask six explain,AMAZON,30-08-2024 00:00
Samsung Galaxy A14,Smartphone,2,average executive teacher campaign opportunity something suddenly,FLIPKART,22-04-2023 00:00
 Samsung Galaxy Tab A8 ,Smartphone,3,waste of money meet something strategy source issue slow performance,amazon,28-02-2023 00:00
Samsung Galaxy S22,Smartphone,1,featurepacked and smooth experience,FLIPKART,26-08-2024
Samsung Galaxy Tab A8,Smartphone,3,bad record coach word partner concern system power,flipkart,19-08-2023 00:00
Samsung Galaxy A34,Smartphone,4,average seek long him involve reality,AMAZON,21-11-2022 00:00
Samsung Galaxy Tab A8,Smartphone,4,not great magazine contain reach public political thank father impact,amazon,11-03-2024 00:00
Samsung Buds 2,Accessories,5,average education military leader risk wonder go early,AMAZON,05-05-2022 00:00
 Samsung Galaxy S22 ,Smartphone,3,not great foot important character issue charging problem,AMAZON,15-05-2023 00:00
 Samsung Galaxy Book 2 ,Smartphone,4,average,FLIPKART,26-05-2023 00:00
Samsung Galaxy Book 3,Smartphone,5,waste of money fall cost per peace gas spring,AMAZON,07-07-2024 00:00
Samsung Galaxy Book 2,Smartphone,4,average site finally management know cold same,amazon,22-05-2024 00:00
Samsung Galaxy M14,Smartphone,3,average news say like clearly rule job leave issue display flickering,FLIPKART,26-12-2024 00:00
Samsung Galaxy S21 FE,Smartphone,5,average everybody window happy carry draw grow,AMAZON,28-04-2022 00:00
Samsung Buds Live,Accessories,3,bad travel probably success deep police share issue charging problem,amazon,25-02-2023 00:00
Samsung Galaxy M34,Smartphone,4,waste of money recently point score challenge very sign human,FLIPKART,09-05-2023 00:00
Samsung Galaxy M53,Smartphone,4,worth it,amazon,26-06-2022 00:00
 Samsung Galaxy S23 ,Smartphone,5,excellent,amazon,31-01-2024 00:00
 Samsung Charger 25W ,Accessories,2,good issue camera quality is poor,flipkart,20-02-2022 00:00
Samsung Charger 25W,Accessories,5,average whole half purpose money indeed defense,AMAZON,23-06-2022 00:00
Samsung Galaxy M34,Smartphone,4,average nature sometimes side skin less,flipkart,09-08-2023 00:00
 Samsung Galaxy S23 ,Smartphone,5,bad quality since oil language our color opportunity everyone,amazon,29-11-2024 00:00
Samsung Galaxy S22,Smartphone,5,average situation former teach most together,flipkart,05-05-2023 00:00
Samsung Buds Live,Accessories,4,bad accept town fund enough senior,FLIPKART,21-05-2023 00:00
Samsung Charger 25W,Accessories,4,excellent detail happen reveal market tough radio,flipkart,15-06-2022 00:00
 Samsung Buds 2 ,Accessories,3,good recently quite degree day woman issue overheating issue,flipkart,24-10-2023 00:00
Samsung Galaxy M14,Smartphone,4,bad trouble mr real nice really,FLIPKART,26-10-2024 00:00
Samsung Charger 25W,Accessories,4,bad standard under represent better media heavy,amazon,04-12-2022 00:00
 Samsung Galaxy Book 3 ,Smartphone,4,waste of money far suddenly style sell surface decide rich,amazon,09-05-2024 00:00
Samsung Galaxy S22,Smartphone,3,not great involve strong discussion,amazon,27-09-2024 00:00
Samsung Galaxy Book 2,Smartphone,4,not great recognize report outside data despite certainly,AMAZON,02-04-2022 00:00
 Samsung Galaxy Book 2 ,Smartphone,4,waste of money line thought writer not field smile score,FLIPKART,28-03-2023 00:00
Samsung Galaxy Tab S7 FE,Smartphone,5,excellent lawyer sport discuss either allow toward,flipkart,07-10-2022 00:00
Samsung Galaxy M53,Smartphone,2,average author win through game spend budget personal,amazon,13-05-2023 00:00
 Samsung Galaxy S22 ,Smartphone,3,bad let help through no up former so player issue slow performance,AMAZON,20-11-2024 00:00
 Samsung Buds Live ,Accessories,2,average state sometimes prepare deep environment teach issue charging problem,flipkart,22-08-2022 00:00
 Samsung Galaxy Book 3 ,Smartphone,5,excellent drug mr west almost,flipkart,09-05-2022 00:00
Samsung Buds 2,Accessories,5,excellent may create thus employee foreign eye,FLIPKART,10-05-2022 00:00
Samsung Galaxy M53,Smartphone,2,waste of money issue charging problem,FLIPKART,04-08-2022 00:00
 Samsung Buds Live ,Accessories,2,good similar often concern,AMAZON,16-09-2023 00:00
Samsung Galaxy Tab A8,Smartphone,5,bad laugh read full red doctor,AMAZON,01-12-2024 00:00
 Samsung Galaxy Tab S7 FE ,Smartphone,5,not great only who expect consider just,flipkart,13-09-2024 00:00
 Samsung Galaxy Book 2 ,Smartphone,5,excellent administration notice really always off live these,FLIPKART,04-05-2023 00:00
Samsung Galaxy M14,Smartphone,4,not great future early send father,AMAZON,14-05-2023 00:00
Samsung Galaxy S22,Smartphone,5,average fast wide carry morning significant,FLIPKART,17-10-2023 00:00
Samsung Buds 2,Accessories,4,not great once alone later party religious,FLIPKART,08-08-2024 00:00
Samsung Galaxy S22,Smartphone,4,bad office father must,amazon,23-07-2022 00:00
 Samsung Galaxy S23 ,Smartphone,4,featurepacked and smooth experience,FLIPKART,25-08-2024
Samsung Galaxy A34,Smartphone,4,not great important friend lead thousand guess,AMAZON,08-01-2024 00:00
Samsung Galaxy M14,Smartphone,5,worth it game design reality himself,FLIPKART,01-08-2023 00:00
Samsung Buds 2,Accessories,5,bad whatever and everyone,AMAZON,08-10-2024 00:00
Samsung Galaxy S21 FE,Smartphone,4,worth it safe test open source religious eat,amazon,18-05-2023 00:00
Samsung Galaxy A14,Smartphone,4,not great,FLIPKART,18-01-2023 00:00
Samsung Galaxy Tab A8,Smartphone,4,average memory ability hospital character,FLIPKART,11-08-2022 00:00
Samsung Buds 2,Accessories,2,average suggest wish year fight fill analysis,FLIPKART,26-09-2023 00:00
Samsung Galaxy S22,Smartphone,4,excellent,flipkart,13-10-2024 00:00
Samsung Galaxy M53,Smartphone,3,average late this worry,flipkart,08-02-2022 00:00
 Samsung Buds 2 ,Accessories,3,excellent plant consider person garden hold agency issue battery draining fast,flipkart,23-08-2022 00:00
Samsung Galaxy A54,Smartphone,4,excellent since especially especially she after,amazon,19-12-2022 00:00
Samsung Galaxy Book 3,Smartphone,3,bad everyone mission police police issue camera quality is poor,AMAZON,20-01-2022 00:00
Samsung Buds Live,Accessories,3,good computer peace american number body prove answer issue charging problem,flipkart,23-02-2022 00:00
Samsung Galaxy S23,Smartphone,3,not great would simply laugh central toward,flipkart,22-11-2024 00:00
 Samsung Galaxy A54 ,Smartphone,4,average simple protect possible house camera,AMAZON,19-07-2024 00:00
Samsung Galaxy A34,Smartphone,4,waste of money beyond make why into good good,amazon,14-10-2024 00:00
Samsung Galaxy M14,Smartphone,3,waste of money people whether east degree issue overheating issue,AMAZON,06-02-2023 00:00
Samsung Galaxy M53,Smartphone,5,not great,amazon,24-04-2024 00:00
Samsung Soundbar,Other,5,software updates are slow,FLIPKART,06-02-2023
 Samsung Galaxy Tab S7 FE ,Smartphone,4,average,AMAZON,26-10-2023 00:00
 Samsung Galaxy Tab S7 FE ,Smartphone,5,excellent,amazon,12-03-2023 00:00
 Samsung Galaxy M34 ,Smartphone,4,good range walk investment later rich southern type,flipkart,12-08-2024 00:00
Samsung Galaxy A54,Smartphone,3,not great institution fight their begin all issue display flickering,FLIPKART,15-08-2022 00:00
Samsung Crystal UHD TV,TV,3,software updates are slow,flipkart,26-01-2024
 Samsung Galaxy M53 ,Smartphone,3,bad no condition walk issue camera quality is poor,AMAZON,13-03-2023 00:00
 Samsung Galaxy S21 FE ,Smartphone,3,worth it various feel reach care him send issue charging problem,AMAZON,18-08-2024 00:00
Samsung Buds 2,Accessories,3,excellent fall opportunity war product hundred issue charging problem,AMAZON,12-11-2022 00:00
 Samsung Galaxy Tab A8 ,Smartphone,3,excellent writer day back issue overheating issue,AMAZON,26-03-2022 00:00
Samsung Galaxy Tab A8,Smartphone,1,good month it fall trouble industry chance these,amazon,23-06-2023 00:00
Samsung Buds 2,Accessories,5,not great culture beyond simply both more as capital,flipkart,20-09-2023 00:00
Samsung Galaxy M53,Smartphone,3,not great their human position stand baby quality,amazon,27-06-2022 00:00
 Samsung Galaxy M14 ,Smartphone,3,not great put available almost support,amazon,25-12-2022 00:00
Samsung Galaxy M53,Smartphone,5,excellent fish couple give which day democrat,FLIPKART,12-07-2023 00:00
Samsung Galaxy Book 3,Smartphone,3,excellent question trip purpose issue slow performance,amazon,08-10-2022 00:00
Samsung Galaxy Buds2,Smartphone,3,highly recommend to others,AMAZON,29-12-2023
Samsung Galaxy A34,Smartphone,5,worth it former fire economy market present space challenge let,flipkart,18-09-2023 00:00
Samsung Galaxy A54,Smartphone,4,not great new speech camera similar,FLIPKART,09-01-2023 00:00
Samsung Galaxy S21 FE,Smartphone,5,average for identify prepare fire,AMAZON,17-03-2023 00:00
 Samsung Galaxy M53 ,Smartphone,1,average owner low building last issue camera quality is poor,flipkart,06-10-2023 00:00
Samsung Galaxy S22,Smartphone,1,bad away well standard main heart trouble,flipkart,10-11-2024 00:00
Samsung Galaxy A54,Smartphone,4,worth it return bank best write,amazon,24-01-2024 00:00
Samsung Charger 25W,Accessories,2,not great purpose account cell only cultural center network,amazon,24-10-2024 00:00
Samsung Galaxy Tab S7 FE,Smartphone,4,waste of money too reduce condition,flipkart,25-01-2022 00:00
Samsung Galaxy Z Fold5,Smartphone,2,software updates are slow,flipkart,28-12-2024
Samsung Galaxy Tab A8,Smartphone,2,waste of money own themselves among,amazon,11-05-2023 00:00
Samsung Charger 25W,Accessories,2,excellent gun mrs like international director mind child action,FLIPKART,16-04-2022 00:00
Samsung Buds 2,Accessories,5,bad itself oil mrs walk successful,FLIPKART,25-06-2022 00:00
 Samsung Galaxy Tab A8 ,Smartphone,4,bad business quality business draw control majority,amazon,08-07-2024 00:00
 Samsung Galaxy S21 FE ,Smartphone,2,good report billion season design responsibility each stay issue camera quality is poor,FLIPKART,23-11-2022 00:00
Samsung Galaxy M53,Smartphone,4,excellent result now condition cup white economy,AMAZON,17-07-2022 00:00
Samsung Charger 25W,Accessories,4,worth it,flipkart,22-10-2022 00:00
Samsung Charger 25W,Accessories,5,bad human field you put author whom,amazon,14-06-2022 00:00
Samsung Galaxy A34,Smartphone,4,bad sign fly congress effort environment herself,flipkart,02-10-2022 00:00
Samsung Galaxy A34,Smartphone,3,worth it great nice industry from grow issue overheating issue,flipkart,03-03-2022 00:00
Samsung Galaxy A54,Smartphone,4,not great agreement dog loss forward,flipkart,05-08-2024 00:00
 Samsung Galaxy A34 ,Smartphone,4,excellent husband memory evidence american herself remember,AMAZON,09-11-2022 00:00
 Samsung Buds Live ,Accessories,5,bad task present her throughout,flipkart,07-08-2023 00:00
 Samsung Galaxy A54 ,Smartphone,3,excellent station all industry measure bad issue display flickering,amazon,01-10-2024 00:00
Samsung Galaxy A14,Smartphone,1,average where each enjoy receive pm issue camera quality is poor,amazon,18-04-2024 00:00
 Samsung Galaxy Tab S7 FE ,Smartphone,2,good term station partner service hospital,AMAZON,25-07-2024 00:00
Samsung Buds Live,Accessories,5,excellent item push growth blue central effect,flipkart,25-08-2024 00:00
Samsung Galaxy A34,Smartphone,2,average just high agree special issue camera quality is poor,FLIPKART,10-09-2024 00:00
 Samsung Galaxy Tab S7 FE ,Smartphone,4,worth it young program cut machine stay once and,amazon,12-06-2022 00:00
Samsung Galaxy Tab S7 FE,Smartphone,4,worth it matter life task point daughter bed,amazon,20-11-2024 00:00
Samsung Galaxy S23,Smartphone,4,good positive television sell ten protect right quite,AMAZON,29-05-2024 00:00
 Samsung Charger 25W ,Accessories,4,good resource color forward,amazon,30-09-2024 00:00
Samsung Galaxy A14,Smartphone,2,bad line it sometimes four president administration among,FLIPKART,22-09-2023 00:00
 Samsung Galaxy M53 ,Smartphone,4,worth it lose outside game discuss follow quite,FLIPKART,24-11-2024 00:00
 Samsung Galaxy Book 3 ,Smartphone,4,good behavior quickly moment soldier,FLIPKART,24-11-2023 00:00
Samsung Galaxy S23,Smartphone,5,excellent lead military produce actually,FLIPKART,03-05-2023 00:00
 Samsung Charger 25W ,Accessories,2,not great point sister water couple improve in today issue charging problem,flipkart,07-01-2023 00:00
 Samsung Galaxy M53 ,Smartphone,4,bad,FLIPKART,21-03-2022 00:00
Samsung Galaxy M53,Smartphone,5,average stand with white across method,AMAZON,29-09-2022 00:00
Samsung Galaxy S23,Smartphone,5,waste of money city himself large walk challenge business,FLIPKART,19-07-2024 00:00
Samsung Charger 25W,Accessories,4,worth it voice tonight fire enough,flipkart,15-12-2022 00:00
 Samsung Charger 25W ,Accessories,4,excellent affect approach customer others population final notice,FLIPKART,25-04-2023 00:00
Samsung Galaxy M53,Smartphone,4,not great morning soon huge the,flipkart,14-12-2023 00:00
 Samsung Buds 2 ,Accessories,3,bad without short woman bill else know issue battery draining fast,AMAZON,01-03-2024 00:00
Samsung Galaxy A54,Smartphone,4,great value for money,FLIPKART,26-04-2024
 Samsung Galaxy M53 ,Smartphone,4,worth it religious cup how them be degree,AMAZON,24-07-2024 00:00
Samsung Buds Live,Accessories,5,bad box produce four born avoid many,flipkart,08-03-2022 00:00
Samsung Galaxy A14,Smartphone,3,average family general item three tonight,FLIPKART,16-05-2023 00:00
Samsung Galaxy M14,Smartphone,2,excellent discuss series room mind recently benefit issue overheating issue,AMAZON,15-09-2024 00:00
Samsung Buds Live,Accessories,3,excellent lot though practice six adult face according use issue slow performance,AMAZON,27-05-2022 00:00
Samsung Galaxy Book 2,Smartphone,4,worth it break official similar difficult,amazon,02-12-2022 00:00
Samsung Charger 25W,Accessories,5,not great much page bank summer billion property,AMAZON,13-04-2023 00:00
Samsung Galaxy S21 FE,Smartphone,5,not great child along speak guess apply really,flipkart,21-01-2022 00:00
Samsung Galaxy Book 2,Smartphone,5,waste of money finish court development career,AMAZON,30-04-2024 00:00
Samsung Galaxy M53,Smartphone,5,average indeed crime my up,flipkart,27-09-2022 00:00
Samsung Galaxy A14,Smartphone,5,good ground act fast speech fish hold,AMAZON,21-10-2023 00:00
Samsung Galaxy S22,Smartphone,3,good environmental another cup laugh bed issue charging problem,flipkart,23-06-2023 00:00
Samsung Buds Live,Accessories,4,excellent be rest course republican worry safe cost,FLIPKART,16-05-2024 00:00
 Samsung Galaxy M34 ,Smartphone,3,average president generation moment learn start avoid,flipkart,09-06-2023 00:00
Samsung Galaxy M34,Smartphone,4,worth it board decide far weight,amazon,10-02-2023 00:00
Samsung Galaxy Tab S7 FE,Smartphone,2,average space minute front which piece issue camera quality is poor,FLIPKART,16-09-2024 00:00
 Samsung Charger 25W ,Accessories,5,not great realize southern defense artist practice reality,amazon,01-05-2023 00:00
Samsung Galaxy Tab A8,Smartphone,2,average issue camera quality is poor,FLIPKART,22-07-2023 00:00
Samsung Galaxy S22,Smartphone,2,waste of money us with political skill himself,AMAZON,04-02-2024 00:00
 Samsung Galaxy S21 FE ,Smartphone,3,waste of money address arrive race respond in,flipkart,05-06-2022 00:00
Samsung Galaxy M14,Smartphone,3,waste of money issue display flickering,FLIPKART,30-11-2022 00:00
 Samsung Galaxy Tab A8 ,Smartphone,4,good store process write,amazon,26-10-2023 00:00
Samsung Galaxy S22,Smartphone,4,worth it appear through people now dream trade present,amazon,13-06-2022 00:00
Samsung Galaxy M34,Smartphone,4,bad often impact tree positive few light whole news,AMAZON,30-06-2023 00:00
Samsung Galaxy Tab A8,Smartphone,5,average black responsibility cause rather,AMAZON,01-08-2024 00:00
 Samsung Galaxy S23 ,Smartphone,5,average letter nice dark more,AMAZON,09-02-2024 00:00
Samsung Galaxy M34,Smartphone,4,average wind nice direction,FLIPKART,21-02-2023 00:00
Samsung Galaxy M53,Smartphone,5,excellent glass sound husband,FLIPKART,04-10-2023 00:00
Samsung Washing Machine,Other,1,highly recommend to others,flipkart,19-12-2023
 Samsung Galaxy S22 ,Smartphone,4,good approach myself actually feeling strong more ask property,flipkart,28-11-2022 00:00
 Samsung Buds 2 ,Accessories,5,excellent especially human top environment study,amazon,29-05-2022 00:00
 Samsung Galaxy S23 ,Smartphone,2,average fall garden right view commercial issue display flickering,FLIPKART,18-01-2023 00:00
Samsung Buds 2,Accessories,4,excellent role cold moment possible him adult picture,FLIPKART,30-11-2022 00:00
 Samsung Galaxy A14 ,Smartphone,3,waste of money issue overheating issue,flipkart,16-04-2022 00:00
Samsung Galaxy Book 3,Smartphone,4,excellent head since positive pick,flipkart,29-04-2024 00:00
 Samsung Buds Live ,Accessories,3,good determine a democrat and,amazon,17-02-2024 00:00
Samsung Buds Live,Accessories,2,waste of money issue display flickering,AMAZON,25-09-2022 00:00
Samsung Buds Live,Accessories,5,not great always sort environmental major staff,FLIPKART,02-11-2022 00:00
Samsung Galaxy Book 3,Smartphone,1,not great black experience water policy thank issue display flickering,flipkart,02-05-2022 00:00
Samsung Galaxy S22,Smartphone,4,bad loss best quality show i,amazon,16-02-2022 00:00
Samsung Galaxy A34,Smartphone,2,bad available score ask difference sell,flipkart,20-10-2024 00:00
Samsung Charger 25W,Accessories,3,excellent issue display flickering,flipkart,07-08-2024 00:00
Samsung Buds Live,Accessories,4,good true remember continue bit summer site write,flipkart,30-07-2024 00:00
 Samsung Charger 25W ,Accessories,3,bad community program actually result,flipkart,25-08-2022 00:00
Samsung Galaxy Book 2,Smartphone,4,not great hundred staff sound political lot culture himself,flipkart,09-12-2024 00:00
Samsung Galaxy Book 3,Smartphone,5,worth it seek forward simple however lawyer must,amazon,29-03-2023 00:00
Samsung Galaxy S23,Smartphone,1,good issue overheating issue,flipkart,05-01-2022 00:00
Samsung Buds 2,Accessories,4,excellent family body address fine law,AMAZON,27-12-2023 00:00
Samsung Galaxy Tab S7 FE,Smartphone,4,not great current even congress still,AMAZON,22-02-2022 00:00
Samsung Galaxy A54,Smartphone,4,not great should difficult nice business somebody and identify,FLIPKART,20-08-2023 00:00
Samsung Galaxy Tab S7 FE,Smartphone,1,average issue overheating issue,FLIPKART,23-02-2022 00:00
 Samsung Galaxy S22 ,Smartphone,1,speaker quality is amazing,flipkart,07-01-2025
 Samsung Buds 2 ,Accessories,1,average issue slow performance,amazon,04-12-2024 00:00
 Samsung Galaxy Tab S7 FE ,Smartphone,5,excellent enjoy beautiful per spring couple piece,amazon,27-08-2023 00:00
Samsung Galaxy Tab S7 FE,Smartphone,5,worth it party would though economy,FLIPKART,12-12-2024 00:00
 Samsung Refrigerator ,Other,5,software updates are slow,amazon,07-01-2025
 Samsung Buds Live ,Accessories,5,average dream traditional institution call address,amazon,09-04-2022 00:00
 Samsung Buds 2 ,Accessories,2,bad during feeling security kitchen issue charging problem,AMAZON,01-08-2022 00:00
 Samsung Galaxy S22 ,Smartphone,4,bad happy before goal set sort,AMAZON,13-10-2022 00:00
Samsung Galaxy Tab S7 FE,Smartphone,4,excellent blood admit arrive class,flipkart,18-01-2022 00:00
 Samsung Galaxy A54 ,Smartphone,4,bad interview outside itself account everyone foreign social recognize,flipkart,01-01-2024 00:00
 Samsung Galaxy Book 2 ,Smartphone,4,good call decision fall trip argue sure,amazon,14-03-2024 00:00
 Samsung Galaxy Book 3 ,Smartphone,4,average,FLIPKART,12-04-2022 00:00
 Samsung Galaxy S21 FE ,Smartphone,2,not great skin range rule between bag network,amazon,09-02-2024 00:00
Samsung Buds Live,Accessories,1,average interesting offer yes family issue slow performance,amazon,18-05-2024 00:00
 Samsung Galaxy S22 ,Smartphone,3,bad drug that game process give nature issue camera quality is poor,FLIPKART,01-10-2022 00:00
 Samsung Galaxy A54 ,Smartphone,5,worth it question full ever cut wall,amazon,20-08-2022 00:00
Samsung Galaxy Tab S7 FE,Smartphone,5,not great at provide establish economic positive mr,flipkart,21-09-2024 00:00
 Samsung Galaxy Tab A8 ,Smartphone,4,excellent watch difficult require kid,flipkart,29-04-2022 00:00
Samsung Galaxy Tab S7 FE,Smartphone,1,waste of money time during piece foreign issue overheating issue,flipkart,28-07-2022 00:00
Samsung Galaxy M34,Smartphone,5,not great meeting subject development,AMAZON,08-01-2024 00:00
Samsung Galaxy M34,Smartphone,3,waste of money theory agent concern us challenge be,FLIPKART,09-01-2024 00:00
Samsung Buds Live,Accessories,3,worth it other force finally sign son low third,AMAZON,14-11-2023 00:00
 Samsung Galaxy S23 ,Smartphone,2,worth it issue charging problem,FLIPKART,20-06-2023 00:00
Samsung Charger 25W,Accessories,4,excellent increase economic first life rich tell,FLIPKART,27-01-2023 00:00
 Samsung Galaxy Book 3 ,Smartphone,5,excellent could strong police never rather congress magazine,AMAZON,11-03-2024 00:00
Samsung Galaxy Tab A8,Smartphone,3,average mission write however to issue slow performance,AMAZON,23-09-2022 00:00
 Samsung Air Conditioner ,Other,1,nice product but a bit overpriced,FLIPKART,02-09-2024
Samsung Galaxy S22,Smartphone,5,battery life could be better,amazon,18-05-2024
 Samsung Galaxy Tab A8 ,Smartphone,4,good democrat southern power management personal clearly store,AMAZON,28-03-2023 00:00
Samsung Galaxy A34,Smartphone,5,worth it idea fast possible choose entire mother of,flipkart,26-03-2024 00:00
 Samsung Galaxy A14 ,Smartphone,1,excellent issue battery draining fast,FLIPKART,20-12-2022 00:00
Samsung Charger 25W,Accessories,3,worth it development west time sport model example concern,amazon,31-05-2024 00:00
Samsung Galaxy A54,Smartphone,4,worth it police find coach ahead over,amazon,30-05-2022 00:00
Samsung Galaxy Book 3,Smartphone,4,worth it too eight within total perform,amazon,04-09-2022 00:00
Samsung Galaxy Book 3,Smartphone,1,good job somebody production because cover treat sell issue charging problem,amazon,15-05-2024 00:00
Samsung Charger 25W,Accessories,4,good table some that explain,AMAZON,05-12-2022 00:00
 Samsung Galaxy M34 ,Smartphone,4,bad although nice southern decade parent firm,amazon,31-03-2023 00:00
Samsung Charger 25W,Accessories,4,worth it star around per leader huge between ground give,flipkart,25-03-2023 00:00
Samsung Galaxy A54,Smartphone,3,excellent lot turn whom benefit,FLIPKART,27-02-2024 00:00
Samsung Galaxy M34,Smartphone,5,good assume nature for nearly air,flipkart,18-06-2023 00:00
 Samsung Galaxy A34 ,Smartphone,3,waste of money method list form type,FLIPKART,26-08-2023 00:00
Samsung Buds 2,Accessories,3,not great opportunity what mind win seat attorney issue slow performance,FLIPKART,28-12-2024 00:00
Samsung Buds 2,Accessories,4,good decide shake loss appear song unit watch help,AMAZON,08-07-2023 00:00
Samsung Buds Live,Accessories,1,good eye price hot visit job issue issue battery draining fast,AMAZON,10-05-2023 00:00
Samsung Galaxy M14,Smartphone,4,worth it,FLIPKART,26-08-2023 00:00
 Samsung Buds Live ,Accessories,5,waste of money site plan board compare alone to,amazon,22-08-2022 00:00
Samsung Buds Live,Accessories,1,excellent goal evidence executive between simple,flipkart,14-08-2023 00:00
Samsung Galaxy S21 FE,Smartphone,2,not great condition baby sure go argue,amazon,14-02-2024 00:00
Samsung Galaxy A54,Smartphone,1,good allow cell experience town cover yard down issue camera quality is poor,flipkart,23-01-2023 00:00
 Samsung Galaxy A54 ,Smartphone,4,waste of money one dinner consumer miss,flipkart,18-08-2022 00:00
 Samsung Galaxy M34 ,Smartphone,2,excellent condition question toward none sign since,amazon,23-07-2024 00:00
Samsung Galaxy M34,Smartphone,5,average eye rule writer space people decide phone,flipkart,11-05-2024 00:00
 Samsung Galaxy S21 FE ,Smartphone,3,not great soon letter end by born make,amazon,26-07-2023 00:00
Samsung Galaxy M14,Smartphone,4,average and hour successful,flipkart,14-02-2023 00:00
 Samsung Galaxy A54 ,Smartphone,4,waste of money build create article order form high,FLIPKART,14-08-2022 00:00
Samsung Buds Live,Accessories,5,waste of money record hair chair course position event fear,AMAZON,07-12-2024 00:00
 Samsung Galaxy M34 ,Smartphone,4,bad morning heavy easy stand short need,flipkart,10-10-2024 00:00
Samsung Charger 25W,Accessories,4,bad,amazon,15-03-2024 00:00
 Samsung Galaxy Tab S7 FE ,Smartphone,2,not great above into kid physical traditional probably great,flipkart,16-04-2022 00:00
Samsung Galaxy Tab A8,Smartphone,1,waste of money effort difference image half beat economy reduce issue camera quality is poor,FLIPKART,25-11-2022 00:00
Samsung Buds Live,Accessories,4,good side use skin both similar woman blue,flipkart,04-06-2023 00:00
Samsung Galaxy S23,Smartphone,5,good federal guy though,AMAZON,04-01-2022 00:00
 Samsung Galaxy M34 ,Smartphone,4,excellent more offer beautiful five indicate find,amazon,21-11-2024 00:00
Samsung Buds 2,Accessories,4,bad result minute support part,FLIPKART,03-05-2023 00:00
 Samsung Galaxy A34 ,Smartphone,2,excellent entire who fact me shoulder out education issue camera quality is poor,flipkart,29-07-2023 00:00
 Samsung Galaxy A34 ,Smartphone,1,waste of money very ten share rich skill,amazon,21-02-2022 00:00
Samsung Galaxy M53,Smartphone,1,bad purpose officer them throw account see allow issue battery draining fast,flipkart,27-02-2024 00:00
Samsung Galaxy A34,Smartphone,1,bad attack at me other billion so boy issue battery draining fast,FLIPKART,26-10-2023 00:00
Samsung Galaxy S22,Smartphone,3,not great institution hundred fish network area issue camera quality is poor,FLIPKART,12-06-2022 00:00
Samsung Galaxy A14,Smartphone,3,not great accept option light song,AMAZON,20-04-2022 00:00
Samsung Galaxy M53,Smartphone,1,average security nation really close nor about issue battery draining fast,amazon,04-12-2022 00:00
 Samsung Galaxy Watch6 ,Smartphone,5,software updates are slow,amazon,22-07-2024
Samsung Buds 2,Accessories,2,waste of money design standard sign,FLIPKART,24-07-2024 00:00
 Samsung Galaxy S21 FE ,Smartphone,4,good market management little sea its,flipkart,31-07-2023 00:00
Samsung Buds Live,Accessories,1,waste of money feel across main loss community if,AMAZON,02-06-2023 00:00
Samsung Galaxy Book 3,Smartphone,2,excellent better civil together kitchen ahead treatment your option issue overheating issue,FLIPKART,01-07-2023 00:00
 Samsung Buds Live ,Accessories,1,bad go represent student modern,FLIPKART,08-03-2022 00:00
Samsung Galaxy Watch6,Smartphone,5,not as expected returning it,flipkart,31-08-2024
Samsung Galaxy M34,Smartphone,5,good central world sure miss will little discussion base,flipkart,29-09-2022 00:00
Samsung Buds 2,Accessories,3,not great above concern go issue charging problem,AMAZON,15-12-2023 00:00
Samsung Galaxy Tab S7 FE,Smartphone,3,good less course order second issue camera quality is poor,flipkart,28-10-2022 00:00
 Samsung Galaxy Book 3 ,Smartphone,4,not great answer point become music by hot green,amazon,26-01-2023 00:00
Samsung Galaxy M34,Smartphone,3,excellent enjoy win behind both,amazon,10-04-2023 00:00
Samsung Galaxy M14,Smartphone,5,average condition for each run rule,AMAZON,14-06-2024 00:00
Samsung Galaxy A54,Smartphone,5,bad experience later trial onto include enjoy recognize,AMAZON,24-10-2023 00:00
Samsung Buds Live,Accessories,4,bad view listen individual vote painting tree,FLIPKART,18-10-2024 00:00
Samsung Refrigerator,Other,2,highly recommend to others,amazon,19-10-2024
Samsung Galaxy M34,Smartphone,4,good begin direction hard direction usually anything let protect,amazon,14-01-2022 00:00
Samsung Galaxy Book 2,Smartphone,5,good,amazon,20-09-2022 00:00
 Samsung Buds Live ,Accessories,3,worth it heart wish two it during class issue display flickering,AMAZON,26-08-2024 00:00
Samsung Buds 2,Accessories,4,not great board issue agreement prove record poor,amazon,25-12-2022 00:00
 Samsung Buds Live ,Accessories,3,waste of money rich training weight defense decide issue charging problem,flipkart,07-05-2023 00:00
 Samsung Galaxy S22 ,Smartphone,4,not great i sound able lead third save,FLIPKART,08-04-2022 00:00
 Samsung Galaxy M34 ,Smartphone,1,good recent bag herself still issue battery draining fast,FLIPKART,13-06-2024 00:00
 Samsung Washing Machine ,Other,3,speaker quality is amazing,AMAZON,01-04-2023
Samsung Galaxy Tab S7 FE,Smartphone,2,average world whom name plant game mean visit,flipkart,08-04-2023 00:00
 Samsung Galaxy Tab A8 ,Smartphone,3,worth it issue camera quality is poor,amazon,08-10-2024 00:00
Samsung Galaxy A54,Smartphone,4,worth it budget go big identify special,amazon,12-04-2023 00:00
 Samsung Galaxy S23 ,Smartphone,5,waste of money cup above personal owner floor,FLIPKART,20-08-2024 00:00
 Samsung Galaxy M14 ,Smartphone,4,good economy data social picture property quality,flipkart,09-02-2023 00:00
 Samsung Galaxy Tab S7 FE ,Smartphone,1,worth it suffer democrat worker need focus none issue camera quality is poor,FLIPKART,13-03-2022 00:00
Samsung Galaxy A34,Smartphone,3,good issue camera quality is poor,FLIPKART,09-09-2022 00:00
 Samsung Galaxy M14 ,Smartphone,1,waste of money prevent finish bag girl issue slow performance,flipkart,12-07-2023 00:00
Samsung Galaxy A34,Smartphone,5,bad call entire enjoy level its,FLIPKART,22-08-2023 00:00
 Samsung Galaxy S22 ,Smartphone,2,excellent stuff assume offer reality,flipkart,08-05-2022 00:00
 Samsung Galaxy A34 ,Smartphone,3,worth it than fast knowledge that hard significant woman call issue battery draining fast,AMAZON,18-03-2023 00:00
Samsung Galaxy A14,Smartphone,3,average rock gun picture piece them,FLIPKART,21-01-2022 00:00
Samsung Buds 2,Accessories,3,good stay market fear worker common learn increase would,amazon,17-05-2024 00:00
 Samsung Charger 25W ,Accessories,5,excellent event possible site,AMAZON,21-03-2024 00:00
 Samsung Galaxy S21 FE ,Smartphone,2,waste of money issue display flickering,flipkart,04-04-2024 00:00
 Samsung Galaxy Book 3 ,Smartphone,4,not great role top nature money,amazon,06-08-2024 00:00
 Samsung Galaxy A34 ,Smartphone,4,not great mind provide college let,flipkart,15-04-2022 00:00
 Samsung Galaxy S21 FE ,Smartphone,3,waste of money issue slow performance,AMAZON,22-09-2024 00:00
Samsung Galaxy A14,Smartphone,5,not great government whose structure also myself heavy,flipkart,17-01-2023 00:00
Samsung Galaxy S21 FE,Smartphone,5,good establish around high deal,FLIPKART,08-05-2022 00:00
 Samsung Galaxy S21 FE ,Smartphone,5,bad,AMAZON,24-05-2023 00:00
Samsung Galaxy M53,Smartphone,4,worth it thought ability half near price,FLIPKART,13-07-2024 00:00
Samsung Galaxy A34,Smartphone,4,excellent soldier develop ready station leader,amazon,12-01-2024 00:00
Samsung Galaxy Tab A8,Smartphone,2,bad above tax head capital issue display flickering,FLIPKART,08-04-2023 00:00
 Samsung Galaxy A34 ,Smartphone,1,bad issue charging problem,AMAZON,12-07-2022 00:00
 Samsung Galaxy Tab S7 FE ,Smartphone,5,worth it program cover these report example leave impact early,flipkart,16-12-2023 00:00
Samsung Galaxy S21 FE,Smartphone,4,waste of money develop cup fine once thing us,amazon,30-11-2023 00:00
Samsung Galaxy A34,Smartphone,2,waste of money late goal simple development box,flipkart,01-11-2022 00:00
 Samsung Galaxy Tab A8 ,Smartphone,3,excellent unit else nearly mouth between issue charging problem,flipkart,30-05-2022 00:00
Samsung Galaxy S21 FE,Smartphone,5,good yeah hotel event work,amazon,07-05-2023 00:00
Samsung Galaxy A54,Smartphone,4,average white over government often,amazon,12-02-2023 00:00
Samsung Galaxy Tab A8,Smartphone,1,worth it fill music too not accept issue slow performance,FLIPKART,18-05-2022 00:00
Samsung Galaxy Tab A8,Smartphone,1,bad issue charging problem,FLIPKART,17-08-2023 00:00
Samsung Galaxy S21 FE,Smartphone,3,bad who risk tree suffer low usually small issue display flickering,FLIPKART,14-11-2023 00:00
Samsung Galaxy M34,Smartphone,4,not great each computer oil build,flipkart,22-07-2023 00:00
Samsung QLED TV,TV,3,build quality feels premium,amazon,06-03-2024
 Samsung Galaxy M14 ,Smartphone,3,bad responsibility all hour amount throw image world issue slow performance,FLIPKART,19-04-2023 00:00
Samsung Buds Live,Accessories,2,bad street hair behavior think imagine century peace hair,FLIPKART,29-03-2023 00:00
 Samsung Galaxy A34 ,Smartphone,3,excellent within drug effort develop analysis woman word,flipkart,02-10-2022 00:00
Samsung Buds Live,Accessories,2,worth it learn agree table talk quite,FLIPKART,14-07-2022 00:00
 Samsung Galaxy S22 ,Smartphone,5,excellent response imagine shake give opportunity blue,AMAZON,28-07-2022 00:00
Samsung Galaxy A14,Smartphone,5,worth it market simply because raise fact,flipkart,10-11-2022 00:00
Samsung Galaxy Book 2,Smartphone,4,good show order look price,amazon,07-06-2024 00:00
Samsung Galaxy M14,Smartphone,5,worth it increase cover realize six drive country fear,AMAZON,01-06-2023 00:00
Samsung Galaxy S22,Smartphone,1,excellent coach service man fear cup brother issue battery draining fast,FLIPKART,14-10-2024 00:00
Samsung Galaxy M53,Smartphone,2,good beat leave economy because issue battery draining fast,FLIPKART,11-05-2023 00:00
Samsung Galaxy Tab A8,Smartphone,4,excellent i between senior beautiful morning land voice through,FLIPKART,04-03-2023 00:00
Samsung Galaxy Tab A8,Smartphone,4,worth it stuff another kind must total,AMAZON,15-07-2023 00:00
Samsung Galaxy Tab S7 FE,Smartphone,4,not great win politics perhaps study whatever charge,amazon,23-08-2022 00:00
Samsung Galaxy Tab S7 FE,Smartphone,3,waste of money prove we into none know to soldier prepare issue camera quality is poor,AMAZON,02-11-2024 00:00
 Samsung Galaxy S21 FE ,Smartphone,4,not great may least former more,flipkart,09-11-2024 00:00
 Samsung Galaxy Book 2 ,Smartphone,1,good ground bed ground risk successful course,AMAZON,06-11-2022 00:00
Samsung Galaxy Book 3,Smartphone,4,good would wall beat option,FLIPKART,14-05-2022 00:00
 Samsung Buds Live ,Accessories,4,not great through deep many minute support ago personal,flipkart,07-05-2023 00:00
Samsung Galaxy A54,Smartphone,3,worth it family recently perhaps number positive mr meet yard issue slow performance,AMAZON,25-12-2024 00:00
Samsung Galaxy M14,Smartphone,5,not great beautiful get three attack financial yard,flipkart,23-02-2024 00:00
 Samsung Galaxy Tab S7 FE ,Smartphone,4,excellent official movement ask attorney believe both,AMAZON,25-09-2023 00:00
Samsung Galaxy S21 FE,Smartphone,5,excellent final describe then,amazon,07-09-2023 00:00
 Samsung Galaxy S21 FE ,Smartphone,1,excellent ok chair suffer some design when great,AMAZON,05-11-2024 00:00
 Samsung Galaxy S22 ,Smartphone,4,bad ability store next,AMAZON,19-05-2022 00:00
 Samsung Galaxy Book 3 ,Smartphone,5,average family you help someone,FLIPKART,14-03-2023 00:00
 Samsung Buds Live ,Accessories,3,bad source necessary participant total participant follow buy but issue slow performance,AMAZON,18-12-2024 00:00
 Samsung Charger 25W ,Accessories,1,good,amazon,24-01-2022 00:00
Samsung Galaxy S22,Smartphone,4,waste of money community maintain beautiful eat,flipkart,15-07-2024 00:00
Samsung Galaxy A54,Smartphone,4,waste of money star young eat inside cell light performance,AMAZON,23-06-2022 00:00
Samsung Galaxy Tab A8,Smartphone,4,worth it free lawyer adult require before,amazon,17-06-2022 00:00
Samsung Galaxy Tab A8,Smartphone,5,not great city investment off green,FLIPKART,07-06-2024 00:00
Samsung Galaxy Book 2,Smartphone,5,excellent knowledge would community include,FLIPKART,12-04-2023 00:00
Samsung Galaxy Book 3,Smartphone,2,good discover recognize quickly son issue charging problem,AMAZON,02-02-2023 00:00
Samsung Galaxy Tab S7 FE,Smartphone,4,waste of money discover cause against explain religious,flipkart,19-12-2024 00:00
Samsung Galaxy A54,Smartphone,4,not great writer behavior tough such choose meeting sit,flipkart,22-02-2023 00:00
 Samsung Galaxy A14 ,Smartphone,2,not great affect public them none different issue camera quality is poor,AMAZON,30-01-2022 00:00
 Samsung Galaxy A34 ,Smartphone,4,good must after fine,flipkart,31-07-2024 00:00
Samsung Refrigerator,Other,3,very durable and reliable,FLIPKART,14-02-2024
Samsung Galaxy A54,Smartphone,4,bad,FLIPKART,28-06-2024 00:00
 Samsung Galaxy Tab A8 ,Smartphone,4,bad already point action rest along quite president,AMAZON,22-04-2023 00:00
Samsung Galaxy S23,Smartphone,2,worth it land number say set girl issue overheating issue,amazon,06-07-2024 00:00
Samsung Galaxy Book 3,Smartphone,4,not great care form individual group little maintain these,amazon,09-07-2024 00:00
 Samsung Galaxy S23 ,Smartphone,4,not great stock machine personal accept his,AMAZON,13-08-2022 00:00
Samsung Galaxy Book 3,Smartphone,4,worth it,AMAZON,31-08-2023 00:00
 Samsung Galaxy S22 ,Smartphone,4,bad government thing hard wife,amazon,16-07-2023 00:00
Samsung Charger 25W,Accessories,4,average forward join health,amazon,14-05-2023 00:00
 Samsung Galaxy Book 2 ,Smartphone,3,waste of money group plan significant for brother which,AMAZON,24-12-2023 00:00
 Samsung Galaxy Watch6 ,Smartphone,5,performance is topnotch,FLIPKART,16-12-2024
Samsung Galaxy Tab A8,Smartphone,5,worth it,AMAZON,26-12-2023 00:00
 Samsung Galaxy A54 ,Smartphone,3,not great her often good deep hair doctor issue display flickering,FLIPKART,09-06-2023 00:00
Samsung Galaxy Tab S7 FE,Smartphone,2,bad buy adult parent win consider pass expect discussion,flipkart,23-10-2024 00:00
Samsung Galaxy Tab A8,Smartphone,5,waste of money let air appear call,amazon,17-10-2024 00:00
Samsung Galaxy A34,Smartphone,4,not great half pressure tv street line go,AMAZON,11-09-2024 00:00
Samsung Buds 2,Accessories,2,excellent anyone single again break wife structure call issue camera quality is poor,amazon,21-04-2023 00:00
Samsung Galaxy A54,Smartphone,5,not great into professional get figure focus also,amazon,26-07-2022 00:00
 Samsung Galaxy A34 ,Smartphone,4,bad daughter figure rate expert,FLIPKART,15-04-2024 00:00
Samsung Galaxy Tab S7 FE,Smartphone,5,excellent machine nothing on five yard strategy discover,amazon,16-05-2024 00:00
Samsung Galaxy A14,Smartphone,1,excellent family key hard make sometimes,amazon,12-01-2023 00:00
Samsung Galaxy Book 3,Smartphone,1,not great key here realize above issue overheating issue,flipkart,10-03-2023 00:00
Samsung Galaxy A34,Smartphone,1,good tree several pretty recent building character already recently,FLIPKART,22-03-2024 00:00
Samsung Buds Live,Accessories,2,good him range reduce minute,amazon,31-08-2022 00:00
Samsung Galaxy M53,Smartphone,4,not great weight serious study mind protect home,FLIPKART,15-08-2024 00:00
Samsung Galaxy Tab A8,Smartphone,3,waste of money decide system movie write two east,flipkart,08-04-2022 00:00
 Samsung Galaxy Book 2 ,Smartphone,2,good build visit sure machine beautiful issue charging problem,FLIPKART,10-03-2024 00:00
Samsung Galaxy A34,Smartphone,3,good a eat sometimes president everyone carry particular crime,amazon,28-07-2024 00:00
 Samsung Galaxy Book 2 ,Smartphone,4,bad let wall professor produce tv level,amazon,28-11-2024 00:00
Samsung Galaxy S22,Smartphone,5,waste of money head season almost many good daughter,FLIPKART,16-08-2024 00:00
 Samsung Buds Live ,Accessories,4,good single board it development trial,amazon,07-10-2024 00:00
Samsung Galaxy A34,Smartphone,3,waste of money image accept because apply admit drive issue display flickering,AMAZON,05-08-2024 00:00
Samsung Charger 25W,Accessories,4,not great film above line,FLIPKART,03-03-2024 00:00
 Samsung Galaxy M34 ,Smartphone,2,waste of money film once camera east deep population power issue slow performance,flipkart,06-04-2024 00:00
 Samsung Galaxy Book 2 ,Smartphone,4,worth it data development southern adult dark decision share,AMAZON,08-04-2024 00:00
Samsung Galaxy Book 2,Smartphone,5,not great threat song leader realize hear management national,amazon,16-12-2022 00:00
 Samsung Galaxy S21 FE ,Smartphone,3,average phone bed clear cost economy sense issue slow performance,AMAZON,07-12-2022 00:00
 Samsung Galaxy Tab S7 FE ,Smartphone,3,average issue camera quality is poor,amazon,29-07-2023 00:00
Samsung Galaxy Tab S7 FE,Smartphone,4,bad they mind present,AMAZON,28-07-2022 00:00
Samsung Galaxy M34,Smartphone,4,worth it similar baby receive,FLIPKART,29-03-2024 00:00
Samsung Galaxy A34,Smartphone,1,good those how easy imagine laugh friend issue overheating issue,AMAZON,02-03-2023 00:00
Samsung Galaxy Tab A8,Smartphone,3,not great above white same billion born over town season,FLIPKART,24-04-2024 00:00
Samsung Galaxy M53,Smartphone,5,not great blood dinner detail identify,amazon,25-03-2023 00:00
Samsung Galaxy Book 3,Smartphone,4,good rock high reveal director bank fund,flipkart,14-03-2024 00:00
Samsung Charger 25W,Accessories,1,good relate with statement force author far who issue display flickering,flipkart,30-05-2024 00:00
 Samsung Galaxy M34 ,Smartphone,4,worth it officer either make happen safe,FLIPKART,28-08-2023 00:00
Samsung Galaxy A34,Smartphone,5,bad young cover strong,amazon,17-09-2022 00:00
Samsung Galaxy S21 FE,Smartphone,4,not great call simply age be walk student series,amazon,22-07-2022 00:00
Samsung Galaxy Book 2,Smartphone,5,worth it six produce meet class live wonder media picture,amazon,15-06-2024 00:00
Samsung Galaxy A54,Smartphone,4,very durable and reliable,FLIPKART,15-11-2024
 Samsung Galaxy S23 ,Smartphone,3,excellent understand large production positive,AMAZON,13-04-2023 00:00
Samsung Galaxy S22,Smartphone,4,average probably financial name source year,FLIPKART,27-09-2023 00:00
Samsung Galaxy Tab A8,Smartphone,3,bad week religious source close interest culture near issue display flickering,AMAZON,16-03-2023 00:00
Samsung Galaxy Tab A8,Smartphone,2,waste of money four table attorney,FLIPKART,20-09-2022 00:00
Samsung Galaxy M34,Smartphone,4,not great choice day help alone leave seven,amazon,11-04-2023 00:00
Samsung Galaxy M14,Smartphone,3,bad participant western language quality open,FLIPKART,28-03-2022 00:00
Samsung Galaxy A34,Smartphone,4,waste of money require follow quality ago light it write,AMAZON,30-01-2022 00:00
Samsung Galaxy A34,Smartphone,2,bad politics first discover issue overheating issue,flipkart,12-03-2024 00:00
Samsung Galaxy Tab A8,Smartphone,2,good through return themselves avoid economy may necessary issue slow performance,flipkart,27-04-2023 00:00
Samsung Galaxy M53,Smartphone,3,excellent good this have yet compare accept,FLIPKART,29-08-2023 00:00
Samsung Charger 25W,Accessories,4,not great side writer player always deal,flipkart,14-11-2023 00:00
Samsung Galaxy A34,Smartphone,2,bad action everyone gas standard within truth avoid issue display flickering,flipkart,03-07-2024 00:00
 Samsung Charger 25W ,Accessories,4,excellent maybe represent skin protect billion box,flipkart,07-11-2022 00:00
Samsung Galaxy A34,Smartphone,4,bad where person enough development these,AMAZON,23-04-2023 00:00
Samsung Galaxy S22,Smartphone,4,good training chair great pick improve rise,AMAZON,26-11-2024 00:00
Samsung Buds 2,Accessories,3,bad already activity others note high issue overheating issue,amazon,08-09-2023 00:00
 Samsung Galaxy S23 ,Smartphone,4,worth it trip century perhaps truth them reality political,amazon,12-07-2024 00:00
Samsung Galaxy A34,Smartphone,4,bad hot see war parent too check probably,flipkart,10-01-2022 00:00
 Samsung Galaxy S23 ,Smartphone,3,not great issue display flickering,AMAZON,06-11-2023 00:00
Samsung Galaxy Book 3,Smartphone,1,worth it few tax authority low sound take visit issue display flickering,flipkart,18-08-2023 00:00
Samsung Galaxy S22,Smartphone,4,not great concern contain whom argue staff,AMAZON,31-01-2024 00:00
Samsung Galaxy Tab A8,Smartphone,4,not great coach assume while blue activity election,amazon,19-08-2023 00:00
Samsung Galaxy A34,Smartphone,3,average not ask order beat,AMAZON,10-04-2022 00:00
Samsung Buds 2,Accessories,2,bad myself party practice issue camera quality is poor,flipkart,17-06-2023 00:00
Samsung Washing Machine,Other,4,very durable and reliable,AMAZON,27-03-2023
 Samsung Buds Live ,Accessories,2,bad my onto second between,AMAZON,20-02-2022 00:00
 Samsung Galaxy M14 ,Smartphone,4,not great present generation now scientist,flipkart,12-05-2023 00:00
Samsung Galaxy Tab A8,Smartphone,2,good kitchen where nice ten while trouble issue charging problem,AMAZON,29-01-2022 00:00
 Samsung Galaxy M34 ,Smartphone,5,worth it stage program enough ahead open teacher act east,amazon,14-06-2024 00:00
Samsung Buds Live,Accessories,4,worth it government always tell already at take plan talk,flipkart,03-06-2022 00:00
Samsung Galaxy M14,Smartphone,5,not great line create education investment now executive along war,amazon,24-08-2024 00:00
Samsung Galaxy A14,Smartphone,2,not great require husband century available really two issue city issue overheating issue,flipkart,08-09-2024 00:00
 Samsung Buds 2 ,Accessories,5,good beautiful make often thought not happy experience money,flipkart,26-12-2023 00:00
 Samsung Galaxy S21 FE ,Smartphone,4,not great off trade money improve buy strong artist,AMAZON,28-08-2022 00:00
 Samsung Galaxy M34 ,Smartphone,5,bad mr allow project something old new,amazon,23-07-2024 00:00
Samsung Galaxy S22,Smartphone,4,good for basic usage,AMAZON,01-03-2024
Samsung Buds 2,Accessories,4,average support already exactly talk,FLIPKART,06-08-2024 00:00
Samsung Galaxy Tab A8,Smartphone,3,excellent model life ability hit,AMAZON,08-10-2023 00:00
Samsung Galaxy M14,Smartphone,5,good along fight some study beautiful town,FLIPKART,01-11-2023 00:00
 Samsung Galaxy S23 ,Smartphone,4,bad lose media enter,amazon,25-01-2022 00:00
Samsung Galaxy S23,Smartphone,4,average cause interesting course decision activity minute,flipkart,23-12-2024 00:00
Samsung Galaxy M34,Smartphone,2,not great future west success bed hotel nice issue camera quality is poor,flipkart,28-09-2024 00:00
Samsung Galaxy S23,Smartphone,4,excellent table sort together hit project wind official,amazon,27-06-2023 00:00
Samsung Buds Live,Accessories,4,excellent,FLIPKART,12-08-2023 00:00
Samsung Galaxy M53,Smartphone,2,waste of money form energy range job beautiful either other study issue slow performance,FLIPKART,13-03-2024 00:00
 Samsung Galaxy S23 ,Smartphone,5,average often affect of know culture chance history nature,FLIPKART,30-06-2024 00:00
Samsung Galaxy M14,Smartphone,4,excellent put improve what begin bad music,flipkart,31-05-2022 00:00
 Samsung Galaxy A54 ,Smartphone,4,excellent,amazon,11-05-2024 00:00
 Samsung Buds 2 ,Accessories,4,not great military explain apply former loss,AMAZON,26-09-2023 00:00
Samsung Galaxy Book 2,Smartphone,5,worth it general remain tend statement role least hear,flipkart,18-08-2024 00:00
Samsung Galaxy Book 3,Smartphone,5,average level stay wall language into citizen suddenly,FLIPKART,27-04-2023 00:00
Samsung Galaxy Book 2,Smartphone,3,not great issue slow performance,FLIPKART,07-01-2022 00:00
Samsung Galaxy A54,Smartphone,4,waste of money mission attorney election box,flipkart,15-10-2024 00:00
 Samsung Galaxy A34 ,Smartphone,5,waste of money any contain sing floor,amazon,21-01-2023 00:00
Samsung Galaxy Book 2,Smartphone,3,excellent issue battery draining fast,FLIPKART,05-05-2023 00:00
Samsung Buds 2,Accessories,4,waste of money body walk reflect every evidence church official,amazon,04-10-2022 00:00
 Samsung Galaxy S22 ,Smartphone,3,excellent say trip court yard,amazon,25-02-2022 00:00
Samsung Galaxy A34,Smartphone,4,average team day plan case heavy performance apply,FLIPKART,25-09-2022 00:00
 Samsung Galaxy A54 ,Smartphone,4,excellent trial rise protect everyone,FLIPKART,18-09-2023 00:00
 Samsung Washing Machine ,Other,1,nice product but a bit overpriced,AMAZON,04-02-2024
Samsung Buds Live,Accessories,4,good information science successful system,flipkart,02-11-2024 00:00
Samsung Galaxy Tab S7 FE,Smartphone,4,bad why democrat law contain identify,flipkart,14-04-2023 00:00
 Samsung Charger 25W ,Accessories,4,waste of money break generation tell become boy,AMAZON,17-03-2023 00:00
 Samsung Galaxy A14 ,Smartphone,4,average music decision senior,FLIPKART,13-07-2023 00:00
Samsung Galaxy S23,Smartphone,5,excellent drive hour meeting them section send city,FLIPKART,08-05-2024 00:00
 Samsung Galaxy S21 FE ,Smartphone,4,good include simply rest,flipkart,19-01-2024 00:00
 Samsung Galaxy M53 ,Smartphone,1,average man remember find not,flipkart,01-10-2022 00:00
Samsung Galaxy A54,Smartphone,4,average many successful too,flipkart,26-01-2024 00:00
Samsung Galaxy Tab A8,Smartphone,4,waste of money kid live enter improve,amazon,18-10-2023 00:00
 Samsung Galaxy M34 ,Smartphone,3,not great issue camera quality is poor,AMAZON,11-12-2024 00:00
 Samsung Galaxy A14 ,Smartphone,4,excellent adult beat real ten economy choice relate,AMAZON,08-07-2024 00:00
Samsung Galaxy M14,Smartphone,4,average feeling family indicate analysis air,flipkart,07-04-2023 00:00
Samsung Charger 25W,Accessories,4,worth it nothing everyone too despite side heart,flipkart,01-09-2023 00:00
 Samsung Galaxy Book 3 ,Smartphone,4,bad school pick difficult alone money theory one,AMAZON,16-11-2022 00:00
Samsung Galaxy M14,Smartphone,4,excellent exist truth pattern challenge,flipkart,11-12-2022 00:00
 Samsung Galaxy A54 ,Smartphone,2,waste of money street foreign student prove bar worry candidate another issue charging problem,flipkart,05-10-2023 00:00
Samsung Galaxy Book 3,Smartphone,1,average issue overheating issue,flipkart,29-04-2023 00:00
Samsung Galaxy S22,Smartphone,4,worth it guy senior event shoulder high,AMAZON,16-06-2023 00:00
Samsung Buds Live,Accessories,4,excellent remain majority around process time letter if reveal,flipkart,30-06-2023 00:00
 Samsung Galaxy Book 2 ,Smartphone,5,excellent,AMAZON,28-07-2023 00:00
Samsung Galaxy A54,Smartphone,4,bad everyone must imagine challenge present quickly give,FLIPKART,23-08-2022 00:00
Samsung Galaxy M14,Smartphone,5,average theory thank language smile middle,amazon,20-09-2022 00:00
 Samsung Galaxy A34 ,Smartphone,3,not great small share show stuff central memory,AMAZON,28-09-2024 00:00
Samsung Galaxy M34,Smartphone,2,waste of money expect wall consumer tonight surface issue overheating issue,amazon,31-10-2022 00:00
Samsung Galaxy M14,Smartphone,5,average cause attack interest organization,flipkart,09-05-2023 00:00
Samsung Galaxy S23,Smartphone,4,worth it carry tell deal republican animal us fund,flipkart,23-08-2023 00:00
Samsung Galaxy S23,Smartphone,4,good kind standard move back,FLIPKART,16-12-2022 00:00
Samsung Galaxy A54,Smartphone,5,average rock black positive quite despite less,flipkart,10-02-2023 00:00
Samsung Galaxy M53,Smartphone,5,worth it word little phone act soldier science hard,FLIPKART,10-12-2022 00:00
Samsung Galaxy M14,Smartphone,1,good must speech small fight dream out four,flipkart,19-06-2023 00:00
Samsung Galaxy M34,Smartphone,5,not great major camera property decision former then,amazon,15-05-2024 00:00
Samsung Galaxy Tab S7 FE,Smartphone,4,good usually water enter move,FLIPKART,29-07-2024 00:00
Samsung Refrigerator,Other,5,featurepacked and smooth experience,AMAZON,22-08-2023
Samsung Galaxy Book 3,Smartphone,3,good exist win perhaps thought run window amount issue camera quality is poor,AMAZON,18-10-2023 00:00
Samsung Galaxy Tab S7 FE,Smartphone,3,bad man world subject rise,flipkart,02-10-2024 00:00
Samsung Galaxy M14,Smartphone,4,bad art quite student role,flipkart,14-04-2022 00:00
 Samsung Galaxy Tab S7 FE ,Smartphone,5,bad accept nothing force region card,flipkart,15-03-2022 00:00
Samsung Galaxy A54,Smartphone,4,waste of money professor floor see,amazon,09-10-2023 00:00
Samsung Charger 25W,Accessories,2,excellent painting society contain edge anything choice member issue slow performance,AMAZON,19-10-2024 00:00
Samsung Charger 25W,Accessories,4,worth it,flipkart,07-08-2024 00:00
Samsung Galaxy M34,Smartphone,4,average,flipkart,02-10-2022 00:00
Samsung Galaxy Book 2,Smartphone,5,average no both statement traditional improve on,AMAZON,07-08-2024 00:00
Samsung Galaxy Book 3,Smartphone,4,not great international me our knowledge nothing east,AMAZON,14-08-2023 00:00
Samsung Charger 25W,Accessories,5,average individual test impact when wait,FLIPKART,23-06-2024 00:00
Samsung Galaxy Book 3,Smartphone,5,not great sell computer store sign economic deep,FLIPKART,11-12-2022 00:00
Samsung Galaxy A14,Smartphone,5,average house may list structure miss institution,FLIPKART,26-09-2024 00:00
Samsung Charger 25W,Accessories,3,good product sit enter easy religious all,AMAZON,14-09-2023 00:00
Samsung Galaxy S22,Smartphone,2,not great issue display flickering,flipkart,23-04-2024 00:00
Samsung Galaxy Tab S7 FE,Smartphone,1,waste of money economic blue example budget issue slow performance,AMAZON,25-04-2022 00:00
Samsung Galaxy Tab S7 FE,Smartphone,2,bad issue slow performance,flipkart,24-04-2023 00:00
Samsung Galaxy M34,Smartphone,3,worth it issue slow performance,amazon,23-01-2023 00:00
 Samsung Buds 2 ,Accessories,4,average sing you power half father garden,flipkart,22-04-2022 00:00
 Samsung Buds Live ,Accessories,4,waste of money,FLIPKART,29-04-2023 00:00
 Samsung Galaxy S22 ,Smartphone,4,average local seven blood them former follow civil focus,AMAZON,08-09-2023 00:00
 Samsung Charger 25W ,Accessories,5,waste of money friend expect learn race him majority,AMAZON,04-06-2023 00:00
Samsung Galaxy A34,Smartphone,5,waste of money fish ability see culture growth especially itself,AMAZON,13-08-2023 00:00
Samsung Crystal UHD TV,TV,5,delivery was delayed but the product is great,AMAZON,07-01-2024
 Samsung Galaxy Book 2 ,Smartphone,1,waste of money memory student down project region,amazon,06-01-2024 00:00
 Samsung Galaxy A34 ,Smartphone,3,excellent own people choice create,FLIPKART,14-10-2022 00:00
Samsung Galaxy M34,Smartphone,4,good on training buy contain field story amount,flipkart,20-05-2023 00:00
Samsung Galaxy M14,Smartphone,5,bad week but in artist huge wide friend,AMAZON,15-02-2022 00:00
Samsung Buds 2,Accessories,4,average enter surface he film,AMAZON,10-01-2024 00:00
Samsung Galaxy S21 FE,Smartphone,3,waste of money discover born simply design american research and issue overheating issue,amazon,26-08-2022 00:00
Samsung Galaxy S23,Smartphone,3,average building probably consumer city those really congress three,amazon,27-05-2023 00:00
Samsung Galaxy S21 FE,Smartphone,5,not great south up account require history,FLIPKART,24-04-2022 00:00
Samsung Galaxy M34,Smartphone,4,good true property step appear series,AMAZON,20-03-2024 00:00
 Samsung Galaxy A14 ,Smartphone,1,average carry for mind stuff look represent issue,amazon,07-04-2024 00:00
Samsung Galaxy Tab S7 FE,Smartphone,5,not great contain great never happy country sell,AMAZON,19-12-2024 00:00
Samsung Galaxy Tab S7 FE,Smartphone,3,good us very morning focus seat analysis maybe lawyer issue display flickering,flipkart,05-08-2022 00:00
Samsung Galaxy S21 FE,Smartphone,4,excellent set a environment local happy lot,amazon,22-10-2023 00:00
Samsung Galaxy A54,Smartphone,2,disappointed with the customer service,FLIPKART,09-02-2023
 Samsung Galaxy S22 ,Smartphone,4,worth it,flipkart,01-01-2023 00:00
 Samsung Galaxy S23 ,Smartphone,3,bad moment five measure yeah issue overheating issue,amazon,23-05-2022 00:00
Samsung Galaxy M14,Smartphone,3,not great effort war financial threat as national economic always issue camera quality is poor,amazon,07-07-2023 00:00
Samsung Galaxy Book 3,Smartphone,4,bad firm themselves necessary,FLIPKART,07-07-2023 00:00
Samsung Galaxy A54,Smartphone,4,good better close quality black anything someone have,flipkart,05-05-2024 00:00
Samsung Charger 25W,Accessories,2,bad arrive culture hundred indeed gas last matter,FLIPKART,09-05-2024 00:00
Samsung Galaxy S23,Smartphone,4,worth it area trial science land political report everyone economic,amazon,21-11-2023 00:00
Samsung Galaxy M14,Smartphone,4,waste of money drive manage soldier night themselves,AMAZON,07-02-2022 00:00
Samsung Buds 2,Accessories,4,waste of money talk big personal type subject,amazon,12-04-2023 00:00
 Samsung Galaxy M14 ,Smartphone,4,excellent level system majority have pretty walk,AMAZON,21-09-2022 00:00
Samsung Buds 2,Accessories,2,average quickly teach company not size so year true issue slow performance,flipkart,21-08-2024 00:00
 Samsung Galaxy M34 ,Smartphone,5,bad read specific evening perform past hot control,AMAZON,15-01-2023 00:00
Samsung Galaxy A14,Smartphone,4,average statement significant down idea your,flipkart,29-03-2024 00:00
Samsung Buds 2,Accessories,3,average top site author indicate letter past model tend issue display flickering,AMAZON,09-04-2023 00:00
Samsung Galaxy S23,Smartphone,4,average concern collection apply decision full,amazon,05-05-2022 00:00
Samsung Galaxy Tab S7 FE,Smartphone,5,worth it accept word most dark project,FLIPKART,14-07-2023 00:00
Samsung Galaxy M14,Smartphone,3,bad air its think,AMAZON,08-09-2022 00:00
Samsung Galaxy M34,Smartphone,4,worth it be reduce culture show recently prepare management,AMAZON,11-09-2022 00:00
 Samsung Galaxy Book 2 ,Smartphone,2,excellent quickly finally continue third benefit investment personal know issue slow performance,FLIPKART,08-01-2024 00:00
Samsung Charger 25W,Accessories,2,not great television traditional despite property fly program maybe issue slow performance,AMAZON,16-06-2024 00:00
 Samsung Galaxy Tab A8 ,Smartphone,4,average morning candidate will simple involve not,amazon,05-12-2022 00:00
Samsung Galaxy S23,Smartphone,4,not great ten bed author certainly stock,FLIPKART,01-01-2025 00:00
 Samsung Galaxy A14 ,Smartphone,2,waste of money manager draw situation process issue charging problem,flipkart,02-04-2022 00:00
Samsung Galaxy A34,Smartphone,4,good change personal race capital,FLIPKART,27-07-2024 00:00
 Samsung Buds 2 ,Accessories,1,average seven much lot yet issue charging problem,FLIPKART,14-11-2023 00:00
 Samsung Buds 2 ,Accessories,5,not great page trade can at authority travel safe begin,FLIPKART,12-01-2022 00:00
Samsung Galaxy M34,Smartphone,4,good challenge performance read author piece give letter represent,AMAZON,23-10-2022 00:00
Samsung Charger 25W,Accessories,3,excellent message ago us yes your security issue overheating issue,amazon,31-07-2023 00:00
Samsung Galaxy Book 2,Smartphone,4,good nature yes summer tell play resource policy stop,AMAZON,18-04-2023 00:00
Samsung Galaxy Tab A8,Smartphone,3,worth it reflect teach half issue camera quality is poor,amazon,03-06-2022 00:00
 Samsung Galaxy M14 ,Smartphone,4,waste of money go agency current industry despite,FLIPKART,26-03-2022 00:00
Samsung Galaxy S23,Smartphone,4,bad pressure not face with agreement responsibility food,AMAZON,17-04-2024 00:00
Samsung Galaxy M53,Smartphone,3,bad discuss city each rather challenge movie place,flipkart,29-06-2024 00:00
Samsung Galaxy A14,Smartphone,5,bad woman cut claim late operation outside begin shoulder,AMAZON,19-03-2023 00:00
Samsung Galaxy Tab A8,Smartphone,5,worth it go send store why style sell positive admit,flipkart,12-09-2022 00:00
Samsung Galaxy M14,Smartphone,2,waste of money public usually program rich culture tend method issue overheating issue,FLIPKART,06-05-2022 00:00
 Samsung Galaxy A34 ,Smartphone,4,waste of money generation technology know federal camera spend style everything,FLIPKART,06-03-2023 00:00
Samsung Galaxy S22,Smartphone,4,excellent society one difficult hand almost them else,AMAZON,09-03-2023 00:00
Samsung Charger 25W,Accessories,3,bad help stay bit dog baby,flipkart,01-04-2023 00:00
Samsung Galaxy Tab A8,Smartphone,4,average black bring memory american know or body,amazon,16-03-2023 00:00
Samsung Galaxy A54,Smartphone,5,good environment yes other kid they become future wrong,flipkart,21-07-2024 00:00
Samsung Galaxy Book 2,Smartphone,5,not great value part foreign ready reflect,FLIPKART,23-12-2022 00:00
 Samsung Galaxy A34 ,Smartphone,5,bad remember pay whether face possible full door,AMAZON,17-07-2022 00:00
Samsung Galaxy M53,Smartphone,3,average eat glass treat relate focus issue camera quality is poor,FLIPKART,03-11-2023 00:00
Samsung Galaxy A14,Smartphone,5,average usually whatever traditional policy,AMAZON,12-03-2023 00:00
Samsung Galaxy Book 2,Smartphone,3,bad bar trade along happen soldier not campaign,amazon,11-08-2022 00:00
Samsung Charger 25W,Accessories,4,good,AMAZON,26-02-2022 00:00
Samsung Galaxy Book 2,Smartphone,4,not great their than people catch expert plan,flipkart,22-08-2022 00:00
Samsung Galaxy Tab A8,Smartphone,5,not great include statement nation own crime,AMAZON,17-06-2024 00:00
 Samsung Galaxy M14 ,Smartphone,4,waste of money tend should center shoulder ready,AMAZON,06-06-2022 00:00
Samsung Galaxy A54,Smartphone,2,amazing display quality,FLIPKART,17-06-2023
 Samsung Air Conditioner ,Other,5,speaker quality is amazing,AMAZON,11-12-2023
Samsung Galaxy A34,Smartphone,5,worth it system total outside edge lose main,AMAZON,17-07-2024 00:00
Samsung Buds Live,Accessories,4,average property such score majority agree,flipkart,12-05-2024 00:00
 Samsung Galaxy S23 ,Smartphone,4,excellent according dream bank leg various society democrat,AMAZON,03-02-2024 00:00
Samsung Galaxy Book 2,Smartphone,4,bad direction help someone hospital,flipkart,23-01-2022 00:00
 Samsung Buds Live ,Accessories,4,average often point process stuff issue,AMAZON,08-03-2022 00:00
Samsung Galaxy S22,Smartphone,5,not great sign drop police bank among hard,amazon,04-09-2022 00:00
 Samsung Galaxy S21 FE ,Smartphone,3,bad six allow amount quite artist show,amazon,19-08-2022 00:00
 Samsung Crystal UHD TV ,TV,2,love the camera quality,flipkart,22-03-2023
Samsung Washing Machine,Other,2,featurepacked and smooth experience,amazon,17-07-2023
Samsung Buds Live,Accessories,3,worth it especially think trip no issue overheating issue,flipkart,13-01-2023 00:00
Samsung Buds Live,Accessories,3,good best health near those director size nor issue battery draining fast,AMAZON,20-03-2023 00:00
 Samsung Galaxy A54 ,Smartphone,4,excellent few explain citizen,AMAZON,27-06-2022 00:00
Samsung Galaxy Tab S7 FE,Smartphone,5,bad television throw kid scene,flipkart,13-10-2024 00:00
 Samsung Buds 2 ,Accessories,5,excellent source away mrs,AMAZON,29-12-2023 00:00
 Samsung Galaxy S21 FE ,Smartphone,5,good other laugh raise operation feeling we,AMAZON,05-02-2023 00:00
 Samsung Galaxy M53 ,Smartphone,4,average to just system science wonder wonder,AMAZON,15-01-2022 00:00
Samsung Galaxy S23,Smartphone,5,worth it yourself tonight tv thus our,AMAZON,10-05-2024 00:00
Samsung Galaxy Tab S7 FE,Smartphone,3,waste of money issue camera quality is poor,amazon,09-02-2022 00:00
 Samsung Galaxy M53 ,Smartphone,4,average picture cause black turn,flipkart,11-01-2023 00:00
Samsung Galaxy Book 2,Smartphone,4,not great home remain garden education office,amazon,05-12-2022 00:00
Samsung Galaxy S23,Smartphone,3,excellent issue camera quality is poor,FLIPKART,02-05-2023 00:00
Samsung Galaxy Book 2,Smartphone,3,worth it information memory war morning subject guess card,FLIPKART,21-12-2022 00:00
Samsung Galaxy M34,Smartphone,3,waste of money television institution bar make issue charging problem,amazon,02-06-2022 00:00
Samsung Galaxy Book 3,Smartphone,4,good decide finish exist,flipkart,28-09-2023 00:00
Samsung Galaxy M34,Smartphone,3,good probably compare direction include office only,amazon,04-02-2022 00:00
Samsung Buds 2,Accessories,3,bad why guess agree issue battery draining fast,amazon,13-02-2022 00:00
Samsung Galaxy S21 FE,Smartphone,2,worth it effect remember person and may,flipkart,28-01-2024 00:00
 Samsung Galaxy S21 FE ,Smartphone,4,average,flipkart,30-12-2024 00:00
Samsung Buds Live,Accessories,5,excellent poor nature agency century,AMAZON,12-06-2023 00:00
Samsung Buds 2,Accessories,5,worth it family key positive product,amazon,29-08-2024 00:00
 Samsung Charger 25W ,Accessories,2,good wife although full per sport woman shoulder,AMAZON,08-05-2023 00:00
Samsung Buds 2,Accessories,2,not great issue camera quality is poor,FLIPKART,27-12-2024 00:00
 Samsung Refrigerator ,Other,4,not worth the price,FLIPKART,08-04-2024
Samsung Galaxy S21 FE,Smartphone,1,good morning note training agency sea use act issue battery draining fast,FLIPKART,29-12-2024 00:00
Samsung Galaxy A54,Smartphone,4,excellent thank meet itself break,flipkart,18-07-2024 00:00
Samsung Galaxy S22,Smartphone,4,worth it give charge compare,FLIPKART,25-09-2023 00:00
 Samsung Galaxy S23 ,Smartphone,3,excellent focus for current process rather once issue charging problem,AMAZON,12-10-2023 00:00
 Samsung Galaxy S21 FE ,Smartphone,4,not great write product whether fact everyone affect modern,AMAZON,27-01-2022 00:00
Samsung Galaxy S23,Smartphone,5,worth it theory answer apply manager child,flipkart,20-05-2024 00:00
Samsung Galaxy A54,Smartphone,1,excellent ask on great cell issue display flickering,FLIPKART,24-01-2023 00:00
 Samsung Galaxy Tab S7 FE ,Smartphone,2,good drive around hospital sure degree national subject article issue camera quality is poor,FLIPKART,15-01-2022 00:00
Samsung Galaxy A34,Smartphone,5,average west chance picture pm great,flipkart,21-09-2024 00:00
Samsung Galaxy S21 FE,Smartphone,3,good population answer most series prevent issue battery draining fast,AMAZON,19-05-2022 00:00
Samsung Galaxy M34,Smartphone,5,not great audience whose continue act among necessary wife,flipkart,27-03-2023 00:00
 Samsung Buds 2 ,Accessories,5,good experience deep yes possible,AMAZON,18-01-2023 00:00
Samsung Galaxy Tab A8,Smartphone,4,average what west technology chance common difference raise,AMAZON,01-06-2022 00:00
 Samsung Galaxy A14 ,Smartphone,4,excellent,flipkart,09-01-2023 00:00
 Samsung Galaxy A54 ,Smartphone,4,very durable and reliable,AMAZON,20-06-2024
 Samsung Buds 2 ,Accessories,3,excellent your whole scene number,flipkart,25-04-2023 00:00
Samsung Galaxy S22,Smartphone,4,not great guess there particularly yeah painting guy really,AMAZON,29-04-2024 00:00
Samsung QLED TV,TV,1,not worth the price,amazon,04-08-2023
Samsung Galaxy Tab A8,Smartphone,4,worth it could know machine school,FLIPKART,19-05-2023 00:00
Samsung Galaxy S23,Smartphone,5,worth it protect claim strong artist,amazon,07-09-2022 00:00
Samsung Galaxy Tab S7 FE,Smartphone,5,waste of money perhaps happen central feel enough market pay,FLIPKART,07-09-2023 00:00
Samsung Galaxy Tab S7 FE,Smartphone,3,waste of money ago bill growth place hope,flipkart,28-07-2022 00:00
Samsung Galaxy M53,Smartphone,3,not great successful next section issue display flickering,AMAZON,15-10-2022 00:00
 Samsung Galaxy A14 ,Smartphone,1,bad character democrat already appear successful help modern risk,amazon,22-09-2023 00:00
Samsung Galaxy Tab A8,Smartphone,3,average method authority road apply inside you sea issue display flickering,amazon,22-10-2022 00:00
 Samsung Galaxy S21 FE ,Smartphone,5,waste of money president coach each owner,AMAZON,07-08-2023 00:00
Samsung Galaxy S22,Smartphone,3,nice product but a bit overpriced,FLIPKART,29-12-2023
 Samsung Galaxy Book 3 ,Smartphone,3,worth it myself return everyone form mean law both,flipkart,31-01-2024 00:00
Samsung Galaxy S22,Smartphone,1,worth it issue camera quality is poor,AMAZON,06-02-2023 00:00
Samsung Galaxy S22,Smartphone,4,average save result member final message,AMAZON,13-08-2023 00:00
 Samsung Galaxy A14 ,Smartphone,4,waste of money pull other action letter leg,amazon,29-08-2023 00:00
Samsung Galaxy Book 3,Smartphone,3,not great they second very another space,flipkart,25-03-2023 00:00
Samsung Buds 2,Accessories,4,worth it drop by others business step cut spring,FLIPKART,29-08-2024 00:00
Samsung Buds Live,Accessories,3,not great important lose truth,flipkart,06-01-2024 00:00
Samsung Galaxy M53,Smartphone,5,good indicate policy material,FLIPKART,26-12-2024 00:00
Samsung Galaxy Tab S7 FE,Smartphone,4,not great camera culture put song reveal able minute main,FLIPKART,19-12-2023 00:00
Samsung Galaxy A14,Smartphone,4,good education leader represent unit,amazon,08-12-2024 00:00
Samsung Galaxy Book 2,Smartphone,3,good senior term seem glass issue charging problem,FLIPKART,19-06-2023 00:00
Samsung Galaxy A54,Smartphone,2,waste of money write indeed nor artist,amazon,28-01-2023 00:00
Samsung Galaxy M34,Smartphone,4,average under change assume argue or there,amazon,24-11-2024 00:00
Samsung Galaxy S21 FE,Smartphone,4,waste of money hard road which,flipkart,06-09-2023 00:00
 Samsung Galaxy Tab A8 ,Smartphone,4,excellent test point really task goal better marriage matter,amazon,19-11-2023 00:00
Samsung Buds Live,Accessories,4,waste of money effort you involve,AMAZON,18-08-2023 00:00
 Samsung Charger 25W ,Accessories,3,worth it course animal order brother part campaign spend,FLIPKART,22-03-2023 00:00
 Samsung Galaxy M34 ,Smartphone,5,not great into respond congress per fine huge,FLIPKART,09-01-2023 00:00
Samsung Charger 25W,Accessories,4,excellent enough require physical behavior congress possible effect,AMAZON,30-08-2023 00:00
Samsung Galaxy S21 FE,Smartphone,4,average stage senior simply,AMAZON,28-04-2022 00:00
 Samsung Galaxy A34 ,Smartphone,4,excellent discover take get large,flipkart,05-01-2022 00:00
 Samsung Galaxy Tab A8 ,Smartphone,2,good include meeting there positive not opportunity piece shake,amazon,08-08-2023 00:00
Samsung Galaxy M53,Smartphone,5,average best black create bag open store,flipkart,14-12-2024 00:00
 Samsung Charger 25W ,Accessories,5,not great debate memory quality office economy traditional parent,flipkart,12-03-2023 00:00
Samsung Galaxy Book 2,Smartphone,5,worth it measure like head score sense draw,flipkart,06-10-2023 00:00
Samsung Galaxy A34,Smartphone,5,good possible like grow discuss half,flipkart,10-06-2023 00:00
 Samsung Buds 2 ,Accessories,5,excellent almost industry court another although their enter,AMAZON,19-09-2023 00:00
Samsung Galaxy Tab A8,Smartphone,1,worth it support act east attack issue slow performance,flipkart,30-07-2024 00:00
 Samsung Galaxy M34 ,Smartphone,5,not great south wind term along care risk price up,AMAZON,07-03-2023 00:00
Samsung Buds Live,Accessories,2,good similar often concern,AMAZON,16-09-2023 00:00
Samsung Galaxy A14,Smartphone,4,not great show system their base follow whatever west,FLIPKART,09-10-2022 00:00
Samsung Galaxy A14,Smartphone,4,average lead pressure mention interest young,AMAZON,12-09-2024 00:00
 Samsung Galaxy M34 ,Smartphone,4,excellent foreign authority section item realize charge crime,AMAZON,12-07-2023 00:00
Samsung Galaxy M14,Smartphone,3,good issue battery draining fast,AMAZON,17-09-2024 00:00
Samsung Galaxy S23,Smartphone,4,good man health half,FLIPKART,09-06-2024 00:00
 Samsung Galaxy Tab A8 ,Smartphone,5,waste of money material public american organization soon instead necessary modern,amazon,12-02-2023 00:00
Samsung Galaxy Book 2,Smartphone,5,good prepare forward six wind area only voice,AMAZON,20-10-2024 00:00
Samsung Galaxy A34,Smartphone,5,bad sit medical degree sure,AMAZON,06-11-2024 00:00
 Samsung Galaxy Tab S7 FE ,Smartphone,4,average home value laugh light candidate,FLIPKART,06-04-2023 00:00
Samsung Galaxy M53,Smartphone,4,excellent space factor degree thought upon,flipkart,14-11-2023 00:00
Samsung Galaxy M53,Smartphone,4,waste of money network represent article,amazon,04-02-2023 00:00
Samsung Galaxy Book 2,Smartphone,1,not great each for sense any from single person check,flipkart,21-05-2023 00:00
Samsung Galaxy A34,Smartphone,2,good prevent pressure behavior might,flipkart,06-06-2024 00:00
Samsung Charger 25W,Accessories,2,not great issue camera quality is poor,flipkart,07-09-2022 00:00
Samsung Galaxy M14,Smartphone,5,good republican drive wide real range ago,AMAZON,27-12-2023 00:00
 Samsung Air Conditioner ,Other,2,good for basic usage,AMAZON,13-06-2024
Samsung Galaxy M34,Smartphone,3,good mr hand leave future skin machine ahead issue slow performance,amazon,27-12-2024 00:00
Samsung Galaxy Tab A8,Smartphone,4,waste of money their pm person likely eye accept represent side,amazon,29-06-2022 00:00
Samsung Galaxy Watch6,Smartphone,5,excellent product very satisfied,AMAZON,19-01-2024
Samsung Buds Live,Accessories,4,bad condition modern beautiful fine,flipkart,09-05-2024 00:00
 Samsung Galaxy M53 ,Smartphone,4,average lay sport defense poor note,flipkart,02-12-2023 00:00
Samsung Galaxy Tab A8,Smartphone,4,excellent cost tree chance sure above month,amazon,17-04-2022 00:00
 Samsung Washing Machine ,Other,1,not as expected returning it,amazon,06-06-2023
Samsung Charger 25W,Accessories,5,waste of money compare support career,FLIPKART,24-03-2023 00:00
 Samsung Galaxy S22 ,Smartphone,5,worth it might quite quite floor on way,AMAZON,05-03-2022 00:00
 Samsung Galaxy M34 ,Smartphone,4,excellent white go success no sure their democratic account,flipkart,07-09-2024 00:00
Samsung Galaxy S23,Smartphone,5,good republican name season author our,flipkart,15-09-2022 00:00
Samsung Galaxy A14,Smartphone,5,worth it tree which result trade real network,flipkart,08-08-2022 00:00
Samsung Buds Live,Accessories,2,good,FLIPKART,17-03-2023 00:00
 Samsung Buds 2 ,Accessories,2,not great information finally smile particularly issue overheating issue,flipkart,03-03-2024 00:00
 Samsung Galaxy S23 ,Smartphone,3,excellent measure itself let radio onto unit issue battery draining fast,FLIPKART,19-07-2022 00:00
Samsung Galaxy A14,Smartphone,3,excellent street effect music southern bank weight issue charging problem,AMAZON,14-06-2023 00:00
Samsung Galaxy M53,Smartphone,4,good anyone art field apply national serve week,amazon,31-10-2022 00:00
Samsung Galaxy A34,Smartphone,2,average fill take exactly line blood under value issue display flickering,FLIPKART,10-09-2023 00:00
Samsung Galaxy S23,Smartphone,3,worth it almost front high issue display flickering,flipkart,20-10-2023 00:00
Samsung Galaxy Book 2,Smartphone,4,waste of money kid suddenly role tax point account policy order,FLIPKART,20-08-2023 00:00
Samsung Galaxy Book 3,Smartphone,4,good end the author unit finally surface message,amazon,03-01-2024 00:00
Samsung Buds Live,Accessories,2,worth it however enough evening,flipkart,11-12-2022 00:00
Samsung Galaxy S22,Smartphone,5,good shake and quality perhaps national difficult democrat,amazon,16-05-2024 00:00
Samsung Charger 25W,Accessories,2,not great everything finish central federal benefit,amazon,22-10-2024 00:00
Samsung Galaxy A14,Smartphone,5,good among may military likely lawyer decide soldier,flipkart,15-10-2023 00:00
Samsung Galaxy M53,Smartphone,4,good air without seven,amazon,26-05-2022 00:00
 Samsung Galaxy Book 2 ,Smartphone,3,bad use billion debate somebody issue overheating issue,flipkart,20-10-2023 00:00
Samsung Galaxy S23,Smartphone,4,excellent especially hard party good raise,AMAZON,27-03-2023 00:00
Samsung Galaxy S21 FE,Smartphone,4,good woman beautiful food age front treatment,FLIPKART,12-09-2024 00:00
Samsung Galaxy A34,Smartphone,4,worth it marriage his marriage perhaps investment,flipkart,11-12-2023 00:00
Samsung Galaxy A14,Smartphone,5,good,amazon,20-07-2023 00:00
Samsung Galaxy S23,Smartphone,3,waste of money mention general enough rate heavy issue slow performance,flipkart,22-12-2022 00:00
Samsung Galaxy M34,Smartphone,4,good interesting him image law he civil traditional,flipkart,22-12-2024 00:00
 Samsung Galaxy M53 ,Smartphone,4,waste of money,FLIPKART,08-03-2023 00:00
Samsung Charger 25W,Accessories,5,bad business visit local,amazon,02-12-2022 00:00
Samsung Galaxy S22,Smartphone,1,not worth the price,flipkart,16-02-2024
Samsung Galaxy Tab A8,Smartphone,5,excellent quite hair share drive whatever,flipkart,19-02-2024 00:00
 Samsung Galaxy S21 FE ,Smartphone,4,excellent medical fish suddenly edge them hope score than,AMAZON,02-09-2024 00:00
 Samsung Galaxy A14 ,Smartphone,4,worth it while person begin little southern,FLIPKART,10-04-2024 00:00
 Samsung Galaxy S22 ,Smartphone,4,average each more moment education tough as surface,amazon,26-02-2022 00:00
Samsung Galaxy M14,Smartphone,2,bad issue display flickering,amazon,19-06-2024 00:00
Samsung Galaxy S22,Smartphone,5,bad subject medical officer reality strong can,AMAZON,26-03-2022 00:00
Samsung Galaxy S23,Smartphone,3,heats up sometimes during heavy usage,AMAZON,16-12-2023
 Samsung Galaxy Book 3 ,Smartphone,3,bad six agency wife open business,AMAZON,02-03-2023 00:00
Samsung Galaxy A54,Smartphone,4,waste of money boy on rise different future piece keep,amazon,13-05-2024 00:00
Samsung Galaxy M34,Smartphone,2,not great newspaper power you,flipkart,12-03-2023 00:00
Samsung Galaxy S23,Smartphone,3,bad provide no field on some ago bad issue overheating issue,amazon,01-05-2022 00:00
 Samsung Galaxy A54 ,Smartphone,3,good man hit general provide end civil sure issue camera quality is poor,AMAZON,26-02-2024 00:00
Samsung Buds 2,Accessories,3,worth it himself most also expert white lead specific issue slow performance,AMAZON,29-08-2023 00:00
Samsung Galaxy Tab S7 FE,Smartphone,4,waste of money by local industry owner bill artist,flipkart,17-12-2024 00:00
Samsung Galaxy Tab A8,Smartphone,4,average low show audience character he increase sign four,FLIPKART,23-05-2024 00:00
Samsung Galaxy A54,Smartphone,5,good become common everyone arm later,amazon,23-12-2023 00:00
 Samsung Galaxy Tab S7 FE ,Smartphone,3,good newspaper story natural cost already face health,AMAZON,18-07-2024 00:00
Samsung Galaxy Book 2,Smartphone,5,average field special think increase production speak tough kind,flipkart,10-07-2023 00:00
 Samsung Galaxy S21 FE ,Smartphone,4,average appear south tough organization,FLIPKART,28-08-2022 00:00
Samsung Galaxy M34,Smartphone,4,waste of money education stand quickly out statement military past,AMAZON,22-03-2022 00:00
Samsung Galaxy Tab S7 FE,Smartphone,2,good point popular data building issue display flickering,flipkart,28-06-2024 00:00
Samsung Galaxy A34,Smartphone,5,good near production mean responsibility sister government stage,amazon,05-06-2022 00:00
Samsung Galaxy M34,Smartphone,5,not great figure feeling responsibility chair art speak move,flipkart,03-08-2023 00:00
Samsung Galaxy M34,Smartphone,4,excellent eight according people floor eye,AMAZON,18-09-2023 00:00
 Samsung Galaxy M34 ,Smartphone,4,waste of money article heart style throughout war,FLIPKART,18-04-2024 00:00
 Samsung Buds Live ,Accessories,2,bad number as give until year dinner,flipkart,17-03-2023 00:00
Samsung Charger 25W,Accessories,4,excellent medical class become away,AMAZON,27-07-2024 00:00
Samsung Galaxy Book 3,Smartphone,4,not great main wife cultural professor film,AMAZON,01-05-2023 00:00
 Samsung Charger 25W ,Accessories,5,bad,AMAZON,02-03-2022 00:00
Samsung Galaxy S23,Smartphone,5,good church subject fine material,FLIPKART,26-03-2024 00:00
Samsung Galaxy Tab S7 FE,Smartphone,2,waste of money not huge cut first lay issue battery draining fast,amazon,20-07-2024 00:00
 Samsung Buds 2 ,Accessories,2,bad decade catch development owner,AMAZON,02-03-2022 00:00
Samsung Galaxy A54,Smartphone,4,waste of money body such care dog ready,AMAZON,13-10-2022 00:00
Samsung Galaxy M53,Smartphone,4,bad discussion growth against stay treat less,flipkart,27-09-2024 00:00
Samsung Charger 25W,Accessories,4,worth it line small might administration sport trial suggest,AMAZON,28-10-2022 00:00
 Samsung Galaxy Tab A8 ,Smartphone,5,excellent free seven level close,amazon,26-07-2024 00:00
 Samsung Galaxy Tab A8 ,Smartphone,2,good improve scene just eat ground onto her,amazon,13-05-2024 00:00
Samsung Galaxy A54,Smartphone,4,not great,amazon,02-01-2022 00:00
 Samsung Galaxy Tab S7 FE ,Smartphone,5,average vote movie community ok south think store,amazon,24-05-2023 00:00
Samsung Galaxy Tab A8,Smartphone,1,bad value enough lawyer increase without issue overheating issue,flipkart,31-07-2022 00:00
Samsung Galaxy Tab A8,Smartphone,3,not great fill defense bill able four behind issue camera quality is poor,flipkart,11-04-2023 00:00
Samsung Buds 2,Accessories,3,worth it may lawyer thousand spend manager although treat issue slow performance,flipkart,16-10-2023 00:00
Samsung Galaxy Tab A8,Smartphone,5,average fast would house,FLIPKART,08-05-2024 00:00
 Samsung Buds 2 ,Accessories,5,waste of money live discussion camera understand,FLIPKART,26-10-2022 00:00
 Samsung Charger 25W ,Accessories,3,excellent during yes money build,amazon,17-10-2023 00:00
Samsung Galaxy Book 2,Smartphone,2,good issue slow performance,FLIPKART,01-06-2023 00:00
Samsung Galaxy Tab S7 FE,Smartphone,5,not great avoid crime writer,FLIPKART,05-11-2024 00:00
Samsung Buds Live,Accessories,3,worth it issue display flickering,FLIPKART,21-05-2022 00:00
Samsung Buds 2,Accessories,5,good program guess statement member,amazon,14-11-2023 00:00
 Samsung Galaxy Tab A8 ,Smartphone,4,not great fast close capital indicate something,amazon,21-09-2022 00:00
Samsung Buds 2,Accessories,4,worth it born realize what find,amazon,09-03-2023 00:00
Samsung Galaxy M34,Smartphone,4,average outside people pay section model office necessary call,flipkart,23-01-2023 00:00
 Samsung Buds Live ,Accessories,5,good trip fly stay race thus low,flipkart,03-12-2023 00:00
Samsung Buds Live,Accessories,5,waste of money ten process chance from democratic,FLIPKART,15-01-2022 00:00
Samsung Galaxy Tab A8,Smartphone,4,not great travel late summer sing beat,FLIPKART,07-01-2024 00:00
Samsung Galaxy Book 3,Smartphone,5,average politics mission issue century through top,AMAZON,22-10-2024 00:00
Samsung Galaxy Tab A8,Smartphone,5,not great fill question morning later,AMAZON,07-01-2022 00:00
Samsung Galaxy S22,Smartphone,5,bad top close popular business prevent collection much,flipkart,18-07-2022 00:00
Samsung Galaxy A54,Smartphone,4,average side maybe eat whatever,flipkart,17-08-2022 00:00
 Samsung Buds Live ,Accessories,2,bad address option hand most their blood majority,AMAZON,05-08-2024 00:00
Samsung Galaxy Tab A8,Smartphone,5,average find land edge learn apply national culture dog,flipkart,03-09-2023 00:00
 Samsung Galaxy S23 ,Smartphone,3,good issue display flickering,FLIPKART,06-04-2023 00:00
Samsung Galaxy A34,Smartphone,4,excellent there mother late,amazon,01-02-2024 00:00
Samsung Buds 2,Accessories,1,good talk degree possible participant,amazon,16-07-2022 00:00
Samsung Galaxy M34,Smartphone,1,waste of money son reason side energy thus box issue overheating issue,FLIPKART,12-02-2024 00:00
 Samsung Galaxy A54 ,Smartphone,5,good become common everyone arm later,amazon,23-12-2023 00:00
Samsung Galaxy A34,Smartphone,5,good wife happen best wait leader,amazon,26-08-2022 00:00
 Samsung Galaxy A14 ,Smartphone,1,not great issue slow performance,flipkart,04-04-2024 00:00
Samsung Galaxy S21 FE,Smartphone,4,good range read join so toward section oil,FLIPKART,13-12-2023 00:00
 Samsung Galaxy A54 ,Smartphone,5,excellent actually figure act energy its total need hospital,FLIPKART,03-04-2022 00:00
 Samsung Charger 25W ,Accessories,3,good product science beat field industry hotel,flipkart,28-12-2024 00:00
Samsung Galaxy A14,Smartphone,2,worth it because degree number fill for,amazon,09-03-2024 00:00
 Samsung Charger 25W ,Accessories,4,average this stay four however page,amazon,25-12-2022 00:00
Samsung Galaxy M53,Smartphone,5,waste of money letter start green,FLIPKART,04-04-2023 00:00
 Samsung Buds Live ,Accessories,5,waste of money total central ability my democratic add hope,amazon,19-05-2022 00:00
Samsung Charger 25W,Accessories,4,excellent he particularly television break thousand than take,flipkart,27-05-2023 00:00
Samsung Galaxy M34,Smartphone,4,waste of money loss wall garden good follow second,amazon,01-02-2022 00:00
Samsung Galaxy S21 FE,Smartphone,3,not great leave quite simply see than issue charging problem,flipkart,13-04-2024 00:00
Samsung Buds 2,Accessories,3,worth it performance single discussion line well news,flipkart,03-09-2022 00:00
 Samsung Galaxy M53 ,Smartphone,5,average little trouble share fear bill its agreement week,flipkart,01-11-2023 00:00
 Samsung Galaxy S23 ,Smartphone,4,waste of money,AMAZON,12-09-2024 00:00
Samsung Galaxy Book 3,Smartphone,4,not great performance spring consumer attention less,FLIPKART,02-12-2022 00:00
 Samsung Galaxy M34 ,Smartphone,3,worth it issue slow performance,amazon,03-09-2023 00:00
 Samsung Galaxy Book 3 ,Smartphone,4,average boy size money actually you value,amazon,12-02-2023 00:00
Samsung Galaxy Tab A8,Smartphone,1,excellent skill within although general health occur quickly issue battery draining fast,AMAZON,23-05-2022 00:00
 Samsung Galaxy A54 ,Smartphone,4,not great me shake standard,amazon,14-08-2024 00:00
Samsung Galaxy M53,Smartphone,3,good feeling house usually issue camera quality is poor,amazon,28-04-2023 00:00
Samsung Galaxy Tab A8,Smartphone,5,average anyone analysis sea add successful,amazon,14-05-2022 00:00
Samsung Galaxy M14,Smartphone,4,average thank cost account media rich challenge like keep,amazon,27-06-2022 00:00
Samsung Galaxy M14,Smartphone,3,average article participant if drive base reduce issue camera quality is poor,amazon,14-04-2023 00:00
Samsung Galaxy S22,Smartphone,5,good thought against student sometimes,AMAZON,06-12-2024 00:00
Samsung Galaxy Tab A8,Smartphone,5,not great table onto outside perform interesting,flipkart,30-07-2023 00:00
 Samsung Galaxy A34 ,Smartphone,5,excellent,AMAZON,30-03-2022 00:00
Samsung Galaxy Tab A8,Smartphone,4,not great million catch police speech evidence under,amazon,02-12-2022 00:00
Samsung Galaxy A34,Smartphone,2,not great issue display flickering,amazon,23-12-2024 00:00
Samsung Galaxy S21 FE,Smartphone,3,not great deal nothing power world,FLIPKART,30-11-2023 00:00
 Samsung Galaxy M53 ,Smartphone,4,waste of money or energy various final capital expert friend,amazon,09-04-2022 00:00
 Samsung Galaxy M34 ,Smartphone,3,excellent enjoy win behind both,amazon,10-04-2023 00:00
Samsung Galaxy Book 2,Smartphone,3,waste of money child begin last practice bank top,FLIPKART,29-12-2022 00:00
 Samsung Galaxy S21 FE ,Smartphone,4,excellent contain likely century charge tax,AMAZON,08-08-2022 00:00
Samsung Charger 25W,Accessories,5,bad particular country executive scene face ten,amazon,26-10-2022 00:00
 Samsung Galaxy M53 ,Smartphone,1,average issue battery draining fast,AMAZON,03-06-2023 00:00
 Samsung Galaxy S21 FE ,Smartphone,5,excellent guy first interest toward letter truth,FLIPKART,13-02-2023 00:00
Samsung Galaxy Tab A8,Smartphone,4,worth it week large budget as degree,AMAZON,05-07-2022 00:00
Samsung Galaxy Book 3,Smartphone,1,average artist teach identify issue slow performance,FLIPKART,27-08-2024 00:00
 Samsung Galaxy M53 ,Smartphone,5,good case back mother once property might,amazon,20-03-2022 00:00
Samsung Galaxy A14,Smartphone,4,average mr upon result party authority film west,FLIPKART,20-07-2024 00:00
Samsung Galaxy Tab A8,Smartphone,1,bad issue camera quality is poor,amazon,04-06-2023 00:00
 Samsung Galaxy S22 ,Smartphone,2,average what career grow race part suddenly place,amazon,30-09-2022 00:00
 Samsung Galaxy S23 ,Smartphone,3,worth it turn network class trip issue display flickering,FLIPKART,10-07-2024 00:00
 Samsung Galaxy M14 ,Smartphone,4,good in so various black,amazon,03-03-2023 00:00
Samsung Galaxy Tab A8,Smartphone,4,worth it carry hand theory do really,AMAZON,28-08-2022 00:00
Samsung Galaxy M14,Smartphone,2,waste of money news summer off effort upon issue charging problem,flipkart,17-11-2024 00:00
Samsung Galaxy A14,Smartphone,4,good pull nature top note see participant,AMAZON,09-02-2024 00:00
 Samsung Galaxy A54 ,Smartphone,4,excellent indeed but shake anyone,FLIPKART,22-12-2023 00:00
Samsung Galaxy S22,Smartphone,4,not great level production any scientist clear hit,FLIPKART,20-07-2023 00:00
 Samsung Charger 25W ,Accessories,1,worth it cover stop stand may recently represent identify get issue overheating issue,AMAZON,07-06-2022 00:00
Samsung Galaxy Tab S7 FE,Smartphone,5,not great point assume positive,FLIPKART,27-04-2022 00:00
Samsung Charger 25W,Accessories,4,bad yes once prepare hand,FLIPKART,26-01-2023 00:00
 Samsung Galaxy M53 ,Smartphone,5,good republican appear sometimes you,amazon,23-02-2024 00:00
Samsung Galaxy M34,Smartphone,4,average recognize director all investment,AMAZON,03-07-2022 00:00
Samsung Galaxy Tab A8,Smartphone,4,good ask something to society arm practice,FLIPKART,21-06-2022 00:00
Samsung Galaxy M53,Smartphone,3,worth it lead theory part thing argue probably floor,amazon,26-04-2022 00:00
Samsung Buds Live,Accessories,3,waste of money develop year scientist small issue slow performance,amazon,14-10-2023 00:00
 Samsung Galaxy M14 ,Smartphone,1,bad i trial claim capital run up issue slow performance,FLIPKART,05-02-2024 00:00
Samsung Galaxy S22,Smartphone,5,waste of money its thing of young check,flipkart,04-12-2024 00:00
 Samsung Galaxy Buds2 ,Smartphone,4,great value for money,flipkart,14-06-2024
 Samsung Washing Machine ,Other,2,great value for money,FLIPKART,25-03-2023
Samsung Buds Live,Accessories,3,bad goal page address collection who happy fund increase,AMAZON,09-06-2023 00:00
Samsung Galaxy M53,Smartphone,4,average score lead final certain right,AMAZON,03-11-2023 00:00
 Samsung Buds Live ,Accessories,5,bad adult leave kind condition hear,FLIPKART,25-11-2022 00:00
 Samsung Buds 2 ,Accessories,2,worth it nor behind good meeting,amazon,12-04-2024 00:00
Samsung Buds Live,Accessories,5,good name people approach walk still find identify,FLIPKART,20-08-2022 00:00
Samsung Galaxy Tab A8,Smartphone,1,worth it sort small through middle cut century issue slow performance,flipkart,24-02-2024 00:00
Samsung Galaxy S22,Smartphone,1,very userfriendly interface,amazon,30-01-2024
Samsung Galaxy M53,Smartphone,2,waste of money floor focus see expect forward affect issue slow performance,AMAZON,18-01-2022 00:00
Samsung Galaxy M53,Smartphone,4,worth it maintain many white pattern,AMAZON,25-08-2022 00:00
 Samsung Crystal UHD TV ,TV,1,very durable and reliable,FLIPKART,01-10-2023
 Samsung Buds Live ,Accessories,5,not great who black item anything myself thank white,flipkart,06-11-2022 00:00
Samsung Charger 25W,Accessories,4,excellent from minute away manage late run,FLIPKART,06-05-2022 00:00
Samsung Galaxy A14,Smartphone,5,average agreement civil turn measure speak trip heavy happen,flipkart,13-09-2024 00:00
 Samsung Galaxy A14 ,Smartphone,2,not great start light work way share soldier issue slow performance,AMAZON,17-04-2024 00:00
Samsung Galaxy Tab A8,Smartphone,3,waste of money issue display flickering,FLIPKART,29-06-2023 00:00
Samsung Buds Live,Accessories,2,average gas public system security,FLIPKART,18-08-2024 00:00
Samsung Galaxy S22,Smartphone,3,not great station son off issue slow performance,FLIPKART,23-02-2023 00:00
Samsung Galaxy M34,Smartphone,4,excellent action anything high question short kid,FLIPKART,05-01-2022 00:00
 Samsung Galaxy Book 2 ,Smartphone,5,worth it group sell glass evening stay attorney,flipkart,28-01-2022 00:00
Samsung Galaxy Tab S7 FE,Smartphone,3,average will carry page spend economic leg,amazon,20-12-2022 00:00
Samsung Galaxy Book 3,Smartphone,4,waste of money purpose his minute form care,flipkart,19-10-2024 00:00
Samsung Galaxy A54,Smartphone,5,not great leave door major nearly either different guess,flipkart,01-09-2022 00:00
 Samsung Galaxy Book 3 ,Smartphone,3,excellent hope relate itself behavior,amazon,03-02-2024 00:00
 Samsung Galaxy S21 FE ,Smartphone,1,worth it store expert sing issue battery draining fast,amazon,30-10-2023 00:00
Samsung Galaxy Tab A8,Smartphone,5,good send indeed culture trouble,AMAZON,23-12-2023 00:00
 Samsung Galaxy Book 2 ,Smartphone,3,waste of money inside avoid partner possible per investment issue overheating issue,AMAZON,17-08-2024 00:00
 Samsung Galaxy S22 ,Smartphone,4,not great news skill central author,AMAZON,06-07-2022 00:00
 Samsung Galaxy M34 ,Smartphone,3,bad economic customer station success stock line issue battery draining fast,amazon,15-08-2023 00:00
Samsung Galaxy Book 2,Smartphone,4,good loss entire east street,FLIPKART,12-08-2022 00:00
Samsung Buds 2,Accessories,3,waste of money raise area national address surface easy,flipkart,29-08-2023 00:00
 Samsung Buds 2 ,Accessories,5,bad always shake get case hope new oil,FLIPKART,25-05-2022 00:00
Samsung Galaxy Book 2,Smartphone,4,excellent learn protect almost own teacher wear,flipkart,24-06-2024 00:00
Samsung Buds Live,Accessories,4,bad single seat head memory doctor,amazon,06-01-2022 00:00
Samsung Galaxy M53,Smartphone,3,worth it subject walk since say material cost reflect issue battery draining fast,FLIPKART,29-12-2022 00:00
 Samsung Galaxy A34 ,Smartphone,4,excellent economy south industry thousand involve,AMAZON,17-01-2024 00:00
Samsung Galaxy M14,Smartphone,4,worth it center hot term imagine capital note suffer,FLIPKART,31-01-2023 00:00
Samsung Galaxy M53,Smartphone,3,worth it black network adult practice create mean issue slow performance,AMAZON,17-12-2024 00:00
Samsung Galaxy Book 3,Smartphone,5,waste of money whole writer put light,amazon,17-05-2022 00:00
Samsung Galaxy Tab A8,Smartphone,2,good popular high every beautiful threat issue display flickering,FLIPKART,20-07-2023 00:00
Samsung Galaxy S22,Smartphone,3,bad at lay subject professor history fire,FLIPKART,03-09-2023 00:00
Samsung Galaxy Tab A8,Smartphone,4,good majority remember newspaper else put,amazon,03-09-2023 00:00
Samsung Galaxy A14,Smartphone,4,bad i the hundred,FLIPKART,11-04-2022 00:00
Samsung Galaxy M34,Smartphone,4,waste of money huge building still from,flipkart,09-06-2022 00:00
Samsung Galaxy A34,Smartphone,5,average fund box whom relationship music,FLIPKART,23-07-2023 00:00
 Samsung Charger 25W ,Accessories,3,worth it issue overheating issue,flipkart,29-07-2024 00:00
Samsung Buds Live,Accessories,4,not great rise force place,amazon,04-03-2022 00:00
Samsung Galaxy A34,Smartphone,1,waste of money give call every truth issue charging problem,flipkart,03-01-2023 00:00
Samsung Buds 2,Accessories,4,worth it approach develop security whom weight our result,AMAZON,30-12-2023 00:00
Samsung Refrigerator,Other,2,nice product but a bit overpriced,amazon,18-05-2023
 Samsung Galaxy M14 ,Smartphone,4,waste of money,FLIPKART,21-05-2023 00:00
Samsung Charger 25W,Accessories,5,waste of money he country world movie,AMAZON,25-11-2024 00:00
Samsung Buds Live,Accessories,3,worth it order let understand throughout black,FLIPKART,30-08-2023 00:00
 Samsung Galaxy M53 ,Smartphone,3,good yourself full new billion heavy rate,flipkart,30-08-2024 00:00
Samsung Galaxy Book 2,Smartphone,3,worth it practice quickly anyone attack role stop,FLIPKART,20-11-2022 00:00
Samsung Galaxy Tab S7 FE,Smartphone,5,average sit again develop husband project,AMAZON,17-07-2022 00:00
Samsung Galaxy M34,Smartphone,4,average affect stage law everybody focus soon,AMAZON,24-12-2022 00:00
Samsung Galaxy Book 2,Smartphone,2,waste of money such alone sure still teacher issue charging problem,AMAZON,28-04-2022 00:00
 Samsung Galaxy M34 ,Smartphone,4,not great hear develop wear add debate natural,AMAZON,07-07-2022 00:00
Samsung Galaxy M53,Smartphone,2,worth it issue overheating issue,amazon,19-04-2022 00:00
Samsung Buds Live,Accessories,4,bad rule miss soldier,FLIPKART,12-04-2024 00:00
Samsung Galaxy M14,Smartphone,3,worth it issue display flickering,flipkart,21-08-2024 00:00
Samsung Galaxy Tab S7 FE,Smartphone,4,good expect available lot cell tv,amazon,25-06-2022 00:00
 Samsung Galaxy S23 ,Smartphone,5,waste of money pass action side,AMAZON,25-02-2023 00:00
 Samsung Buds 2 ,Accessories,2,good big rate range issue camera quality is poor,FLIPKART,06-07-2023 00:00
Samsung Galaxy A54,Smartphone,4,worth it trip sometimes significant trade season affect speak card,AMAZON,24-10-2024 00:00
 Samsung Galaxy M34 ,Smartphone,4,bad ability spend piece keep rather,amazon,12-06-2023 00:00
Samsung Galaxy Tab S7 FE,Smartphone,4,bad turn keep state executive,AMAZON,15-10-2024 00:00
 Samsung Galaxy A14 ,Smartphone,3,good issue display flickering,flipkart,09-01-2022 00:00
Samsung Galaxy S21 FE,Smartphone,5,bad listen listen possible value think personal answer,FLIPKART,17-11-2024 00:00
Samsung Galaxy A34,Smartphone,2,waste of money,FLIPKART,14-08-2023 00:00
Samsung Buds Live,Accessories,5,bad whom claim summer evidence thousand baby,AMAZON,28-06-2024 00:00
Samsung Galaxy Tab S7 FE,Smartphone,1,excellent catch scientist seek anything city food receive small issue charging problem,flipkart,16-08-2023 00:00
Samsung Galaxy S22,Smartphone,5,average rise science low guy book admit,flipkart,07-10-2022 00:00
 Samsung Galaxy Tab A8 ,Smartphone,3,good law often number challenge issue camera quality is poor,FLIPKART,29-05-2022 00:00
Samsung Galaxy M14,Smartphone,3,bad full exist land best staff provide,AMAZON,29-05-2023 00:00
Samsung Galaxy M14,Smartphone,3,not great democratic expert apply protect pick office enter lot,AMAZON,07-08-2022 00:00
Samsung Buds 2,Accessories,3,worth it at i thank once culture head movement,FLIPKART,28-02-2024 00:00
 Samsung Galaxy A54 ,Smartphone,5,worth it shake stage indeed focus whatever,amazon,09-02-2023 00:00
Samsung Galaxy Watch6,Smartphone,3,heats up sometimes during heavy usage,FLIPKART,01-11-2023
Samsung Galaxy Book 3,Smartphone,3,good heart our have issue display flickering,AMAZON,07-10-2022 00:00
 Samsung Galaxy M14 ,Smartphone,4,waste of money themselves once central interesting image executive,amazon,26-06-2024 00:00
Samsung Galaxy A14,Smartphone,2,waste of money white begin its back hair growth late good,amazon,19-02-2022 00:00
Samsung Galaxy A14,Smartphone,4,good focus son generation although,AMAZON,17-02-2024 00:00
Samsung Galaxy A54,Smartphone,4,not great your attack interesting,flipkart,10-02-2024 00:00
Samsung Galaxy S21 FE,Smartphone,4,average center woman half defense,amazon,07-10-2024 00:00
 Samsung Galaxy M14 ,Smartphone,3,excellent response out car rather appear,amazon,08-06-2023 00:00
Samsung Galaxy A54,Smartphone,4,waste of money letter college if born husband would perhaps,FLIPKART,29-06-2022 00:00
Samsung Galaxy A54,Smartphone,4,average help side just common each establish various,FLIPKART,13-08-2022 00:00
Samsung Galaxy A14,Smartphone,3,worth it sound business to able across,amazon,18-08-2022 00:00
Samsung Galaxy A54,Smartphone,3,worth it wait fish husband more rather quality interview will issue camera quality is poor,amazon,26-02-2022 00:00
Samsung Galaxy S22,Smartphone,4,worth it common year clear blood,AMAZON,02-10-2022 00:00
Samsung Galaxy S23,Smartphone,4,excellent democratic interesting response wide mention strategy space,AMAZON,31-12-2024 00:00
 Samsung Galaxy Book 2 ,Smartphone,1,good community final sound summer bit issue display flickering,amazon,26-12-2023 00:00
Samsung Galaxy Tab S7 FE,Smartphone,5,average where yes executive upon,flipkart,01-06-2024 00:00
Samsung Charger 25W,Accessories,4,good never growth city under,AMAZON,17-04-2022 00:00
 Samsung Galaxy Tab S7 FE ,Smartphone,5,not great contain great never happy country sell,amazon,19-12-2024 00:00
 Samsung Crystal UHD TV ,TV,2,disappointed with the customer service,AMAZON,13-07-2023
Samsung Galaxy A34,Smartphone,4,bad among everybody seat increase,amazon,13-08-2022 00:00
 Samsung Galaxy A34 ,Smartphone,5,waste of money,flipkart,20-05-2022 00:00
 Samsung Galaxy M14 ,Smartphone,5,bad themselves visit car others perform,FLIPKART,11-01-2022 00:00
 Samsung Galaxy A54 ,Smartphone,3,bad form place commercial issue overheating issue,flipkart,28-08-2024 00:00
 Samsung Galaxy M34 ,Smartphone,4,bad off better reduce keep,flipkart,10-06-2024 00:00
 Samsung Buds 2 ,Accessories,3,bad forget drug place administration listen,amazon,26-01-2024 00:00
Samsung Galaxy Tab A8,Smartphone,4,worth it generation consider grow treat,FLIPKART,03-04-2024 00:00
 Samsung Galaxy Book 3 ,Smartphone,3,worth it store fight example not center seven issue overheating issue,AMAZON,22-03-2023 00:00
Samsung Galaxy M34,Smartphone,3,bad moment whole we music science issue slow performance,flipkart,31-01-2024 00:00
Samsung Galaxy Book 3,Smartphone,3,not great forward move before,FLIPKART,26-03-2022 00:00
 Samsung Galaxy S21 FE ,Smartphone,3,not great issue slow performance,AMAZON,26-05-2024 00:00
Samsung Buds 2,Accessories,4,excellent affect head order admit maybe bag,AMAZON,24-09-2024 00:00
Samsung Galaxy S22,Smartphone,5,excellent current red speak reality lead,amazon,06-02-2024 00:00
 Samsung Galaxy S22 ,Smartphone,2,highly recommend to others,AMAZON,21-02-2024
Samsung Buds 2,Accessories,5,worth it keep three benefit,amazon,06-11-2024 00:00
Samsung Galaxy A54,Smartphone,4,not great collection seem maintain,amazon,04-04-2022 00:00
 Samsung Galaxy Book 2 ,Smartphone,1,good nature whom anything prove issue charging problem,amazon,16-11-2022 00:00
Samsung Galaxy S23,Smartphone,1,average list remember magazine activity successful,flipkart,10-09-2024 00:00
Samsung Charger 25W,Accessories,1,good do dog let truth outside blue general and,flipkart,22-07-2022 00:00
Samsung Galaxy Tab S7 FE,Smartphone,5,average anyone else this,FLIPKART,25-06-2023 00:00
Samsung Crystal UHD TV,TV,4,heats up sometimes during heavy usage,AMAZON,09-10-2023
Samsung Galaxy S23,Smartphone,5,worth it your since black employee year mission game,FLIPKART,30-09-2023 00:00
Samsung Buds 2,Accessories,1,average issue overheating issue,AMAZON,07-04-2023 00:00
 Samsung Buds 2 ,Accessories,3,bad box dog information always,amazon,22-12-2023 00:00
Samsung Galaxy A14,Smartphone,4,good paper model watch them central medical,AMAZON,23-06-2024 00:00
Samsung Galaxy S21 FE,Smartphone,4,good follow economic nice share,flipkart,08-01-2024 00:00
Samsung Galaxy S22,Smartphone,4,waste of money child pretty me,amazon,04-03-2024 00:00
 Samsung Galaxy Watch6 ,Smartphone,3,featurepacked and smooth experience,amazon,20-02-2024
Samsung Buds 2,Accessories,4,good computer set policy explain why sell reveal,AMAZON,20-06-2024 00:00
 Samsung QLED TV ,TV,1,delivery was delayed but the product is great,FLIPKART,01-11-2024
Samsung Buds Live,Accessories,1,worth it rise guy herself only remember science book matter issue slow performance,FLIPKART,29-12-2024 00:00
Samsung Galaxy S21 FE,Smartphone,4,waste of money any while fact follow citizen executive,AMAZON,02-04-2024 00:00
 Samsung Galaxy S23 ,Smartphone,4,good bill key small record instead detail,amazon,25-02-2022 00:00
 Samsung Galaxy S23 ,Smartphone,4,average detail seat son specific modern last pretty,flipkart,06-05-2024 00:00
Samsung Charger 25W,Accessories,4,average market answer environment necessary green life,flipkart,26-01-2023 00:00
Samsung Buds 2,Accessories,2,waste of money laugh military certain foot,amazon,05-05-2024 00:00
Samsung Galaxy Tab A8,Smartphone,4,bad upon theory effort they wear,flipkart,10-01-2024 00:00
 Samsung Galaxy Book 3 ,Smartphone,4,worth it,flipkart,18-11-2023 00:00
Samsung Galaxy A34,Smartphone,4,worth it avoid husband sure thousand,AMAZON,20-04-2022 00:00
Samsung Buds 2,Accessories,3,average order place pass door vote long look issue battery draining fast,FLIPKART,11-09-2023 00:00
 Samsung Galaxy S23 ,Smartphone,5,not great specific green speech area,AMAZON,21-10-2022 00:00
 Samsung Galaxy Book 3 ,Smartphone,3,worth it either represent game education garden social issue slow performance,FLIPKART,29-09-2022 00:00
 Samsung Galaxy M34 ,Smartphone,2,waste of money issue overheating issue,flipkart,19-07-2022 00:00
Samsung Galaxy S21 FE,Smartphone,3,good issue slow performance,FLIPKART,17-09-2023 00:00
 Samsung Galaxy A14 ,Smartphone,4,bad various another attack event stuff operation young,FLIPKART,17-06-2023 00:00
Samsung Buds 2,Accessories,4,excellent least purpose spring would exactly wonder,flipkart,30-12-2023 00:00
Samsung Buds Live,Accessories,5,good officer state forward public concern development plan,flipkart,09-11-2023 00:00
Samsung Charger 25W,Accessories,5,good compare until test store must exactly without,FLIPKART,12-01-2024 00:00
 Samsung Galaxy A54 ,Smartphone,3,excellent of level investment need garden himself issue slow performance,AMAZON,18-03-2022 00:00
 Samsung Galaxy Tab A8 ,Smartphone,5,bad,FLIPKART,12-05-2023 00:00
Samsung Galaxy S23,Smartphone,4,not great thus ten grow simple turn,amazon,10-04-2022 00:00
Samsung Galaxy Book 3,Smartphone,4,not great doctor religious shake consumer become two walk personal,flipkart,22-04-2023 00:00
 Samsung Galaxy S22 ,Smartphone,3,good for basic usage,AMAZON,01-06-2024
Samsung Galaxy Tab S7 FE,Smartphone,5,average interest foot condition,AMAZON,05-03-2024 00:00
Samsung Galaxy M53,Smartphone,2,good issue charging problem,FLIPKART,27-06-2023 00:00
Samsung Galaxy S23,Smartphone,5,waste of money every international budget middle charge big,AMAZON,26-11-2023 00:00
Samsung Galaxy Book 3,Smartphone,5,good,FLIPKART,08-10-2022 00:00
 Samsung Galaxy A14 ,Smartphone,2,excellent issue battery draining fast,flipkart,08-03-2022 00:00
Samsung Buds 2,Accessories,4,average nice forget different star,amazon,12-04-2022 00:00
 Samsung Galaxy A14 ,Smartphone,5,average,FLIPKART,08-05-2023 00:00
Samsung Galaxy M14,Smartphone,5,bad blue that i interview wonder,AMAZON,12-10-2022 00:00
 Samsung Charger 25W ,Accessories,4,not great age top plant,amazon,11-12-2022 00:00
Samsung Galaxy A34,Smartphone,4,waste of money campaign consumer great national whole,AMAZON,15-02-2024 00:00
 Samsung Charger 25W ,Accessories,1,good sense free interesting,amazon,18-12-2024 00:00
Samsung Galaxy M14,Smartphone,2,average media inside sometimes reveal baby position already issue slow performance,FLIPKART,27-10-2024 00:00
Samsung Galaxy M14,Smartphone,3,excellent pull nor what history nature local issue charging problem,FLIPKART,15-10-2022 00:00
 Samsung Buds Live ,Accessories,1,bad kind decade tell girl product yard issue camera quality is poor,amazon,09-07-2024 00:00
 Samsung Buds 2 ,Accessories,5,excellent purpose style by level,amazon,08-08-2024 00:00
Samsung Buds Live,Accessories,4,worth it executive because part because then,AMAZON,16-02-2022 00:00
Samsung Galaxy A54,Smartphone,4,average,AMAZON,11-11-2023 00:00
Samsung Galaxy A14,Smartphone,2,bad issue battery draining fast,AMAZON,24-05-2022 00:00
Samsung Buds 2,Accessories,5,worth it test carry who above second reflect scientist,flipkart,16-03-2024 00:00
Samsung Galaxy S21 FE,Smartphone,3,excellent issue camera quality is poor,flipkart,30-10-2024 00:00
Samsung Galaxy A54,Smartphone,4,worth it he free style model mean participant letter,AMAZON,05-08-2023 00:00
Samsung Buds Live,Accessories,5,waste of money too per benefit fund,FLIPKART,11-05-2024 00:00
Samsung Galaxy S23,Smartphone,3,waste of money issue display flickering,AMAZON,16-08-2023 00:00
Samsung Galaxy S23,Smartphone,4,bad give live camera clear grow travel,FLIPKART,08-07-2024 00:00
Samsung Buds 2,Accessories,3,bad public significant pick human issue display flickering,amazon,19-08-2022 00:00
Samsung Galaxy M34,Smartphone,3,average technology voice tough democrat remember issue overheating issue,FLIPKART,10-07-2023 00:00
Samsung Galaxy A54,Smartphone,4,excellent task education color son,AMAZON,31-07-2022 00:00
 Samsung Galaxy Book 2 ,Smartphone,3,worth it goal choose certainly land sort small just issue slow performance,flipkart,10-04-2023 00:00
 Samsung Galaxy M34 ,Smartphone,5,not great look machine support keep,flipkart,20-08-2024 00:00
Samsung Galaxy S23,Smartphone,5,not great ten this rise long water,flipkart,03-08-2022 00:00
Samsung Galaxy M14,Smartphone,4,excellent myself performance mouth throw enjoy choose every,amazon,21-10-2024 00:00
Samsung Galaxy M34,Smartphone,3,waste of money remember pattern commercial mouth leg,flipkart,09-12-2023 00:00
Samsung Galaxy Tab S7 FE,Smartphone,5,bad others contain both,AMAZON,09-09-2022 00:00
 Samsung Galaxy M34 ,Smartphone,4,excellent despite pass international agree whether,FLIPKART,15-01-2022 00:00
Samsung Galaxy M34,Smartphone,4,average seven dog president scientist who yet usually,FLIPKART,26-02-2022 00:00
Samsung Galaxy A34,Smartphone,4,excellent shoulder by stand seven movie baby hour,amazon,20-09-2023 00:00
Samsung Buds Live,Accessories,3,average environment wait much yourself cost sister issue battery draining fast,amazon,02-06-2024 00:00
 Samsung Galaxy Book 2 ,Smartphone,3,not great issue overheating issue,AMAZON,22-03-2022 00:00
 Samsung Galaxy A14 ,Smartphone,5,bad future example deal show,AMAZON,30-09-2022 00:00
 Samsung Galaxy A34 ,Smartphone,3,good blue dinner consider her society model,AMAZON,13-08-2023 00:00
 Samsung Galaxy Book 2 ,Smartphone,1,not great whose accept your book house issue display flickering,amazon,10-01-2022 00:00
Samsung Galaxy M53,Smartphone,5,good make article window vote,flipkart,17-01-2024 00:00
 Samsung Galaxy Tab A8 ,Smartphone,1,worth it number week wait life administration interesting especially,AMAZON,20-08-2024 00:00
Samsung Galaxy A34,Smartphone,2,worth it away conference upon cover trip red,amazon,22-04-2024 00:00
Samsung Galaxy Tab A8,Smartphone,2,bad issue battery draining fast,AMAZON,10-04-2022 00:00
Samsung Galaxy Tab S7 FE,Smartphone,4,bad born staff anyone onto information federal mother,AMAZON,11-11-2022 00:00
Samsung Galaxy Tab A8,Smartphone,4,excellent upon onto coach market case let join,AMAZON,04-06-2022 00:00
Samsung Galaxy Tab A8,Smartphone,4,not great upon grow admit understand wide it religious,AMAZON,09-06-2023 00:00
Samsung Buds Live,Accessories,2,not great difficult cover hot,FLIPKART,13-01-2024 00:00
Samsung Galaxy M34,Smartphone,3,not great yourself campaign race raise project program population issue display flickering,FLIPKART,24-10-2023 00:00
Samsung Galaxy A14,Smartphone,5,waste of money stage lawyer some difficult college century road,flipkart,02-09-2023 00:00
Samsung Galaxy A14,Smartphone,4,excellent serve natural site design inside college,AMAZON,28-10-2023 00:00
Samsung Galaxy S21 FE,Smartphone,2,bad situation most business behavior issue display flickering,AMAZON,27-09-2023 00:00
 Samsung Galaxy A54 ,Smartphone,1,excellent live early degree far,flipkart,20-01-2023 00:00
Samsung Galaxy A14,Smartphone,3,average issue slow performance,FLIPKART,22-10-2023 00:00
Samsung Galaxy Tab S7 FE,Smartphone,4,bad recognize wrong term these four great,flipkart,07-07-2023 00:00
Samsung Galaxy Tab A8,Smartphone,1,good girl increase government help college that issue battery draining fast,AMAZON,29-06-2023 00:00
 Samsung Galaxy Book 3 ,Smartphone,2,good nation have task employee issue camera quality is poor,AMAZON,07-03-2023 00:00
Samsung Galaxy M14,Smartphone,2,waste of money something large rate collection issue battery draining fast,flipkart,04-12-2023 00:00
 Samsung Galaxy S23 ,Smartphone,5,waste of money later candidate heavy success same heart,amazon,01-04-2024 00:00
 Samsung Galaxy M34 ,Smartphone,3,bad issue slow performance,flipkart,08-01-2022 00:00
Samsung Galaxy M53,Smartphone,4,excellent fast either may return grow at,amazon,03-05-2024 00:00
Samsung Galaxy Book 2,Smartphone,3,worth it various begin quality,FLIPKART,28-10-2023 00:00
Samsung Galaxy A14,Smartphone,5,bad value network moment as establish,amazon,10-02-2023 00:00
Samsung Galaxy A54,Smartphone,2,worth it action issue parent young red professional field issue battery draining fast,FLIPKART,15-04-2023 00:00
 Samsung Galaxy A14 ,Smartphone,3,excellent whom begin ability claim us,flipkart,01-04-2022 00:00
Samsung Galaxy A54,Smartphone,3,waste of money health tree back left person family,AMAZON,28-01-2024 00:00
Samsung Galaxy S22,Smartphone,4,excellent return challenge they,FLIPKART,15-11-2023 00:00
 Samsung Galaxy M14 ,Smartphone,1,average born fire out step send happy decade,FLIPKART,16-01-2022 00:00
 Samsung Soundbar ,Other,4,build quality feels premium,amazon,20-09-2023
Samsung Charger 25W,Accessories,2,waste of money mean personal onto bit specific effort then,FLIPKART,03-07-2023 00:00
Samsung Galaxy S22,Smartphone,3,not great dog say director artist stop least issue battery draining fast,flipkart,15-12-2023 00:00
Samsung Galaxy S21 FE,Smartphone,5,worth it try sea project win,AMAZON,02-04-2022 00:00
 Samsung Galaxy S21 FE ,Smartphone,5,excellent head meet guess choose structure final,amazon,01-04-2022 00:00
 Samsung Galaxy Tab S7 FE ,Smartphone,4,excellent guy thousand in back at leg crime,amazon,06-07-2023 00:00
 Samsung Galaxy Book 2 ,Smartphone,2,worth it minute both someone morning same tough majority,AMAZON,09-03-2024 00:00
Samsung Galaxy M34,Smartphone,1,bad issue charging problem,flipkart,06-05-2023 00:00
Samsung Galaxy A34,Smartphone,4,average exactly of must maybe camera bed,AMAZON,24-02-2024 00:00
Samsung Galaxy S22,Smartphone,4,waste of money build born allow security through,AMAZON,11-07-2024 00:00
 Samsung Galaxy Watch6 ,Smartphone,5,highly recommend to others,FLIPKART,26-03-2023
Samsung Galaxy M34,Smartphone,2,bad discover act social similar choose at threat,AMAZON,02-08-2022 00:00
 Samsung Galaxy Tab A8 ,Smartphone,3,waste of money decide system movie write two east,flipkart,08-04-2022 00:00
Samsung Galaxy A14,Smartphone,4,bad among about soon cost,AMAZON,02-09-2022 00:00
Samsung Galaxy Tab S7 FE,Smartphone,4,worth it attorney environment spring thank attack,amazon,13-03-2022 00:00
 Samsung Galaxy S21 FE ,Smartphone,3,excellent investment theory indicate away crime hit body,amazon,27-01-2022 00:00
Samsung Galaxy S22,Smartphone,2,average with reflect respond no thus crime issue slow performance,FLIPKART,30-05-2024 00:00
Samsung Galaxy A54,Smartphone,3,bad become phone concern city blue collection,amazon,12-03-2024 00:00
 Samsung Buds 2 ,Accessories,3,not great reality weight realize as pull bill what,flipkart,14-02-2022 00:00
 Samsung Galaxy S21 FE ,Smartphone,4,average fish this yourself,flipkart,09-03-2023 00:00
 Samsung Buds Live ,Accessories,3,average hold section available seek agreement personal whatever issue overheating issue,AMAZON,19-05-2023 00:00
Samsung Galaxy S23,Smartphone,5,waste of money support lead must type,flipkart,21-01-2023 00:00
 Samsung Charger 25W ,Accessories,4,average it remember party weight public security,AMAZON,06-07-2024 00:00
Samsung Galaxy Tab A8,Smartphone,2,waste of money issue battery draining fast,AMAZON,06-05-2022 00:00
 Samsung Galaxy S21 FE ,Smartphone,4,average contain dinner name believe,AMAZON,21-08-2022 00:00
Samsung Refrigerator,Other,3,great value for money,AMAZON,19-11-2024
Samsung Galaxy Tab S7 FE,Smartphone,4,worth it prepare talk along clearly during ready,flipkart,07-06-2023 00:00
Samsung Buds 2,Accessories,2,waste of money begin look stop quickly side product issue camera quality is poor,AMAZON,01-07-2023 00:00
Samsung Galaxy S22,Smartphone,5,excellent section one finish tough,AMAZON,30-12-2023 00:00
Samsung Galaxy A34,Smartphone,4,not great question real later experience whatever change,flipkart,02-01-2024 00:00
 Samsung Galaxy A14 ,Smartphone,5,average edge believe seat set into,AMAZON,27-02-2024 00:00
 Samsung Galaxy Tab A8 ,Smartphone,3,excellent care performance scene word message land issue battery draining fast,FLIPKART,18-01-2022 00:00
Samsung Galaxy Tab A8,Smartphone,2,worth it this recent politics him statement,AMAZON,30-12-2024 00:00
Samsung Galaxy A34,Smartphone,3,waste of money author this back my issue slow performance,AMAZON,01-01-2022 00:00
Samsung Galaxy Book 2,Smartphone,1,good fly right others direction skill issue slow performance,FLIPKART,20-02-2024 00:00
Samsung Galaxy M34,Smartphone,1,excellent dinner around sense often small box final single,amazon,30-01-2024 00:00
Samsung Galaxy A34,Smartphone,3,good possible whose trial issue slow performance,flipkart,05-03-2023 00:00
Samsung Galaxy A54,Smartphone,5,average deal available sure,FLIPKART,27-01-2023 00:00
Samsung Galaxy S22,Smartphone,4,average set capital serious loss nothing hear,flipkart,16-08-2022 00:00
Samsung Galaxy M53,Smartphone,3,worth it movie industry indicate nature the reason,AMAZON,25-12-2024 00:00
Samsung Galaxy Tab S7 FE,Smartphone,2,average page pretty black institution,FLIPKART,04-05-2024 00:00
Samsung Galaxy A34,Smartphone,5,good college size have bring until full responsibility,AMAZON,23-06-2024 00:00
 Samsung Galaxy Tab A8 ,Smartphone,1,good issue charging problem,amazon,26-08-2022 00:00
Samsung Galaxy S22,Smartphone,5,worth it perhaps subject bag computer television,AMAZON,27-11-2024 00:00
Samsung Buds Live,Accessories,2,bad never decision certain room issue slow performance,AMAZON,23-10-2023 00:00
 Samsung Galaxy S22 ,Smartphone,4,good beautiful physical whether democrat trouble,amazon,11-06-2022 00:00
Samsung Galaxy Book 3,Smartphone,5,worth it goal leave thought method against shoulder,amazon,13-07-2024 00:00
 Samsung Galaxy A54 ,Smartphone,2,average cause tonight country gun fact current develop issue overheating issue,FLIPKART,31-08-2022 00:00
 Samsung Galaxy S21 FE ,Smartphone,4,bad include production everything half well night,AMAZON,22-07-2024 00:00
Samsung Galaxy M53,Smartphone,3,good issue slow performance,FLIPKART,30-01-2022 00:00
Samsung Galaxy Book 3,Smartphone,3,waste of money,AMAZON,29-07-2023 00:00
Samsung Galaxy M53,Smartphone,4,average institution capital democratic cup knowledge relationship per strong,AMAZON,27-07-2022 00:00
Samsung Galaxy Tab A8,Smartphone,1,excellent base task here adult stand finish fire issue battery draining fast,amazon,16-03-2024 00:00
Samsung Galaxy M53,Smartphone,2,excellent may meeting staff four picture early,flipkart,15-09-2023 00:00
 Samsung Galaxy M53 ,Smartphone,4,excellent ahead add organization line leave,AMAZON,20-11-2024 00:00
Samsung Galaxy Book 2,Smartphone,4,excellent entire lot collection child international,FLIPKART,08-10-2022 00:00
Samsung Galaxy M14,Smartphone,3,waste of money issue battery draining fast,amazon,08-02-2023 00:00
 Samsung Buds 2 ,Accessories,5,waste of money,FLIPKART,29-12-2023 00:00
 Samsung Galaxy M53 ,Smartphone,4,good bar for mission instead,AMAZON,19-09-2024 00:00
Samsung Buds 2,Accessories,4,not great benefit eat necessary its ask real speech,AMAZON,26-03-2023 00:00
Samsung Galaxy S23,Smartphone,5,waste of money north south continue century,FLIPKART,10-04-2024 00:00
Samsung Buds 2,Accessories,5,bad wrong over land allow social,flipkart,13-03-2022 00:00
Samsung Galaxy S22,Smartphone,3,excellent issue charging problem,FLIPKART,31-08-2023 00:00
Samsung Galaxy M14,Smartphone,5,excellent teach off daughter how artist,flipkart,03-02-2022 00:00
Samsung Galaxy S22,Smartphone,4,excellent seek million trip every appear,amazon,06-10-2022 00:00
Samsung Galaxy M34,Smartphone,4,worth it total example place others reach each speak receive,amazon,27-04-2023 00:00
Samsung Charger 25W,Accessories,3,waste of money issue overheating issue,AMAZON,11-05-2023 00:00
Samsung Galaxy Book 2,Smartphone,3,worth it both pass wish nothing phone beat laugh issue overheating issue,flipkart,15-06-2022 00:00
Samsung Buds 2,Accessories,2,good issue display flickering,amazon,18-10-2023 00:00
 Samsung Galaxy S22 ,Smartphone,1,average heavy happen professor authority level,flipkart,18-04-2023 00:00
Samsung Galaxy Book 2,Smartphone,4,good film up artist,flipkart,28-03-2022 00:00
Samsung Galaxy S22,Smartphone,3,excellent campaign later nor develop management,AMAZON,04-01-2024 00:00
Samsung Galaxy Book 2,Smartphone,5,average thousand tonight citizen century smile every,FLIPKART,21-08-2023 00:00
Samsung Galaxy S22,Smartphone,2,bad our window only figure,FLIPKART,12-12-2024 00:00
Samsung Galaxy S21 FE,Smartphone,4,not great field stock stuff commercial official too,amazon,14-04-2023 00:00
Samsung Galaxy M34,Smartphone,3,good issue slow performance,amazon,12-01-2022 00:00
Samsung Galaxy A54,Smartphone,3,waste of money stop short around different measure politics issue display flickering,flipkart,09-05-2022 00:00
Samsung Galaxy Book 2,Smartphone,4,good person use unit glass soldier,flipkart,21-09-2023 00:00
Samsung Galaxy M34,Smartphone,5,bad sister view month interview body avoid,AMAZON,29-12-2023 00:00
Samsung Galaxy Tab A8,Smartphone,5,not great seek call task rather house,amazon,28-09-2023 00:00
Samsung Galaxy S21 FE,Smartphone,4,excellent finally firm low simply film always,AMAZON,21-07-2024 00:00
 Samsung Galaxy S22 ,Smartphone,5,average voice wait father factor song those prepare entire,amazon,12-12-2023 00:00
 Samsung Galaxy A54 ,Smartphone,4,not great example view hear end special wonder a,AMAZON,29-11-2024 00:00
Samsung Galaxy M14,Smartphone,3,waste of money away before performance nor issue charging problem,flipkart,20-01-2024 00:00
 Samsung Buds Live ,Accessories,4,not great entire everyone prevent,FLIPKART,14-01-2022 00:00
Samsung Galaxy Book 3,Smartphone,3,not great task four he weight blood husband issue overheating issue,FLIPKART,03-05-2024 00:00
Samsung Galaxy A54,Smartphone,3,average man without marriage analysis past nor hair issue battery draining fast,FLIPKART,03-09-2024 00:00
 Samsung Galaxy Book 3 ,Smartphone,4,good itself force decide sit hundred administration,FLIPKART,11-09-2024 00:00
Samsung Galaxy A34,Smartphone,4,worth it answer recently manage run,flipkart,04-04-2024 00:00
 Samsung Buds Live ,Accessories,5,waste of money expert much without enough parent much,FLIPKART,02-05-2022 00:00
 Samsung Galaxy S22 ,Smartphone,3,excellent college record bring move issue battery draining fast,FLIPKART,04-08-2024 00:00
Samsung Galaxy M14,Smartphone,4,not great establish amount hard before,amazon,01-02-2022 00:00
 Samsung Charger 25W ,Accessories,4,worth it animal check theory detail,amazon,03-11-2023 00:00
Samsung Galaxy S22,Smartphone,4,good happy or never push adult sign,FLIPKART,21-01-2024 00:00
Samsung Galaxy A14,Smartphone,3,bad money left management certainly identify issue battery draining fast,flipkart,26-01-2024 00:00
Samsung Buds Live,Accessories,4,waste of money see trip treatment travel watch,AMAZON,14-09-2024 00:00
Samsung Galaxy S22,Smartphone,5,bad walk thing those family,AMAZON,20-08-2022 00:00
Samsung Galaxy Book 2,Smartphone,4,excellent nation reason role according home forward,flipkart,22-08-2023 00:00
Samsung Galaxy Tab A8,Smartphone,4,not great on change author need let may,FLIPKART,16-06-2022 00:00
Samsung Galaxy M34,Smartphone,4,average collection year agreement realize strategy trial build,FLIPKART,14-03-2024 00:00
 Samsung QLED TV ,TV,2,not as expected returning it,amazon,21-05-2024
 Samsung Galaxy S22 ,Smartphone,1,waste of money early across stuff page house program share issue overheating issue,flipkart,17-02-2023 00:00
 Samsung Air Conditioner ,Other,5,highly recommend to others,amazon,26-06-2023
Samsung Buds 2,Accessories,2,waste of money arm girl option also her task change issue overheating issue,FLIPKART,06-09-2024 00:00
Samsung Galaxy A54,Smartphone,1,good enough have room film,flipkart,26-04-2023 00:00
 Samsung Buds 2 ,Accessories,3,bad usually thing single language international leader sport,amazon,24-05-2024 00:00
Samsung Galaxy M14,Smartphone,1,not great she religious treatment feeling,amazon,28-07-2023 00:00
Samsung Galaxy S21 FE,Smartphone,5,average over into too alone value father real,AMAZON,03-05-2024 00:00
Samsung Galaxy Tab S7 FE,Smartphone,4,waste of money wait instead decide couple stop all finish,FLIPKART,06-02-2022 00:00
Samsung Galaxy A54,Smartphone,5,waste of money value significant able,FLIPKART,07-04-2022 00:00
Samsung Galaxy Tab A8,Smartphone,4,good prepare still high size,FLIPKART,19-01-2023 00:00
Samsung Galaxy S23,Smartphone,2,not great along energy sort argue special theory decide hope issue display flickering,amazon,29-05-2024 00:00
Samsung Galaxy A34,Smartphone,4,good must after fine,flipkart,31-07-2024 00:00
Samsung Galaxy Tab A8,Smartphone,2,waste of money issue slow performance,flipkart,25-12-2022 00:00
Samsung Galaxy Tab S7 FE,Smartphone,4,bad writer administration particularly central city thousand reveal,FLIPKART,03-08-2024 00:00
Samsung Galaxy Tab A8,Smartphone,5,bad cell almost where subject high pick,AMAZON,27-08-2022 00:00
Samsung Galaxy S23,Smartphone,2,good issue overheating issue,FLIPKART,30-11-2023 00:00
Samsung Galaxy Tab A8,Smartphone,1,bad use upon teacher sea yourself husband,AMAZON,08-10-2024 00:00
Samsung Galaxy Tab S7 FE,Smartphone,3,average last hope several issue overheating issue,flipkart,05-01-2022 00:00
Samsung Galaxy A34,Smartphone,4,average seven from operation movement best stand,amazon,01-01-2024 00:00
Samsung Buds Live,Accessories,5,good stuff behavior realize note,FLIPKART,31-12-2022 00:00
Samsung Galaxy Tab S7 FE,Smartphone,3,waste of money network standard significant tend enough do third,FLIPKART,19-05-2024 00:00
 Samsung Galaxy A54 ,Smartphone,4,excellent decision likely authority hold main example consider,amazon,19-06-2023 00:00
 Samsung Galaxy A54 ,Smartphone,5,excellent defense production big security,flipkart,18-12-2022 00:00
 Samsung Galaxy Book 3 ,Smartphone,3,not great issue display flickering,FLIPKART,29-11-2023 00:00
Samsung Galaxy M53,Smartphone,3,excellent strong investment lose give fall consider space issue display flickering,flipkart,14-04-2022 00:00
Samsung Galaxy Tab S7 FE,Smartphone,4,good degree economic want father,flipkart,18-07-2022 00:00
 Samsung Galaxy M34 ,Smartphone,4,good worry with fall my fly hundred,FLIPKART,20-03-2024 00:00
 Samsung Galaxy S23 ,Smartphone,4,average forget build important prepare move plan stop again,flipkart,07-07-2024 00:00
Samsung Galaxy A54,Smartphone,3,good sea weight effect factor eye,AMAZON,12-11-2022 00:00
 Samsung Galaxy Tab S7 FE ,Smartphone,5,waste of money road agree let,amazon,05-03-2023 00:00
Samsung Galaxy M14,Smartphone,4,excellent what what eat participant question still,amazon,04-03-2024 00:00
 Samsung Galaxy S23 ,Smartphone,4,not great today environment church,FLIPKART,15-10-2023 00:00
Samsung Galaxy M34,Smartphone,4,bad world feel foot give,amazon,29-11-2022 00:00
Samsung Buds 2,Accessories,4,worth it show develop reveal,FLIPKART,13-10-2023 00:00
 Samsung Galaxy S22 ,Smartphone,5,excellent memory chance rise term about statement catch,AMAZON,11-01-2022 00:00
Samsung Buds Live,Accessories,3,waste of money standard campaign couple try star production scene,AMAZON,02-10-2022 00:00
 Samsung Galaxy M14 ,Smartphone,2,bad base buy ground drug once interview positive issue battery draining fast,FLIPKART,08-02-2024 00:00
Samsung Galaxy Book 2,Smartphone,4,excellent left approach executive collection,FLIPKART,03-11-2023 00:00
Samsung Galaxy S22,Smartphone,2,good business center effort later,amazon,30-07-2024 00:00
Samsung Buds 2,Accessories,4,excellent involve meeting test official amount,flipkart,13-02-2023 00:00
Samsung Galaxy Tab A8,Smartphone,4,good father cell from according soldier,amazon,25-06-2022 00:00
Samsung Buds 2,Accessories,4,worth it another available hair,AMAZON,04-05-2022 00:00
Samsung Charger 25W,Accessories,3,average up soon sea school speak score imagine,AMAZON,30-08-2023 00:00
Samsung Galaxy Tab A8,Smartphone,4,waste of money parent dark agent born common,FLIPKART,29-05-2024 00:00
 Samsung Charger 25W ,Accessories,4,excellent adult south recognize,amazon,12-02-2023 00:00
Samsung Galaxy A14,Smartphone,4,bad should boy despite represent really section,flipkart,30-12-2024 00:00
Samsung Galaxy Tab A8,Smartphone,1,good contain security week try per personal issue battery draining fast,flipkart,13-02-2022 00:00
Samsung Galaxy Tab S7 FE,Smartphone,2,good wall ahead north time issue charging problem,amazon,06-12-2023 00:00
 Samsung Galaxy A34 ,Smartphone,5,not great including bring for force movie ahead whom,flipkart,09-02-2023 00:00
 Samsung Charger 25W ,Accessories,5,average,AMAZON,05-06-2023 00:00
 Samsung Galaxy Tab S7 FE ,Smartphone,1,bad kid either law,FLIPKART,21-03-2022 00:00
Samsung Galaxy M14,Smartphone,4,average police state computer country red sea if,amazon,06-09-2022 00:00
Samsung Galaxy A54,Smartphone,2,good issue battery draining fast,FLIPKART,24-04-2024 00:00
Samsung Buds Live,Accessories,2,waste of money once coach she better live soldier,amazon,30-05-2024 00:00
Samsung Galaxy A34,Smartphone,4,excellent,amazon,07-03-2022 00:00
Samsung Buds 2,Accessories,5,bad fast food talk event nice tonight prove medical,AMAZON,26-02-2024 00:00
 Samsung Galaxy Tab A8 ,Smartphone,1,excellent administration turn movement recently may boy type,FLIPKART,01-09-2022 00:00
Samsung Galaxy A14,Smartphone,4,good able person consumer game few drive think,amazon,07-01-2022 00:00
Samsung Charger 25W,Accessories,4,good option discover across citizen,FLIPKART,21-09-2022 00:00
 Samsung Galaxy Tab S7 FE ,Smartphone,5,bad trouble environment other imagine treatment,flipkart,12-01-2024 00:00
Samsung Crystal UHD TV,TV,1,great value for money,FLIPKART,08-04-2024
 Samsung Buds Live ,Accessories,4,bad some page appear southern mouth,AMAZON,25-02-2022 00:00
Samsung Buds 2,Accessories,5,excellent over year remain center down,AMAZON,23-01-2022 00:00
Samsung Galaxy S22,Smartphone,5,worth it decade town determine let consider,FLIPKART,29-09-2024 00:00
 Samsung Washing Machine ,Other,2,not worth the price,amazon,17-07-2024
Samsung Galaxy A14,Smartphone,3,good sort top office issue charging problem,AMAZON,31-07-2023 00:00
 Samsung Galaxy Tab S7 FE ,Smartphone,4,worth it issue develop seek require protect window threat,FLIPKART,31-12-2022 00:00
Samsung Buds Live,Accessories,3,excellent mention else message next black decade professor eye,flipkart,08-07-2022 00:00
Samsung Galaxy S22,Smartphone,4,not great black base second conference open,FLIPKART,28-04-2022 00:00
 Samsung Galaxy A34 ,Smartphone,2,bad part create wind big miss here easy wait,AMAZON,03-08-2022 00:00
 Samsung Galaxy A34 ,Smartphone,4,waste of money interview product movie against move wish suggest,AMAZON,30-01-2023 00:00
 Samsung Galaxy M14 ,Smartphone,4,worth it fight new avoid fund myself author key,flipkart,08-08-2023 00:00
Samsung Buds 2,Accessories,5,waste of money world ability like book,flipkart,02-01-2024 00:00
 Samsung Galaxy S22 ,Smartphone,4,worth it family week international rate kitchen,AMAZON,08-10-2024 00:00
Samsung Galaxy S22,Smartphone,3,bad issue display flickering,FLIPKART,13-12-2023 00:00
 Samsung Galaxy Tab S7 FE ,Smartphone,3,excellent issue display flickering,amazon,08-08-2023 00:00
 Samsung Galaxy Tab S7 FE ,Smartphone,1,good outside end style yes feeling process give issue battery draining fast,flipkart,26-09-2022 00:00
 Samsung Charger 25W ,Accessories,4,bad where technology republican,flipkart,06-12-2023 00:00
 Samsung Galaxy S22 ,Smartphone,4,good that mind admit opportunity popular yeah also consumer,amazon,06-09-2022 00:00
Samsung Galaxy S23,Smartphone,4,average buy thought second,AMAZON,23-06-2024 00:00
 Samsung Galaxy S22 ,Smartphone,3,not great back ability four next bed area quality church issue overheating issue,FLIPKART,25-11-2023 00:00
Samsung Galaxy M14,Smartphone,5,excellent tree hand game add clearly yet so,AMAZON,28-01-2023 00:00
 Samsung Galaxy S22 ,Smartphone,4,good of after door or team scene,flipkart,10-06-2024 00:00
Samsung Galaxy S22,Smartphone,3,excellent discussion up nothing gas throughout tend office issue battery draining fast,FLIPKART,05-03-2024 00:00
Samsung Galaxy M53,Smartphone,5,waste of money minute quite process option subject capital century,AMAZON,20-10-2022 00:00
Samsung Galaxy Tab S7 FE,Smartphone,5,average left boy certain guy law,flipkart,24-10-2022 00:00
Samsung Galaxy Book 3,Smartphone,4,not great mind three pass debate kind market,amazon,15-12-2023 00:00
Samsung Buds Live,Accessories,5,average outside door husband staff,FLIPKART,23-02-2024 00:00
 Samsung Galaxy M14 ,Smartphone,4,not great but factor size spring enjoy reduce house,AMAZON,11-11-2023 00:00
 Samsung Galaxy Watch6 ,Smartphone,1,excellent product very satisfied,AMAZON,18-10-2023
Samsung Galaxy S22,Smartphone,4,worth it significant teach must manage husband country,FLIPKART,05-09-2022 00:00
Samsung Galaxy M34,Smartphone,3,waste of money opportunity minute save million protect issue camera quality is poor,amazon,06-03-2023 00:00
Samsung Galaxy M14,Smartphone,4,bad school discover sense free gas,FLIPKART,23-10-2024 00:00
 Samsung Galaxy S22 ,Smartphone,4,waste of money,amazon,12-11-2023 00:00
Samsung Galaxy A34,Smartphone,3,bad well scene imagine smile fact doctor issue overheating issue,AMAZON,20-04-2022 00:00
 Samsung Galaxy S23 ,Smartphone,5,bad professor nature painting recent several voice language,amazon,30-01-2022 00:00
 Samsung Galaxy Tab A8 ,Smartphone,5,excellent last much focus pattern,flipkart,16-12-2022 00:00
 Samsung Galaxy M53 ,Smartphone,3,average measure nearly hundred step state,AMAZON,15-04-2023 00:00
Samsung Galaxy Tab A8,Smartphone,2,excellent data red high ever into follow issue battery draining fast,flipkart,22-09-2023 00:00
Samsung Galaxy A34,Smartphone,4,waste of money condition which doctor body,FLIPKART,10-04-2023 00:00
Samsung Buds Live,Accessories,5,bad opportunity difficult number indeed land debate play our,AMAZON,08-08-2024 00:00
Samsung Galaxy Book 3,Smartphone,3,worth it issue battery draining fast,FLIPKART,23-05-2024 00:00
 Samsung Galaxy M53 ,Smartphone,4,worth it ever beyond agency back in fine,flipkart,27-03-2022 00:00
Samsung Galaxy M34,Smartphone,2,average issue camera quality is poor,FLIPKART,22-12-2023 00:00
Samsung Galaxy Tab A8,Smartphone,4,excellent around method door someone interest those,amazon,23-11-2024 00:00
 Samsung Crystal UHD TV ,TV,1,delivery was delayed but the product is great,FLIPKART,21-10-2024
 Samsung Galaxy A54 ,Smartphone,5,very userfriendly interface,amazon,25-11-2024
Samsung Galaxy M34,Smartphone,4,waste of money someone kid these stage chair,AMAZON,04-02-2024 00:00
Samsung Buds 2,Accessories,4,bad price or new guess add time drug word,FLIPKART,27-06-2022 00:00
Samsung Galaxy M14,Smartphone,4,bad,flipkart,07-11-2024 00:00
Samsung Galaxy S22,Smartphone,2,worth it gun away summer voice gun issue battery draining fast,AMAZON,31-07-2024 00:00
Samsung Galaxy Tab S7 FE,Smartphone,1,excellent issue display flickering,FLIPKART,11-06-2023 00:00
Samsung Galaxy M14,Smartphone,4,waste of money attorney program than between place security,flipkart,16-09-2024 00:00
Samsung Galaxy M34,Smartphone,5,good peace ask now cell institution,amazon,28-07-2024 00:00
Samsung Galaxy S23,Smartphone,4,good employee there public however,flipkart,13-06-2023 00:00
Samsung Galaxy A34,Smartphone,5,excellent consider interview while send body thank,FLIPKART,06-10-2022 00:00
 Samsung Galaxy A14 ,Smartphone,1,bad pressure such why thus learn mr thank issue battery draining fast,flipkart,13-12-2023 00:00
Samsung Charger 25W,Accessories,2,waste of money yes social main hand mouth issue charging problem,amazon,05-09-2024 00:00
Samsung Buds 2,Accessories,5,waste of money myself out may think,FLIPKART,22-08-2024 00:00
Samsung Galaxy S21 FE,Smartphone,3,good teacher act bank certainly party enter knowledge,flipkart,21-07-2024 00:00
Samsung Galaxy M53,Smartphone,5,worth it remember need language radio type,FLIPKART,04-11-2024 00:00
 Samsung Galaxy S21 FE ,Smartphone,4,excellent rich spring material structure sport edge receive full,amazon,05-05-2024 00:00
Samsung Galaxy Tab A8,Smartphone,5,not great gas quality student trip exist enough culture,FLIPKART,11-02-2023 00:00
Samsung Charger 25W,Accessories,3,excellent energy east mission six,AMAZON,30-01-2024 00:00
 Samsung Galaxy A14 ,Smartphone,1,good prove physical yes poor,amazon,19-05-2022 00:00
Samsung Galaxy A14,Smartphone,2,bad issue battery draining fast,amazon,26-02-2022 00:00
Samsung Galaxy Tab S7 FE,Smartphone,1,worth it customer future our too think issue overheating issue,FLIPKART,01-05-2024 00:00
Samsung Galaxy Tab A8,Smartphone,4,not great respond specific enter most,flipkart,05-05-2022 00:00
Samsung Galaxy M34,Smartphone,1,bad certainly conference culture meeting growth ball phone issue battery draining fast,amazon,04-10-2022 00:00
 Samsung Galaxy A14 ,Smartphone,2,average,flipkart,27-01-2023 00:00
Samsung Galaxy Book 3,Smartphone,1,worth it issue display flickering,FLIPKART,09-09-2023 00:00
 Samsung Galaxy S21 FE ,Smartphone,5,waste of money station heavy hotel hard,flipkart,13-05-2022 00:00
Samsung Charger 25W,Accessories,3,not great issue display flickering,AMAZON,11-09-2024 00:00
Samsung Galaxy Tab S7 FE,Smartphone,1,worth it almost simply affect issue slow performance,AMAZON,11-11-2024 00:00
 Samsung Galaxy A14 ,Smartphone,4,bad table friend director attention threat,flipkart,28-11-2023 00:00
 Samsung Galaxy A14 ,Smartphone,4,good kid choose health if,flipkart,02-07-2023 00:00
 Samsung Galaxy S22 ,Smartphone,3,worth it city us i history yourself amount several issue overheating issue,amazon,09-06-2023 00:00
 Samsung Galaxy Z Fold5 ,Smartphone,4,speaker quality is amazing,flipkart,07-05-2024
Samsung Galaxy Tab S7 FE,Smartphone,4,waste of money ability especially total today,AMAZON,27-03-2024 00:00
 Samsung Galaxy A54 ,Smartphone,3,average box might condition office edge,FLIPKART,20-01-2024 00:00
 Samsung Galaxy Tab A8 ,Smartphone,4,good suddenly long talk list,FLIPKART,01-12-2023 00:00
 Samsung Galaxy Book 3 ,Smartphone,4,bad analysis perform upon accept about,flipkart,13-11-2022 00:00
Samsung Galaxy Book 3,Smartphone,4,waste of money activity natural family happen early,amazon,25-05-2024 00:00
Samsung Buds Live,Accessories,1,excellent anyone chance off state issue battery draining fast,FLIPKART,20-04-2023 00:00
 Samsung Galaxy S22 ,Smartphone,4,waste of money foot agent note late social try consumer,FLIPKART,27-04-2022 00:00
Samsung Galaxy S22,Smartphone,4,bad success about safe treatment party as according these,flipkart,30-06-2024 00:00
Samsung Galaxy Tab A8,Smartphone,5,excellent standard factor practice kitchen note discover generation,AMAZON,31-05-2023 00:00
 Samsung Galaxy A54 ,Smartphone,3,bad issue camera quality is poor,flipkart,24-02-2022 00:00
Samsung Buds 2,Accessories,3,average authority throughout begin feeling full issue overheating issue,FLIPKART,02-08-2022 00:00
Samsung Galaxy M53,Smartphone,1,average sometimes class six their issue display flickering,AMAZON,04-02-2024 00:00
Samsung Galaxy A54,Smartphone,3,waste of money her old government mouth drug,amazon,17-05-2024 00:00
Samsung Galaxy S23,Smartphone,2,average fast stock you performance issue battery draining fast,AMAZON,21-04-2022 00:00
 Samsung Galaxy Tab A8 ,Smartphone,1,good issue camera quality is poor,flipkart,13-11-2023 00:00
 Samsung Galaxy M53 ,Smartphone,4,worth it along language will word road enough,amazon,15-05-2024 00:00
 Samsung Galaxy M14 ,Smartphone,4,average sense much writer whole half education,amazon,21-12-2024 00:00
 Samsung Galaxy M53 ,Smartphone,4,good defense rest parent in must,flipkart,16-02-2024 00:00
Samsung Galaxy A34,Smartphone,3,average left community buy call able indicate various,FLIPKART,11-06-2023 00:00
Samsung Galaxy Book 3,Smartphone,3,average far goal myself office commercial issue camera quality is poor,FLIPKART,27-01-2024 00:00
 Samsung Galaxy Tab A8 ,Smartphone,2,not great issue display flickering,flipkart,28-12-2024 00:00
Samsung Buds Live,Accessories,4,average factor myself difficult,flipkart,19-01-2022 00:00
Samsung Buds 2,Accessories,5,worth it school next paper,AMAZON,05-05-2022 00:00
Samsung Galaxy M53,Smartphone,5,bad against girl increase page election difference ten,flipkart,02-08-2024 00:00
 Samsung Charger 25W ,Accessories,4,average television fly structure feel difficult government,amazon,19-01-2022 00:00
Samsung Galaxy S23,Smartphone,5,waste of money find my simply wait recently benefit,flipkart,29-12-2024 00:00
Samsung Galaxy A54,Smartphone,2,battery life could be better,amazon,10-08-2024
 Samsung Buds Live ,Accessories,1,bad issue slow performance,AMAZON,09-02-2023 00:00
Samsung Galaxy Tab S7 FE,Smartphone,2,bad debate talk guess especially enjoy on issue slow performance,FLIPKART,08-07-2023 00:00
 Samsung Galaxy M34 ,Smartphone,5,good less heart lose try tax,FLIPKART,18-10-2024 00:00
Samsung Galaxy A14,Smartphone,5,average price choose notice rate well,flipkart,04-03-2022 00:00
 Samsung Galaxy Watch6 ,Smartphone,3,delivery was delayed but the product is great,FLIPKART,27-10-2024
 Samsung Galaxy S21 FE ,Smartphone,4,bad great staff particular best book field for,FLIPKART,13-02-2023 00:00
 Samsung Galaxy A54 ,Smartphone,4,excellent performance whole data eye oil get watch,flipkart,10-09-2024 00:00
Samsung Galaxy S23,Smartphone,3,good heavy main them five visit leave issue overheating issue,AMAZON,01-09-2022 00:00
Samsung Galaxy A34,Smartphone,4,not great then along agreement choice practice usually keep,amazon,25-03-2024 00:00
Samsung Buds 2,Accessories,2,not great issue display flickering,AMAZON,25-04-2023 00:00
Samsung Buds 2,Accessories,3,bad production heavy even store have into issue slow performance,flipkart,26-03-2022 00:00
Samsung Buds 2,Accessories,4,bad picture follow behind goal,amazon,05-02-2022 00:00
 Samsung Galaxy S21 FE ,Smartphone,2,not great mention life realize admit issue camera quality is poor,FLIPKART,13-04-2024 00:00
 Samsung Buds Live ,Accessories,4,average ten then position main several,amazon,18-05-2023 00:00
 Samsung Galaxy A34 ,Smartphone,4,not great someone scene interview teach he draw already,amazon,30-07-2024 00:00
Samsung Buds 2,Accessories,2,excellent control later our society tonight summer no issue display flickering,FLIPKART,23-02-2022 00:00
 Samsung Galaxy A34 ,Smartphone,3,worth it different scene baby no sign world,FLIPKART,29-06-2022 00:00
 Samsung Charger 25W ,Accessories,4,waste of money democrat fast marriage near rather,amazon,27-11-2023 00:00
 Samsung Galaxy A34 ,Smartphone,4,average laugh test tax chair player despite,flipkart,18-07-2024 00:00
Samsung Galaxy Book 2,Smartphone,5,waste of money consumer sport a after,amazon,22-03-2022 00:00
Samsung Galaxy A54,Smartphone,4,average describe writer news see population offer,flipkart,25-02-2023 00:00
Samsung Galaxy Book 2,Smartphone,1,average military short beautiful artist join little mrs star,flipkart,03-10-2024 00:00
Samsung Galaxy M14,Smartphone,2,good imagine tend indeed draw there probably issue overheating issue,AMAZON,31-03-2022 00:00
Samsung Galaxy Tab A8,Smartphone,4,not great collection finally society hope mission wait,amazon,11-06-2023 00:00
Samsung Buds 2,Accessories,4,good decade ball mention all character,FLIPKART,17-09-2023 00:00
Samsung Galaxy Book 3,Smartphone,4,good so far pay fall thank positive nice,AMAZON,16-10-2023 00:00
Samsung Galaxy Buds2,Smartphone,3,excellent product very satisfied,amazon,14-05-2024
Samsung Galaxy S21 FE,Smartphone,4,worth it page between fast successful against address stay attention,FLIPKART,29-12-2024 00:00
Samsung Galaxy Tab A8,Smartphone,4,not great recently oil work special prove they,AMAZON,21-04-2024 00:00
Samsung Galaxy A14,Smartphone,5,average its member political pay road respond,AMAZON,30-09-2024 00:00
 Samsung Refrigerator ,Other,5,speaker quality is amazing,flipkart,26-12-2023
 Samsung Galaxy A34 ,Smartphone,4,not great during between red party,AMAZON,20-09-2024 00:00
Samsung Galaxy Book 2,Smartphone,4,excellent degree reflect tree always congress own public,amazon,06-01-2023 00:00
Samsung Galaxy Book 3,Smartphone,5,excellent person traditional picture,flipkart,25-12-2024 00:00
Samsung Galaxy M53,Smartphone,4,not great pattern with state probably society early,FLIPKART,10-06-2022 00:00
Samsung Buds Live,Accessories,3,not great miss general form court issue display flickering,FLIPKART,04-06-2024 00:00
Samsung Galaxy Tab S7 FE,Smartphone,5,good find drive data we pay,amazon,09-11-2022 00:00
 Samsung Galaxy A54 ,Smartphone,5,bad computer able traditional within usually change however,amazon,30-06-2022 00:00
Samsung Charger 25W,Accessories,5,good drop east beautiful story of,flipkart,03-01-2023 00:00
Samsung Charger 25W,Accessories,3,bad near live dinner issue charging problem,FLIPKART,14-01-2024 00:00
Samsung Galaxy M14,Smartphone,4,bad rest continue strong list offer,AMAZON,03-09-2023 00:00
Samsung Galaxy M14,Smartphone,3,good under nor fall adult catch myself management,flipkart,27-01-2023 00:00
 Samsung Buds Live ,Accessories,5,bad rise hair rule story seven tv,AMAZON,19-05-2022 00:00
Samsung Galaxy M53,Smartphone,3,good,AMAZON,06-05-2022 00:00
Samsung Galaxy Book 2,Smartphone,3,not great baby affect card tonight issue overheating issue,flipkart,05-03-2024 00:00
Samsung Galaxy Tab A8,Smartphone,3,bad science five purpose continue business mean sound issue display flickering,flipkart,12-07-2024 00:00
Samsung Galaxy Tab S7 FE,Smartphone,3,average page mind main customer low away,FLIPKART,28-01-2023 00:00
Samsung Galaxy S23,Smartphone,3,not great officer entire beyond teacher,AMAZON,13-09-2024 00:00
Samsung Buds 2,Accessories,4,good marriage week feel change college do book,FLIPKART,06-07-2023 00:00
Samsung Galaxy Tab S7 FE,Smartphone,5,worth it responsibility job activity away piece nice hit,amazon,20-08-2022 00:00
 Samsung Galaxy M14 ,Smartphone,4,bad technology social edge summer visit some,flipkart,22-10-2023 00:00
Samsung Charger 25W,Accessories,4,waste of money shake choice skin size,flipkart,23-06-2023 00:00
Samsung Galaxy A14,Smartphone,5,average institution born exist government design some seat,flipkart,10-07-2023 00:00
Samsung Charger 25W,Accessories,3,waste of money chance girl glass exactly visit develop,flipkart,24-03-2022 00:00
Samsung Galaxy A14,Smartphone,1,waste of money care save resource according whom single term,AMAZON,06-11-2023 00:00
Samsung Buds 2,Accessories,4,bad another help model task wide,AMAZON,21-11-2022 00:00
Samsung Galaxy Tab S7 FE,Smartphone,5,not great offer hold become especially high plan want,amazon,28-01-2024 00:00
Samsung Galaxy A54,Smartphone,3,waste of money rise water weight age issue display flickering,AMAZON,28-04-2023 00:00
Samsung Galaxy A14,Smartphone,5,bad indeed story prepare face page let,amazon,19-11-2022 00:00
 Samsung Galaxy A54 ,Smartphone,4,not as expected returning it,flipkart,22-01-2024
Samsung Galaxy S21 FE,Smartphone,5,excellent popular force can edge black either,flipkart,23-07-2022 00:00
Samsung Buds Live,Accessories,4,average politics easy the approach,amazon,14-07-2024 00:00
Samsung Buds 2,Accessories,4,worth it bar meet finish total baby physical set,amazon,27-06-2024 00:00
Samsung Galaxy Tab S7 FE,Smartphone,3,worth it sport possible low night more simply goal issue charging problem,AMAZON,08-07-2024 00:00
Samsung Buds Live,Accessories,3,good issue charging problem,AMAZON,11-06-2023 00:00
Samsung Galaxy A14,Smartphone,3,not great hope health wind check defense tend approach issue camera quality is poor,FLIPKART,03-01-2024 00:00
Samsung Galaxy M14,Smartphone,5,average discover water shoulder education begin have campaign particularly,FLIPKART,11-01-2023 00:00
Samsung Galaxy A34,Smartphone,5,good level push sport behavior,AMAZON,27-11-2023 00:00
Samsung Galaxy Book 2,Smartphone,1,average gun fine important hope stay when issue slow performance,FLIPKART,04-08-2022 00:00
Samsung Galaxy Tab A8,Smartphone,4,not great art class list,FLIPKART,03-10-2022 00:00
Samsung Charger 25W,Accessories,4,good recognize character want organization,flipkart,15-08-2024 00:00
Samsung Galaxy Tab A8,Smartphone,5,not great always end tax least certain guess million,FLIPKART,22-03-2022 00:00
 Samsung Galaxy Tab A8 ,Smartphone,4,bad management event majority first deep everything,amazon,26-02-2023 00:00
Samsung Galaxy A14,Smartphone,5,not great ability middle ball end manager capital indeed,amazon,06-10-2024 00:00
 Samsung Charger 25W ,Accessories,1,not great field however newspaper rest figure,AMAZON,24-05-2022 00:00
Samsung Galaxy Tab A8,Smartphone,5,waste of money blood professor line hand office cut,flipkart,16-12-2024 00:00
Samsung Galaxy Tab S7 FE,Smartphone,5,bad season remember help perform generation,AMAZON,26-09-2023 00:00
Samsung Galaxy S21 FE,Smartphone,4,average hour their career when,flipkart,24-07-2022 00:00
Samsung Buds Live,Accessories,2,not great issue slow performance,amazon,31-08-2022 00:00
Samsung Galaxy S21 FE,Smartphone,4,worth it let become actually expert tend somebody,flipkart,05-02-2022 00:00
Samsung Galaxy Book 2,Smartphone,3,bad land listen table agent study issue display flickering,flipkart,06-04-2023 00:00
Samsung Galaxy M14,Smartphone,2,worth it born himself vote lead onto issue charging problem,FLIPKART,06-09-2024 00:00
 Samsung Galaxy M53 ,Smartphone,4,bad guess fish season our,flipkart,03-03-2022 00:00
Samsung Galaxy A14,Smartphone,1,worth it relationship store pull research trouble cover like issue battery draining fast,FLIPKART,30-05-2023 00:00
Samsung Galaxy S22,Smartphone,2,average way baby continue evening network all develop star issue display flickering,flipkart,01-02-2022 00:00
Samsung Galaxy A14,Smartphone,5,bad difficult to minute forget walk,FLIPKART,09-09-2023 00:00
Samsung Galaxy S21 FE,Smartphone,4,average operation store occur someone despite forward address serve,flipkart,20-07-2023 00:00
Samsung Galaxy A14,Smartphone,5,excellent investment senior draw lead,FLIPKART,20-01-2024 00:00
 Samsung Galaxy A54 ,Smartphone,1,waste of money apply summer republican throw,flipkart,25-10-2022 00:00
Samsung Galaxy M34,Smartphone,5,good produce summer we improve region,AMAZON,17-08-2024 00:00
Samsung Galaxy Tab S7 FE,Smartphone,5,worth it of wall people learn best,flipkart,08-09-2022 00:00
Samsung Buds Live,Accessories,3,good choice everyone itself yet,FLIPKART,31-12-2023 00:00
Samsung Galaxy S22,Smartphone,2,average spend relationship hard create,FLIPKART,10-11-2023 00:00
 Samsung Galaxy Book 3 ,Smartphone,4,excellent offer little staff,AMAZON,13-06-2022 00:00
Samsung Galaxy A14,Smartphone,2,worth it age account mouth ever million health issue slow performance,amazon,20-05-2023 00:00
 Samsung Galaxy Book 3 ,Smartphone,4,average run then heavy,flipkart,06-12-2024 00:00
 Samsung Buds Live ,Accessories,4,average believe decision hold ago nor tree ground stop,AMAZON,20-12-2024 00:00
Samsung Galaxy M53,Smartphone,4,excellent population born energy during change push,AMAZON,16-02-2022 00:00
Samsung Buds Live,Accessories,3,not great issue battery draining fast,amazon,03-06-2022 00:00
 Samsung Galaxy S23 ,Smartphone,5,worth it to outside behind suffer,flipkart,20-02-2023 00:00
Samsung Galaxy A34,Smartphone,4,average rather stock production series gun reflect onto police,amazon,16-10-2022 00:00
Samsung Galaxy M53,Smartphone,4,average growth where in certainly add nor indeed,AMAZON,04-01-2023 00:00
Samsung Galaxy A14,Smartphone,3,waste of money second say white,flipkart,19-03-2023 00:00
Samsung Galaxy Book 3,Smartphone,5,bad office various between everybody smile cut,AMAZON,30-07-2023 00:00
Samsung Galaxy A14,Smartphone,5,excellent little industry show win,FLIPKART,03-04-2023 00:00
 Samsung Galaxy S23 ,Smartphone,3,not great decision glass positive practice start,flipkart,19-04-2022 00:00
 Samsung Galaxy Tab S7 FE ,Smartphone,1,excellent final hair old general issue battery draining fast,flipkart,18-01-2022 00:00
Samsung Charger 25W,Accessories,4,excellent together skill during,amazon,11-04-2023 00:00
 Samsung Galaxy Tab S7 FE ,Smartphone,4,average can during offer public party treatment,flipkart,17-02-2024 00:00
Samsung Galaxy A54,Smartphone,3,worth it situation yes skin become have,flipkart,20-04-2022 00:00
Samsung Galaxy Tab A8,Smartphone,4,not great front spring win office behind blood,amazon,26-06-2023 00:00
Samsung Galaxy A14,Smartphone,4,bad account remember know memory hotel same information cause,flipkart,28-04-2022 00:00
Samsung Galaxy Book 3,Smartphone,3,excellent traditional firm accept run management bring ready issue battery draining fast,AMAZON,27-03-2022 00:00
Samsung Galaxy Book 2,Smartphone,5,good nearly body million participant peace well writer,flipkart,09-08-2024 00:00
 Samsung Galaxy Tab A8 ,Smartphone,5,waste of money create campaign understand job,flipkart,01-07-2023 00:00
Samsung Galaxy M14,Smartphone,3,not great these indeed wind system raise again issue display flickering,FLIPKART,21-08-2024 00:00
Samsung Galaxy S21 FE,Smartphone,4,good image hear wife political talk two,AMAZON,09-05-2023 00:00
 Samsung Galaxy M53 ,Smartphone,1,waste of money decide child method security painting step after,flipkart,17-07-2022 00:00
Samsung Galaxy S21 FE,Smartphone,3,worth it issue camera quality is poor,flipkart,10-07-2022 00:00
Samsung Buds 2,Accessories,5,worth it focus bank pattern become,FLIPKART,20-09-2023 00:00
Samsung Charger 25W,Accessories,3,average trial hit appear wait best issue charging problem,AMAZON,27-07-2024 00:00
Samsung Charger 25W,Accessories,4,average sound address simple increase site main physical,flipkart,06-10-2024 00:00
 Samsung QLED TV ,TV,2,nice product but a bit overpriced,flipkart,19-08-2023
Samsung Galaxy A54,Smartphone,3,waste of money form daughter apply personal customer beyond decision issue battery draining fast,FLIPKART,25-05-2022 00:00
 Samsung Galaxy S23 ,Smartphone,5,excellent,amazon,05-02-2024 00:00
Samsung Galaxy S21 FE,Smartphone,4,good lawyer full animal,flipkart,24-06-2022 00:00
Samsung Galaxy Tab A8,Smartphone,4,excellent tax others six little voice else return,AMAZON,21-07-2024 00:00
Samsung Charger 25W,Accessories,4,bad again guess good day fund read from,flipkart,02-12-2022 00:00
 Samsung Galaxy S21 FE ,Smartphone,2,bad issue display flickering,amazon,04-04-2024 00:00
Samsung Galaxy M53,Smartphone,4,worth it staff last again,AMAZON,17-02-2024 00:00
Samsung Galaxy Book 3,Smartphone,5,good leader agency good deep represent help,FLIPKART,26-08-2023 00:00
 Samsung Galaxy A54 ,Smartphone,4,good republican religious drop available road business,amazon,11-02-2024 00:00
 Samsung Galaxy Watch6 ,Smartphone,5,very userfriendly interface,FLIPKART,26-11-2024
Samsung Galaxy S21 FE,Smartphone,4,excellent message hot wrong hotel,FLIPKART,27-04-2023 00:00
 Samsung Galaxy Tab S7 FE ,Smartphone,3,worth it finally good approach likely issue charging problem,flipkart,19-02-2023 00:00
Samsung Charger 25W,Accessories,4,good beautiful quickly want role put,flipkart,25-10-2024 00:00
 Samsung Galaxy M14 ,Smartphone,5,not great people which medical small,AMAZON,30-05-2023 00:00
Samsung Galaxy S22,Smartphone,4,not great likely ago during catch,flipkart,24-09-2022 00:00
Samsung Galaxy M14,Smartphone,1,average glass business just certainly second wind shake issue camera quality is poor,amazon,30-11-2024 00:00
 Samsung Charger 25W ,Accessories,4,good door threat memory over very rest,amazon,08-04-2024 00:00
Samsung Galaxy M14,Smartphone,3,waste of money service phone power,amazon,21-03-2022 00:00
 Samsung Buds Live ,Accessories,2,bad company discover cost issue camera quality is poor,amazon,19-10-2023 00:00
Samsung Galaxy S23,Smartphone,5,not great describe industry many work,AMAZON,03-07-2024 00:00
Samsung Charger 25W,Accessories,4,average best energy true bad democrat continue lot,amazon,28-11-2024 00:00
Samsung Buds Live,Accessories,1,excellent where customer example report member get issue slow performance,FLIPKART,16-08-2022 00:00
Samsung Galaxy Tab A8,Smartphone,4,average sell include lead threat bill,flipkart,16-01-2022 00:00
 Samsung Galaxy Tab A8 ,Smartphone,4,waste of money force produce meeting benefit option here,FLIPKART,25-02-2022 00:00
Samsung Galaxy S23,Smartphone,1,not great determine draw stand whether successful performance trouble issue charging problem,AMAZON,18-05-2024 00:00
Samsung Galaxy Tab S7 FE,Smartphone,5,average true one cultural mention nothing line oil,flipkart,20-01-2024 00:00
Samsung Galaxy Book 2,Smartphone,4,worth it media gas why quality,amazon,05-02-2024 00:00
Samsung Buds 2,Accessories,2,bad evening production movement risk issue overheating issue,flipkart,30-06-2022 00:00
Samsung Galaxy M34,Smartphone,4,excellent evening food perhaps successful baby and building face,amazon,14-06-2023 00:00
Samsung Galaxy Book 2,Smartphone,3,good age out community,flipkart,22-07-2024 00:00
 Samsung Galaxy Book 3 ,Smartphone,4,worth it smile new section along concern everybody argue,flipkart,17-10-2024 00:00
Samsung Buds 2,Accessories,4,waste of money protect while issue point art,flipkart,01-02-2024 00:00
Samsung Galaxy S22,Smartphone,4,average arm dream far reach each any front,amazon,24-06-2023 00:00
 Samsung QLED TV ,TV,5,heats up sometimes during heavy usage,flipkart,30-07-2023
Samsung Galaxy S22,Smartphone,4,not great fall hot middle above i share with degree,flipkart,05-09-2023 00:00
Samsung Galaxy Book 3,Smartphone,3,good yet blood lot do song issue overheating issue,amazon,01-12-2024 00:00
 Samsung Charger 25W ,Accessories,1,bad this investment huge line everyone capital day,amazon,10-12-2022 00:00
 Samsung Buds Live ,Accessories,4,bad quality we technology common stay represent course,FLIPKART,15-07-2024 00:00
 Samsung Galaxy Book 3 ,Smartphone,2,worth it rise see official issue charging problem,FLIPKART,19-08-2022 00:00
 Samsung Charger 25W ,Accessories,3,good issue overheating issue,amazon,05-09-2023 00:00
Samsung Galaxy S21 FE,Smartphone,4,good drug around establish,AMAZON,25-01-2023 00:00
Samsung Galaxy A14,Smartphone,4,good recent accept key each popular,amazon,08-09-2023 00:00
 Samsung Crystal UHD TV ,TV,5,good for basic usage,FLIPKART,19-08-2024
 Samsung Galaxy A34 ,Smartphone,4,good box brother though campaign dog clearly,amazon,15-05-2022 00:00
 Samsung Crystal UHD TV ,TV,5,highly recommend to others,flipkart,03-07-2024
 Samsung Galaxy Tab S7 FE ,Smartphone,4,average,amazon,29-07-2024 00:00
Samsung Galaxy Tab A8,Smartphone,5,good woman wear anything note well poor describe school,amazon,22-06-2022 00:00
Samsung Galaxy Tab S7 FE,Smartphone,5,not great research available north ready step spring couple,flipkart,12-12-2022 00:00
Samsung Galaxy Watch6,Smartphone,3,build quality feels premium,AMAZON,05-06-2023
 Samsung Buds 2 ,Accessories,4,good happen to per break full culture participant source,FLIPKART,04-03-2024 00:00
Samsung Galaxy Book 3,Smartphone,5,excellent drug mr west almost,FLIPKART,09-05-2022 00:00
Samsung Galaxy S21 FE,Smartphone,3,average issue display flickering,amazon,15-03-2024 00:00
Samsung Galaxy S23,Smartphone,4,average force he miss race where wall,AMAZON,06-02-2024 00:00
Samsung Galaxy S21 FE,Smartphone,3,excellent wish key everybody unit rule security,FLIPKART,02-05-2023 00:00
Samsung Buds 2,Accessories,4,bad often well within,AMAZON,15-07-2023 00:00
 Samsung Air Conditioner ,Other,3,love the camera quality,flipkart,05-02-2023
Samsung Galaxy A34,Smartphone,3,not great heart enjoy customer exist issue slow performance,flipkart,07-05-2022 00:00
Samsung Galaxy M14,Smartphone,4,excellent treatment enjoy mission field under because,AMAZON,20-06-2022 00:00
Samsung Galaxy Tab A8,Smartphone,2,good join order or east issue charging problem,FLIPKART,29-07-2023 00:00
Samsung Galaxy A54,Smartphone,4,good between back side environment stage environment,amazon,25-08-2023 00:00
Samsung Galaxy A54,Smartphone,5,bad eat property any nation ask reduce,flipkart,26-06-2023 00:00
 Samsung Galaxy S23 ,Smartphone,4,excellent world hospital big least many,FLIPKART,31-05-2024 00:00
 Samsung Galaxy S23 ,Smartphone,2,excellent magazine out better which the who north physical,FLIPKART,14-08-2024 00:00
 Samsung Galaxy Tab S7 FE ,Smartphone,5,not great at provide establish economic positive mr,FLIPKART,21-09-2024 00:00
Samsung Galaxy A14,Smartphone,5,bad politics student hospital without election,AMAZON,28-09-2022 00:00
 Samsung Buds Live ,Accessories,1,not great issue charging problem,amazon,29-06-2023 00:00
Samsung Galaxy A54,Smartphone,5,good through best peace camera morning quite book,amazon,22-10-2023 00:00
Samsung Air Conditioner,Other,5,software updates are slow,AMAZON,15-03-2024
Samsung Galaxy S21 FE,Smartphone,5,bad in politics guy catch member health democrat,AMAZON,04-12-2022 00:00
Samsung Galaxy A34,Smartphone,5,worth it civil back bank make important evidence,amazon,19-11-2022 00:00
Samsung Galaxy A54,Smartphone,3,bad one course own no tax race including issue display flickering,FLIPKART,13-06-2024 00:00
 Samsung Galaxy S21 FE ,Smartphone,4,worth it do small actually behind well world,AMAZON,21-08-2022 00:00
Samsung Galaxy A54,Smartphone,3,good inside knowledge center real,FLIPKART,12-12-2022 00:00
Samsung Galaxy Book 3,Smartphone,3,not great issue slow performance,amazon,12-02-2024 00:00
 Samsung Galaxy M34 ,Smartphone,5,average seek too require send may it win,flipkart,02-01-2024 00:00
 Samsung Buds 2 ,Accessories,5,waste of money mrs pretty form every nation sound head song,flipkart,12-03-2022 00:00
Samsung Buds Live,Accessories,5,worth it instead everyone leader sometimes drop box,flipkart,18-05-2022 00:00
Samsung Galaxy A54,Smartphone,4,bad method vote lead,FLIPKART,13-11-2022 00:00
Samsung Galaxy A34,Smartphone,5,bad write interview gun anyone create among participant,amazon,27-07-2024 00:00
Samsung Galaxy M53,Smartphone,3,average issue camera quality is poor,AMAZON,01-01-2024 00:00
 Samsung Galaxy M53 ,Smartphone,5,good expect tv themselves,amazon,28-04-2022 00:00
Samsung Galaxy Tab S7 FE,Smartphone,4,worth it marriage recently office offer,flipkart,10-05-2023 00:00
Samsung Galaxy Book 3,Smartphone,4,average weight change operation community one,flipkart,16-04-2022 00:00
 Samsung Buds 2 ,Accessories,5,waste of money light town growth find else big,flipkart,10-09-2022 00:00
 Samsung Charger 25W ,Accessories,5,waste of money back little than government think some,AMAZON,14-10-2022 00:00
Samsung Buds Live,Accessories,5,average third choose perhaps,flipkart,12-08-2023 00:00
Samsung Galaxy A54,Smartphone,3,not great issue camera quality is poor,FLIPKART,08-08-2023 00:00
 Samsung Galaxy A54 ,Smartphone,4,bad,amazon,12-08-2024 00:00
Samsung Buds 2,Accessories,4,average real finish lot drug,flipkart,03-06-2023 00:00
 Samsung Galaxy Tab A8 ,Smartphone,5,bad herself there have,flipkart,07-10-2023 00:00
Samsung Galaxy S23,Smartphone,4,good woman doctor hospital blue,amazon,31-08-2024 00:00
Samsung Galaxy S21 FE,Smartphone,5,average model exactly thought air,amazon,03-07-2024 00:00
Samsung Galaxy M14,Smartphone,3,waste of money money wish physical go billion,amazon,14-08-2023 00:00
Samsung Galaxy A34,Smartphone,1,average people price tree program year stay,amazon,08-09-2022 00:00
Samsung Galaxy M14,Smartphone,4,average million seat represent company about city guy,AMAZON,29-09-2023 00:00
Samsung Galaxy A14,Smartphone,2,worth it source focus set turn,FLIPKART,18-07-2022 00:00
 Samsung Galaxy Book 3 ,Smartphone,5,bad,flipkart,01-06-2024 00:00
Samsung Galaxy M14,Smartphone,5,bad collection house half,FLIPKART,19-05-2022 00:00
 Samsung Buds 2 ,Accessories,4,average her born painting clearly without,FLIPKART,07-10-2023 00:00
 Samsung Washing Machine ,Other,1,good for basic usage,FLIPKART,12-03-2023
 Samsung Galaxy S21 FE ,Smartphone,4,good head especially though according oil may,AMAZON,09-12-2024 00:00
Samsung Buds Live,Accessories,3,bad spring civil cell his small two issue battery draining fast,flipkart,29-09-2022 00:00
Samsung Galaxy Tab A8,Smartphone,1,average network decision later girl animal run,flipkart,14-06-2024 00:00
 Samsung Air Conditioner ,Other,1,software updates are slow,FLIPKART,24-08-2024
 Samsung Galaxy Book 3 ,Smartphone,3,worth it report might seem man fact than so,amazon,24-06-2024 00:00
 Samsung Galaxy S23 ,Smartphone,5,waste of money employee happy assume keep peace,AMAZON,28-09-2024 00:00
Samsung Buds 2,Accessories,1,waste of money authority against medical alone system little pattern issue slow performance,FLIPKART,11-06-2022 00:00
Samsung Galaxy Book 3,Smartphone,4,bad reason dark produce only bag energy wonder particularly,AMAZON,03-12-2024 00:00
Samsung Galaxy Book 2,Smartphone,5,average wonder information clearly wear town,flipkart,27-07-2024 00:00
Samsung Buds Live,Accessories,4,not great choose us care someone peace increase authority local,FLIPKART,21-10-2023 00:00
Samsung Galaxy M53,Smartphone,1,bad ago official sound something magazine stage issue camera quality is poor,FLIPKART,06-02-2022 00:00
 Samsung Galaxy S22 ,Smartphone,4,excellent couple likely future,flipkart,13-02-2023 00:00
 Samsung Buds Live ,Accessories,1,not great almost left already,AMAZON,10-11-2022 00:00
Samsung Galaxy Tab S7 FE,Smartphone,3,average tax recognize side particular issue charging problem,amazon,29-05-2023 00:00
Samsung Galaxy Tab S7 FE,Smartphone,4,waste of money effort born recently prevent despite,AMAZON,22-06-2024 00:00
Samsung Galaxy M34,Smartphone,5,average guess market billion table give,FLIPKART,15-08-2023 00:00
 Samsung Galaxy S21 FE ,Smartphone,4,waste of money country mean little check let school this gas,AMAZON,17-03-2022 00:00
Samsung Galaxy Tab S7 FE,Smartphone,5,worth it attention ahead discover full risk,FLIPKART,06-05-2022 00:00
Samsung Galaxy Tab S7 FE,Smartphone,5,not great magazine though player nice,amazon,06-01-2024 00:00
Samsung Galaxy S21 FE,Smartphone,4,bad middle morning respond player record,flipkart,22-12-2022 00:00
Samsung Buds 2,Accessories,3,not great that white eat particularly mother issue display flickering,amazon,14-07-2022 00:00
Samsung Galaxy S22,Smartphone,5,excellent conference morning face model suggest,flipkart,23-04-2024 00:00
Samsung Galaxy M14,Smartphone,5,average sell though later,AMAZON,14-12-2023 00:00
Samsung Galaxy M53,Smartphone,4,average easy exactly style,AMAZON,11-08-2024 00:00
Samsung Buds 2,Accessories,5,not great smile new main,AMAZON,12-04-2022 00:00
Samsung Galaxy S21 FE,Smartphone,3,not great piece agree bit marriage feeling company,FLIPKART,12-01-2023 00:00
 Samsung Buds Live ,Accessories,5,bad left hour hear project foot owner,AMAZON,18-12-2022 00:00
Samsung Galaxy M14,Smartphone,4,bad science trouble low into that,flipkart,27-05-2024 00:00
 Samsung Galaxy A14 ,Smartphone,4,not great add myself politics deal century player,amazon,15-12-2023 00:00
Samsung Galaxy A34,Smartphone,1,bad finally stuff radio spring issue display flickering,AMAZON,03-06-2022 00:00
Samsung Galaxy M14,Smartphone,4,worth it green describe body instead site,AMAZON,29-06-2023 00:00
Samsung Galaxy Book 3,Smartphone,2,good water somebody control particularly scene form effort issue overheating issue,AMAZON,05-10-2024 00:00
 Samsung Galaxy Tab A8 ,Smartphone,2,average prevent occur bill issue slow performance,amazon,10-06-2022 00:00
 Samsung QLED TV ,TV,2,amazing display quality,FLIPKART,25-01-2024
Samsung Galaxy Tab A8,Smartphone,3,good issue camera quality is poor,amazon,09-11-2023 00:00
Samsung Buds Live,Accessories,3,average study matter if professor,AMAZON,05-05-2023 00:00
 Samsung Buds 2 ,Accessories,2,worth it issue charging problem,flipkart,10-01-2023 00:00
Samsung Galaxy A14,Smartphone,4,not great conference drive body,AMAZON,01-01-2023 00:00
 Samsung Charger 25W ,Accessories,2,not great age charge world apply be within close,amazon,08-04-2023 00:00
Samsung Galaxy S21 FE,Smartphone,5,not great sit conference them two new future lawyer perhaps,FLIPKART,12-11-2022 00:00
Samsung Galaxy Tab S7 FE,Smartphone,3,good issue overheating issue,FLIPKART,20-07-2023 00:00
Samsung Buds 2,Accessories,5,bad fly bit i involve without,flipkart,07-12-2024 00:00
 Samsung Buds Live ,Accessories,4,average civil along think care story,amazon,22-10-2024 00:00
 Samsung Galaxy Book 3 ,Smartphone,5,excellent far allow person chair thousand,flipkart,28-08-2022 00:00
 Samsung Galaxy S21 FE ,Smartphone,4,excellent knowledge myself direction large realize,amazon,03-11-2024 00:00
Samsung Galaxy M14,Smartphone,4,average ability option condition,flipkart,07-08-2023 00:00
Samsung Galaxy S23,Smartphone,1,good major she action sea,AMAZON,18-01-2022 00:00
 Samsung Galaxy A54 ,Smartphone,3,worth it issue camera quality is poor,amazon,04-07-2022 00:00
Samsung Galaxy S21 FE,Smartphone,3,waste of money bag effect apply worker range environment actually,flipkart,29-04-2023 00:00
Samsung Galaxy S21 FE,Smartphone,3,average see sister with there total issue display flickering,AMAZON,22-09-2023 00:00
Samsung Galaxy Tab A8,Smartphone,4,waste of money heavy quality another,amazon,05-11-2023 00:00
 Samsung Galaxy Book 3 ,Smartphone,2,average issue overheating issue,AMAZON,19-05-2022 00:00
Samsung Galaxy M53,Smartphone,4,excellent ever at great cup chair measure major,amazon,24-03-2023 00:00
 Samsung Buds 2 ,Accessories,5,worth it network six eat avoid,FLIPKART,23-04-2022 00:00
 Samsung Buds 2 ,Accessories,5,average expect concern conference can,FLIPKART,09-09-2022 00:00
Samsung Galaxy A14,Smartphone,2,not great issue battery draining fast,amazon,06-08-2024 00:00
 Samsung Buds 2 ,Accessories,4,excellent attention behavior cost character drive clearly,amazon,07-01-2023 00:00
 Samsung Galaxy S23 ,Smartphone,4,average relate talk stock note why,amazon,28-03-2022 00:00
Samsung Galaxy S23,Smartphone,4,waste of money may pm onto not character form,FLIPKART,06-04-2023 00:00
Samsung Galaxy M53,Smartphone,4,bad guess fish season our,FLIPKART,03-03-2022 00:00
Samsung Galaxy A54,Smartphone,4,bad ground level career within,amazon,09-09-2022 00:00
Samsung Galaxy Book 3,Smartphone,4,good discussion cost road human,amazon,10-03-2022 00:00
Samsung Galaxy Book 3,Smartphone,2,waste of money state term lot future trip my,flipkart,30-12-2022 00:00
 Samsung Galaxy A34 ,Smartphone,4,bad possible democrat establish bad camera,FLIPKART,01-03-2023 00:00
 Samsung Galaxy M53 ,Smartphone,5,average hair sort former yard key type option,AMAZON,26-01-2023 00:00
 Samsung Washing Machine ,Other,4,excellent product very satisfied,amazon,10-01-2024
 Samsung QLED TV ,TV,2,very durable and reliable,AMAZON,23-10-2024
 Samsung Galaxy M34 ,Smartphone,3,average issue slow performance,AMAZON,10-07-2023 00:00
Samsung Galaxy S23,Smartphone,5,waste of money require country young capital bring sense sound,AMAZON,22-01-2022 00:00
 Samsung Charger 25W ,Accessories,3,good major can alone might issue camera quality is poor,AMAZON,14-02-2022 00:00
 Samsung Galaxy M53 ,Smartphone,4,waste of money standard maybe its you security read baby,AMAZON,18-08-2024 00:00
Samsung Galaxy S21 FE,Smartphone,4,bad paper space man,amazon,28-06-2023 00:00
Samsung Galaxy M53,Smartphone,3,waste of money administration group else second find word,FLIPKART,22-06-2024 00:00
Samsung Galaxy A54,Smartphone,4,not great clearly share prevent radio carry,FLIPKART,27-03-2023 00:00
Samsung Galaxy A54,Smartphone,4,waste of money ball fish participant his computer late,amazon,23-05-2023 00:00
Samsung Buds Live,Accessories,1,excellent manage recently moment easy possible among small issue battery draining fast,FLIPKART,02-03-2022 00:00
 Samsung Galaxy A14 ,Smartphone,5,waste of money individual computer quickly when policy purpose paper,AMAZON,19-10-2023 00:00
 Samsung Galaxy A34 ,Smartphone,5,bad available car upon poor indicate partner tree,flipkart,17-06-2024 00:00
 Samsung Galaxy S23 ,Smartphone,5,excellent ground relate bill subject rich,FLIPKART,02-07-2022 00:00
Samsung Galaxy S22,Smartphone,5,excellent issue minute suffer sister television bit through natural,FLIPKART,31-05-2023 00:00
Samsung Galaxy Book 3,Smartphone,4,average either life owner require analysis,flipkart,13-10-2022 00:00
 Samsung Galaxy M34 ,Smartphone,3,not great strong something finally various,flipkart,03-11-2024 00:00
Samsung Galaxy M34,Smartphone,4,good avoid situation be else republican hair,AMAZON,29-10-2023 00:00
Samsung Buds 2,Accessories,3,waste of money head pay money if expect call or score,FLIPKART,26-02-2024 00:00
Samsung Galaxy A14,Smartphone,5,bad establish sit interest west force himself,flipkart,02-02-2022 00:00
 Samsung Refrigerator ,Other,1,delivery was delayed but the product is great,flipkart,15-02-2023
 Samsung Galaxy Tab S7 FE ,Smartphone,4,good career wide national ground,AMAZON,28-05-2024 00:00
Samsung Buds Live,Accessories,2,not great act daughter first church common test daughter issue display flickering,flipkart,09-11-2024 00:00
Samsung Galaxy S23,Smartphone,5,waste of money employee happy assume keep peace,amazon,28-09-2024 00:00
 Samsung Buds Live ,Accessories,5,worth it specific good young speech cup black rise,AMAZON,13-08-2024 00:00
 Samsung Galaxy Tab S7 FE ,Smartphone,4,worth it successful forget everyone result,FLIPKART,01-07-2022 00:00
Samsung Galaxy Book 3,Smartphone,5,good toward per he might operation practice behind,AMAZON,27-04-2024 00:00
Samsung Galaxy Book 2,Smartphone,4,excellent sure generation great agency campaign,flipkart,20-04-2024 00:00
Samsung Galaxy Tab A8,Smartphone,5,average here outside argue behavior,amazon,14-12-2024 00:00
Samsung Galaxy Book 3,Smartphone,5,average fly wait investment realize person,AMAZON,29-07-2023 00:00
Samsung Galaxy M14,Smartphone,4,average practice right discussion approach,flipkart,20-03-2022 00:00
Samsung Galaxy S21 FE,Smartphone,4,average mother card cover house,FLIPKART,20-06-2022 00:00
Samsung Galaxy Book 2,Smartphone,4,not great move become sort very,amazon,01-01-2022 00:00
Samsung Galaxy S22,Smartphone,4,not great special ground write court improve before,AMAZON,26-12-2024 00:00
Samsung Galaxy Book 3,Smartphone,2,average rise must kind once issue camera quality is poor,AMAZON,13-07-2023 00:00
Samsung Galaxy M53,Smartphone,1,average eight only well exist item sea without issue battery draining fast,FLIPKART,19-08-2023 00:00
Samsung Charger 25W,Accessories,3,excellent husband trade weight sing,FLIPKART,29-06-2024 00:00
Samsung Galaxy M34,Smartphone,2,worth it trouble feeling however college final mr medical issue display flickering,FLIPKART,21-08-2023 00:00
Samsung Galaxy M53,Smartphone,5,good treatment always whatever movie,FLIPKART,30-08-2022 00:00
 Samsung Galaxy Buds2 ,Smartphone,1,delivery was delayed but the product is great,amazon,08-08-2024
Samsung Galaxy S21 FE,Smartphone,4,good red beat want treat religious carry month,AMAZON,19-05-2022 00:00
Samsung QLED TV,TV,2,delivery was delayed but the product is great,amazon,14-10-2023
 Samsung Charger 25W ,Accessories,5,worth it top well push lot,FLIPKART,30-12-2024 00:00
Samsung Galaxy Tab A8,Smartphone,2,excellent someone there dream almost garden too issue slow performance,amazon,06-03-2023 00:00
 Samsung Galaxy A14 ,Smartphone,4,waste of money section level well,flipkart,28-08-2024 00:00
Samsung Galaxy Tab A8,Smartphone,5,excellent social economy direction then owner,AMAZON,05-05-2023 00:00
 Samsung Galaxy Tab A8 ,Smartphone,4,average ability board section film head,amazon,12-06-2023 00:00
Samsung Galaxy M53,Smartphone,2,worth it choose late break animal foot four serious up,FLIPKART,27-04-2024 00:00
 Samsung Galaxy A54 ,Smartphone,2,worth it tough today fill lot issue battery draining fast,AMAZON,14-07-2023 00:00
 Samsung Galaxy Book 2 ,Smartphone,3,good live world computer notice up state onto issue battery draining fast,amazon,14-09-2024 00:00
Samsung Charger 25W,Accessories,3,not great few leg throw early own issue slow performance,amazon,05-10-2022 00:00
Samsung Galaxy Book 3,Smartphone,3,not great issue camera quality is poor,amazon,27-04-2024 00:00
 Samsung Galaxy S22 ,Smartphone,1,average issue battery draining fast,flipkart,26-02-2022 00:00
Samsung Buds Live,Accessories,2,worth it if field benefit,FLIPKART,13-01-2022 00:00
 Samsung Galaxy Book 2 ,Smartphone,3,excellent interesting tree walk positive mind keep,FLIPKART,27-09-2022 00:00
 Samsung Galaxy S21 FE ,Smartphone,4,excellent set a environment local happy lot,amazon,22-10-2023 00:00
 Samsung Galaxy Book 3 ,Smartphone,5,good,amazon,14-09-2024 00:00
Samsung Galaxy Tab S7 FE,Smartphone,4,waste of money identify think laugh sort,amazon,12-02-2022 00:00
 Samsung Charger 25W ,Accessories,2,worth it hand turn by future research color possible few issue camera quality is poor,AMAZON,23-07-2023 00:00
Samsung Charger 25W,Accessories,3,not great ability term there idea light these issue camera quality is poor,amazon,06-10-2024 00:00
Samsung Galaxy S22,Smartphone,4,not great,flipkart,05-08-2024 00:00
 Samsung Galaxy Book 2 ,Smartphone,5,not great vote about another cost entire into anything,amazon,16-03-2024 00:00
Samsung Galaxy S22,Smartphone,4,average but road billion write bad central nearly just,AMAZON,07-09-2024 00:00
Samsung Galaxy M34,Smartphone,4,excellent here unit treat after set,flipkart,27-08-2022 00:00
Samsung Galaxy M14,Smartphone,4,not great energy better people available partner side chance,FLIPKART,07-08-2022 00:00
Samsung Galaxy A34,Smartphone,1,bad single seem quickly game there believe,flipkart,15-03-2023 00:00
 Samsung Buds 2 ,Accessories,4,average close news front course,amazon,20-10-2024 00:00
Samsung Buds 2,Accessories,5,waste of money yes meeting among dream five leader onto left,amazon,30-09-2022 00:00
 Samsung Galaxy Tab A8 ,Smartphone,3,good issue slow performance,AMAZON,26-02-2022 00:00
Samsung Buds Live,Accessories,3,waste of money prevent along short expert cost store follow issue slow performance,FLIPKART,31-07-2024 00:00
Samsung Galaxy Tab A8,Smartphone,2,good peace fire fish company less act well issue overheating issue,AMAZON,22-05-2023 00:00
Samsung Buds Live,Accessories,4,worth it them gas read thousand drive tonight human,AMAZON,26-05-2024 00:00
Samsung Galaxy A54,Smartphone,3,waste of money issue slow performance,FLIPKART,28-11-2022 00:00
 Samsung Galaxy S22 ,Smartphone,1,average shake add role animal might fear might,AMAZON,03-05-2022 00:00
Samsung Galaxy Book 2,Smartphone,4,excellent tough state early price difference,FLIPKART,04-03-2023 00:00
Samsung Galaxy Tab A8,Smartphone,1,worth it how however into wonder stop training with vote issue charging problem,AMAZON,11-08-2024 00:00
Samsung Galaxy S23,Smartphone,5,not great doctor others between shake including matter remain,amazon,17-05-2022 00:00
Samsung Galaxy S21 FE,Smartphone,4,average sometimes order left activity,AMAZON,28-01-2022 00:00
Samsung Galaxy Tab S7 FE,Smartphone,4,worth it former receive able human find list sit art,FLIPKART,27-06-2024 00:00
Samsung Galaxy Tab A8,Smartphone,4,waste of money say example not likely four,amazon,03-07-2023 00:00
Samsung Charger 25W,Accessories,4,waste of money live material military,AMAZON,15-02-2024 00:00
Samsung Galaxy Tab S7 FE,Smartphone,4,excellent my see analysis rock,flipkart,19-08-2022 00:00
Samsung Galaxy S22,Smartphone,4,excellent growth set laugh care information example or,FLIPKART,04-12-2022 00:00
Samsung Galaxy Tab A8,Smartphone,4,worth it huge area write poor compare,amazon,02-08-2024 00:00
Samsung Buds Live,Accessories,4,worth it call generation listen thousand chance civil level blue,amazon,20-04-2023 00:00
 Samsung Galaxy A34 ,Smartphone,1,waste of money issue battery draining fast,FLIPKART,26-09-2023 00:00
Samsung Galaxy S22,Smartphone,3,average issue camera quality is poor,AMAZON,07-10-2024 00:00
Samsung Galaxy Book 2,Smartphone,1,bad issue battery draining fast,flipkart,18-07-2023 00:00
Samsung Galaxy Tab S7 FE,Smartphone,4,bad model there physical edge,amazon,17-04-2022 00:00
 Samsung Galaxy A54 ,Smartphone,5,good rule west whether hit citizen animal establish,amazon,17-03-2023 00:00
Samsung Galaxy S23,Smartphone,4,average news me case ten cover member modern,FLIPKART,15-04-2022 00:00
Samsung Galaxy Tab S7 FE,Smartphone,1,bad hair day site name issue battery draining fast,flipkart,15-08-2024 00:00
Samsung Galaxy Tab S7 FE,Smartphone,1,bad challenge ok direction himself dream yet either,AMAZON,11-01-2024 00:00
Samsung Galaxy Tab A8,Smartphone,5,good her effort interest law rest worker,FLIPKART,23-08-2023 00:00
Samsung Galaxy S22,Smartphone,2,waste of money well next pm appear speak yeah among,amazon,20-10-2023 00:00
Samsung Galaxy Book 3,Smartphone,4,worth it just might task remain,amazon,07-08-2022 00:00
 Samsung Galaxy Book 3 ,Smartphone,3,average magazine reflect accept knowledge provide first you,AMAZON,01-09-2024 00:00
Samsung Galaxy S21 FE,Smartphone,1,excellent special your hope animal cup small,FLIPKART,11-07-2024 00:00
Samsung Buds Live,Accessories,1,good she manage the attorney other mission,amazon,23-09-2022 00:00
Samsung Galaxy M34,Smartphone,4,waste of money form month own own can now baby,FLIPKART,01-11-2023 00:00
Samsung Galaxy M34,Smartphone,4,average race certain computer chair necessary adult,FLIPKART,14-12-2022 00:00
 Samsung Charger 25W ,Accessories,3,not great issue slow performance,amazon,09-04-2023 00:00
 Samsung Galaxy M14 ,Smartphone,3,excellent pull toward care go issue battery draining fast,amazon,26-10-2023 00:00
Samsung Galaxy A34,Smartphone,3,good leave join four three develop produce kind wife issue battery draining fast,FLIPKART,11-08-2024 00:00
Samsung Galaxy A54,Smartphone,4,waste of money every use information mr occur night,flipkart,18-07-2022 00:00
 Samsung Buds Live ,Accessories,2,bad street hair behavior think imagine century peace hair,flipkart,29-03-2023 00:00
Samsung Galaxy S23,Smartphone,3,excellent issue battery draining fast,flipkart,25-04-2024 00:00
Samsung Charger 25W,Accessories,2,waste of money series less future black ok evening but,AMAZON,11-08-2022 00:00
Samsung Galaxy M53,Smartphone,4,excellent though north interest war say,FLIPKART,25-02-2024 00:00
Samsung Galaxy Tab S7 FE,Smartphone,4,good majority list his six picture,flipkart,06-08-2022 00:00
Samsung Galaxy M53,Smartphone,3,good human one above difficult where kitchen,amazon,26-12-2023 00:00
Samsung Galaxy S23,Smartphone,3,good day agency hundred collection tell establish check compare issue overheating issue,amazon,15-02-2024 00:00
Samsung Buds Live,Accessories,4,worth it get much recently accept,AMAZON,11-06-2024 00:00
Samsung Galaxy S21 FE,Smartphone,4,not great certainly after deal certainly truth,AMAZON,23-09-2022 00:00
Samsung Galaxy M53,Smartphone,4,worth it vote either police different represent picture technology specific,FLIPKART,30-11-2023 00:00
Samsung Galaxy A14,Smartphone,4,average music decision senior,flipkart,13-07-2023 00:00
Samsung Galaxy S21 FE,Smartphone,5,waste of money try find return miss future,AMAZON,02-10-2024 00:00
 Samsung Galaxy Tab S7 FE ,Smartphone,2,waste of money material morning front apply hundred member memory issue camera quality is poor,AMAZON,16-01-2023 00:00
 Samsung Galaxy Tab A8 ,Smartphone,4,good eye leg skill reduce,FLIPKART,14-11-2023 00:00
Samsung Charger 25W,Accessories,5,worth it it arrive ball this nothing,flipkart,27-09-2022 00:00
Samsung Galaxy S21 FE,Smartphone,3,excellent break color future unit central,AMAZON,05-11-2024 00:00
 Samsung Buds Live ,Accessories,3,excellent cell often once mind reveal billion pay issue overheating issue,amazon,30-03-2022 00:00
 Samsung Galaxy S23 ,Smartphone,5,waste of money,AMAZON,10-02-2024 00:00
 Samsung Charger 25W ,Accessories,4,waste of money role brother law security political question word,FLIPKART,21-04-2022 00:00
Samsung Galaxy M34,Smartphone,4,average effect us decision goal high while too,FLIPKART,10-08-2023 00:00
Samsung Galaxy Book 3,Smartphone,4,average sure ago its head food gas,amazon,14-10-2024 00:00
 Samsung Galaxy Tab A8 ,Smartphone,3,good issue slow performance,flipkart,06-07-2023 00:00
 Samsung Charger 25W ,Accessories,4,excellent you huge law state tonight myself drug,FLIPKART,18-09-2024 00:00
Samsung Galaxy Tab S7 FE,Smartphone,3,not great three yet around heart huge employee issue display flickering,FLIPKART,25-10-2023 00:00
Samsung Charger 25W,Accessories,4,good growth citizen low less newspaper strong mean,flipkart,01-02-2022 00:00
Samsung Charger 25W,Accessories,4,average discuss recognize often difference method relate,amazon,21-07-2022 00:00
Samsung Charger 25W,Accessories,4,not great shoulder positive thousand memory,flipkart,27-07-2024 00:00
Samsung Galaxy S21 FE,Smartphone,5,excellent learn myself car expect how,amazon,05-10-2022 00:00
Samsung Galaxy M34,Smartphone,2,average so after laugh issue battery draining fast,FLIPKART,26-10-2024 00:00
 Samsung Buds Live ,Accessories,5,waste of money inside attention enough someone if choose another pull,amazon,17-09-2024 00:00
Samsung Galaxy S22,Smartphone,3,not great foot important character issue charging problem,amazon,15-05-2023 00:00
 Samsung Charger 25W ,Accessories,3,excellent speak candidate dinner interest,FLIPKART,21-02-2024 00:00
Samsung Galaxy S21 FE,Smartphone,4,waste of money reveal base system military,flipkart,07-07-2022 00:00
Samsung Galaxy A54,Smartphone,2,not great federal trial five them traditional have hand issue charging problem,FLIPKART,03-02-2024 00:00
Samsung Galaxy M14,Smartphone,4,not great report sense attorney,flipkart,17-10-2022 00:00
 Samsung Galaxy S22 ,Smartphone,2,waste of money issue overheating issue,flipkart,12-02-2023 00:00
Samsung Galaxy Book 3,Smartphone,4,not great address story peace others,amazon,01-07-2023 00:00
 Samsung Soundbar ,Other,3,speaker quality is amazing,FLIPKART,22-06-2024
 Samsung Buds Live ,Accessories,3,not great issue overheating issue,FLIPKART,03-05-2024 00:00
 Samsung Buds 2 ,Accessories,4,not great own main choose reveal heart also market,flipkart,02-01-2022 00:00
Samsung Galaxy A34,Smartphone,4,not great low once car gas establish our,FLIPKART,01-05-2022 00:00
Samsung Buds Live,Accessories,3,average technology last science director candidate issue slow performance,flipkart,16-10-2023 00:00
Samsung Galaxy S23,Smartphone,5,waste of money so professor him simply pattern interest local,flipkart,01-12-2022 00:00
Samsung Galaxy Tab A8,Smartphone,4,waste of money recently media camera her,FLIPKART,03-06-2024 00:00
Samsung Buds 2,Accessories,5,not great remember growth build heavy town,flipkart,24-08-2024 00:00
Samsung Galaxy M34,Smartphone,3,bad than west face performance fall enjoy notice,amazon,17-04-2023 00:00
Samsung Galaxy A34,Smartphone,1,average same add analysis television right,amazon,19-04-2022 00:00
Samsung Galaxy M53,Smartphone,3,waste of money apply note not congress physical south debate,AMAZON,14-06-2024 00:00
Samsung Galaxy Book 3,Smartphone,4,waste of money hospital lay charge lot,flipkart,15-04-2023 00:00
Samsung Galaxy S23,Smartphone,1,average stay great director senior issue overheating issue,FLIPKART,26-01-2024 00:00
Samsung Galaxy M14,Smartphone,3,worth it necessary window sell carry,FLIPKART,05-02-2023 00:00
Samsung Galaxy Tab S7 FE,Smartphone,4,excellent candidate campaign similar politics major team,amazon,10-01-2022 00:00
Samsung Galaxy M34,Smartphone,2,bad issue display flickering,FLIPKART,18-10-2024 00:00
Samsung Galaxy Book 2,Smartphone,5,average authority per hair have run stage popular,AMAZON,05-01-2022 00:00
Samsung Charger 25W,Accessories,3,excellent player your citizen card six box issue display flickering,amazon,07-02-2022 00:00
 Samsung Galaxy A14 ,Smartphone,4,not great conference young like sort,FLIPKART,22-03-2023 00:00
Samsung Buds Live,Accessories,4,worth it black stuff send a exactly brother campaign,AMAZON,24-02-2022 00:00
Samsung Galaxy S21 FE,Smartphone,4,average fly how leader child black model,flipkart,03-02-2023 00:00
Samsung Galaxy Tab A8,Smartphone,1,not great serve development hundred commercial meeting,amazon,11-08-2024 00:00
Samsung Galaxy A54,Smartphone,5,excellent she become gas individual tough,amazon,20-03-2022 00:00
 Samsung Galaxy S23 ,Smartphone,5,delivery was delayed but the product is great,AMAZON,05-04-2023
Samsung Galaxy M34,Smartphone,4,average tend ball only office prevent,amazon,25-04-2022 00:00
 Samsung Galaxy Book 2 ,Smartphone,4,good hope herself personal same bar artist,amazon,06-06-2024 00:00
Samsung Buds Live,Accessories,2,excellent issue camera quality is poor,FLIPKART,22-01-2022 00:00
Samsung Galaxy Tab A8,Smartphone,4,not great because arm maintain whose arrive lead population,flipkart,11-07-2022 00:00
 Samsung Buds 2 ,Accessories,5,worth it discussion page board then positive like mission,amazon,03-01-2023 00:00
 Samsung Galaxy M34 ,Smartphone,4,average from world toward building personal certain contain,amazon,28-08-2022 00:00
 Samsung Galaxy S21 FE ,Smartphone,5,bad free trip military there safe similar while,FLIPKART,10-07-2024 00:00
Samsung Galaxy S21 FE,Smartphone,1,bad out include in rise type defense issue camera quality is poor,amazon,07-11-2024 00:00
 Samsung Charger 25W ,Accessories,4,not great,amazon,24-12-2023 00:00
Samsung Galaxy M34,Smartphone,4,excellent international lawyer glass road sit,FLIPKART,22-03-2023 00:00
 Samsung Galaxy Book 2 ,Smartphone,5,not great report again lay consumer degree trouble,AMAZON,24-08-2024 00:00
Samsung Galaxy Book 2,Smartphone,4,waste of money,amazon,14-04-2022 00:00
Samsung Galaxy M14,Smartphone,4,good north first former chair carry military,amazon,14-06-2023 00:00
Samsung Galaxy A34,Smartphone,5,bad similar open society form whether there population,flipkart,04-10-2022 00:00
Samsung Galaxy A54,Smartphone,4,not great huge nature study ever bed collection citizen certain,amazon,15-11-2024 00:00
Samsung Charger 25W,Accessories,2,good statement story clearly as knowledge,amazon,04-02-2022 00:00
Samsung Galaxy Buds2,Smartphone,4,very durable and reliable,amazon,12-05-2024
 Samsung Galaxy A34 ,Smartphone,3,excellent poor win score kid visit director cell,AMAZON,16-05-2022 00:00
 Samsung Galaxy A54 ,Smartphone,4,average represent story clearly well final smile film,flipkart,17-09-2022 00:00
Samsung Galaxy Book 3,Smartphone,4,excellent toward wish outside decide live,FLIPKART,08-09-2024 00:00
 Samsung Charger 25W ,Accessories,4,waste of money if exist none history,FLIPKART,22-08-2023 00:00
Samsung Galaxy A54,Smartphone,3,waste of money size difference memory congress,amazon,18-11-2024 00:00
Samsung Galaxy S23,Smartphone,3,bad practice four mr why issue display flickering,flipkart,29-06-2023 00:00
Samsung Galaxy Book 3,Smartphone,2,good also political including issue charging problem,flipkart,30-05-2022 00:00
Samsung Galaxy Tab S7 FE,Smartphone,3,good remember question large stop none your until,AMAZON,29-12-2022 00:00
Samsung Galaxy S22,Smartphone,4,not great action find garden site particularly,FLIPKART,16-03-2023 00:00
 Samsung Buds Live ,Accessories,4,waste of money artist government buy,flipkart,11-01-2023 00:00
 Samsung Galaxy S22 ,Smartphone,4,waste of money nation open institution single produce,AMAZON,03-06-2023 00:00
Samsung Galaxy Tab S7 FE,Smartphone,4,average tonight official fish imagine,amazon,07-07-2022 00:00
 Samsung Galaxy Tab A8 ,Smartphone,3,waste of money thought election seem choice,flipkart,24-01-2022 00:00
Samsung Galaxy Book 3,Smartphone,5,excellent difficult left sometimes prepare also evidence buy,amazon,28-07-2022 00:00
Samsung Galaxy Tab A8,Smartphone,5,bad letter heavy conference no guy result me,FLIPKART,07-08-2022 00:00
Samsung Galaxy Tab A8,Smartphone,2,excellent so budget relate enjoy none gas,flipkart,27-10-2023 00:00
Samsung Galaxy S21 FE,Smartphone,4,good environmental true western from forget,AMAZON,11-04-2023 00:00
Samsung Galaxy Tab S7 FE,Smartphone,4,waste of money upon recent reduce decision pretty,amazon,08-08-2024 00:00
 Samsung Buds Live ,Accessories,5,worth it rise eight establish money report tv land,amazon,15-07-2023 00:00
Samsung Galaxy M53,Smartphone,5,waste of money contain the push head bit upon media,flipkart,16-05-2023 00:00
Samsung Galaxy S22,Smartphone,3,worth it issue battery draining fast,FLIPKART,08-04-2023 00:00
Samsung Buds Live,Accessories,4,bad nature middle family behind,FLIPKART,27-09-2023 00:00
Samsung Galaxy Tab S7 FE,Smartphone,3,worth it finally good approach likely issue charging problem,flipkart,19-02-2023 00:00
Samsung Galaxy S21 FE,Smartphone,4,average bank nearly kind,amazon,13-03-2022 00:00
Samsung Buds 2,Accessories,4,not great foreign reach value,FLIPKART,20-04-2024 00:00
 Samsung Charger 25W ,Accessories,5,good,amazon,28-04-2023 00:00
 Samsung Galaxy S22 ,Smartphone,4,average save result member final message,AMAZON,13-08-2023 00:00
 Samsung Galaxy Tab S7 FE ,Smartphone,4,bad man clearly health spend,FLIPKART,09-08-2024 00:00
 Samsung Charger 25W ,Accessories,2,good message window until if city,amazon,18-09-2022 00:00
Samsung Galaxy A14,Smartphone,2,worth it piece race effort stay lay focus ok,flipkart,31-01-2022 00:00
Samsung Galaxy Tab A8,Smartphone,2,bad lay budget action western cup,flipkart,01-10-2023 00:00
 Samsung Galaxy S21 FE ,Smartphone,4,worth it fire opportunity claim city box,amazon,04-04-2022 00:00
Samsung Galaxy S21 FE,Smartphone,5,worth it story father media central despite,AMAZON,05-01-2024 00:00
 Samsung Galaxy A14 ,Smartphone,1,bad worry language animal window but,flipkart,01-11-2022 00:00
Samsung Galaxy Tab A8,Smartphone,5,excellent figure beautiful generation vote fall evening,flipkart,26-11-2022 00:00
 Samsung Galaxy S21 FE ,Smartphone,3,average under civil any system wear stuff issue camera quality is poor,amazon,25-12-2024 00:00
 Samsung Galaxy S22 ,Smartphone,2,not great exactly quality near bit sense,FLIPKART,01-05-2024 00:00
 Samsung Galaxy S22 ,Smartphone,5,average network so not cover indeed happy old,amazon,08-11-2024 00:00
 Samsung Galaxy M14 ,Smartphone,5,waste of money start condition control it affect moment,amazon,16-02-2024 00:00
Samsung Galaxy Tab S7 FE,Smartphone,4,not great interview alone use,FLIPKART,30-03-2024 00:00
 Samsung Galaxy Book 2 ,Smartphone,3,average forget nature technology keep floor deep on issue slow performance,AMAZON,29-09-2022 00:00
 Samsung Galaxy S22 ,Smartphone,4,not as expected returning it,AMAZON,16-08-2024
 Samsung Buds 2 ,Accessories,2,excellent news exist record half space issue charging problem,FLIPKART,21-06-2023 00:00
Samsung Galaxy A34,Smartphone,5,worth it game customer lawyer our class here,AMAZON,04-05-2023 00:00
Samsung Galaxy M34,Smartphone,4,excellent series word sister up,FLIPKART,31-12-2022 00:00
Samsung Buds 2,Accessories,3,not great white manager center current issue battery draining fast,flipkart,12-06-2023 00:00
Samsung Galaxy S23,Smartphone,3,good campaign second area news deal care second today issue camera quality is poor,flipkart,11-12-2022 00:00
Samsung Galaxy S23,Smartphone,5,average reveal visit good around democratic school note,AMAZON,22-01-2024 00:00
 Samsung Buds 2 ,Accessories,4,average simple level statement court,amazon,07-10-2023 00:00
Samsung Galaxy S21 FE,Smartphone,3,waste of money voice include skill happy issue battery draining fast,amazon,01-10-2022 00:00
 Samsung Galaxy M14 ,Smartphone,5,waste of money change among trouble machine somebody moment situation,AMAZON,25-10-2023 00:00
 Samsung Galaxy S23 ,Smartphone,3,good together detail already moment change,amazon,22-02-2023 00:00
 Samsung Galaxy Tab A8 ,Smartphone,5,excellent throw against seat fall next green simple,flipkart,18-09-2022 00:00
Samsung Galaxy S22,Smartphone,3,average finish continue agency smile,flipkart,14-05-2023 00:00
 Samsung Galaxy Book 3 ,Smartphone,3,average take author her according fact issue slow performance,flipkart,01-11-2022 00:00
Samsung Buds Live,Accessories,1,excellent true practice wide issue overheating issue,amazon,25-09-2022 00:00
Samsung Charger 25W,Accessories,1,worth it movement hand woman try politics exactly inside true,FLIPKART,17-12-2023 00:00
 Samsung Galaxy Tab S7 FE ,Smartphone,4,not great,AMAZON,26-08-2022 00:00
Samsung Galaxy S21 FE,Smartphone,5,worth it shake edge arm father,flipkart,12-12-2024 00:00
 Samsung Galaxy A54 ,Smartphone,5,highly recommend to others,amazon,13-04-2024
Samsung Galaxy A34,Smartphone,4,excellent mean price leg kind once similar language,flipkart,24-08-2024 00:00
Samsung Galaxy Book 2,Smartphone,5,worth it part who voice should network expert must,flipkart,23-06-2022 00:00
Samsung Buds Live,Accessories,4,average reason tonight space television page reach choice full,amazon,06-09-2024 00:00
Samsung Galaxy M14,Smartphone,3,not great realize how determine before him human issue slow performance,AMAZON,17-12-2022 00:00
 Samsung Buds Live ,Accessories,4,good check effect trade occur,flipkart,05-03-2022 00:00
Samsung Galaxy S22,Smartphone,4,bad successful executive safe teacher reach wear,FLIPKART,27-09-2023 00:00
Samsung Galaxy Tab S7 FE,Smartphone,5,excellent worry pick effort she education feeling fly,amazon,19-07-2024 00:00
Samsung Buds 2,Accessories,2,not great very small likely among issue display flickering,flipkart,11-10-2022 00:00
Samsung Galaxy S23,Smartphone,2,bad develop apply region beautiful may building,AMAZON,08-05-2022 00:00
 Samsung Galaxy S21 FE ,Smartphone,4,average through eye big seem policy well,amazon,01-12-2024 00:00
 Samsung Galaxy Tab A8 ,Smartphone,4,bad show door garden someone,FLIPKART,27-07-2022 00:00
Samsung Galaxy A54,Smartphone,4,bad drive without certainly their,amazon,07-08-2022 00:00
Samsung Galaxy S23,Smartphone,4,not great step last nation ok,FLIPKART,14-05-2024 00:00
Samsung Galaxy S22,Smartphone,3,excellent sister my prepare defense adult ten knowledge issue slow performance,flipkart,13-09-2024 00:00
 Samsung Galaxy M53 ,Smartphone,5,excellent benefit election name let over best,amazon,03-08-2023 00:00
Samsung Buds Live,Accessories,5,bad life guy while fast door avoid teacher,AMAZON,31-08-2024 00:00
 Samsung Charger 25W ,Accessories,4,not great site seem official standard,flipkart,09-05-2023 00:00
Samsung Galaxy M53,Smartphone,4,bad beautiful far size possible full wish east,AMAZON,02-11-2024 00:00
Samsung Galaxy Tab S7 FE,Smartphone,3,average establish whole buy story,amazon,05-09-2022 00:00
Samsung Galaxy M53,Smartphone,4,good magazine bad measure agree hold expect before idea,FLIPKART,08-04-2022 00:00
 Samsung Galaxy Buds2 ,Smartphone,4,performance is topnotch,FLIPKART,26-04-2024
Samsung Galaxy M53,Smartphone,4,average push candidate house poor,FLIPKART,30-12-2023 00:00
 Samsung Buds 2 ,Accessories,4,bad agency wide main five last new,AMAZON,09-08-2023 00:00
 Samsung Galaxy S23 ,Smartphone,4,bad relate behavior poor attack rather fill,flipkart,05-06-2022 00:00
Samsung Galaxy M34,Smartphone,5,good left herself mr administration even,flipkart,04-08-2024 00:00
 Samsung Galaxy M14 ,Smartphone,3,good though expert stop economic participant most specific issue display flickering,AMAZON,22-02-2023 00:00
Samsung Galaxy S21 FE,Smartphone,4,good someone happy nothing soldier fire night catch,FLIPKART,09-08-2023 00:00
 Samsung Galaxy A34 ,Smartphone,5,bad similar choose miss quality people change eight position,AMAZON,20-10-2024 00:00
Samsung Galaxy S21 FE,Smartphone,2,good house themselves eye recent produce issue battery draining fast,flipkart,07-08-2024 00:00
 Samsung Galaxy S21 FE ,Smartphone,3,good risk note scene few fish girl lay issue display flickering,amazon,21-12-2022 00:00
Samsung Galaxy S22,Smartphone,4,worth it something on knowledge try,flipkart,28-10-2024 00:00
Samsung Galaxy A34,Smartphone,3,bad issue display flickering,flipkart,16-11-2022 00:00
 Samsung Galaxy M53 ,Smartphone,3,average eat glass treat relate focus issue camera quality is poor,FLIPKART,03-11-2023 00:00
 Samsung Galaxy S22 ,Smartphone,3,good entire situation sense issue display flickering,FLIPKART,20-05-2022 00:00
 Samsung Charger 25W ,Accessories,4,good think gun onto accept seat,FLIPKART,12-12-2023 00:00
 Samsung Galaxy M53 ,Smartphone,5,not great physical him just race father,amazon,19-02-2022 00:00
 Samsung Galaxy M53 ,Smartphone,5,worth it detail language interview north big business,FLIPKART,25-07-2022 00:00
 Samsung Galaxy A34 ,Smartphone,5,good take wife international choice,FLIPKART,04-01-2024 00:00
 Samsung Galaxy A34 ,Smartphone,4,not great you sport point scientist drive,AMAZON,15-05-2022 00:00
Samsung Galaxy A54,Smartphone,3,worth it security part official issue overheating issue,FLIPKART,20-11-2022 00:00
 Samsung Galaxy Book 3 ,Smartphone,3,excellent owner sense charge thought song live issue overheating issue,AMAZON,12-05-2024 00:00
 Samsung Galaxy Tab A8 ,Smartphone,3,not great out despite another fill game present imagine issue charging problem,flipkart,04-03-2024 00:00
Samsung Buds Live,Accessories,1,not great campaign star school light appear ten film service,FLIPKART,23-11-2022 00:00
Samsung Galaxy A34,Smartphone,4,worth it story put throughout local,AMAZON,08-07-2024 00:00
Samsung Galaxy Tab S7 FE,Smartphone,4,bad shake move south television,amazon,26-04-2022 00:00
 Samsung Galaxy Book 3 ,Smartphone,4,worth it girl kid collection professional single try,flipkart,26-07-2024 00:00
Samsung Galaxy S21 FE,Smartphone,4,bad manage exist power soldier purpose establish republican,AMAZON,29-12-2024 00:00
Samsung Galaxy S23,Smartphone,3,worth it issue battery draining fast,amazon,07-08-2023 00:00
 Samsung Galaxy S23 ,Smartphone,4,waste of money leader process key whose lay,AMAZON,16-05-2022 00:00
Samsung Buds 2,Accessories,4,bad plan simple actually her movement bar,AMAZON,13-12-2023 00:00
Samsung Galaxy M34,Smartphone,3,waste of money issue charging problem,flipkart,28-02-2024 00:00
Samsung Galaxy A14,Smartphone,3,waste of money network defense someone president test line issue charging problem,AMAZON,19-06-2024 00:00
Samsung Galaxy M53,Smartphone,3,excellent issue camera quality is poor,AMAZON,25-03-2023 00:00
Samsung Galaxy M53,Smartphone,5,excellent film like important executive exactly service discuss,flipkart,15-09-2024 00:00
 Samsung Galaxy Book 3 ,Smartphone,1,excellent whole old impact increase than organization over movement issue overheating issue,amazon,16-07-2024 00:00
Samsung Galaxy S23,Smartphone,4,waste of money field among protect treat organization close smile,AMAZON,08-11-2022 00:00
 Samsung Galaxy Tab A8 ,Smartphone,4,average will western stop might,FLIPKART,27-02-2023 00:00
Samsung Galaxy A34,Smartphone,4,worth it second partner many through year,amazon,23-10-2024 00:00
Samsung Galaxy S21 FE,Smartphone,1,not great concern environment century color best learn cup issue charging problem,amazon,17-05-2022 00:00
Samsung Galaxy A14,Smartphone,4,excellent including everything affect six friend with these or,flipkart,22-01-2023 00:00
 Samsung Buds Live ,Accessories,4,bad southern character vote our,AMAZON,04-06-2022 00:00
Samsung Galaxy A54,Smartphone,5,waste of money season ask thank model class,AMAZON,06-10-2024 00:00
Samsung Galaxy S21 FE,Smartphone,3,not great according quality life ground father door able issue overheating issue,flipkart,09-11-2022 00:00
Samsung Charger 25W,Accessories,4,worth it air its move at course pass,amazon,01-03-2023 00:00
Samsung Buds Live,Accessories,2,good follow may debate worker bed among,FLIPKART,28-02-2022 00:00
Samsung Galaxy Tab A8,Smartphone,1,not great bad yourself present issue camera quality is poor,AMAZON,04-11-2023 00:00
 Samsung Galaxy A14 ,Smartphone,5,worth it can skill walk work grow challenge special,FLIPKART,20-02-2023 00:00
Samsung Galaxy S21 FE,Smartphone,5,good available their bad tell,FLIPKART,27-06-2022 00:00
 Samsung Galaxy A54 ,Smartphone,1,bad worker brother adult smile name short easy risk issue camera quality is poor,AMAZON,03-07-2022 00:00
 Samsung Galaxy A14 ,Smartphone,5,average gun newspaper door easy drop happen,FLIPKART,02-12-2022 00:00
 Samsung Galaxy S21 FE ,Smartphone,4,bad system upon what study debate indeed,AMAZON,26-11-2022 00:00
Samsung Buds 2,Accessories,4,average development place dream future,amazon,14-08-2023 00:00
 Samsung Galaxy A34 ,Smartphone,4,worth it similar tv western,FLIPKART,05-04-2022 00:00
 Samsung Galaxy S21 FE ,Smartphone,4,bad western road group nothing nice sell animal,AMAZON,13-05-2024 00:00
 Samsung Galaxy M14 ,Smartphone,4,excellent water ground cup authority full,flipkart,09-03-2022 00:00
Samsung Buds Live,Accessories,5,bad eat tv certain,flipkart,30-06-2024 00:00
 Samsung Buds Live ,Accessories,4,excellent within relationship medical staff none keep conference practice,FLIPKART,30-07-2022 00:00
Samsung Galaxy M14,Smartphone,3,not great really different political what computer later family,FLIPKART,29-06-2024 00:00
Samsung Galaxy S23,Smartphone,5,not great woman child anyone computer machine,flipkart,03-09-2023 00:00
 Samsung Galaxy Book 2 ,Smartphone,5,good small party seven early far drop run thus,AMAZON,09-03-2023 00:00
Samsung Buds 2,Accessories,5,worth it wonder oil several consider turn he,flipkart,13-01-2024 00:00
Samsung Galaxy S23,Smartphone,4,not great federal financial wish population,flipkart,27-04-2023 00:00
Samsung Galaxy M14,Smartphone,1,not great debate people pretty still factor trouble,amazon,02-10-2024 00:00
Samsung Galaxy A54,Smartphone,1,love the camera quality,flipkart,19-10-2023
Samsung Buds 2,Accessories,3,worth it situation there guy tonight market difficult travel issue battery draining fast,AMAZON,29-07-2023 00:00
 Samsung Galaxy Book 2 ,Smartphone,4,worth it smile check so white outside mention animal,amazon,07-02-2024 00:00
 Samsung Galaxy M53 ,Smartphone,4,good create always congress part,AMAZON,17-06-2024 00:00
Samsung Galaxy Tab S7 FE,Smartphone,4,good represent store that buy eye,flipkart,13-07-2022 00:00
Samsung Galaxy Tab S7 FE,Smartphone,3,worth it impact stuff room company food,FLIPKART,13-12-2024 00:00
Samsung Galaxy Tab A8,Smartphone,3,not great practice no especially issue camera quality is poor,amazon,08-02-2023 00:00
 Samsung Galaxy S22 ,Smartphone,4,disappointed with the customer service,FLIPKART,28-10-2024
Samsung Galaxy A34,Smartphone,2,waste of money plant structure still skin modern event again note,flipkart,04-01-2022 00:00
Samsung Galaxy S23,Smartphone,4,waste of money board enjoy laugh suddenly collection resource very certainly,FLIPKART,17-12-2023 00:00
Samsung Buds 2,Accessories,5,good remember player affect professor economic sell training,flipkart,09-11-2024 00:00
Samsung Galaxy S21 FE,Smartphone,3,not great identify front international certain area issue slow performance,FLIPKART,08-04-2024 00:00
Samsung Galaxy S23,Smartphone,1,waste of money issue display flickering,AMAZON,15-08-2023 00:00
Samsung Galaxy M14,Smartphone,3,good could meet each teach require leg thousand,FLIPKART,15-02-2022 00:00
Samsung Galaxy S23,Smartphone,4,good consider bank current five than what watch,FLIPKART,25-01-2024 00:00
Samsung Buds Live,Accessories,5,bad real or poor operation buy,FLIPKART,28-01-2023 00:00
 Samsung Galaxy Tab S7 FE ,Smartphone,5,waste of money out peace control serve student coach,AMAZON,23-11-2024 00:00
Samsung Galaxy Book 3,Smartphone,4,bad fish would especially deep lose,amazon,25-07-2024 00:00
Samsung Galaxy S22,Smartphone,4,not great ball vote outside but create,flipkart,10-04-2023 00:00
 Samsung Galaxy Book 2 ,Smartphone,3,bad issue battery draining fast,amazon,21-11-2024 00:00
Samsung Galaxy M34,Smartphone,5,good situation perhaps relate,amazon,14-09-2022 00:00
Samsung Galaxy A54,Smartphone,4,worth it must quality seven up,FLIPKART,24-10-2024 00:00
Samsung Galaxy S22,Smartphone,4,good stand religious reduce nothing war feeling,flipkart,24-08-2023 00:00
Samsung Galaxy Book 2,Smartphone,4,worth it once it read,AMAZON,22-04-2024 00:00
 Samsung Galaxy M34 ,Smartphone,5,worth it,flipkart,17-08-2023 00:00
Samsung Galaxy S22,Smartphone,5,excellent we wife term population cause,flipkart,23-07-2023 00:00
Samsung Galaxy M14,Smartphone,5,excellent nearly far film process control lose recent treatment,AMAZON,20-10-2023 00:00
Samsung Charger 25W,Accessories,3,good issue display flickering,FLIPKART,24-05-2022 00:00
Samsung Galaxy M34,Smartphone,3,good economic main happy nature surface indicate issue overheating issue,AMAZON,18-01-2023 00:00
Samsung Galaxy S22,Smartphone,5,excellent there exactly enjoy marriage large later show,FLIPKART,30-12-2024 00:00
 Samsung Galaxy M14 ,Smartphone,4,excellent finish police simple feeling,flipkart,25-05-2022 00:00
Samsung Buds Live,Accessories,3,excellent probably environment party seven school business remember,FLIPKART,15-12-2023 00:00
Samsung Galaxy Book 3,Smartphone,5,excellent speech you himself director i change quite,FLIPKART,14-05-2024 00:00
Samsung Galaxy M14,Smartphone,1,not great measure fine base list event worry manage serious issue charging problem,FLIPKART,13-06-2023 00:00
Samsung Buds Live,Accessories,5,worth it trial walk main water region take,amazon,13-05-2022 00:00
Samsung Buds 2,Accessories,1,good issue slow performance,FLIPKART,12-05-2024 00:00
 Samsung Galaxy S22 ,Smartphone,4,worth it voice republican charge election network six,AMAZON,27-05-2023 00:00
 Samsung Refrigerator ,Other,3,highly recommend to others,amazon,20-04-2023
Samsung Galaxy A54,Smartphone,3,not great issue battery draining fast,FLIPKART,04-08-2023 00:00
Samsung Galaxy A34,Smartphone,4,bad military several million success carry somebody,AMAZON,21-08-2022 00:00
Samsung Galaxy M34,Smartphone,5,worth it because figure game various war sound politics,FLIPKART,04-08-2023 00:00
Samsung Galaxy A34,Smartphone,1,average likely democratic year institution read fast condition republican issue display flickering,amazon,25-01-2024 00:00
Samsung Galaxy S22,Smartphone,1,excellent product very satisfied,AMAZON,24-09-2023
Samsung Galaxy S22,Smartphone,1,bad tv there stuff commercial laugh issue display flickering,FLIPKART,12-10-2023 00:00
Samsung Galaxy Tab S7 FE,Smartphone,3,good yet still capital only issue camera quality is poor,AMAZON,03-03-2022 00:00
Samsung Galaxy Tab S7 FE,Smartphone,4,worth it loss occur list pick,flipkart,12-09-2022 00:00
Samsung Charger 25W,Accessories,3,excellent police none daughter project,AMAZON,20-11-2023 00:00
Samsung Galaxy A54,Smartphone,4,excellent yes mission indicate design why,flipkart,28-12-2022 00:00
 Samsung Galaxy Book 2 ,Smartphone,4,average go action study perhaps,amazon,14-09-2024 00:00
 Samsung Galaxy M53 ,Smartphone,3,waste of money day however people way way standard friend issue overheating issue,flipkart,21-10-2024 00:00
 Samsung Galaxy Tab A8 ,Smartphone,2,average issue display flickering,AMAZON,20-05-2023 00:00
Samsung Galaxy S22,Smartphone,4,not great hard their him himself popular quite,AMAZON,30-01-2024 00:00
Samsung Galaxy Tab A8,Smartphone,1,bad weight son of country mean size at issue slow performance,flipkart,25-06-2023 00:00
Samsung Galaxy A54,Smartphone,3,waste of money front sometimes pattern cup without off feeling network issue camera quality is poor,FLIPKART,20-07-2024 00:00
 Samsung Galaxy M34 ,Smartphone,2,bad popular ability recently as issue overheating issue,FLIPKART,10-01-2023 00:00
 Samsung Galaxy Book 2 ,Smartphone,1,not great issue battery draining fast,flipkart,02-01-2022 00:00
Samsung Galaxy Tab S7 FE,Smartphone,5,bad option like film boy continue establish return,flipkart,05-01-2022 00:00
 Samsung Galaxy M53 ,Smartphone,4,worth it left officer half,AMAZON,29-06-2022 00:00
 Samsung Galaxy A14 ,Smartphone,3,waste of money important measure scientist adult political must issue camera quality is poor,FLIPKART,30-06-2022 00:00
 Samsung Buds Live ,Accessories,4,not great space any member way anyone,flipkart,05-05-2022 00:00
Samsung Galaxy S21 FE,Smartphone,5,bad,FLIPKART,25-06-2022 00:00
Samsung Galaxy M34,Smartphone,5,bad international space call or,flipkart,18-08-2022 00:00
Samsung Charger 25W,Accessories,4,good energy any answer source check,amazon,16-12-2024 00:00
Samsung Galaxy Book 3,Smartphone,3,waste of money order own happy debate issue battery draining fast,flipkart,11-08-2023 00:00
 Samsung Galaxy A14 ,Smartphone,5,excellent choose only body partner,AMAZON,21-09-2022 00:00
Samsung Galaxy A54,Smartphone,2,bad issue display flickering,AMAZON,12-12-2024 00:00
 Samsung Galaxy Book 3 ,Smartphone,3,excellent might try gas remain level each memory issue battery draining fast,FLIPKART,23-06-2022 00:00
 Samsung Galaxy Tab S7 FE ,Smartphone,1,average issue battery draining fast,AMAZON,14-06-2023 00:00
Samsung Galaxy Tab A8,Smartphone,4,worth it civil rise read experience where mrs,flipkart,24-01-2022 00:00
Samsung Galaxy M53,Smartphone,1,excellent yourself up job fire,flipkart,18-06-2022 00:00
Samsung Galaxy A34,Smartphone,3,average air officer statement age include,flipkart,23-12-2022 00:00
Samsung Buds Live,Accessories,4,average speak require international return successful,amazon,17-03-2022 00:00
Samsung Galaxy A34,Smartphone,4,not great able value during yeah others every oil,FLIPKART,26-10-2024 00:00
Samsung Galaxy S21 FE,Smartphone,4,average trial nature maintain window attack,flipkart,03-12-2024 00:00
Samsung Galaxy Tab A8,Smartphone,2,bad but newspaper indeed new result your with issue display flickering,AMAZON,13-03-2023 00:00
Samsung Galaxy M14,Smartphone,5,bad population point whatever see manage high,flipkart,15-07-2023 00:00
Samsung Buds Live,Accessories,4,good break computer weight energy simply,AMAZON,17-04-2024 00:00
Samsung Galaxy S23,Smartphone,4,good southern example social life position tell apply beautiful,AMAZON,08-06-2024 00:00
 Samsung Galaxy M14 ,Smartphone,4,not great eight beautiful federal,AMAZON,25-09-2023 00:00
Samsung Galaxy A54,Smartphone,5,worth it your through police we process similar,amazon,29-03-2023 00:00
Samsung Galaxy S23,Smartphone,2,excellent magazine out better which the who north physical,flipkart,14-08-2024 00:00
Samsung Galaxy Tab A8,Smartphone,4,good think put idea learn prevent,amazon,21-04-2023 00:00
Samsung Galaxy Tab A8,Smartphone,4,bad know accept country who top,flipkart,12-02-2023 00:00
 Samsung Galaxy M53 ,Smartphone,4,excellent might within hand station safe,AMAZON,27-01-2022 00:00
 Samsung Galaxy Tab A8 ,Smartphone,4,good claim a shoulder right,amazon,02-03-2023 00:00
 Samsung Buds 2 ,Accessories,2,worth it must tonight american analysis so including think issue charging problem,amazon,21-10-2023 00:00
Samsung Buds Live,Accessories,5,bad rule offer talk hard,AMAZON,28-11-2023 00:00
 Samsung Galaxy Book 2 ,Smartphone,4,waste of money to a expect middle probably ball see,AMAZON,09-10-2024 00:00
Samsung Galaxy S21 FE,Smartphone,4,waste of money enough several enough get find day purpose information,flipkart,30-05-2022 00:00
Samsung Galaxy Book 3,Smartphone,5,good design traditional similar view get sit,flipkart,03-05-2023 00:00
Samsung Galaxy S23,Smartphone,4,bad area color machine book,amazon,16-11-2024 00:00
 Samsung Buds Live ,Accessories,3,worth it already kid together find dinner good health without issue overheating issue,amazon,22-05-2024 00:00
 Samsung Galaxy A34 ,Smartphone,4,not great nice mind forget relationship reduce,amazon,19-08-2024 00:00
Samsung Galaxy A14,Smartphone,5,average well dark dark,FLIPKART,05-07-2024 00:00
Samsung Galaxy Tab S7 FE,Smartphone,1,bad course others a issue charging problem,AMAZON,05-11-2024 00:00
Samsung Galaxy Tab A8,Smartphone,4,bad they lose thank speak,amazon,23-01-2022 00:00
Samsung Buds 2,Accessories,2,good research enough much writer practice worry issue overheating issue,flipkart,03-11-2022 00:00
Samsung Galaxy M53,Smartphone,2,average exist early magazine remember issue slow performance,flipkart,17-05-2024 00:00
Samsung Galaxy Book 3,Smartphone,4,excellent girl figure wait window church,amazon,23-01-2023 00:00
Samsung Galaxy Tab A8,Smartphone,4,waste of money southern performance treat approach ready office itself that,AMAZON,31-05-2023 00:00
 Samsung Galaxy M53 ,Smartphone,4,not great southern hope send run up federal,flipkart,23-12-2024 00:00
Samsung Galaxy Tab A8,Smartphone,3,not great manager now air decide thousand add issue charging problem,AMAZON,21-09-2023 00:00
Samsung Galaxy S23,Smartphone,1,waste of money nearly provide cost heart do law check issue battery draining fast,amazon,20-02-2022 00:00
Samsung Buds 2,Accessories,4,worth it office son its behavior,FLIPKART,03-02-2024 00:00
Samsung Buds 2,Accessories,3,not great recently chance fish nation future reduce success,flipkart,28-11-2022 00:00
Samsung Galaxy S21 FE,Smartphone,5,worth it role as senior former,FLIPKART,31-01-2022 00:00
Samsung Galaxy S21 FE,Smartphone,5,waste of money if story himself where,amazon,25-06-2023 00:00
Samsung Galaxy Tab A8,Smartphone,2,average nor town up effort eat system issue overheating issue,FLIPKART,27-10-2023 00:00
Samsung Buds 2,Accessories,4,average after character each green sound young,amazon,15-07-2022 00:00
 Samsung Galaxy S22 ,Smartphone,4,not great still debate country off happen performance military,amazon,26-06-2024 00:00
Samsung Galaxy M34,Smartphone,5,not great member best accept attorney letter,AMAZON,25-06-2024 00:00
Samsung Galaxy Tab A8,Smartphone,5,average evidence argue star executive office husband,FLIPKART,16-05-2024 00:00
 Samsung Galaxy S22 ,Smartphone,2,great value for money,amazon,05-05-2023
Samsung Galaxy Book 2,Smartphone,5,worth it two adult none home clear both property,amazon,24-09-2024 00:00
Samsung Charger 25W,Accessories,3,worth it lose apply enter available write issue slow performance,amazon,12-07-2024 00:00
 Samsung Galaxy A54 ,Smartphone,2,excellent,amazon,01-03-2022 00:00
Samsung Galaxy Book 3,Smartphone,3,bad style their almost name issue battery draining fast,AMAZON,26-06-2023 00:00
Samsung Buds Live,Accessories,2,not great issue display flickering,FLIPKART,31-10-2023 00:00
 Samsung Galaxy A14 ,Smartphone,4,waste of money sound agent left close goal news road,AMAZON,19-06-2022 00:00
 Samsung Buds Live ,Accessories,5,excellent knowledge close impact whom property data owner,FLIPKART,30-05-2022 00:00
Samsung Galaxy M34,Smartphone,5,worth it cover offer safe hundred,amazon,26-07-2023 00:00
Samsung Galaxy Tab A8,Smartphone,5,waste of money upon former star exactly,amazon,03-07-2023 00:00
Samsung Galaxy Book 3,Smartphone,4,waste of money pressure reality eat ready usually bit there,amazon,12-02-2024 00:00
Samsung Galaxy Tab A8,Smartphone,4,good store process write,AMAZON,26-10-2023 00:00
 Samsung Galaxy Tab S7 FE ,Smartphone,5,average candidate up prepare body sing section,FLIPKART,28-01-2023 00:00
Samsung Galaxy A14,Smartphone,4,not great center hour it remain also including,flipkart,18-07-2022 00:00
Samsung Galaxy S22,Smartphone,2,average issue overheating issue,FLIPKART,13-04-2024 00:00
 Samsung Galaxy Tab A8 ,Smartphone,4,waste of money bad hospital manager lead,FLIPKART,11-06-2023 00:00
Samsung Galaxy S21 FE,Smartphone,4,not great room financial two hold expert,AMAZON,05-07-2024 00:00
Samsung Charger 25W,Accessories,4,good character wear month check,FLIPKART,07-11-2023 00:00
Samsung Galaxy S23,Smartphone,4,bad miss next prepare toward include,amazon,31-08-2022 00:00
Samsung Galaxy S21 FE,Smartphone,4,excellent break full program product soon skin,FLIPKART,27-08-2024 00:00
Samsung Galaxy A14,Smartphone,4,average believe offer no,FLIPKART,26-06-2022 00:00
Samsung Galaxy M14,Smartphone,4,excellent this very argue would thank process,amazon,13-11-2023 00:00
 Samsung Galaxy Tab A8 ,Smartphone,5,bad lose one another traditional time whom opportunity,flipkart,17-02-2022 00:00
 Samsung Galaxy Tab S7 FE ,Smartphone,4,worth it might hot between enjoy first together human,FLIPKART,04-11-2022 00:00
Samsung Galaxy A34,Smartphone,1,bad whether development later issue charging problem,flipkart,12-09-2024 00:00
Samsung Galaxy M14,Smartphone,5,excellent bank front finally fine environment professional,FLIPKART,27-08-2024 00:00
Samsung Galaxy S22,Smartphone,4,bad bed character american rest until last adult spring,FLIPKART,04-01-2022 00:00
Samsung Galaxy Tab A8,Smartphone,5,good special pm choose,flipkart,04-11-2022 00:00
Samsung Galaxy Tab A8,Smartphone,2,worth it issue overheating issue,amazon,18-01-2022 00:00
Samsung Galaxy M53,Smartphone,5,good score environment style during keep decade serious,AMAZON,16-02-2023 00:00
Samsung Galaxy A14,Smartphone,5,waste of money citizen parent effort involve everyone billion,AMAZON,25-03-2022 00:00
 Samsung Galaxy M53 ,Smartphone,4,excellent loss go buy bank,flipkart,14-01-2024 00:00
Samsung Galaxy Tab S7 FE,Smartphone,3,worth it strategy team lot bring follow network issue slow performance,FLIPKART,18-11-2022 00:00
 Samsung Galaxy Tab A8 ,Smartphone,5,waste of money not statement hundred wide whom allow possible,AMAZON,10-01-2023 00:00
Samsung Galaxy M53,Smartphone,4,worth it actually forward note then glass with,flipkart,08-04-2022 00:00
 Samsung Galaxy A34 ,Smartphone,4,waste of money since car baby on under,AMAZON,13-04-2022 00:00
Samsung Galaxy Book 3,Smartphone,3,waste of money drop policy small agency debate ahead issue battery draining fast,flipkart,28-12-2023 00:00
Samsung Galaxy Book 3,Smartphone,5,good ahead piece industry enter least student,AMAZON,05-04-2023 00:00
Samsung Galaxy Tab S7 FE,Smartphone,1,excellent only at perhaps,flipkart,03-11-2024 00:00
Samsung Galaxy A34,Smartphone,4,waste of money modern fish discussion begin,AMAZON,28-10-2024 00:00
 Samsung Galaxy Book 3 ,Smartphone,5,worth it manage far customer money,flipkart,04-07-2023 00:00
Samsung Galaxy Tab A8,Smartphone,1,waste of money threat ability technology now indeed animal scientist improve,amazon,16-04-2022 00:00
Samsung Buds Live,Accessories,4,bad argue style difficult institution,AMAZON,01-08-2022 00:00
Samsung Galaxy Tab S7 FE,Smartphone,1,worth it can argue parent test voice,amazon,01-11-2023 00:00
Samsung Galaxy Book 3,Smartphone,4,bad school pick difficult alone money theory one,AMAZON,16-11-2022 00:00
Samsung Galaxy A14,Smartphone,3,not great make huge hear once citizen hospital issue slow performance,amazon,23-01-2024 00:00
 Samsung Galaxy A34 ,Smartphone,4,waste of money pass movement course just,FLIPKART,21-05-2022 00:00
Samsung Galaxy M14,Smartphone,3,good pressure people huge every tonight attack language,flipkart,26-04-2024 00:00
Samsung Galaxy S23,Smartphone,1,build quality feels premium,FLIPKART,03-12-2024
Samsung Galaxy A14,Smartphone,3,good pull number before hundred american table really issue overheating issue,FLIPKART,02-08-2023 00:00
 Samsung Buds 2 ,Accessories,5,excellent fall white trip middle,flipkart,23-08-2022 00:00
Samsung Galaxy Tab S7 FE,Smartphone,3,waste of money experience light radio maintain hit issue camera quality is poor,FLIPKART,14-09-2024 00:00
Samsung Galaxy S21 FE,Smartphone,1,average fast measure near toward issue slow performance,FLIPKART,05-01-2023 00:00
 Samsung Galaxy Tab S7 FE ,Smartphone,4,worth it board skin model safe student could tend,AMAZON,15-11-2023 00:00
 Samsung Galaxy S22 ,Smartphone,1,waste of money issue slow performance,FLIPKART,12-11-2023 00:00
Samsung Galaxy A34,Smartphone,5,excellent wait produce seven my,FLIPKART,04-10-2023 00:00
 Samsung Galaxy Book 2 ,Smartphone,2,waste of money issue slow performance,amazon,17-08-2023 00:00
 Samsung Galaxy S22 ,Smartphone,4,bad democratic establish head least free can grow,FLIPKART,25-06-2023 00:00
Samsung Galaxy M14,Smartphone,5,worth it center get information but minute,FLIPKART,04-03-2023 00:00
Samsung Galaxy Tab S7 FE,Smartphone,5,average move firm part law southern long,FLIPKART,19-09-2022 00:00
Samsung Buds 2,Accessories,3,excellent window age kid identify these computer issue overheating issue,AMAZON,09-09-2022 00:00
Samsung Buds Live,Accessories,1,bad issue display flickering,AMAZON,21-11-2023 00:00
 Samsung Galaxy M34 ,Smartphone,1,average issue battery draining fast,amazon,07-09-2022 00:00
Samsung Galaxy Tab S7 FE,Smartphone,5,not great,amazon,27-02-2024 00:00
Samsung Galaxy S21 FE,Smartphone,4,worth it crime news question discover attack address safe,amazon,18-08-2024 00:00
 Samsung Galaxy M34 ,Smartphone,4,excellent apply law pretty well keep care argue,AMAZON,07-06-2022 00:00
Samsung Buds 2,Accessories,5,average author type follow,AMAZON,22-01-2024 00:00
Samsung Galaxy Tab A8,Smartphone,3,not great business explain no place camera resource issue display flickering,FLIPKART,14-04-2023 00:00
Samsung Galaxy Tab A8,Smartphone,4,good,AMAZON,23-01-2024 00:00
Samsung Galaxy S21 FE,Smartphone,3,waste of money together break which natural issue overheating issue,amazon,19-01-2023 00:00
Samsung Galaxy S23,Smartphone,3,excellent significant national glass behind image fire,AMAZON,04-06-2024 00:00
Samsung Galaxy M34,Smartphone,4,bad song season phone,amazon,04-06-2023 00:00
Samsung Buds 2,Accessories,4,waste of money run home soldier card condition democratic each,AMAZON,30-04-2022 00:00
 Samsung Galaxy Book 2 ,Smartphone,4,waste of money health nice store,amazon,13-01-2024 00:00
Samsung Galaxy A54,Smartphone,3,average get candidate son hit each issue slow performance,amazon,19-02-2024 00:00
Samsung Buds Live,Accessories,5,average standard article price mean effect door maintain,amazon,07-04-2023 00:00
Samsung Galaxy A54,Smartphone,5,waste of money store can station toward seat best federal,FLIPKART,22-07-2022 00:00
Samsung Galaxy Tab A8,Smartphone,3,good issue slow performance,AMAZON,26-02-2022 00:00
Samsung Galaxy S21 FE,Smartphone,4,bad evening difficult open show teach raise child,AMAZON,02-06-2022 00:00
 Samsung Galaxy S23 ,Smartphone,2,build quality feels premium,FLIPKART,03-03-2024
 Samsung Galaxy A14 ,Smartphone,4,waste of money almost successful if car sing perhaps raise fight,flipkart,21-04-2022 00:00
Samsung Galaxy S22,Smartphone,5,good film charge arrive institution five conference arrive,amazon,15-04-2022 00:00
 Samsung Galaxy Book 3 ,Smartphone,1,excellent issue charging problem,AMAZON,16-09-2024 00:00
 Samsung Galaxy S21 FE ,Smartphone,4,waste of money develop toward stay last imagine mean list,AMAZON,12-10-2023 00:00
 Samsung Charger 25W ,Accessories,3,not great government with find science memory issue slow performance,flipkart,06-06-2022 00:00
Samsung Galaxy Book 2,Smartphone,4,waste of money region story offer scene remain address,AMAZON,30-09-2022 00:00
Samsung Galaxy Tab A8,Smartphone,2,worth it issue display flickering,amazon,19-03-2022 00:00
Samsung Charger 25W,Accessories,2,not great kind cause goal try most way high,FLIPKART,01-01-2024 00:00
Samsung Galaxy A54,Smartphone,5,excellent understand contain middle develop democrat,FLIPKART,05-08-2023 00:00
Samsung Galaxy S21 FE,Smartphone,4,good smile and support history tax occur goal,FLIPKART,10-01-2023 00:00
Samsung Galaxy M53,Smartphone,2,waste of money become deal challenge step year issue battery draining fast,FLIPKART,05-03-2023 00:00
 Samsung Galaxy A14 ,Smartphone,4,not great,amazon,20-01-2024 00:00
 Samsung Buds 2 ,Accessories,2,average sort everybody total perform speech why hard law issue camera quality is poor,flipkart,01-07-2023 00:00
 Samsung Galaxy A14 ,Smartphone,5,waste of money among experience challenge,FLIPKART,24-02-2023 00:00
Samsung Galaxy S22,Smartphone,2,waste of money police care state improve near,amazon,28-12-2022 00:00
Samsung Galaxy Book 2,Smartphone,3,worth it season especially close need rise year issue camera quality is poor,AMAZON,06-09-2023 00:00
Samsung Buds 2,Accessories,4,worth it something much clearly scientist under,AMAZON,07-09-2024 00:00
Samsung Galaxy M34,Smartphone,4,worth it finish same ahead party,amazon,29-06-2024 00:00
Samsung Galaxy A14,Smartphone,3,waste of money why able book type avoid remember,flipkart,11-12-2023 00:00
Samsung Galaxy M34,Smartphone,2,average shake staff fall issue charging problem,flipkart,28-12-2022 00:00
 Samsung Buds Live ,Accessories,3,average issue camera quality is poor,amazon,09-11-2022 00:00
Samsung Buds 2,Accessories,5,good piece list quality control,AMAZON,26-06-2022 00:00
Samsung Galaxy M14,Smartphone,3,not great may find stand tonight sound difficult body others,FLIPKART,29-03-2024 00:00
Samsung Galaxy S22,Smartphone,5,not great task among simply,AMAZON,03-06-2023 00:00
Samsung Charger 25W,Accessories,4,good final audience next black lead how grow,FLIPKART,25-06-2023 00:00
Samsung Galaxy S22,Smartphone,2,not great issue camera quality is poor,AMAZON,14-08-2022 00:00
Samsung Galaxy Book 2,Smartphone,4,worth it smile according fish several shake boy,AMAZON,24-10-2022 00:00
 Samsung Galaxy S21 FE ,Smartphone,1,waste of money where star set daughter sure kid power,amazon,19-04-2024 00:00
 Samsung Galaxy Tab S7 FE ,Smartphone,2,excellent material quality painting role other per,amazon,16-07-2023 00:00
Samsung Galaxy A34,Smartphone,1,average issue charging problem,AMAZON,17-08-2024 00:00
 Samsung Galaxy Book 2 ,Smartphone,2,good usually ten lawyer herself thought treatment,FLIPKART,02-03-2023 00:00
 Samsung Galaxy Book 3 ,Smartphone,3,not great issue slow performance,amazon,05-10-2023 00:00
Samsung Galaxy A14,Smartphone,5,average feeling mission daughter teacher,FLIPKART,06-08-2024 00:00
 Samsung Galaxy Tab S7 FE ,Smartphone,5,waste of money fill resource star your talk enjoy every yet,FLIPKART,28-03-2023 00:00
Samsung Galaxy A54,Smartphone,4,waste of money one dinner consumer miss,FLIPKART,18-08-2022 00:00
Samsung Galaxy S23,Smartphone,4,good for basic usage,flipkart,06-03-2024
 Samsung Charger 25W ,Accessories,4,worth it serious early we policy economy rather,amazon,01-06-2022 00:00
Samsung Galaxy M53,Smartphone,1,average plant read huge produce consumer other,FLIPKART,22-01-2022 00:00
Samsung Buds Live,Accessories,1,waste of money may cause population mean finally nation issue camera quality is poor,FLIPKART,05-09-2024 00:00
Samsung Galaxy A14,Smartphone,1,not great yard project consider development,AMAZON,14-10-2022 00:00
 Samsung Galaxy M53 ,Smartphone,3,not great management particularly sort amount remember ahead,FLIPKART,02-10-2022 00:00
Samsung Buds Live,Accessories,3,not great issue slow performance,AMAZON,27-06-2023 00:00
Samsung Galaxy M14,Smartphone,5,good plan yourself them feel according federal well,AMAZON,02-12-2023 00:00
Samsung Galaxy S21 FE,Smartphone,4,excellent rich spring material structure sport edge receive full,amazon,05-05-2024 00:00
Samsung Galaxy S23,Smartphone,5,bad how short agent grow policy,flipkart,28-12-2024 00:00
 Samsung Galaxy M34 ,Smartphone,4,not great night weight agent lose,AMAZON,31-05-2022 00:00
Samsung Galaxy Book 2,Smartphone,4,worth it smile check so white outside mention animal,AMAZON,07-02-2024 00:00
 Samsung QLED TV ,TV,4,performance is topnotch,flipkart,30-10-2023
Samsung Galaxy A34,Smartphone,5,excellent century simply music yet play explain team resource,FLIPKART,11-05-2022 00:00
Samsung Galaxy S23,Smartphone,3,waste of money culture start cup director watch congress,AMAZON,16-06-2023 00:00
Samsung Galaxy M14,Smartphone,3,excellent get assume last become,AMAZON,13-10-2022 00:00
Samsung Galaxy S23,Smartphone,4,excellent never weight large budget us theory without,amazon,30-03-2023 00:00
 Samsung Galaxy A34 ,Smartphone,4,good president you cultural want case,flipkart,16-03-2022 00:00
 Samsung Galaxy A14 ,Smartphone,4,worth it once fish much next process mr measure,amazon,14-10-2024 00:00
 Samsung Galaxy Tab A8 ,Smartphone,4,not great write floor true if thing,flipkart,05-06-2023 00:00
Samsung Galaxy S21 FE,Smartphone,4,good blood person decide state physical seem memory,FLIPKART,06-05-2022 00:00
Samsung Galaxy Book 3,Smartphone,5,not great top site computer eat over anyone west arrive,amazon,21-06-2024 00:00
 Samsung Galaxy Tab A8 ,Smartphone,2,bad issue battery draining fast,AMAZON,10-04-2022 00:00
Samsung Galaxy S22,Smartphone,4,average recognize quite understand level win here look,FLIPKART,27-07-2023 00:00
 Samsung Galaxy S22 ,Smartphone,4,good house country trade talk miss,amazon,03-10-2023 00:00
 Samsung Buds 2 ,Accessories,5,worth it full laugh conference reason include pretty anyone,FLIPKART,27-10-2023 00:00
 Samsung Galaxy Tab S7 FE ,Smartphone,1,waste of money option admit agent blue issue battery draining fast,flipkart,08-06-2023 00:00
Samsung Galaxy M14,Smartphone,2,excellent partner use of contain front box issue charging problem,amazon,08-07-2024 00:00
 Samsung Galaxy Z Fold5 ,Smartphone,5,featurepacked and smooth experience,AMAZON,09-01-2025
Samsung Galaxy S21 FE,Smartphone,4,waste of money hope travel professor write,amazon,09-01-2024 00:00
 Samsung Galaxy M14 ,Smartphone,4,average while learn financial step,flipkart,14-07-2023 00:00
Samsung Refrigerator,Other,5,build quality feels premium,AMAZON,24-11-2024
Samsung Galaxy Book 2,Smartphone,1,not great employee pass same bit maybe,AMAZON,04-09-2024 00:00
Samsung Galaxy Tab S7 FE,Smartphone,5,average our than simple place debate us be speech,flipkart,10-02-2023 00:00
Samsung Galaxy M14,Smartphone,1,excellent exist boy cost itself family situation issue charging problem,flipkart,12-10-2022 00:00
 Samsung Charger 25W ,Accessories,3,worth it budget physical other instead size story issue charging problem,FLIPKART,23-09-2022 00:00
 Samsung Galaxy Tab A8 ,Smartphone,4,average the significant represent above spend blood economic,AMAZON,21-10-2024 00:00
 Samsung Galaxy A54 ,Smartphone,5,waste of money modern kind black tend employee security blood,AMAZON,17-07-2023 00:00
Samsung Galaxy M14,Smartphone,2,bad city appear four table,AMAZON,26-07-2024 00:00
Samsung Galaxy M53,Smartphone,4,bad whatever second fast,AMAZON,10-03-2022 00:00
Samsung Galaxy M53,Smartphone,2,not great tough discover past mission happy reason subject,amazon,15-12-2023 00:00
Samsung Galaxy M14,Smartphone,4,bad later morning message half rule,flipkart,20-10-2023 00:00
Samsung Galaxy A14,Smartphone,1,good floor control difference song issue battery draining fast,AMAZON,08-10-2023 00:00
 Samsung Buds Live ,Accessories,4,average bring only health,AMAZON,12-01-2022 00:00
Samsung Galaxy Book 2,Smartphone,5,bad thank product blue down claim,flipkart,11-06-2022 00:00
Samsung Galaxy Book 3,Smartphone,2,good issue display flickering,AMAZON,03-09-2023 00:00
Samsung Galaxy Tab A8,Smartphone,4,worth it you pretty week clear citizen do,AMAZON,27-07-2022 00:00
Samsung Galaxy Book 2,Smartphone,5,not great rise account add call question,flipkart,17-05-2023 00:00
Samsung Galaxy S21 FE,Smartphone,5,not great last eat thus north everything,amazon,18-02-2024 00:00
Samsung Buds 2,Accessories,2,bad light where travel tonight worry manage issue camera quality is poor,FLIPKART,18-04-2024 00:00
Samsung Galaxy Tab A8,Smartphone,5,excellent word kitchen spring western art,FLIPKART,14-10-2023 00:00
Samsung Galaxy M14,Smartphone,1,good response style drive sort,AMAZON,19-06-2023 00:00
Samsung Galaxy A34,Smartphone,2,bad read down we industry yes listen skin issue overheating issue,amazon,26-11-2023 00:00
Samsung Galaxy M53,Smartphone,3,excellent issue slow performance,flipkart,25-04-2022 00:00
Samsung Galaxy A14,Smartphone,1,bad move nearly coach issue slow performance,flipkart,14-10-2024 00:00
Samsung Buds 2,Accessories,4,excellent western already factor office including if positive,flipkart,29-04-2022 00:00
 Samsung Buds 2 ,Accessories,2,bad every training worry industry window,amazon,19-02-2024 00:00
Samsung Charger 25W,Accessories,3,average political as morning if,flipkart,19-03-2022 00:00
Samsung Galaxy S22,Smartphone,5,excellent yes walk wish ball,flipkart,21-04-2024 00:00
 Samsung Galaxy S22 ,Smartphone,3,good new yard condition collection can cover issue display flickering,flipkart,29-05-2022 00:00
Samsung Galaxy Book 2,Smartphone,5,excellent lawyer mouth oil too,flipkart,07-01-2022 00:00
Samsung Galaxy A14,Smartphone,3,excellent two budget bank memory magazine issue battery draining fast,amazon,18-03-2022 00:00
Samsung Galaxy Book 3,Smartphone,5,average view child and check,FLIPKART,25-07-2022 00:00
Samsung Galaxy M14,Smartphone,4,not great only audience whom,amazon,21-10-2022 00:00
Samsung Galaxy M53,Smartphone,4,worth it arrive customer appear floor think treatment or,amazon,06-02-2024 00:00
Samsung Buds Live,Accessories,1,not great wish chair action issue camera quality is poor,AMAZON,22-02-2023 00:00
Samsung Buds 2,Accessories,4,worth it republican anyone respond majority page mr,AMAZON,08-10-2023 00:00
 Samsung Galaxy Tab S7 FE ,Smartphone,2,good issue charging problem,amazon,05-07-2023 00:00
 Samsung Galaxy S21 FE ,Smartphone,4,bad former represent learn management point,FLIPKART,02-08-2022 00:00
 Samsung Galaxy S21 FE ,Smartphone,5,worth it wear everything quality mrs individual,amazon,20-08-2023 00:00
Samsung Galaxy S23,Smartphone,3,good write from among heart top issue slow performance,amazon,24-11-2023 00:00
Samsung Galaxy Book 2,Smartphone,4,good chance wear assume rather,FLIPKART,05-04-2024 00:00
Samsung Galaxy M34,Smartphone,2,good edge individual teach white woman up issue slow performance,FLIPKART,24-06-2022 00:00
 Samsung Galaxy M34 ,Smartphone,5,bad general carry whom left sport ok last,FLIPKART,23-04-2023 00:00
Samsung Galaxy M14,Smartphone,4,waste of money coach ok allow store race parent day success,flipkart,19-10-2024 00:00
Samsung Buds 2,Accessories,3,excellent hold drop rock issue camera quality is poor,amazon,24-05-2023 00:00
Samsung Galaxy M34,Smartphone,5,bad since way prepare different sure,amazon,03-01-2023 00:00
Samsung Charger 25W,Accessories,5,average today give in,AMAZON,08-06-2023 00:00
Samsung Buds Live,Accessories,1,waste of money few choose arrive cost other page finish issue charging problem,flipkart,09-04-2024 00:00
 Samsung Galaxy S23 ,Smartphone,5,good thousand see draw according picture west and,flipkart,05-11-2024 00:00
 Samsung Galaxy M14 ,Smartphone,1,bad into oil professional money,AMAZON,26-03-2022 00:00
Samsung Galaxy M53,Smartphone,1,worth it husband father anything animal offer full issue overheating issue,FLIPKART,08-02-2022 00:00
Samsung Galaxy M53,Smartphone,4,not great her involve step arrive enter,amazon,01-06-2022 00:00
 Samsung Washing Machine ,Other,2,delivery was delayed but the product is great,amazon,21-12-2023
 Samsung Galaxy Book 3 ,Smartphone,4,waste of money large must goal first,amazon,04-01-2023 00:00
 Samsung Galaxy Tab A8 ,Smartphone,2,waste of money involve education do himself dog with account interest,AMAZON,25-09-2022 00:00
Samsung Galaxy S22,Smartphone,2,good young wife beyond,AMAZON,06-08-2024 00:00
Samsung Buds 2,Accessories,4,good value beautiful suggest executive difference may where,AMAZON,16-11-2023 00:00
Samsung Buds Live,Accessories,5,bad must exist oil camera,AMAZON,26-12-2024 00:00
Samsung Galaxy Book 3,Smartphone,5,bad whether hour perform what we realize,amazon,08-05-2022 00:00
 Samsung Buds 2 ,Accessories,3,waste of money college hope until issue overheating issue,AMAZON,11-08-2023 00:00
Samsung Charger 25W,Accessories,3,waste of money issue charging problem,AMAZON,07-03-2022 00:00
Samsung Galaxy M34,Smartphone,1,not great issue battery draining fast,FLIPKART,08-01-2022 00:00
 Samsung Galaxy M34 ,Smartphone,4,average participant standard investment market question boy wife seem,FLIPKART,14-01-2023 00:00
 Samsung Galaxy S22 ,Smartphone,4,worth it her economic him i film with,FLIPKART,28-06-2022 00:00
Samsung Galaxy M14,Smartphone,3,average want shoulder ok see maintain issue overheating issue,AMAZON,13-02-2023 00:00
 Samsung Galaxy Tab S7 FE ,Smartphone,4,average through line national rock career,AMAZON,29-03-2023 00:00
Samsung Buds 2,Accessories,4,waste of money middle space way food bit,amazon,05-08-2024 00:00
Samsung Galaxy S23,Smartphone,4,not great suddenly money too individual lay,FLIPKART,06-08-2023 00:00
Samsung Galaxy S22,Smartphone,4,worth it really deep story much hour,AMAZON,23-03-2024 00:00
Samsung Buds Live,Accessories,4,not great professional girl find wish,amazon,27-04-2024 00:00
 Samsung Galaxy A14 ,Smartphone,3,good ago woman woman stand better government office issue camera quality is poor,AMAZON,15-05-2023 00:00
 Samsung Galaxy M14 ,Smartphone,5,worth it risk third ever traditional country blue,AMAZON,19-10-2023 00:00
Samsung Buds Live,Accessories,1,average skin capital dream prevent continue black education issue display flickering,FLIPKART,25-11-2024 00:00
Samsung Galaxy M53,Smartphone,2,average particular drive only place degree open religious issue camera quality is poor,FLIPKART,25-03-2022 00:00
Samsung Charger 25W,Accessories,4,average road evidence firm bit forget task,AMAZON,06-01-2024 00:00
Samsung Galaxy Book 3,Smartphone,4,bad stop buy production evidence outside fly,amazon,16-02-2023 00:00
Samsung Galaxy Tab A8,Smartphone,3,waste of money issue camera quality is poor,AMAZON,26-06-2023 00:00
Samsung Galaxy Tab S7 FE,Smartphone,1,worth it organization successful speak skill discover beat,AMAZON,01-09-2023 00:00
Samsung Galaxy A34,Smartphone,4,waste of money get sense still seek after,AMAZON,14-06-2022 00:00
Samsung Galaxy S22,Smartphone,1,worth it board soldier mention modern she protect result issue charging problem,flipkart,06-02-2022 00:00
Samsung Buds Live,Accessories,4,bad affect space television voice mrs present network,amazon,25-11-2022 00:00
Samsung Galaxy M53,Smartphone,3,not great want most help community issue camera quality is poor,FLIPKART,21-11-2024 00:00
Samsung Galaxy Tab A8,Smartphone,3,worth it issue charging problem,FLIPKART,03-02-2023 00:00
Samsung Galaxy A14,Smartphone,3,worth it who weight something sort population issue charging problem,flipkart,20-03-2022 00:00
Samsung Galaxy Tab S7 FE,Smartphone,4,worth it good popular for on us prove prove,AMAZON,07-11-2023 00:00
Samsung Galaxy Tab S7 FE,Smartphone,4,excellent mind ground age war evening glass old,amazon,06-06-2023 00:00
Samsung Galaxy Tab S7 FE,Smartphone,4,average visit accept since,AMAZON,12-05-2023 00:00
 Samsung Galaxy S22 ,Smartphone,4,not great ask think she,AMAZON,07-07-2024 00:00
 Samsung Galaxy S22 ,Smartphone,5,excellent stock travel especially garden box,AMAZON,01-03-2023 00:00
Samsung Galaxy M53,Smartphone,4,waste of money father measure rate color beautiful wrong,amazon,25-05-2024 00:00
Samsung Galaxy A14,Smartphone,4,good rock air never statement almost city,flipkart,01-09-2023 00:00
 Samsung Galaxy A54 ,Smartphone,4,waste of money partner build focus just seek development option,amazon,04-12-2024 00:00
 Samsung Galaxy A34 ,Smartphone,4,good expert board away continue their financial benefit,AMAZON,03-04-2024 00:00
Samsung Galaxy Book 3,Smartphone,4,worth it serve appear push security program as outside,amazon,10-03-2022 00:00
Samsung Galaxy Book 3,Smartphone,4,excellent country stuff lay protect television people necessary,AMAZON,31-07-2023 00:00
Samsung Galaxy A54,Smartphone,5,worth it set share want north security onto,FLIPKART,11-11-2024 00:00
Samsung Galaxy M14,Smartphone,5,good true material yourself color listen,FLIPKART,14-01-2023 00:00
Samsung Charger 25W,Accessories,1,worth it issue camera quality is poor,FLIPKART,27-06-2024 00:00
Samsung Galaxy Tab A8,Smartphone,5,waste of money high group feel hear maybe throughout market bad,AMAZON,04-07-2024 00:00
 Samsung Galaxy S21 FE ,Smartphone,4,excellent even fact anything,AMAZON,01-05-2023 00:00
Samsung Buds Live,Accessories,4,not great appear college collection herself choose region my certainly,amazon,24-06-2022 00:00
 Samsung Galaxy S22 ,Smartphone,4,average modern energy it political word live education,FLIPKART,04-05-2023 00:00
 Samsung Galaxy Tab A8 ,Smartphone,3,bad sing three leg level two manager issue display flickering,AMAZON,11-03-2024 00:00
Samsung Galaxy S22,Smartphone,4,average member result window include,amazon,28-04-2024 00:00
Samsung Buds Live,Accessories,4,worth it traditional unit practice old hot,amazon,04-01-2022 00:00
 Samsung Galaxy A54 ,Smartphone,4,worth it young pattern hundred identify what great,FLIPKART,02-07-2023 00:00
 Samsung Galaxy M14 ,Smartphone,4,waste of money control fall radio yet in,amazon,10-06-2024 00:00
Samsung Buds Live,Accessories,3,excellent paper analysis group they,AMAZON,18-07-2022 00:00
Samsung Buds 2,Accessories,4,bad very week few production too deep,amazon,02-10-2023 00:00
 Samsung Galaxy M34 ,Smartphone,1,average issue display flickering,FLIPKART,30-04-2023 00:00
Samsung Washing Machine,Other,3,speaker quality is amazing,flipkart,26-02-2024
 Samsung Galaxy M53 ,Smartphone,3,bad issue battery draining fast,amazon,25-12-2024 00:00
 Samsung Galaxy M14 ,Smartphone,3,worth it often win eye president issue battery draining fast,amazon,08-08-2024 00:00
Samsung Galaxy A14,Smartphone,4,bad serious most black something method hand federal,FLIPKART,04-10-2024 00:00
Samsung Galaxy A14,Smartphone,4,bad will but draw create party thank anything,flipkart,14-12-2022 00:00
 Samsung Galaxy A14 ,Smartphone,5,good season dark into practice possible,amazon,24-12-2023 00:00
 Samsung Galaxy M14 ,Smartphone,3,not great tough current thought why group issue display flickering,flipkart,20-06-2023 00:00
Samsung Buds Live,Accessories,4,excellent measure whether source,AMAZON,28-12-2022 00:00
Samsung Galaxy S22,Smartphone,5,bad test real shoulder,flipkart,04-03-2024 00:00
Samsung Galaxy Tab S7 FE,Smartphone,4,good language kitchen specific above tell relationship fact,AMAZON,16-06-2022 00:00
Samsung Galaxy A14,Smartphone,5,worth it five if benefit course,FLIPKART,08-05-2023 00:00
 Samsung Galaxy A34 ,Smartphone,3,bad issue slow performance,flipkart,12-02-2023 00:00
 Samsung Galaxy M14 ,Smartphone,4,not great account blue quite fire see beautiful hand,AMAZON,24-08-2024 00:00
Samsung Galaxy A54,Smartphone,5,not great difference world fly push entire,amazon,17-05-2024 00:00
Samsung Galaxy S23,Smartphone,2,waste of money issue overheating issue,FLIPKART,03-01-2024 00:00
Samsung Galaxy S22,Smartphone,3,average issue charging problem,amazon,01-03-2024 00:00
Samsung Galaxy Tab A8,Smartphone,4,waste of money expert guy beautiful line subject life allow,FLIPKART,20-06-2024 00:00
Samsung Galaxy S22,Smartphone,2,good few whose teach room operation send issue battery draining fast,AMAZON,08-05-2022 00:00
 Samsung Galaxy M34 ,Smartphone,2,bad only newspaper food season later issue camera quality is poor,flipkart,12-11-2022 00:00
Samsung Galaxy Tab A8,Smartphone,5,excellent network good ok follow,AMAZON,10-09-2024 00:00
Samsung Galaxy M53,Smartphone,4,not great marriage me join to future into crime,flipkart,29-08-2022 00:00
 Samsung Galaxy M53 ,Smartphone,5,average blue better how stage people check store,flipkart,17-03-2022 00:00
Samsung Galaxy Book 3,Smartphone,5,worth it old huge study almost laugh rule for,amazon,19-10-2023 00:00
 Samsung Galaxy M14 ,Smartphone,3,not great anything pm fact want respond doctor us issue display flickering,flipkart,21-06-2022 00:00
Samsung Galaxy S22,Smartphone,4,worth it school with while information question listen,amazon,11-10-2024 00:00
Samsung Galaxy S22,Smartphone,5,excellent low professor sign,amazon,03-12-2024 00:00
 Samsung Galaxy M53 ,Smartphone,3,excellent require after commercial political everybody dark speak husband,FLIPKART,25-11-2022 00:00
Samsung Galaxy S23,Smartphone,5,average city radio letter may,flipkart,20-04-2023 00:00
 Samsung Galaxy A54 ,Smartphone,5,build quality feels premium,flipkart,15-01-2024
 Samsung Galaxy M34 ,Smartphone,4,not great upon wind inside east,amazon,30-10-2022 00:00
 Samsung Galaxy A14 ,Smartphone,5,worth it stay four level center class none offer,FLIPKART,21-02-2023 00:00
Samsung Galaxy M34,Smartphone,4,not great recently magazine early spring rock far,AMAZON,17-11-2022 00:00
Samsung Galaxy A54,Smartphone,4,good relationship old likely situation wear but,amazon,22-06-2024 00:00
Samsung Galaxy M53,Smartphone,5,average discuss drug history enter apply,AMAZON,22-10-2022 00:00
Samsung Galaxy S22,Smartphone,4,average college difference central cause join section,FLIPKART,07-11-2022 00:00
Samsung Galaxy M53,Smartphone,5,good serious pretty you for believe,AMAZON,28-11-2023 00:00
Samsung Galaxy Book 2,Smartphone,5,not great traditional nation wish meeting plan research,flipkart,25-07-2023 00:00
 Samsung Galaxy M14 ,Smartphone,4,good event able other keep act,flipkart,08-02-2024 00:00
Samsung Buds 2,Accessories,4,good his discussion piece discover check style body,AMAZON,15-02-2023 00:00
 Samsung Buds 2 ,Accessories,2,bad food item successful blood citizen country issue charging problem,FLIPKART,12-03-2024 00:00
Samsung Galaxy Tab S7 FE,Smartphone,2,good issue slow performance,FLIPKART,15-11-2022 00:00
Samsung Galaxy A14,Smartphone,1,excellent how individual newspaper despite then law maybe issue slow performance,flipkart,08-06-2023 00:00
 Samsung Charger 25W ,Accessories,4,not great position for meet performance over politics great call,AMAZON,29-06-2023 00:00
 Samsung Buds 2 ,Accessories,4,average worker pass be court air,FLIPKART,29-11-2022 00:00
Samsung Galaxy A14,Smartphone,3,waste of money issue display flickering,flipkart,24-11-2024 00:00
 Samsung Galaxy S23 ,Smartphone,3,average role new two,AMAZON,25-08-2024 00:00
Samsung Galaxy Book 3,Smartphone,3,excellent not figure everybody may make issue slow performance,AMAZON,26-03-2023 00:00
Samsung Galaxy A54,Smartphone,2,excellent population reduce charge establish issue display flickering,FLIPKART,07-02-2023 00:00
Samsung Galaxy Tab S7 FE,Smartphone,4,worth it itself whom kid teacher discover staff lead,flipkart,06-09-2024 00:00
Samsung Buds Live,Accessories,4,average recognize high live third,FLIPKART,30-01-2023 00:00
 Samsung Buds 2 ,Accessories,4,bad area mother fill organization owner,amazon,06-07-2024 00:00
Samsung Buds Live,Accessories,4,not great glass less short where source against,flipkart,30-08-2022 00:00
 Samsung Soundbar ,Other,4,not as expected returning it,AMAZON,13-03-2023
Samsung Washing Machine,Other,5,love the camera quality,flipkart,15-12-2024
Samsung Buds Live,Accessories,5,worth it,flipkart,23-07-2023 00:00
Samsung Galaxy M53,Smartphone,2,bad similar lot stuff picture issue charging problem,amazon,17-12-2022 00:00
Samsung Galaxy A54,Smartphone,2,good word nor because class man issue charging problem,flipkart,29-04-2024 00:00
Samsung Galaxy A14,Smartphone,3,excellent worker support tough represent notice run loss issue display flickering,AMAZON,13-02-2023 00:00
Samsung Galaxy A54,Smartphone,5,good figure model professor break there citizen anything,FLIPKART,09-05-2023 00:00
 Samsung Galaxy M14 ,Smartphone,3,waste of money issue slow performance,FLIPKART,02-03-2022 00:00
 Samsung Galaxy M53 ,Smartphone,3,excellent guess behavior college public,AMAZON,05-11-2023 00:00
 Samsung Buds Live ,Accessories,3,good edge everything question arm shake see,amazon,30-01-2024 00:00
 Samsung Galaxy M53 ,Smartphone,4,waste of money professor general officer involve,flipkart,19-06-2024 00:00
 Samsung Galaxy S23 ,Smartphone,4,worth it instead adult affect pull,flipkart,23-03-2023 00:00
Samsung Galaxy Tab S7 FE,Smartphone,3,not great cultural candidate their some idea issue camera quality is poor,flipkart,27-02-2022 00:00
Samsung Galaxy Book 3,Smartphone,5,good east understand piece action recognize,AMAZON,27-04-2024 00:00
 Samsung Buds Live ,Accessories,4,waste of money inside look degree sea pass fish use,flipkart,06-08-2024 00:00
Samsung Galaxy Book 2,Smartphone,2,worth it issue slow performance,flipkart,17-11-2022 00:00
Samsung Galaxy S22,Smartphone,5,excellent computer place make voice work turn mention,flipkart,02-01-2022 00:00
Samsung Galaxy S23,Smartphone,3,bad issue overheating issue,FLIPKART,12-04-2023 00:00
Samsung Galaxy A34,Smartphone,4,bad wait seek ask concern language help,amazon,13-12-2024 00:00
Samsung Galaxy M34,Smartphone,3,waste of money issue slow performance,AMAZON,13-11-2023 00:00
Samsung Galaxy S21 FE,Smartphone,5,waste of money back arm firm set attention administration center,flipkart,16-02-2024 00:00
Samsung Galaxy M14,Smartphone,4,bad there international boy nearly dark little really,amazon,27-10-2024 00:00
Samsung Charger 25W,Accessories,1,average issue battery draining fast,FLIPKART,10-07-2024 00:00
 Samsung Galaxy M14 ,Smartphone,1,excellent create thus off make month,flipkart,03-05-2023 00:00
Samsung Galaxy M14,Smartphone,3,bad organization history prevent once american consider can trade issue charging problem,amazon,24-08-2023 00:00
Samsung Galaxy A14,Smartphone,5,average bar new collection phone effort,FLIPKART,03-10-2023 00:00
Samsung Galaxy S23,Smartphone,4,waste of money everyone player explain debate,FLIPKART,26-06-2022 00:00
Samsung Galaxy Book 3,Smartphone,3,waste of money various else other safe appear discover instead inside,amazon,29-05-2024 00:00
Samsung Galaxy S22,Smartphone,4,not great big fall full wife hair,amazon,02-12-2022 00:00
Samsung Galaxy M53,Smartphone,1,bad issue battery draining fast,amazon,18-04-2024 00:00
Samsung Galaxy S22,Smartphone,4,bad white night garden meet appear,amazon,14-03-2022 00:00
 Samsung Buds 2 ,Accessories,5,good long performance move director respond again number,flipkart,13-08-2023 00:00
Samsung Galaxy A54,Smartphone,5,average single administration administration later,amazon,01-11-2023 00:00
 Samsung Galaxy S22 ,Smartphone,3,bad general race woman food stop student vote,amazon,15-06-2023 00:00
 Samsung Galaxy Buds2 ,Smartphone,2,amazing display quality,FLIPKART,07-10-2024
Samsung Galaxy M34,Smartphone,4,excellent modern plan modern option visit,AMAZON,09-02-2024 00:00
 Samsung Buds 2 ,Accessories,2,worth it cell series image example tell serve issue slow performance,AMAZON,08-06-2023 00:00
Samsung Galaxy Tab S7 FE,Smartphone,5,not great thousand season ability tonight total bill push,FLIPKART,27-01-2024 00:00
Samsung Galaxy M14,Smartphone,5,excellent heavy economic while red another adult,AMAZON,22-09-2024 00:00
 Samsung Galaxy A54 ,Smartphone,4,bad health professional power bit yourself protect site,FLIPKART,19-02-2022 00:00
Samsung Galaxy A34,Smartphone,3,worth it range large most laugh health stage issue display flickering,AMAZON,20-08-2023 00:00
 Samsung Galaxy M53 ,Smartphone,5,bad theory him region draw boy,amazon,15-10-2023 00:00
Samsung Galaxy A54,Smartphone,4,not great production move first live cut sell,AMAZON,12-01-2024 00:00
 Samsung Galaxy A34 ,Smartphone,2,excellent scene management few together your arm page book,flipkart,21-09-2022 00:00
 Samsung Buds Live ,Accessories,4,average produce rate meeting test,amazon,15-02-2024 00:00
Samsung Galaxy S22,Smartphone,3,good much court trade outside situation play issue display flickering,amazon,23-10-2024 00:00
Samsung Buds Live,Accessories,5,good film window respond strong surface tv,FLIPKART,28-05-2023 00:00
 Samsung Galaxy Tab A8 ,Smartphone,5,good training hot threat improve use,AMAZON,24-03-2022 00:00
 Samsung Galaxy Tab S7 FE ,Smartphone,3,bad mrs trade final interesting record debate issue overheating issue,FLIPKART,18-02-2023 00:00
Samsung Galaxy Tab S7 FE,Smartphone,3,worth it blood expect us send pay suddenly involve issue slow performance,amazon,24-03-2024 00:00
Samsung Galaxy A34,Smartphone,5,bad usually expect control stuff class anything,FLIPKART,02-10-2023 00:00
Samsung Charger 25W,Accessories,3,waste of money paper others reflect theory whether professional imagine season issue slow performance,FLIPKART,16-06-2024 00:00
Samsung Buds 2,Accessories,4,average out tell art animal center join,AMAZON,09-12-2023 00:00
Samsung Galaxy S22,Smartphone,4,good thing compare record participant statement themselves page discuss,flipkart,21-04-2022 00:00
 Samsung Galaxy M53 ,Smartphone,5,not great address else sea fly production special believe,AMAZON,11-12-2024 00:00
 Samsung Galaxy A54 ,Smartphone,3,waste of money her old government mouth drug,amazon,17-05-2024 00:00
Samsung Galaxy Book 2,Smartphone,5,worth it box prove rule fire senior keep south,amazon,07-04-2023 00:00
Samsung Galaxy M53,Smartphone,4,average court above hard difference miss difficult clear about,amazon,06-04-2023 00:00
 Samsung Buds Live ,Accessories,5,waste of money authority away list save,amazon,25-05-2024 00:00
Samsung Galaxy M34,Smartphone,1,bad others box center project three improve daughter strategy,flipkart,15-08-2024 00:00
 Samsung Galaxy S23 ,Smartphone,3,excellent computer style specific mr have stop television issue charging problem,FLIPKART,18-04-2024 00:00
 Samsung Galaxy M14 ,Smartphone,3,bad record live practice product true fire important huge,FLIPKART,09-09-2023 00:00
 Samsung Buds Live ,Accessories,1,waste of money issue overheating issue,flipkart,08-06-2024 00:00
 Samsung Galaxy S23 ,Smartphone,4,average door hundred indicate,flipkart,20-06-2022 00:00
Samsung Galaxy A54,Smartphone,4,bad financial idea effect land soon,AMAZON,02-01-2023 00:00
Samsung Galaxy M14,Smartphone,4,excellent worry name need,AMAZON,04-12-2023 00:00
Samsung Charger 25W,Accessories,5,waste of money reality different condition turn have account sister,amazon,08-03-2022 00:00
Samsung Galaxy M14,Smartphone,5,excellent senior best participant,amazon,05-02-2022 00:00
Samsung Galaxy S22,Smartphone,3,bad drug that game process give nature issue camera quality is poor,FLIPKART,01-10-2022 00:00
Samsung Buds 2,Accessories,5,good partner attorney event kid feel clearly,flipkart,03-06-2024 00:00
 Samsung Galaxy M34 ,Smartphone,5,not great though product strategy agreement,flipkart,29-04-2022 00:00
Samsung Buds Live,Accessories,5,waste of money entire public present some natural be sign whom,amazon,10-04-2023 00:00
Samsung Galaxy Tab A8,Smartphone,4,not great write floor true if thing,FLIPKART,05-06-2023 00:00
Samsung Galaxy Tab A8,Smartphone,3,not great discussion actually discuss work end happy issue overheating issue,FLIPKART,08-08-2023 00:00
Samsung Galaxy Book 3,Smartphone,5,bad travel read explain,amazon,04-07-2022 00:00
Samsung Galaxy S22,Smartphone,4,bad center cell difference north fact keep,AMAZON,03-11-2022 00:00
 Samsung Galaxy Book 3 ,Smartphone,4,good gas include yard,AMAZON,13-11-2023 00:00
Samsung Galaxy A54,Smartphone,5,not great exist rule event red process church,flipkart,22-06-2022 00:00
Samsung Galaxy S23,Smartphone,4,bad particularly kid environmental low,amazon,25-11-2022 00:00
Samsung Galaxy Tab A8,Smartphone,5,excellent close item pattern effort democratic,AMAZON,07-09-2022 00:00
Samsung Buds Live,Accessories,3,bad ability road listen police into develop top that issue overheating issue,amazon,23-07-2023 00:00
Samsung Galaxy Tab A8,Smartphone,5,good all organization according understand drive entire however,flipkart,24-04-2022 00:00
Samsung Galaxy S21 FE,Smartphone,5,worth it north politics focus,FLIPKART,30-01-2023 00:00
Samsung Galaxy M34,Smartphone,5,worth it less now weight send stand result,flipkart,19-04-2024 00:00
 Samsung Galaxy A54 ,Smartphone,3,not great apply worker foreign force health issue display flickering,amazon,18-03-2023 00:00
 Samsung Galaxy A14 ,Smartphone,2,average rule mission born serve action paper pull issue battery draining fast,AMAZON,05-06-2024 00:00
Samsung Galaxy M14,Smartphone,5,bad difficult now piece yes relate very question,flipkart,12-03-2024 00:00
Samsung Galaxy Tab A8,Smartphone,4,bad thing set maybe certainly fish significant,FLIPKART,30-08-2022 00:00
 Samsung Galaxy M14 ,Smartphone,5,excellent them wear international control,AMAZON,18-11-2024 00:00
 Samsung Galaxy M53 ,Smartphone,4,good water it after source,FLIPKART,07-05-2024 00:00
 Samsung Galaxy S21 FE ,Smartphone,4,average job tonight exactly know anything,flipkart,11-12-2024 00:00
Samsung Buds Live,Accessories,3,good quickly usually thought girl give dog,FLIPKART,21-07-2024 00:00
Samsung Charger 25W,Accessories,4,good house direction medical together,FLIPKART,07-01-2024 00:00
Samsung Galaxy S22,Smartphone,5,excellent lawyer travel toward save listen travel person,amazon,13-04-2024 00:00
Samsung Galaxy Tab A8,Smartphone,4,average full all there number mention bill ten entire,FLIPKART,17-11-2024 00:00
 Samsung Galaxy S22 ,Smartphone,3,waste of money company me gas interview,FLIPKART,26-05-2024 00:00
 Samsung Galaxy M14 ,Smartphone,3,good yourself agency suddenly issue battery draining fast,amazon,02-01-2023 00:00
Samsung Galaxy S21 FE,Smartphone,4,excellent less surface understand,AMAZON,01-02-2022 00:00
Samsung Galaxy A14,Smartphone,3,excellent great sister including pull others,AMAZON,18-06-2022 00:00
Samsung Galaxy Tab S7 FE,Smartphone,4,bad produce dinner rate idea all our,flipkart,13-06-2024 00:00
Samsung Buds Live,Accessories,4,worth it speak unit guy wait must other,flipkart,07-04-2022 00:00
Samsung Galaxy A34,Smartphone,5,worth it law herself son force outside wind pull,AMAZON,31-01-2024 00:00
Samsung Galaxy Book 2,Smartphone,1,not great large poor exactly window bar author wife issue display flickering,amazon,25-07-2022 00:00
 Samsung Galaxy Tab A8 ,Smartphone,3,excellent institution debate item address authority theory can himself,AMAZON,27-03-2022 00:00
 Samsung Galaxy S22 ,Smartphone,4,average exist lot above although send stand,amazon,12-08-2022 00:00
Samsung Buds Live,Accessories,4,excellent debate doctor much,flipkart,21-09-2024 00:00
Samsung Galaxy A54,Smartphone,2,good six opportunity among pattern party same speak issue charging problem,flipkart,23-06-2023 00:00
Samsung Galaxy M14,Smartphone,1,excellent animal quickly fine within threat senior whatever want issue slow performance,amazon,18-12-2023 00:00
Samsung Galaxy S22,Smartphone,5,excellent happen product in science without add,amazon,16-01-2023 00:00
Samsung Galaxy A54,Smartphone,4,worth it though recent large others,AMAZON,18-03-2022 00:00
Samsung Galaxy Tab A8,Smartphone,4,waste of money high thing at result sing job,flipkart,30-08-2024 00:00
Samsung Galaxy Tab S7 FE,Smartphone,3,average as pretty firm source apply participant professional issue overheating issue,FLIPKART,26-11-2023 00:00
 Samsung Galaxy S22 ,Smartphone,4,waste of money our interesting cup,FLIPKART,26-06-2022 00:00
Samsung Buds 2,Accessories,5,good until effect different establish not,FLIPKART,17-01-2023 00:00
Samsung Galaxy Tab S7 FE,Smartphone,1,waste of money without get little issue battery draining fast,amazon,31-01-2024 00:00
Samsung Buds Live,Accessories,4,waste of money yes young power price,amazon,06-06-2024 00:00
Samsung Galaxy S21 FE,Smartphone,2,average serious leg design car see before similar,AMAZON,20-08-2022 00:00
Samsung Galaxy A34,Smartphone,4,average usually choice money course,AMAZON,08-04-2022 00:00
Samsung Charger 25W,Accessories,4,bad good particularly challenge together local left month,amazon,14-12-2023 00:00
 Samsung Galaxy Tab A8 ,Smartphone,3,excellent movie air significant direction,amazon,05-11-2024 00:00
Samsung Buds 2,Accessories,3,average here section find study station sense issue battery draining fast,flipkart,05-01-2022 00:00
 Samsung Buds Live ,Accessories,3,worth it along red year life half debate analysis night issue charging problem,flipkart,27-08-2023 00:00
Samsung Galaxy S23,Smartphone,4,good usually leader if degree reduce sense,AMAZON,31-03-2023 00:00
Samsung Buds 2,Accessories,4,good affect these clear program wall painting,amazon,07-02-2024 00:00
 Samsung Galaxy S22 ,Smartphone,5,bad rest study prevent,FLIPKART,27-07-2024 00:00
Samsung Galaxy S21 FE,Smartphone,5,not great help successful body during executive speech people discussion,flipkart,17-02-2022 00:00
Samsung Galaxy Book 3,Smartphone,3,waste of money particular lose material attention,flipkart,28-09-2023 00:00
 Samsung Buds 2 ,Accessories,3,worth it close movie chance light safe occur board whom issue overheating issue,FLIPKART,09-02-2023 00:00
Samsung Buds 2,Accessories,5,bad position add discover,AMAZON,10-05-2024 00:00
 Samsung Galaxy M53 ,Smartphone,5,bad personal sure early nor child stuff,flipkart,18-07-2024 00:00
Samsung Galaxy Tab A8,Smartphone,3,average treat whatever address sit never issue charging problem,amazon,28-02-2023 00:00
Samsung Galaxy Tab A8,Smartphone,5,worth it across reason explain imagine speak system style,FLIPKART,04-10-2022 00:00
Samsung Galaxy Tab S7 FE,Smartphone,3,good middle run order,amazon,08-04-2024 00:00
Samsung Galaxy A34,Smartphone,4,excellent standard upon down,amazon,27-01-2024 00:00
Samsung Galaxy Tab A8,Smartphone,4,excellent cut develop material little,flipkart,13-08-2023 00:00
Samsung Galaxy S21 FE,Smartphone,4,excellent leg measure nice feeling,amazon,21-11-2022 00:00
Samsung Buds Live,Accessories,5,average animal actually ok serve animal it research,flipkart,01-01-2024 00:00
Samsung Galaxy M14,Smartphone,2,bad we no particularly lawyer none company issue camera quality is poor,FLIPKART,09-12-2024 00:00
Samsung Galaxy S23,Smartphone,2,excellent between guess short dream design be issue battery draining fast,AMAZON,24-06-2022 00:00
Samsung Charger 25W,Accessories,5,waste of money feel relationship cut my dinner director,flipkart,06-09-2024 00:00
 Samsung Galaxy M34 ,Smartphone,5,good lot stay magazine treatment rather letter also today,AMAZON,26-05-2023 00:00
Samsung Buds 2,Accessories,4,excellent behind attention behavior seven walk,AMAZON,23-11-2024 00:00
 Samsung Buds Live ,Accessories,5,bad similar challenge should professor left,amazon,01-12-2024 00:00
 Samsung Charger 25W ,Accessories,3,waste of money scene east economy create represent international issue slow performance,amazon,27-02-2023 00:00
Samsung Galaxy S22,Smartphone,4,average thank difference where other,AMAZON,09-03-2023 00:00
Samsung Galaxy M14,Smartphone,3,not great issue slow performance,AMAZON,05-09-2022 00:00
Samsung Galaxy A54,Smartphone,5,good nothing we or special down especially,AMAZON,13-09-2023 00:00
Samsung Galaxy S23,Smartphone,1,highly recommend to others,amazon,30-12-2024
Samsung Galaxy A34,Smartphone,4,excellent book lead coach carry,FLIPKART,28-01-2022 00:00
 Samsung Galaxy A54 ,Smartphone,3,good sit dark yard especially issue overheating issue,flipkart,15-12-2022 00:00
Samsung Galaxy M14,Smartphone,5,average human key chance cover above reduce possible,amazon,11-12-2023 00:00
Samsung Galaxy A54,Smartphone,5,not great would where maintain court,amazon,05-09-2024 00:00
Samsung Buds 2,Accessories,3,waste of money network in design security notice issue slow performance,FLIPKART,29-08-2022 00:00
 Samsung Charger 25W ,Accessories,5,excellent teacher together prove professional thing little,AMAZON,20-07-2024 00:00
Samsung Galaxy Tab A8,Smartphone,2,waste of money measure effort sense best enjoy campaign issue charging problem,AMAZON,09-07-2022 00:00
Samsung Galaxy Tab S7 FE,Smartphone,5,not great human crime among effect security activity,FLIPKART,21-09-2022 00:00
 Samsung Galaxy S22 ,Smartphone,4,average,flipkart,13-09-2023 00:00
Samsung Galaxy A14,Smartphone,4,waste of money almost successful if car sing perhaps raise fight,flipkart,21-04-2022 00:00
Samsung Galaxy Tab S7 FE,Smartphone,5,worth it within around save she one all first few,AMAZON,11-08-2023 00:00
Samsung Buds 2,Accessories,3,worth it thing mean hand third ability air issue battery draining fast,amazon,05-08-2023 00:00
Samsung Galaxy M34,Smartphone,5,waste of money pretty those people truth economy let whom,FLIPKART,05-03-2022 00:00
Samsung Galaxy Book 3,Smartphone,5,waste of money me firm house total can per,amazon,23-11-2024 00:00
 Samsung Charger 25W ,Accessories,5,excellent buy product expect wait knowledge mrs,amazon,26-09-2023 00:00
Samsung Charger 25W,Accessories,4,worth it certainly team person surface skill,amazon,02-01-2024 00:00
 Samsung Galaxy Tab A8 ,Smartphone,5,waste of money subject travel court then idea fish interview available,FLIPKART,26-07-2023 00:00
Samsung Buds 2,Accessories,2,good discussion game country republican exactly,flipkart,10-07-2022 00:00
 Samsung Buds Live ,Accessories,4,bad hour republican significant american,flipkart,05-11-2022 00:00
Samsung Galaxy Book 3,Smartphone,4,excellent station figure floor teach institution,FLIPKART,15-08-2024 00:00
Samsung Galaxy A34,Smartphone,4,good agency design serious,AMAZON,25-02-2024 00:00
 Samsung Buds Live ,Accessories,3,good well full win rich adult bit,amazon,22-09-2022 00:00
Samsung Galaxy Tab A8,Smartphone,4,worth it evidence know act imagine follow,FLIPKART,12-03-2024 00:00
 Samsung Galaxy M53 ,Smartphone,5,excellent white significant allow degree,flipkart,17-07-2024 00:00
Samsung Galaxy A34,Smartphone,5,worth it necessary she respond whole,FLIPKART,07-04-2024 00:00
Samsung Galaxy A54,Smartphone,1,average letter offer laugh summer event issue overheating issue,FLIPKART,10-02-2022 00:00
Samsung Buds Live,Accessories,5,waste of money real share industry technology score like audience consumer,amazon,11-07-2023 00:00
Samsung Galaxy Tab A8,Smartphone,5,not great ten section discussion scientist,amazon,24-07-2023 00:00
Samsung Buds Live,Accessories,1,average issue slow performance,amazon,13-08-2024 00:00
Samsung Galaxy M14,Smartphone,4,worth it return war local both something free foot detail,AMAZON,27-06-2023 00:00
 Samsung Galaxy A34 ,Smartphone,4,waste of money a raise already reality case,amazon,07-02-2022 00:00
Samsung Galaxy Tab A8,Smartphone,5,waste of money trouble give answer level stand address,FLIPKART,01-09-2024 00:00
Samsung Galaxy A14,Smartphone,1,bad worker heavy reveal safe issue battery draining fast,FLIPKART,25-09-2023 00:00
Samsung Galaxy Tab S7 FE,Smartphone,5,worth it school how say we,AMAZON,26-10-2023 00:00
Samsung Buds 2,Accessories,4,excellent create lay meeting financial front,flipkart,18-10-2024 00:00
Samsung Galaxy M53,Smartphone,4,worth it world next even check,amazon,25-11-2022 00:00
 Samsung Buds Live ,Accessories,3,average issue charging problem,amazon,27-07-2024 00:00
 Samsung Charger 25W ,Accessories,3,bad issue slow performance,AMAZON,06-07-2024 00:00
 Samsung Galaxy A54 ,Smartphone,5,love the camera quality,flipkart,15-01-2024
 Samsung Buds Live ,Accessories,4,bad nature middle family behind,FLIPKART,27-09-2023 00:00
 Samsung Galaxy M53 ,Smartphone,3,average sort without street must practice democrat successful write,AMAZON,14-05-2022 00:00
Samsung Galaxy M34,Smartphone,5,good yard coach administration sort front take,FLIPKART,17-11-2023 00:00
Samsung Charger 25W,Accessories,2,worth it design training thought box their,FLIPKART,03-09-2024 00:00
 Samsung Galaxy S21 FE ,Smartphone,5,bad return pay class myself language both tough forward,FLIPKART,29-09-2024 00:00
 Samsung Galaxy A14 ,Smartphone,1,worth it authority bag though behind city either wear against issue battery draining fast,FLIPKART,25-08-2024 00:00
 Samsung Galaxy M34 ,Smartphone,4,worth it treatment painting number society decision stuff,FLIPKART,10-04-2022 00:00
 Samsung Galaxy Tab A8 ,Smartphone,2,bad issue charging problem,flipkart,02-05-2024 00:00
Samsung Buds Live,Accessories,4,worth it court admit question option,flipkart,26-10-2023 00:00
 Samsung Galaxy A14 ,Smartphone,5,good less protect economy usually,flipkart,09-11-2024 00:00
Samsung Buds Live,Accessories,1,not great short wall year technology effect dinner issue display flickering,amazon,27-12-2022 00:00
 Samsung Buds 2 ,Accessories,1,average issue slow performance,flipkart,26-01-2023 00:00
Samsung Galaxy M53,Smartphone,2,waste of money among author what question issue display flickering,amazon,07-02-2023 00:00
Samsung Galaxy Book 2,Smartphone,4,not great become want or six,AMAZON,21-06-2024 00:00
Samsung Galaxy M53,Smartphone,4,bad member player store,flipkart,12-11-2022 00:00
Samsung Galaxy M53,Smartphone,4,worth it stand most guess rate anything both management store,flipkart,23-06-2022 00:00
 Samsung Galaxy A54 ,Smartphone,2,worth it issue overheating issue,AMAZON,09-11-2023 00:00
 Samsung Galaxy Book 2 ,Smartphone,4,not great become want or six,amazon,21-06-2024 00:00
 Samsung Charger 25W ,Accessories,4,good picture system against size,FLIPKART,01-03-2023 00:00
Samsung Galaxy Book 2,Smartphone,4,excellent congress quite win because listen all,FLIPKART,20-05-2022 00:00
Samsung Galaxy Tab S7 FE,Smartphone,4,waste of money including kitchen usually garden form,AMAZON,23-12-2022 00:00
 Samsung Galaxy Tab S7 FE ,Smartphone,1,excellent issue slow performance,FLIPKART,14-04-2024 00:00
 Samsung Galaxy S21 FE ,Smartphone,4,excellent site bit process speech quickly,amazon,07-06-2022 00:00
 Samsung Galaxy M34 ,Smartphone,5,excellent what lead gun black two,FLIPKART,06-12-2022 00:00
Samsung Galaxy S23,Smartphone,5,good cut morning first week music technology rate detail,AMAZON,21-11-2024 00:00
 Samsung Galaxy S22 ,Smartphone,4,very userfriendly interface,FLIPKART,11-06-2024
 Samsung Galaxy M53 ,Smartphone,5,average need century choose environment respond sport actually onto,amazon,25-04-2023 00:00
Samsung Galaxy S22,Smartphone,5,excellent response imagine shake give opportunity blue,amazon,28-07-2022 00:00
Samsung Galaxy A14,Smartphone,3,waste of money scene medical democratic set hospital now,flipkart,12-05-2024 00:00
Samsung Buds 2,Accessories,2,not great city thousand later respond store voice issue battery draining fast,FLIPKART,24-01-2023 00:00
Samsung Galaxy Book 3,Smartphone,4,not great actually after activity political true,FLIPKART,09-04-2024 00:00
Samsung Galaxy S22,Smartphone,4,waste of money feeling society born seat position before,amazon,02-09-2024 00:00
Samsung Galaxy M53,Smartphone,3,good every administration red development walk drop,FLIPKART,09-03-2024 00:00
Samsung Galaxy A54,Smartphone,5,not great already part condition ask goal would worker,amazon,07-11-2023 00:00
Samsung Galaxy Book 3,Smartphone,4,bad phone check yard watch,flipkart,12-04-2024 00:00
Samsung Galaxy A34,Smartphone,1,average third low present car career once bank issue display flickering,amazon,21-08-2023 00:00
Samsung Galaxy A34,Smartphone,3,average issue battery draining fast,AMAZON,23-08-2022 00:00
Samsung Washing Machine,Other,2,delivery was delayed but the product is great,amazon,02-05-2023
 Samsung Galaxy Tab A8 ,Smartphone,5,excellent perform machine computer vote science agree,FLIPKART,06-12-2022 00:00
 Samsung Galaxy S22 ,Smartphone,5,worth it where community trip agreement customer operation,FLIPKART,26-08-2024 00:00
 Samsung Galaxy S23 ,Smartphone,5,good change seek region situation i,flipkart,22-02-2023 00:00
Samsung Galaxy Tab A8,Smartphone,4,bad beyond visit end tend participant however table,FLIPKART,04-12-2023 00:00
Samsung Galaxy A34,Smartphone,5,good subject simple similar book moment try his,amazon,18-10-2024 00:00
 Samsung Buds Live ,Accessories,5,average middle seat option ten,amazon,01-10-2022 00:00
Samsung Galaxy S22,Smartphone,3,excellent one realize sing want generation itself issue charging problem,AMAZON,10-10-2023 00:00
Samsung Buds 2,Accessories,5,worth it too human attack operation meeting standard,AMAZON,02-08-2022 00:00
Samsung Galaxy M14,Smartphone,4,average join lose effect although,AMAZON,25-07-2024 00:00
Samsung Galaxy M34,Smartphone,5,bad candidate population course stuff pretty pretty,FLIPKART,29-05-2022 00:00
Samsung Galaxy Book 3,Smartphone,3,waste of money executive body actually break what,FLIPKART,05-05-2023 00:00
Samsung Galaxy Tab S7 FE,Smartphone,5,waste of money tend single practice writer this,FLIPKART,06-10-2022 00:00
Samsung Galaxy A14,Smartphone,2,excellent performance memory ability best many father including issue camera quality is poor,flipkart,06-07-2024 00:00
 Samsung Galaxy S22 ,Smartphone,4,average rest although color,amazon,09-03-2023 00:00
Samsung Buds 2,Accessories,2,excellent issue charging problem,flipkart,13-10-2024 00:00
 Samsung Galaxy M14 ,Smartphone,4,worth it center hot term imagine capital note suffer,FLIPKART,31-01-2023 00:00
Samsung Galaxy M34,Smartphone,2,waste of money receive toward once war hour live issue overheating issue,amazon,17-03-2023 00:00
 Samsung Galaxy Z Fold5 ,Smartphone,2,not as expected returning it,amazon,18-05-2023
Samsung Galaxy S21 FE,Smartphone,5,good realize bad child,amazon,10-10-2023 00:00
Samsung Buds 2,Accessories,3,average more others oil politics issue charging problem,flipkart,08-01-2022 00:00
Samsung Buds 2,Accessories,4,bad gas point which red operation member understand,FLIPKART,03-09-2022 00:00
Samsung Galaxy Book 3,Smartphone,4,waste of money know spend hit impact not,flipkart,09-09-2022 00:00
Samsung Galaxy Tab S7 FE,Smartphone,4,excellent fact environment true first fight small,flipkart,01-06-2022 00:00
 Samsung Galaxy M53 ,Smartphone,3,average right experience among human,flipkart,19-06-2023 00:00
 Samsung Galaxy Tab A8 ,Smartphone,4,worth it do field lay manager spend item question,FLIPKART,16-03-2022 00:00
Samsung Galaxy M34,Smartphone,5,bad physical wait poor record,amazon,10-08-2022 00:00
Samsung Charger 25W,Accessories,4,average represent full so up,AMAZON,06-11-2023 00:00
Samsung Galaxy Tab A8,Smartphone,3,good image generation space church range control fine,amazon,25-11-2023 00:00
Samsung Buds 2,Accessories,3,not great baby so hear,FLIPKART,26-04-2023 00:00
 Samsung Buds 2 ,Accessories,3,waste of money task buy risk mother land issue overheating issue,amazon,25-09-2022 00:00
 Samsung Galaxy Book 3 ,Smartphone,3,worth it four third light dinner issue slow performance,AMAZON,23-10-2022 00:00
Samsung Galaxy S22,Smartphone,1,average plant worker learn use friend hot political,AMAZON,19-03-2024 00:00
Samsung Galaxy A54,Smartphone,3,waste of money fund environmental student parent western house,AMAZON,11-05-2022 00:00
Samsung Galaxy Book 2,Smartphone,4,average seven democratic tough think discussion address ability,amazon,15-06-2023 00:00
Samsung Galaxy S22,Smartphone,4,worth it outside movie magazine hand author small important,amazon,25-03-2024 00:00
Samsung Charger 25W,Accessories,4,waste of money staff about garden,flipkart,25-01-2023 00:00
Samsung Galaxy A14,Smartphone,5,excellent change begin black artist himself thus surface,FLIPKART,22-07-2023 00:00
Samsung Galaxy M34,Smartphone,5,bad how continue third whole political billion peace,flipkart,28-02-2023 00:00
Samsung Galaxy M14,Smartphone,4,good possible beat most full item,AMAZON,30-08-2023 00:00
Samsung Galaxy M34,Smartphone,3,average opportunity situation floor bit,AMAZON,22-03-2024 00:00
Samsung Galaxy S23,Smartphone,5,excellent his campaign cold health,AMAZON,29-04-2022 00:00
Samsung Galaxy S21 FE,Smartphone,4,good later four allow course writer beat,flipkart,15-11-2024 00:00
Samsung Galaxy Tab S7 FE,Smartphone,5,good story by another meet involve,AMAZON,10-08-2022 00:00
Samsung Galaxy M14,Smartphone,1,waste of money today quality town task will couple issue charging problem,amazon,05-03-2023 00:00
Samsung Buds Live,Accessories,4,bad they point measure past but range young up,FLIPKART,03-05-2022 00:00
 Samsung Galaxy Book 2 ,Smartphone,5,waste of money standard safe brother skin,amazon,18-11-2022 00:00
Samsung Galaxy A14,Smartphone,2,not great during news check choice issue slow performance,AMAZON,01-08-2024 00:00
Samsung Galaxy M53,Smartphone,4,waste of money once sure movie mother establish participant inside,amazon,06-05-2022 00:00
Samsung Galaxy M53,Smartphone,4,waste of money player game parent thank sing break two,FLIPKART,15-04-2022 00:00
Samsung Charger 25W,Accessories,3,not great issue camera quality is poor,AMAZON,18-06-2023 00:00
Samsung Charger 25W,Accessories,5,bad page note four ever suffer material receive,flipkart,24-05-2024 00:00
Samsung Galaxy A34,Smartphone,4,bad should use for create cause,AMAZON,12-04-2022 00:00
Samsung Galaxy M53,Smartphone,3,bad story suffer reason feeling congress possible issue slow performance,flipkart,15-10-2023 00:00
Samsung Galaxy A34,Smartphone,5,average again serious expert pretty nature,FLIPKART,31-03-2022 00:00
Samsung Galaxy M34,Smartphone,5,bad edge certainly begin them continue,AMAZON,03-05-2023 00:00
 Samsung Galaxy S21 FE ,Smartphone,5,excellent,amazon,27-09-2024 00:00
 Samsung Galaxy Tab A8 ,Smartphone,3,waste of money cause nature condition cultural order site thing issue charging problem,amazon,25-03-2022 00:00
Samsung Galaxy Book 3,Smartphone,4,not great fall process stock conference,FLIPKART,29-11-2023 00:00
 Samsung Soundbar ,Other,3,great value for money,amazon,18-03-2023
Samsung Galaxy M14,Smartphone,4,excellent perhaps both risk since democrat later democratic,amazon,03-02-2024 00:00
Samsung Galaxy Book 3,Smartphone,2,bad style theory just discussion might west,amazon,25-01-2024 00:00
 Samsung Galaxy Book 3 ,Smartphone,3,bad air with at effect issue battery draining fast,FLIPKART,15-09-2023 00:00
 Samsung Galaxy Tab A8 ,Smartphone,5,not great what continue page,flipkart,02-01-2023 00:00
Samsung Galaxy Tab A8,Smartphone,5,excellent cost hope price fight,flipkart,20-11-2022 00:00
 Samsung Buds Live ,Accessories,5,average,flipkart,13-06-2023 00:00
Samsung Galaxy Tab S7 FE,Smartphone,3,not great really return experience them pay same issue charging problem,FLIPKART,15-04-2022 00:00
Samsung Galaxy Tab A8,Smartphone,5,good total chance size,amazon,15-09-2024 00:00
Samsung Galaxy Tab A8,Smartphone,1,worth it pm green official get century remember image issue display flickering,amazon,28-08-2023 00:00
Samsung Galaxy Tab S7 FE,Smartphone,2,excellent always such shoulder level strong into anyone,flipkart,20-12-2023 00:00
 Samsung Galaxy Tab S7 FE ,Smartphone,5,good option ground glass moment few,amazon,07-09-2022 00:00
Samsung Galaxy M34,Smartphone,1,worth it travel read this go,AMAZON,11-06-2024 00:00
Samsung Galaxy Tab S7 FE,Smartphone,4,average or life prove bag order force market,FLIPKART,04-06-2024 00:00
Samsung Galaxy S21 FE,Smartphone,4,excellent mind republican news green sit seek,FLIPKART,17-02-2024 00:00
Samsung Charger 25W,Accessories,2,not great agreement close study go water animal vote issue overheating issue,AMAZON,11-01-2024 00:00
Samsung Galaxy S21 FE,Smartphone,4,not great game relationship money concern employee attack,AMAZON,11-01-2024 00:00
 Samsung Galaxy M34 ,Smartphone,3,waste of money television institution bar make issue charging problem,amazon,02-06-2022 00:00
 Samsung Charger 25W ,Accessories,4,waste of money look head way month benefit likely,AMAZON,06-09-2023 00:00
 Samsung Galaxy A14 ,Smartphone,4,worth it area pressure son war item eye,amazon,24-07-2023 00:00
Samsung Galaxy Book 2,Smartphone,4,not great discover tend range,flipkart,02-10-2023 00:00
 Samsung Galaxy S22 ,Smartphone,5,good model nature performance road move,FLIPKART,11-04-2023 00:00
 Samsung Galaxy A34 ,Smartphone,3,good discussion body draw answer issue overheating issue,flipkart,17-12-2024 00:00
Samsung Galaxy Book 2,Smartphone,2,worth it hope important page environment they need issue overheating issue,AMAZON,25-03-2024 00:00
 Samsung Galaxy S23 ,Smartphone,3,average voice cell only be where officer issue battery draining fast,AMAZON,22-09-2023 00:00
Samsung Galaxy Tab A8,Smartphone,5,average put evidence method effort admit,amazon,13-09-2023 00:00
 Samsung Galaxy Tab S7 FE ,Smartphone,1,excellent few price ahead cup issue battery draining fast,amazon,07-02-2022 00:00
 Samsung Air Conditioner ,Other,3,not worth the price,AMAZON,02-10-2024
Samsung Buds Live,Accessories,4,good worry town effort one better place phone,FLIPKART,24-08-2022 00:00
 Samsung Galaxy S21 FE ,Smartphone,1,worth it among write middle want before issue slow performance,amazon,18-04-2024 00:00
 Samsung Buds Live ,Accessories,3,average leave indeed interview ability,amazon,19-04-2022 00:00
 Samsung Galaxy S21 FE ,Smartphone,3,average inside behind century choose opportunity again fly,amazon,07-04-2022 00:00
Samsung Galaxy S22,Smartphone,2,waste of money wrong interview ball enjoy reveal wife,FLIPKART,26-06-2024 00:00
Samsung Galaxy Book 2,Smartphone,4,good remain as yard miss opportunity,FLIPKART,26-07-2023 00:00
 Samsung Galaxy M34 ,Smartphone,4,average lead customer include spend senior,AMAZON,09-08-2022 00:00
Samsung Galaxy Tab S7 FE,Smartphone,4,good small drug fact blue wear after,flipkart,10-03-2022 00:00
Samsung Charger 25W,Accessories,5,bad statement including member recent contain,flipkart,05-02-2023 00:00
 Samsung Galaxy M34 ,Smartphone,5,waste of money employee loss perform become,FLIPKART,18-02-2024 00:00
Samsung Galaxy M14,Smartphone,3,not great,flipkart,13-03-2022 00:00
Samsung Galaxy Book 3,Smartphone,5,not great free reflect prove wonder get politics,amazon,24-09-2023 00:00
 Samsung Galaxy S22 ,Smartphone,3,good issue overheating issue,flipkart,07-02-2022 00:00
Samsung Galaxy Buds2,Smartphone,3,good for basic usage,amazon,07-09-2024
 Samsung Galaxy M53 ,Smartphone,3,waste of money issue charging problem,FLIPKART,22-11-2022 00:00
Samsung Galaxy Book 2,Smartphone,5,average since job world surface poor off,FLIPKART,21-06-2023 00:00
 Samsung Galaxy A34 ,Smartphone,4,good account several physical hotel look administration,FLIPKART,31-10-2023 00:00
 Samsung Galaxy Book 3 ,Smartphone,4,not great yes actually travel employee memory policy full,flipkart,15-12-2023 00:00
Samsung Galaxy M14,Smartphone,5,good night skill question travel hand never,FLIPKART,18-08-2024 00:00
Samsung Galaxy A54,Smartphone,4,bad personal arrive about fight trip national skill,FLIPKART,21-10-2023 00:00
Samsung Galaxy S21 FE,Smartphone,5,good wrong forget over more,amazon,31-05-2023 00:00
Samsung Galaxy A34,Smartphone,3,excellent from site popular statement issue battery draining fast,amazon,30-05-2024 00:00
Samsung Galaxy S21 FE,Smartphone,3,worth it call from life wear,flipkart,19-09-2022 00:00
 Samsung Galaxy Tab A8 ,Smartphone,5,good between law someone actually pull book like,amazon,26-04-2022 00:00
 Samsung Galaxy M53 ,Smartphone,3,excellent real across television rather new issue battery draining fast,flipkart,27-12-2023 00:00
Samsung Galaxy S22,Smartphone,5,average truth never necessary top,flipkart,05-03-2023 00:00
 Samsung Galaxy S22 ,Smartphone,4,average probably financial name source year,FLIPKART,27-09-2023 00:00
Samsung Galaxy M14,Smartphone,3,good skill while somebody office return development issue battery draining fast,flipkart,10-07-2024 00:00
Samsung Buds 2,Accessories,4,bad during job activity sing site,FLIPKART,26-07-2024 00:00
Samsung Galaxy Tab S7 FE,Smartphone,4,average someone suddenly image mr,FLIPKART,12-06-2023 00:00
Samsung Galaxy M34,Smartphone,5,good step detail above player,flipkart,23-02-2024 00:00
Samsung Galaxy Book 2,Smartphone,3,worth it lose remember involve unit they where,FLIPKART,23-02-2022 00:00
Samsung Galaxy M34,Smartphone,3,worth it person mr window speech many financial former issue display flickering,AMAZON,06-02-2022 00:00
Samsung Buds 2,Accessories,5,waste of money million difference care first give mr,FLIPKART,12-02-2022 00:00
Samsung Charger 25W,Accessories,5,not great from argue minute,flipkart,22-03-2022 00:00
 Samsung Galaxy A34 ,Smartphone,3,waste of money issue display flickering,AMAZON,04-10-2024 00:00
 Samsung Galaxy Tab S7 FE ,Smartphone,4,waste of money alone sound management task after program raise,amazon,25-11-2022 00:00
 Samsung Buds 2 ,Accessories,4,worth it minute long near democrat order reason word,FLIPKART,25-05-2022 00:00
 Samsung Galaxy A54 ,Smartphone,1,excellent drive yard why time blue issue battery draining fast,FLIPKART,12-02-2024 00:00
Samsung Galaxy S21 FE,Smartphone,4,excellent or door kitchen young role,flipkart,24-01-2023 00:00
Samsung Galaxy S22,Smartphone,4,not great second likely animal fly can write,FLIPKART,08-11-2023 00:00
Samsung Charger 25W,Accessories,4,average chance discussion nothing trip resource,FLIPKART,20-07-2024 00:00
Samsung Galaxy S23,Smartphone,1,waste of money check evening woman continue,FLIPKART,06-11-2023 00:00
Samsung Galaxy A34,Smartphone,4,average success region myself travel trade,amazon,27-09-2023 00:00
Samsung Galaxy Tab A8,Smartphone,4,good food itself stuff may,flipkart,04-02-2023 00:00
Samsung Galaxy Book 2,Smartphone,3,excellent issue display flickering,amazon,11-11-2022 00:00
 Samsung Buds 2 ,Accessories,2,waste of money season thought until what nor peace story tax,AMAZON,26-11-2024 00:00
Samsung Galaxy A54,Smartphone,1,average likely everything big need memory issue display flickering,amazon,11-11-2022 00:00
 Samsung Galaxy Book 3 ,Smartphone,4,good condition fund surface me,FLIPKART,20-02-2024 00:00
Samsung Galaxy A14,Smartphone,3,worth it cold capital organization western issue overheating issue,flipkart,24-11-2022 00:00
Samsung Galaxy M14,Smartphone,4,not great time contain become character,flipkart,12-01-2023 00:00
 Samsung Galaxy A54 ,Smartphone,5,average check they visit,amazon,15-11-2023 00:00
 Samsung Galaxy Tab S7 FE ,Smartphone,3,waste of money above month per congress all,AMAZON,22-01-2024 00:00
Samsung Buds Live,Accessories,4,bad cultural back most discuss thing political,FLIPKART,26-07-2022 00:00
Samsung Galaxy M53,Smartphone,4,good if read tonight just,amazon,25-09-2022 00:00
 Samsung Galaxy M14 ,Smartphone,4,waste of money technology position act,flipkart,03-09-2024 00:00
Samsung Galaxy M53,Smartphone,5,bad again sense capital himself,AMAZON,20-06-2023 00:00
Samsung Galaxy S23,Smartphone,2,excellent including state among sort issue overheating issue,AMAZON,07-09-2022 00:00
Samsung Galaxy Book 3,Smartphone,4,not great effort skill wait avoid step,amazon,06-01-2022 00:00
Samsung Galaxy S22,Smartphone,3,performance is topnotch,flipkart,09-06-2023
 Samsung Galaxy Tab S7 FE ,Smartphone,4,waste of money decision various but ago,AMAZON,12-07-2023 00:00
Samsung Buds 2,Accessories,4,waste of money safe civil commercial just city rich decade,FLIPKART,21-02-2022 00:00
 Samsung Galaxy S22 ,Smartphone,1,waste of money ability write weight eight issue slow performance,flipkart,17-09-2022 00:00
Samsung Galaxy A14,Smartphone,4,waste of money so so data city stand,flipkart,02-09-2023 00:00
Samsung Galaxy A54,Smartphone,3,good issue overheating issue,AMAZON,23-08-2024 00:00
Samsung Galaxy Book 3,Smartphone,3,good exactly picture blue animal issue display flickering,amazon,13-04-2023 00:00
Samsung Charger 25W,Accessories,5,good moment help speak however life blue brother,FLIPKART,23-02-2023 00:00
Samsung Buds Live,Accessories,3,good edge everything question arm shake see,amazon,30-01-2024 00:00
 Samsung Galaxy S21 FE ,Smartphone,2,average contain garden especially by back,flipkart,22-09-2022 00:00
 Samsung Galaxy M53 ,Smartphone,5,waste of money worker visit hour write partner money,AMAZON,03-04-2022 00:00
 Samsung Galaxy Book 3 ,Smartphone,2,waste of money number paper director,flipkart,21-07-2023 00:00
 Samsung Galaxy A54 ,Smartphone,3,worth it speech which mission report suddenly not box,flipkart,30-11-2023 00:00
 Samsung Galaxy A34 ,Smartphone,3,bad next field herself special unit rock,FLIPKART,05-06-2024 00:00
Samsung Galaxy Book 3,Smartphone,5,bad bring up turn west feeling fund fight cell,AMAZON,21-04-2023 00:00
Samsung Buds 2,Accessories,4,waste of money effort former book decide receive,AMAZON,13-11-2024 00:00
Samsung Charger 25W,Accessories,5,bad each position sport should,amazon,22-06-2024 00:00
Samsung Galaxy M34,Smartphone,1,worth it issue display flickering,flipkart,16-02-2023 00:00
Samsung Galaxy M34,Smartphone,2,worth it keep sell drive democrat issue battery draining fast,AMAZON,28-04-2024 00:00
 Samsung Galaxy Tab S7 FE ,Smartphone,4,average attack food record home international,AMAZON,13-10-2024 00:00
Samsung Buds Live,Accessories,1,average standard reveal true issue audience song region,amazon,13-06-2024 00:00
Samsung Buds Live,Accessories,4,bad coach fund company visit behind region education,FLIPKART,29-09-2022 00:00
Samsung Galaxy S22,Smartphone,4,good across machine democratic forward save,FLIPKART,06-11-2024 00:00
Samsung Galaxy M14,Smartphone,4,excellent attorney father pretty identify describe within,FLIPKART,26-11-2024 00:00
Samsung Galaxy Book 2,Smartphone,3,not great pm our task ability issue camera quality is poor,flipkart,26-02-2024 00:00
Samsung Galaxy S22,Smartphone,2,good answer stand store man subject interesting,amazon,17-08-2022 00:00
Samsung Galaxy A34,Smartphone,5,average great seven way natural black itself impact cover,AMAZON,21-06-2023 00:00
 Samsung Galaxy M34 ,Smartphone,4,excellent little society again appear doctor,flipkart,13-11-2022 00:00
 Samsung Galaxy Book 2 ,Smartphone,5,waste of money fight authority indicate two wrong with long,amazon,29-10-2022 00:00
Samsung Galaxy S23,Smartphone,5,bad newspaper nice later dinner,AMAZON,04-12-2024 00:00
 Samsung Galaxy S22 ,Smartphone,5,not great real unit center grow enough western close,flipkart,06-06-2024 00:00
 Samsung Galaxy A34 ,Smartphone,4,bad all meet top bit identify consider want argue,AMAZON,18-07-2022 00:00
Samsung Galaxy S22,Smartphone,1,build quality feels premium,AMAZON,02-11-2023
Samsung Galaxy Tab A8,Smartphone,5,excellent age head approach include size,AMAZON,24-02-2022 00:00
Samsung Galaxy A14,Smartphone,4,not great sit by capital trip good,amazon,30-06-2024 00:00
Samsung Galaxy M34,Smartphone,5,excellent better research question,amazon,18-11-2024 00:00
Samsung Galaxy Book 3,Smartphone,4,not great contain or turn clearly we,AMAZON,12-10-2024 00:00
 Samsung Charger 25W ,Accessories,1,waste of money small price share animal,FLIPKART,20-04-2024 00:00
Samsung Galaxy M14,Smartphone,4,not great history beautiful agreement population window difference stop first,flipkart,24-08-2023 00:00
 Samsung Galaxy M34 ,Smartphone,4,average someone increase fine,FLIPKART,29-10-2024 00:00
 Samsung Galaxy Book 3 ,Smartphone,2,waste of money dog hospital century quite fight find,amazon,07-05-2024 00:00
 Samsung Galaxy M14 ,Smartphone,3,bad deal detail successful agent return mouth ground particular issue overheating issue,AMAZON,16-09-2024 00:00
 Samsung Charger 25W ,Accessories,3,average issue display flickering,AMAZON,01-07-2024 00:00
Samsung Galaxy A54,Smartphone,5,bad husband factor try dog have,flipkart,18-05-2023 00:00
Samsung Charger 25W,Accessories,3,average reflect close character since back marriage seem over,flipkart,13-10-2023 00:00
 Samsung Charger 25W ,Accessories,5,worth it image table father student address,flipkart,12-08-2022 00:00
Samsung Galaxy M53,Smartphone,4,good true huge go manager forward treatment,AMAZON,23-10-2023 00:00
Samsung Buds Live,Accessories,5,worth it ask personal north to knowledge,AMAZON,10-10-2023 00:00
Samsung Air Conditioner,Other,2,excellent product very satisfied,FLIPKART,28-05-2024
 Samsung Galaxy Tab A8 ,Smartphone,5,worth it unit send page,FLIPKART,29-08-2022 00:00
Samsung Galaxy M14,Smartphone,4,good room when various then system seat reduce bag,amazon,13-02-2022 00:00
 Samsung Galaxy Z Fold5 ,Smartphone,5,nice product but a bit overpriced,AMAZON,12-04-2023
Samsung Galaxy M53,Smartphone,3,average respond person computer art technology,AMAZON,03-01-2024 00:00
Samsung Charger 25W,Accessories,4,average series beat option year politics fill set,AMAZON,14-05-2024 00:00
Samsung Galaxy M34,Smartphone,2,bad point rock cell theory factor,amazon,29-08-2022 00:00
Samsung Galaxy M34,Smartphone,4,not great south when popular civil whom put,amazon,15-01-2023 00:00
 Samsung Galaxy S23 ,Smartphone,3,worth it have nor commercial the loss,AMAZON,06-10-2022 00:00
Samsung Galaxy A34,Smartphone,4,good dog within effect we audience leader,FLIPKART,21-04-2024 00:00
 Samsung Galaxy S23 ,Smartphone,3,worth it discuss likely their writer free able issue camera quality is poor,FLIPKART,03-10-2024 00:00
Samsung Galaxy Tab A8,Smartphone,5,bad understand thing institution hard,FLIPKART,30-04-2022 00:00
 Samsung Galaxy M34 ,Smartphone,3,excellent save exist join finish hotel say organization issue overheating issue,AMAZON,18-09-2022 00:00
Samsung Galaxy Book 2,Smartphone,3,average tough fight local control exactly industry,AMAZON,25-05-2024 00:00
Samsung Galaxy A14,Smartphone,4,average maybe light by seven condition ok quite brother,amazon,25-11-2022 00:00
Samsung Charger 25W,Accessories,4,average threat simple carry phone pattern information,amazon,07-12-2023 00:00
 Samsung Crystal UHD TV ,TV,1,very userfriendly interface,AMAZON,16-06-2024
Samsung Buds Live,Accessories,2,bad sort quickly better itself issue overheating issue,flipkart,12-03-2024 00:00
Samsung Galaxy M53,Smartphone,4,worth it agency million get mouth i nothing,amazon,16-11-2023 00:00
Samsung Galaxy Tab A8,Smartphone,4,bad course call there section start,flipkart,15-02-2023 00:00
Samsung Galaxy A34,Smartphone,5,worth it man argue development buy child,flipkart,10-02-2023 00:00
Samsung Galaxy S22,Smartphone,3,worth it step nor shoulder only through avoid,FLIPKART,11-12-2022 00:00
Samsung Galaxy Book 2,Smartphone,4,worth it glass should be beat physical because gun,FLIPKART,31-03-2022 00:00
Samsung Galaxy M53,Smartphone,3,bad admit recently such notice want policy issue overheating issue,AMAZON,19-01-2023 00:00
 Samsung Galaxy M14 ,Smartphone,5,not great us when hotel first culture inside year,flipkart,05-01-2023 00:00
Samsung Galaxy S23,Smartphone,5,bad nearly system near service sell,flipkart,02-12-2024 00:00
Samsung Galaxy Book 2,Smartphone,1,worth it build north himself draw response computer,flipkart,17-05-2023 00:00
Samsung Galaxy Book 2,Smartphone,5,bad various drive particularly miss threat,AMAZON,28-10-2022 00:00
Samsung Galaxy Tab S7 FE,Smartphone,4,not great lay drug left yet quality star street,flipkart,13-08-2023 00:00
 Samsung Galaxy Tab A8 ,Smartphone,5,not great city investment off green,FLIPKART,07-06-2024 00:00
Samsung Charger 25W,Accessories,4,waste of money admit explain many least realize mission difficult,flipkart,15-07-2023 00:00
 Samsung Galaxy Book 3 ,Smartphone,4,good easy tax her choose statement end,AMAZON,27-08-2022 00:00
 Samsung Galaxy Z Fold5 ,Smartphone,5,performance is topnotch,AMAZON,18-01-2025
 Samsung Galaxy S21 FE ,Smartphone,5,not great interesting after tonight old,amazon,27-07-2023 00:00
 Samsung Buds Live ,Accessories,1,not great level month attorney oil system hair issue battery draining fast,AMAZON,30-08-2022 00:00
 Samsung Galaxy Tab A8 ,Smartphone,5,good support nature medical light contain,FLIPKART,29-01-2022 00:00
 Samsung Galaxy S22 ,Smartphone,1,bad issue slow performance,FLIPKART,19-11-2024 00:00
 Samsung Galaxy Book 3 ,Smartphone,4,not great professor hair sea standard strong save,AMAZON,20-08-2024 00:00
Samsung Galaxy A34,Smartphone,4,good raise range should sort,amazon,06-11-2022 00:00
 Samsung Galaxy Book 3 ,Smartphone,5,good race young involve successful benefit network,AMAZON,02-11-2024 00:00
 Samsung Galaxy S23 ,Smartphone,3,average defense trip report speak,flipkart,23-08-2022 00:00
Samsung Galaxy S21 FE,Smartphone,4,average teacher represent suffer sell,AMAZON,27-02-2024 00:00
Samsung Galaxy A14,Smartphone,2,waste of money report message talk write,amazon,12-02-2023 00:00
 Samsung Galaxy M53 ,Smartphone,4,waste of money soon woman goal really really mr,flipkart,14-04-2022 00:00
Samsung Galaxy Tab A8,Smartphone,4,average society perhaps cause number,FLIPKART,05-05-2024 00:00
Samsung Buds 2,Accessories,3,bad war after develop beat it production senior issue camera quality is poor,amazon,26-05-2023 00:00
Samsung Galaxy M34,Smartphone,3,average radio in sound kind anything charge article shoulder,AMAZON,08-03-2023 00:00
 Samsung Galaxy S23 ,Smartphone,1,good son read science nice east happen study business,AMAZON,28-07-2024 00:00
 Samsung Galaxy Tab A8 ,Smartphone,2,waste of money issue slow performance,FLIPKART,03-06-2023 00:00
Samsung Galaxy Book 2,Smartphone,5,worth it skill expect owner,FLIPKART,10-03-2024 00:00
Samsung Galaxy Tab S7 FE,Smartphone,5,worth it seek increase white class dinner out our situation,AMAZON,25-06-2023 00:00
Samsung Buds Live,Accessories,4,good watch drop sometimes boy,flipkart,17-05-2023 00:00
 Samsung Galaxy S23 ,Smartphone,3,excellent issue display flickering,flipkart,24-07-2024 00:00
Samsung Galaxy M14,Smartphone,4,excellent gas process participant light check until support,AMAZON,28-12-2024 00:00
 Samsung Galaxy M34 ,Smartphone,1,average note discuss according issue charging problem,amazon,28-09-2023 00:00
Samsung Galaxy M14,Smartphone,4,excellent everybody apply institution me group term,AMAZON,07-05-2022 00:00
 Samsung Galaxy M34 ,Smartphone,4,good,amazon,24-11-2024 00:00
 Samsung Galaxy Tab S7 FE ,Smartphone,5,good film discover something fast for throughout success,AMAZON,02-08-2023 00:00
Samsung Charger 25W,Accessories,4,not great take rather term allow,flipkart,08-04-2023 00:00
Samsung QLED TV,TV,4,disappointed with the customer service,amazon,15-10-2024
Samsung Buds 2,Accessories,2,excellent bar according hope girl issue slow performance,FLIPKART,19-10-2024 00:00
Samsung Galaxy M53,Smartphone,5,worth it but speak research civil attorney purpose down,FLIPKART,31-01-2023 00:00
Samsung Galaxy Tab S7 FE,Smartphone,5,good report address low party deal else heavy,flipkart,14-06-2024 00:00
Samsung Galaxy M34,Smartphone,5,worth it particularly without each force,FLIPKART,29-02-2024 00:00
 Samsung Galaxy S21 FE ,Smartphone,3,average send two should,flipkart,24-02-2024 00:00
Samsung Galaxy A14,Smartphone,4,average dream stay religious question foreign cause,flipkart,28-11-2024 00:00
Samsung Galaxy M14,Smartphone,4,excellent share for something group social,flipkart,07-03-2022 00:00
 Samsung Galaxy S23 ,Smartphone,5,not great base respond field collection despite stock foot may,flipkart,12-04-2024 00:00
Samsung Galaxy Book 3,Smartphone,3,bad issue display flickering,amazon,27-12-2023 00:00
Samsung Galaxy S22,Smartphone,4,waste of money local feel current owner watch,flipkart,03-05-2022 00:00
Samsung Galaxy Book 2,Smartphone,4,good kid be mean near with agree occur find,flipkart,01-11-2023 00:00
 Samsung Galaxy M34 ,Smartphone,4,not great nothing until letter kind production,flipkart,11-11-2022 00:00
Samsung Charger 25W,Accessories,5,bad concern seek interesting phone south always hospital bank,amazon,21-05-2022 00:00
 Samsung Washing Machine ,Other,5,disappointed with the customer service,amazon,03-06-2024
Samsung Galaxy A14,Smartphone,4,bad interesting remain value sister,AMAZON,15-01-2022 00:00
 Samsung Galaxy Tab S7 FE ,Smartphone,1,bad,flipkart,20-05-2022 00:00
Samsung Galaxy M53,Smartphone,4,not great successful artist international goal class team,AMAZON,16-10-2023 00:00
Samsung Galaxy A34,Smartphone,5,bad course upon firm have,flipkart,25-11-2023 00:00
Samsung Galaxy A14,Smartphone,3,excellent program top fill low road be i issue display flickering,flipkart,22-01-2023 00:00
Samsung Galaxy M14,Smartphone,5,average activity pass bank drive morning,AMAZON,10-01-2023 00:00
Samsung Galaxy A54,Smartphone,4,average leave whose usually old,AMAZON,02-06-2023 00:00
Samsung Galaxy S22,Smartphone,5,worth it apply exactly little recent stock,amazon,18-01-2022 00:00
Samsung Charger 25W,Accessories,4,not great state power particularly baby walk clearly find,flipkart,27-05-2022 00:00
 Samsung Buds Live ,Accessories,2,worth it issue display flickering,flipkart,13-03-2022 00:00
Samsung Galaxy S22,Smartphone,4,worth it seem education choice,flipkart,31-05-2024 00:00
Samsung Galaxy Tab A8,Smartphone,2,excellent issue overheating issue,AMAZON,12-01-2024 00:00
 Samsung Galaxy Tab S7 FE ,Smartphone,4,worth it middle manage ten consumer difficult or,amazon,15-03-2023 00:00
Samsung Galaxy M14,Smartphone,3,worth it face you bag meeting decide along policy issue slow performance,AMAZON,16-04-2023 00:00
 Samsung Charger 25W ,Accessories,4,average tonight someone behavior sense board detail democrat seven,FLIPKART,27-07-2024 00:00
Samsung Galaxy M34,Smartphone,4,good onto threat to sit quality produce,FLIPKART,06-03-2024 00:00
Samsung Galaxy S22,Smartphone,4,bad government thing hard wife,amazon,16-07-2023 00:00
Samsung Buds 2,Accessories,1,waste of money owner food be energy sound,amazon,04-01-2024 00:00
Samsung Galaxy S22,Smartphone,4,bad rise product walk child similar behind great,AMAZON,13-12-2023 00:00
Samsung Charger 25W,Accessories,4,average among argue finally you,amazon,11-04-2024 00:00
 Samsung Galaxy S21 FE ,Smartphone,4,good scene same space citizen second political,FLIPKART,11-07-2023 00:00
 Samsung Galaxy S21 FE ,Smartphone,4,average option price knowledge process,AMAZON,15-10-2024 00:00
 Samsung Galaxy S23 ,Smartphone,2,worth it compare partner far couple character occur someone,amazon,02-08-2024 00:00
 Samsung Galaxy Book 3 ,Smartphone,4,waste of money happen democratic individual around away speak drop include,amazon,22-03-2024 00:00
 Samsung Galaxy Book 3 ,Smartphone,1,excellent away quality policy summer sea issue overheating issue,FLIPKART,28-10-2023 00:00
Samsung Galaxy Book 3,Smartphone,5,excellent certain six current speech place explain check drug,AMAZON,16-09-2023 00:00
Samsung Galaxy Book 3,Smartphone,3,bad issue overheating issue,FLIPKART,04-07-2024 00:00
Samsung Buds 2,Accessories,5,bad building maybe perhaps,flipkart,08-07-2023 00:00
 Samsung Galaxy Book 2 ,Smartphone,4,excellent answer particular small recent south half seven,flipkart,10-02-2024 00:00
Samsung Galaxy Tab A8,Smartphone,5,not great than involve without require financial time,flipkart,16-05-2024 00:00
 Samsung Buds 2 ,Accessories,4,worth it,AMAZON,29-04-2024 00:00
Samsung Galaxy A54,Smartphone,4,excellent avoid vote door,flipkart,02-08-2022 00:00
Samsung Galaxy S22,Smartphone,5,worth it whole nearly prepare manage,FLIPKART,25-04-2022 00:00
 Samsung Galaxy Book 3 ,Smartphone,3,bad poor grow style,AMAZON,06-04-2022 00:00
 Samsung Charger 25W ,Accessories,4,worth it nature last think cover knowledge take unit,AMAZON,08-07-2022 00:00
 Samsung Buds 2 ,Accessories,5,good cause personal beyond in still,FLIPKART,17-12-2023 00:00
 Samsung Charger 25W ,Accessories,4,waste of money far network forget late information,flipkart,13-09-2022 00:00
Samsung Galaxy M14,Smartphone,5,good approach nearly decide different,FLIPKART,07-10-2023 00:00
 Samsung Galaxy M34 ,Smartphone,3,bad issue slow performance,flipkart,21-11-2022 00:00
 Samsung Galaxy M14 ,Smartphone,3,waste of money recently able too evidence specific commercial president sort,AMAZON,18-10-2022 00:00
Samsung Galaxy S22,Smartphone,3,not great control sign speak heart however from these issue battery draining fast,AMAZON,07-09-2022 00:00
Samsung Galaxy Tab A8,Smartphone,5,excellent call room card,amazon,28-12-2023 00:00
 Samsung Galaxy M14 ,Smartphone,4,bad college according crime true player positive,amazon,13-02-2022 00:00
Samsung Buds Live,Accessories,3,average organization war dark million fine their issue slow performance,FLIPKART,26-02-2022 00:00
Samsung Galaxy A14,Smartphone,2,bad rock both throw much issue display flickering,AMAZON,04-05-2022 00:00
 Samsung Galaxy A14 ,Smartphone,2,not great concern center two model usually win choose,AMAZON,26-08-2022 00:00
 Samsung Galaxy A54 ,Smartphone,1,excellent product very satisfied,flipkart,19-02-2023
 Samsung Galaxy A54 ,Smartphone,4,good author involve whose short decide,amazon,23-04-2024 00:00
Samsung Buds Live,Accessories,4,waste of money us seek stuff training development develop attention,amazon,26-10-2022 00:00
Samsung Galaxy M34,Smartphone,4,waste of money seven law both add trip so,AMAZON,17-02-2023 00:00
Samsung Galaxy M34,Smartphone,4,average site figure activity quite outside significant generation,AMAZON,25-11-2024 00:00
 Samsung Galaxy S23 ,Smartphone,3,bad issue camera quality is poor,FLIPKART,08-02-2023 00:00
Samsung Charger 25W,Accessories,4,worth it career where use energy way,AMAZON,16-09-2022 00:00
Samsung Galaxy A34,Smartphone,3,good issue display flickering,flipkart,28-07-2024 00:00
Samsung Galaxy S23,Smartphone,3,worth it next ball not usually they republican issue battery draining fast,flipkart,25-05-2024 00:00
Samsung Galaxy M14,Smartphone,4,not great choice beyond lead little,amazon,09-12-2022 00:00
Samsung Galaxy M34,Smartphone,5,average director between wait by attack benefit memory data,AMAZON,28-02-2022 00:00
 Samsung Galaxy Book 3 ,Smartphone,4,good discussion cost road human,AMAZON,10-03-2022 00:00
Samsung Galaxy A54,Smartphone,2,excellent try capital who find issue display flickering,flipkart,12-09-2024 00:00
Samsung Buds 2,Accessories,4,average measure every lawyer large throughout,FLIPKART,16-11-2023 00:00
 Samsung Galaxy M14 ,Smartphone,4,good unit high audience need,amazon,22-09-2023 00:00
 Samsung Galaxy S22 ,Smartphone,2,amazing display quality,AMAZON,16-04-2024
Samsung Buds Live,Accessories,2,not great parent blood fast power issue slow performance,AMAZON,22-04-2023 00:00
Samsung Buds Live,Accessories,1,bad scene apply see into become field who issue camera quality is poor,flipkart,08-12-2023 00:00
Samsung Galaxy S21 FE,Smartphone,5,waste of money model scientist trial buy author development resource,flipkart,05-09-2022 00:00
Samsung Charger 25W,Accessories,3,worth it issue slow performance,flipkart,05-08-2022 00:00
Samsung Galaxy Book 3,Smartphone,4,average conference have total later color,flipkart,04-09-2022 00:00
Samsung Galaxy A34,Smartphone,3,not great issue battery draining fast,AMAZON,24-09-2022 00:00
Samsung Galaxy A34,Smartphone,5,average expect tv very include mr story,flipkart,17-07-2024 00:00
Samsung Galaxy S23,Smartphone,2,good most wear account behind arm unit order,amazon,01-02-2022 00:00
Samsung Galaxy M53,Smartphone,4,not great police shoulder us along walk left,flipkart,30-01-2023 00:00
 Samsung Galaxy Book 3 ,Smartphone,5,excellent through difference meeting democratic situation,FLIPKART,08-07-2024 00:00
Samsung Charger 25W,Accessories,4,worth it available turn product hair,flipkart,05-06-2023 00:00
Samsung Galaxy A54,Smartphone,5,average worry nearly energy help yard president quality,AMAZON,16-09-2024 00:00
Samsung Galaxy S22,Smartphone,4,average popular real involve,FLIPKART,13-02-2024 00:00
 Samsung Galaxy M34 ,Smartphone,5,good through trouble market,flipkart,25-01-2024 00:00
Samsung Galaxy S21 FE,Smartphone,2,average letter challenge agent line issue display flickering,FLIPKART,26-04-2024 00:00
 Samsung Galaxy A14 ,Smartphone,4,average rock more reveal site,AMAZON,19-12-2024 00:00
Samsung Galaxy M53,Smartphone,5,waste of money artist ball ball base compare,AMAZON,19-04-2023 00:00
Samsung Galaxy Book 2,Smartphone,4,not great threat authority feel take west message,AMAZON,22-11-2023 00:00
Samsung Galaxy A34,Smartphone,5,waste of money instead world manager father son build phone might,FLIPKART,03-10-2022 00:00
Samsung Galaxy S23,Smartphone,4,average finally similar leg fear improve pattern,amazon,24-04-2023 00:00
 Samsung Galaxy A34 ,Smartphone,5,waste of money administration sound north also sometimes,FLIPKART,15-04-2022 00:00
 Samsung Galaxy S22 ,Smartphone,4,not great guess lot quite act check democrat price,FLIPKART,23-05-2023 00:00
 Samsung Galaxy M14 ,Smartphone,4,not great dream local hot month visit reality,flipkart,28-12-2023 00:00
Samsung Buds 2,Accessories,5,average pass carry animal game truth quite possible,amazon,13-07-2022 00:00
Samsung Galaxy Book 3,Smartphone,1,bad issue charging problem,FLIPKART,07-01-2022 00:00
 Samsung Galaxy S21 FE ,Smartphone,3,bad describe while reduce set listen actually seat until,amazon,11-01-2024 00:00
Samsung Galaxy M53,Smartphone,3,average measure day seat old fish,FLIPKART,02-02-2022 00:00
Samsung Galaxy M14,Smartphone,1,not great realize other produce service success business gas bag issue display flickering,flipkart,08-06-2024 00:00
Samsung Galaxy M14,Smartphone,5,good weight civil tend imagine,amazon,05-10-2023 00:00
Samsung Galaxy M34,Smartphone,5,bad poor south represent describe tree much general,amazon,07-11-2024 00:00
Samsung Charger 25W,Accessories,4,excellent training machine rate report respond fight worker character,AMAZON,25-03-2022 00:00
 Samsung Charger 25W ,Accessories,2,excellent finally cell between account,FLIPKART,04-09-2023 00:00
 Samsung Galaxy Tab S7 FE ,Smartphone,4,not great relationship a politics quickly spring,AMAZON,12-01-2022 00:00
Samsung Galaxy Book 3,Smartphone,3,not great democrat field great,AMAZON,10-04-2024 00:00
Samsung Galaxy M34,Smartphone,2,not great amount business avoid stay according,FLIPKART,29-04-2024 00:00
Samsung Galaxy M34,Smartphone,4,waste of money it amount run material successful let,flipkart,14-03-2023 00:00
Samsung Charger 25W,Accessories,5,good six letter network commercial,flipkart,05-07-2022 00:00
Samsung Galaxy Book 3,Smartphone,5,average military several personal buy choose six,flipkart,06-05-2023 00:00
 Samsung Galaxy S23 ,Smartphone,2,waste of money policy create well simply there particularly drug,AMAZON,13-11-2023 00:00
Samsung Galaxy M53,Smartphone,4,worth it blood only my shake,FLIPKART,31-03-2024 00:00
 Samsung Galaxy S23 ,Smartphone,1,bad,flipkart,23-12-2022 00:00
Samsung Galaxy M14,Smartphone,5,worth it phone with another side,FLIPKART,16-07-2022 00:00
 Samsung Galaxy S23 ,Smartphone,4,average two sense ready form ok describe fill investment,flipkart,30-07-2024 00:00
 Samsung Galaxy A54 ,Smartphone,5,good might move history agency,FLIPKART,14-10-2023 00:00
Samsung Buds 2,Accessories,2,bad president act degree issue camera quality is poor,amazon,14-06-2022 00:00
Samsung Galaxy S23,Smartphone,4,waste of money economic various institution pass,AMAZON,06-04-2024 00:00
 Samsung Galaxy A54 ,Smartphone,2,average reduce interview weight as popular their baby issue battery draining fast,flipkart,13-10-2024 00:00
Samsung Galaxy A14,Smartphone,2,excellent station health including once understand address,FLIPKART,06-08-2024 00:00
Samsung Galaxy A54,Smartphone,5,not great sit clearly attorney reason,amazon,08-03-2023 00:00
Samsung Galaxy M53,Smartphone,3,average her family clearly scene teach here,FLIPKART,30-12-2024 00:00
Samsung Galaxy A14,Smartphone,4,good they some food this apply,AMAZON,25-05-2024 00:00
 Samsung Galaxy S23 ,Smartphone,5,worth it remember more now building,FLIPKART,17-09-2023 00:00
Samsung Galaxy M53,Smartphone,5,worth it actually mention answer house rich,amazon,03-10-2024 00:00
 Samsung Galaxy M14 ,Smartphone,3,average,FLIPKART,30-01-2022 00:00
Samsung Buds 2,Accessories,2,excellent issue display flickering,amazon,19-08-2023 00:00
Samsung Galaxy M53,Smartphone,4,worth it top either hold car history wide approach,amazon,18-08-2022 00:00
Samsung Galaxy A54,Smartphone,4,good main shoulder nice offer about bar indicate environmental,flipkart,15-03-2022 00:00
Samsung Galaxy S22,Smartphone,2,worth it game laugh point wind field issue battery draining fast,amazon,14-10-2024 00:00
Samsung Buds Live,Accessories,5,waste of money defense reality husband how character executive difficult,FLIPKART,14-05-2023 00:00
Samsung Buds 2,Accessories,2,worth it myself audience player like wide trade clearly issue slow performance,FLIPKART,17-06-2024 00:00
Samsung Charger 25W,Accessories,3,waste of money article right little quickly board,flipkart,01-03-2023 00:00
Samsung Galaxy Book 2,Smartphone,2,waste of money growth generation music him news issue slow performance,flipkart,24-03-2024 00:00
 Samsung Charger 25W ,Accessories,1,waste of money eight training he scientist begin hope issue charging problem,FLIPKART,03-12-2024 00:00
 Samsung Galaxy M14 ,Smartphone,3,excellent boy itself past training piece off mission up issue camera quality is poor,flipkart,12-04-2024 00:00
 Samsung Galaxy A14 ,Smartphone,5,excellent form end usually marriage,amazon,09-03-2024 00:00
 Samsung Galaxy S22 ,Smartphone,4,waste of money next morning list add only,FLIPKART,22-02-2022 00:00
Samsung Galaxy Tab A8,Smartphone,2,not great as popular maybe might mr increase professor issue camera quality is poor,amazon,16-08-2023 00:00
 Samsung Galaxy A14 ,Smartphone,1,worth it mother someone theory once father position institution issue battery draining fast,AMAZON,28-11-2022 00:00
Samsung Galaxy S22,Smartphone,3,excellent attorney amount far attack home attorney family,amazon,02-03-2023 00:00
 Samsung Galaxy S21 FE ,Smartphone,2,average per ten food national military dark data term,AMAZON,26-03-2023 00:00
Samsung Galaxy M53,Smartphone,2,average price their or between first issue camera quality is poor,FLIPKART,15-01-2022 00:00
 Samsung Buds 2 ,Accessories,3,worth it produce always brother citizen back subject medical participant issue battery draining fast,FLIPKART,12-01-2023 00:00
Samsung Buds Live,Accessories,5,good case radio receive word gas government nation,flipkart,18-02-2022 00:00
 Samsung Galaxy S22 ,Smartphone,4,good task decade real hard worker growth,AMAZON,11-04-2024 00:00
 Samsung Charger 25W ,Accessories,3,excellent yourself realize plan poor party factor issue charging problem,amazon,06-07-2024 00:00
Samsung Buds Live,Accessories,4,worth it at our ever practice newspaper thing direction,amazon,29-03-2023 00:00
Samsung Buds Live,Accessories,4,waste of money development say foreign out,amazon,15-09-2024 00:00
 Samsung Galaxy M53 ,Smartphone,4,good citizen scientist our improve,FLIPKART,18-10-2022 00:00
 Samsung Buds Live ,Accessories,5,average represent or water clear environmental,FLIPKART,13-03-2022 00:00
Samsung Galaxy M53,Smartphone,4,waste of money bar include information expert,amazon,02-06-2024 00:00
 Samsung Washing Machine ,Other,5,amazing display quality,FLIPKART,28-09-2023
 Samsung Charger 25W ,Accessories,2,waste of money hard provide prepare station significant issue display flickering,AMAZON,23-01-2023 00:00
Samsung Galaxy M53,Smartphone,5,waste of money during camera those event sense,amazon,09-06-2022 00:00
 Samsung Charger 25W ,Accessories,4,worth it yeah outside decision more,amazon,12-06-2023 00:00
Samsung Buds Live,Accessories,3,not great itself check different possible each issue display flickering,flipkart,21-03-2024 00:00
Samsung Galaxy M14,Smartphone,5,average drive rest class very soon,AMAZON,30-05-2024 00:00
Samsung Galaxy Tab A8,Smartphone,4,worth it social but thought,AMAZON,04-10-2024 00:00
 Samsung QLED TV ,TV,3,excellent product very satisfied,FLIPKART,29-01-2023
 Samsung Galaxy M53 ,Smartphone,4,excellent force last because late,amazon,16-10-2024 00:00
Samsung Galaxy A34,Smartphone,5,good cold memory season carry case television politics,FLIPKART,17-12-2023 00:00
Samsung Galaxy M14,Smartphone,4,waste of money nature daughter continue expect today career,amazon,11-07-2023 00:00
Samsung Galaxy A14,Smartphone,4,excellent character how ability,flipkart,24-09-2022 00:00
Samsung Galaxy M53,Smartphone,3,worth it professional left sport almost people note issue overheating issue,amazon,26-12-2022 00:00
Samsung Galaxy S22,Smartphone,5,good i describe similar institution court skill since,FLIPKART,27-11-2023 00:00
Samsung Galaxy Tab S7 FE,Smartphone,2,average cut southern in black theory any issue slow performance,amazon,30-05-2022 00:00
Samsung Galaxy M53,Smartphone,2,average show throughout general share mouth inside issue charging problem,AMAZON,05-04-2023 00:00
 Samsung Galaxy M14 ,Smartphone,4,excellent popular improve yeah simply local,FLIPKART,06-11-2022 00:00
Samsung Galaxy A34,Smartphone,5,waste of money in painting produce institution room,flipkart,05-09-2023 00:00
 Samsung Galaxy M14 ,Smartphone,1,not great away reveal sort anyone friend west,flipkart,24-09-2022 00:00
 Samsung Galaxy A14 ,Smartphone,4,bad vote republican almost develop table wide,AMAZON,04-12-2023 00:00
 Samsung Galaxy Tab S7 FE ,Smartphone,4,bad back speech southern purpose both,flipkart,14-09-2022 00:00
Samsung Galaxy Tab S7 FE,Smartphone,1,bad eat rule seek,amazon,06-09-2024 00:00
 Samsung Galaxy Book 2 ,Smartphone,3,waste of money career appear rich statement law however issue battery draining fast,amazon,30-06-2023 00:00
 Samsung Galaxy M34 ,Smartphone,4,waste of money value alone affect run feel,FLIPKART,09-01-2023 00:00
 Samsung Galaxy Tab A8 ,Smartphone,3,worth it mouth care edge place present issue battery draining fast,flipkart,25-10-2022 00:00
Samsung Galaxy M34,Smartphone,5,good training practice writer age realize cut,FLIPKART,04-03-2023 00:00
 Samsung Galaxy A34 ,Smartphone,3,excellent you paper throughout,flipkart,11-01-2022 00:00
 Samsung Galaxy A14 ,Smartphone,2,worth it among wide read reflect issue slow performance,AMAZON,13-04-2023 00:00
 Samsung Galaxy Tab S7 FE ,Smartphone,3,not great sometimes money within choice institution return issue display flickering,FLIPKART,04-07-2024 00:00
Samsung Crystal UHD TV,TV,3,build quality feels premium,amazon,27-11-2023
Samsung Charger 25W,Accessories,3,worth it policy spend treatment television,amazon,21-04-2023 00:00
 Samsung Galaxy Tab S7 FE ,Smartphone,5,bad few wonder agent future attack himself situation,flipkart,27-06-2023 00:00
 Samsung Air Conditioner ,Other,3,great value for money,amazon,12-06-2024
Samsung Galaxy M14,Smartphone,3,waste of money face personal letter break how stay issue camera quality is poor,amazon,02-04-2024 00:00
Samsung Galaxy S21 FE,Smartphone,1,average value garden responsibility behind tend,amazon,02-09-2024 00:00
Samsung Galaxy A34,Smartphone,5,waste of money modern without ask knowledge,FLIPKART,04-04-2023 00:00
Samsung Galaxy A34,Smartphone,4,not great degree over ago indeed program,amazon,26-06-2024 00:00
Samsung Galaxy Tab S7 FE,Smartphone,1,waste of money tree chance wish issue slow performance,FLIPKART,22-06-2023 00:00
 Samsung Galaxy S22 ,Smartphone,4,worth it nation especially old hit begin serve up senior,AMAZON,16-09-2024 00:00
Samsung Galaxy M14,Smartphone,3,excellent enter back long,amazon,12-07-2024 00:00
Samsung Galaxy Tab S7 FE,Smartphone,5,bad yeah eye value top,amazon,18-12-2024 00:00
 Samsung Galaxy A14 ,Smartphone,1,bad onto major result language tough issue display flickering,flipkart,21-01-2023 00:00
Samsung Galaxy Tab S7 FE,Smartphone,3,good magazine various knowledge else own field issue slow performance,FLIPKART,22-05-2023 00:00
Samsung Galaxy Book 2,Smartphone,3,average it white any top her stage try issue display flickering,flipkart,10-06-2022 00:00
 Samsung Galaxy A14 ,Smartphone,5,bad ask senior box,amazon,28-02-2023 00:00
 Samsung Galaxy A54 ,Smartphone,3,not great home pressure often certain house want issue charging problem,flipkart,12-03-2022 00:00
 Samsung Galaxy A54 ,Smartphone,4,worth it short federal matter travel poor stock,amazon,17-03-2022 00:00
Samsung Buds Live,Accessories,5,good technology believe sister for material standard age south,FLIPKART,08-12-2024 00:00
Samsung Buds 2,Accessories,3,not great religious interview community response until movement,AMAZON,31-08-2022 00:00
Samsung Buds Live,Accessories,2,not great time movie much professional appear hour suddenly to issue charging problem,FLIPKART,03-06-2023 00:00
Samsung Galaxy Tab S7 FE,Smartphone,3,bad art big every,AMAZON,30-03-2023 00:00
Samsung Galaxy S23,Smartphone,3,not great various want future customer position before issue overheating issue,amazon,05-10-2023 00:00
 Samsung Galaxy Book 3 ,Smartphone,3,excellent sister music range,amazon,11-04-2022 00:00
Samsung Galaxy S22,Smartphone,5,excellent vote maybe explain adult step entire from,AMAZON,24-06-2022 00:00
Samsung Galaxy A54,Smartphone,3,average father bill us join middle prove young issue slow performance,flipkart,10-01-2024 00:00
 Samsung Galaxy A14 ,Smartphone,2,worth it less factor if much issue display flickering,FLIPKART,22-05-2023 00:00
Samsung Charger 25W,Accessories,5,excellent less rise participant rich million child,FLIPKART,25-01-2023 00:00
 Samsung QLED TV ,TV,4,highly recommend to others,FLIPKART,29-01-2023
 Samsung Galaxy S22 ,Smartphone,1,heats up sometimes during heavy usage,AMAZON,06-08-2024
 Samsung Galaxy A14 ,Smartphone,2,worth it black throughout without personal,amazon,27-03-2023 00:00
 Samsung Galaxy Book 3 ,Smartphone,5,bad,flipkart,06-05-2023 00:00
 Samsung Buds Live ,Accessories,3,good issue overheating issue,amazon,13-06-2022 00:00
Samsung Galaxy Book 2,Smartphone,1,good nature whom anything prove issue charging problem,AMAZON,16-11-2022 00:00
Samsung Galaxy A14,Smartphone,4,worth it appear figure run product look down,flipkart,03-10-2022 00:00
 Samsung Charger 25W ,Accessories,1,good herself agree say him nice however,FLIPKART,27-02-2023 00:00
Samsung Galaxy M53,Smartphone,3,worth it before foreign artist political issue overheating issue,flipkart,01-04-2023 00:00
Samsung Galaxy Tab A8,Smartphone,4,good measure miss reach matter medical sort blue,AMAZON,10-01-2022 00:00
Samsung Buds Live,Accessories,5,not great hospital media make something response must,AMAZON,16-12-2022 00:00
 Samsung Galaxy S22 ,Smartphone,5,average through yard bring buy management local,flipkart,20-06-2024 00:00
 Samsung Charger 25W ,Accessories,5,good perhaps heavy painting figure music,amazon,20-08-2024 00:00
 Samsung Galaxy A34 ,Smartphone,4,bad back family look open attack from,FLIPKART,22-12-2022 00:00
Samsung Galaxy S21 FE,Smartphone,3,waste of money issue camera quality is poor,FLIPKART,15-08-2024 00:00
Samsung Galaxy M34,Smartphone,5,waste of money company case picture boy itself section message concern,flipkart,22-10-2023 00:00
Samsung Galaxy S22,Smartphone,3,bad spring have military continue anything,FLIPKART,23-05-2022 00:00
 Samsung Galaxy A34 ,Smartphone,5,worth it when defense rest it,amazon,17-09-2024 00:00
Samsung Buds 2,Accessories,3,average step go decide,FLIPKART,14-01-2024 00:00
Samsung Galaxy S21 FE,Smartphone,5,good tough order practice glass guy,FLIPKART,25-06-2022 00:00
 Samsung Galaxy Tab S7 FE ,Smartphone,4,good across sense pull win commercial,FLIPKART,06-02-2024 00:00
Samsung Galaxy A34,Smartphone,4,excellent like training vote present not suddenly court,AMAZON,19-02-2023 00:00
Samsung Galaxy A54,Smartphone,1,worth it power improve notice college job try seem issue camera quality is poor,FLIPKART,08-11-2022 00:00
 Samsung Galaxy M14 ,Smartphone,5,average scientist such simple,flipkart,02-04-2022 00:00
Samsung Galaxy A34,Smartphone,4,bad figure because bar source act,AMAZON,17-06-2022 00:00
 Samsung Galaxy M34 ,Smartphone,3,not great time exist race what design civil on,flipkart,11-05-2023 00:00
 Samsung Galaxy S22 ,Smartphone,4,not great they environment gas west can,AMAZON,05-04-2024 00:00
Samsung Galaxy S23,Smartphone,5,waste of money administration around figure artist section,flipkart,05-11-2024 00:00
 Samsung Galaxy A54 ,Smartphone,5,good through best peace camera morning quite book,amazon,22-10-2023 00:00
 Samsung Galaxy S21 FE ,Smartphone,4,worth it nice man century when design development,amazon,22-08-2024 00:00
Samsung Galaxy S23,Smartphone,5,excellent represent challenge near sort,amazon,24-12-2022 00:00
Samsung Galaxy M34,Smartphone,3,bad be order just executive experience early member edge,AMAZON,15-08-2023 00:00
Samsung Galaxy A54,Smartphone,4,excellent serious table fish maybe,amazon,14-04-2024 00:00
Samsung Galaxy S21 FE,Smartphone,4,bad recent sit office nearly number provide,AMAZON,23-08-2022 00:00
Samsung Galaxy M14,Smartphone,3,excellent arm throughout purpose capital,AMAZON,10-05-2024 00:00
Samsung Buds Live,Accessories,3,bad issue camera quality is poor,FLIPKART,29-11-2022 00:00
Samsung Galaxy Book 3,Smartphone,2,worth it wait lead race lot how various issue overheating issue,AMAZON,10-10-2023 00:00
Samsung Galaxy A14,Smartphone,5,waste of money stand wear necessary keep,flipkart,18-10-2024 00:00
Samsung Galaxy Tab A8,Smartphone,4,excellent it reality bad wear method group per,FLIPKART,06-06-2024 00:00
 Samsung Galaxy M53 ,Smartphone,1,waste of money should under across house,FLIPKART,30-04-2022 00:00
 Samsung Galaxy A14 ,Smartphone,2,not great scene year already american run major issue charging problem,FLIPKART,31-01-2022 00:00
Samsung Galaxy A34,Smartphone,3,excellent sometimes nor piece reveal issue slow performance,AMAZON,03-08-2024 00:00
Samsung Galaxy A54,Smartphone,4,waste of money physical author morning avoid past culture item,amazon,14-04-2023 00:00
Samsung Buds Live,Accessories,4,worth it effect practice choice safe he moment,FLIPKART,01-07-2022 00:00
Samsung Galaxy A54,Smartphone,2,excellent issue camera quality is poor,amazon,25-09-2022 00:00
Samsung Buds 2,Accessories,3,not great enter student administration director during should issue overheating issue,AMAZON,04-11-2023 00:00
 Samsung Galaxy M34 ,Smartphone,4,not great we american billion among stuff face,flipkart,26-03-2024 00:00
 Samsung Galaxy Book 2 ,Smartphone,5,waste of money bad realize place reality soldier,FLIPKART,01-12-2022 00:00
 Samsung Galaxy Buds2 ,Smartphone,5,featurepacked and smooth experience,flipkart,18-09-2023
 Samsung Buds 2 ,Accessories,3,bad top bar front issue battery draining fast,flipkart,28-01-2023 00:00
Samsung Galaxy A14,Smartphone,4,bad near why sound,AMAZON,15-12-2022 00:00
Samsung Galaxy S23,Smartphone,3,waste of money allow maybe include material something school,FLIPKART,05-10-2022 00:00
Samsung Charger 25W,Accessories,4,excellent face yard social,AMAZON,28-07-2022 00:00
Samsung Galaxy M34,Smartphone,4,average however one service music term school size,flipkart,10-12-2022 00:00
Samsung Galaxy S21 FE,Smartphone,5,waste of money child role year series general offer cold,FLIPKART,25-04-2023 00:00
Samsung Galaxy Tab A8,Smartphone,3,good off address field ahead quality player issue display flickering,amazon,23-06-2023 00:00
Samsung Galaxy S21 FE,Smartphone,2,good issue international quickly green issue slow performance,FLIPKART,19-02-2022 00:00
Samsung Galaxy S23,Smartphone,4,average find born not thing front structure positive,amazon,26-12-2023 00:00
 Samsung Galaxy Book 2 ,Smartphone,3,bad see doctor science energy pretty issue camera quality is poor,FLIPKART,04-09-2024 00:00
 Samsung Galaxy M53 ,Smartphone,5,worth it everyone address health article lawyer interest ask,amazon,12-05-2022 00:00
 Samsung Charger 25W ,Accessories,4,not great financial sport learn conference fight writer,AMAZON,26-01-2023 00:00
Samsung Galaxy Tab S7 FE,Smartphone,3,good job how father increase friend discover,amazon,11-06-2023 00:00
Samsung Galaxy S21 FE,Smartphone,5,excellent office specific camera may economy myself,AMAZON,15-12-2024 00:00
 Samsung Buds 2 ,Accessories,3,bad employee drug few this close,amazon,21-11-2023 00:00
Samsung Buds Live,Accessories,3,worth it main determine action point former fish,FLIPKART,19-12-2024 00:00
Samsung Charger 25W,Accessories,5,good care read may effect while top window,flipkart,20-10-2022 00:00
Samsung Galaxy S21 FE,Smartphone,3,bad security wait physical evening plan issue overheating issue,amazon,11-02-2023 00:00
Samsung Soundbar,Other,2,excellent product very satisfied,amazon,18-03-2024
Samsung Buds 2,Accessories,5,worth it option society enjoy maintain hard local staff,FLIPKART,11-05-2023 00:00
Samsung Galaxy Tab A8,Smartphone,2,bad stuff what should usually focus issue display flickering,amazon,21-11-2022 00:00
Samsung Galaxy A34,Smartphone,1,average tree answer door door issue battery draining fast,FLIPKART,03-06-2023 00:00
 Samsung Galaxy M34 ,Smartphone,2,bad,amazon,23-08-2022 00:00
Samsung Buds Live,Accessories,5,waste of money thousand likely way particular visit,amazon,21-05-2022 00:00
 Samsung Galaxy A54 ,Smartphone,2,average more off popular bar woman,AMAZON,25-06-2023 00:00
Samsung Galaxy A54,Smartphone,2,not great expert happen national capital later,FLIPKART,11-06-2023 00:00
 Samsung Charger 25W ,Accessories,3,excellent together start check mean water environmental boy,FLIPKART,18-12-2024 00:00
 Samsung Buds Live ,Accessories,5,waste of money everybody far new although,amazon,06-05-2024 00:00
Samsung Galaxy S21 FE,Smartphone,4,good after step strategy must,FLIPKART,01-01-2025 00:00
Samsung Galaxy M34,Smartphone,4,excellent response imagine true top human around,FLIPKART,23-03-2023 00:00
Samsung Galaxy Book 2,Smartphone,3,good city perhaps prevent section table where capital issue display flickering,flipkart,24-05-2022 00:00
Samsung Galaxy A14,Smartphone,4,excellent interview however coach as medical let contain administration,AMAZON,21-09-2024 00:00
Samsung Galaxy A14,Smartphone,4,average have huge close lawyer,amazon,04-09-2022 00:00
 Samsung Galaxy Tab A8 ,Smartphone,4,worth it understand serious spring one,amazon,16-02-2024 00:00
 Samsung Buds 2 ,Accessories,4,excellent discover respond face loss hair agent coach,flipkart,02-03-2022 00:00
Samsung Galaxy M34,Smartphone,4,excellent,flipkart,07-03-2022 00:00
Samsung Charger 25W,Accessories,4,worth it rather sure offer enough out,AMAZON,15-03-2024 00:00
Samsung Galaxy Book 3,Smartphone,4,waste of money development long ask and when,FLIPKART,28-04-2023 00:00
 Samsung Galaxy M53 ,Smartphone,3,worth it issue charging problem,amazon,14-09-2022 00:00
 Samsung Galaxy S22 ,Smartphone,4,not great writer let fall specific concern car,FLIPKART,13-04-2022 00:00
 Samsung Buds 2 ,Accessories,2,waste of money blue place many make my every,amazon,12-03-2024 00:00
Samsung Galaxy A14,Smartphone,3,not great side phone once budget issue display flickering,amazon,12-10-2022 00:00
 Samsung Galaxy S21 FE ,Smartphone,3,not great look anything book offer i issue charging problem,AMAZON,08-10-2023 00:00
 Samsung Buds Live ,Accessories,4,excellent stuff decide join first accept apply,flipkart,29-03-2023 00:00
Samsung Galaxy M53,Smartphone,5,bad whom series catch wife become,amazon,13-09-2024 00:00
Samsung Galaxy S21 FE,Smartphone,3,not great his around maintain issue charging problem,AMAZON,29-07-2023 00:00
Samsung Galaxy S22,Smartphone,4,bad stuff our who both group time task,AMAZON,21-05-2024 00:00
Samsung Galaxy A54,Smartphone,2,worth it administration hotel mouth congress free,amazon,08-03-2022 00:00
Samsung Galaxy S21 FE,Smartphone,3,excellent majority shoulder most until issue slow performance,FLIPKART,18-06-2023 00:00
Samsung Galaxy Book 2,Smartphone,5,not great skin reason pretty trouble need,flipkart,23-10-2023 00:00
 Samsung Galaxy Tab S7 FE ,Smartphone,5,waste of money southern go why provide son live,FLIPKART,30-08-2023 00:00
Samsung Galaxy A34,Smartphone,4,good accept professor inside,AMAZON,19-11-2024 00:00
Samsung Galaxy A54,Smartphone,1,not great strong yourself pick speech each social television issue camera quality is poor,amazon,08-06-2023 00:00
Samsung Galaxy Book 2,Smartphone,3,waste of money life large actually issue display flickering,amazon,18-07-2022 00:00
 Samsung Galaxy M14 ,Smartphone,2,excellent issue slow performance,AMAZON,04-11-2024 00:00
Samsung Charger 25W,Accessories,3,not great issue overheating issue,amazon,02-08-2023 00:00
Samsung Charger 25W,Accessories,5,waste of money car maybe play seem significant heavy represent,AMAZON,31-08-2024 00:00
 Samsung Galaxy Tab A8 ,Smartphone,4,bad grow detail camera expert,amazon,24-03-2024 00:00
Samsung Buds Live,Accessories,5,bad adult leave kind condition hear,FLIPKART,25-11-2022 00:00
 Samsung Galaxy A54 ,Smartphone,3,bad effort surface government character end television catch bank issue camera quality is poor,AMAZON,01-01-2024 00:00
Samsung Galaxy Book 3,Smartphone,4,average society feel mean meet factor put,flipkart,07-04-2024 00:00
 Samsung Galaxy S21 FE ,Smartphone,2,excellent environment might who magazine,AMAZON,30-01-2024 00:00
Samsung Charger 25W,Accessories,3,not great reason green use air attack issue camera quality is poor,AMAZON,11-09-2024 00:00
Samsung Galaxy Tab S7 FE,Smartphone,4,excellent green knowledge politics third push short wonder,amazon,25-10-2022 00:00
Samsung Galaxy S22,Smartphone,4,good follow kind use,amazon,01-09-2022 00:00
Samsung Galaxy Book 2,Smartphone,4,worth it hit quite tough world doctor though,flipkart,05-07-2023 00:00
Samsung Galaxy M34,Smartphone,3,bad soon challenge drive painting time situation,FLIPKART,29-08-2024 00:00
Samsung Galaxy S22,Smartphone,3,not great south voice reach short require account issue battery draining fast,flipkart,03-12-2023 00:00
 Samsung Galaxy S23 ,Smartphone,3,not great end even small crime issue display flickering,FLIPKART,20-10-2022 00:00
 Samsung Galaxy M34 ,Smartphone,4,not great policy support south day child few turn,FLIPKART,04-10-2023 00:00
Samsung Galaxy M14,Smartphone,4,not great choose hand poor bad,amazon,10-11-2024 00:00
Samsung Buds 2,Accessories,3,average between wind place computer away project despite,AMAZON,23-03-2023 00:00
Samsung Galaxy Tab A8,Smartphone,4,excellent message art under reduce,FLIPKART,14-09-2022 00:00
Samsung Galaxy M34,Smartphone,5,excellent song big population right realize care,FLIPKART,18-03-2024 00:00
 Samsung Galaxy S23 ,Smartphone,2,good for basic usage,AMAZON,08-06-2023
Samsung Charger 25W,Accessories,3,excellent collection build response board already,AMAZON,11-11-2024 00:00
Samsung Galaxy Book 3,Smartphone,1,waste of money writer marriage analysis decision another issue overheating issue,flipkart,27-01-2022 00:00
 Samsung Buds 2 ,Accessories,1,excellent issue battery draining fast,FLIPKART,13-07-2024 00:00
Samsung Galaxy A54,Smartphone,5,worth it question full ever cut wall,amazon,20-08-2022 00:00
Samsung Galaxy M53,Smartphone,2,excellent which individual off happen building if fine improve,AMAZON,23-02-2023 00:00
Samsung Galaxy M14,Smartphone,4,good she water place win,amazon,26-11-2023 00:00
 Samsung Galaxy Tab A8 ,Smartphone,4,bad seat everything senior nearly,FLIPKART,29-09-2023 00:00
Samsung Galaxy M14,Smartphone,2,average our sister east this whether own issue overheating issue,amazon,15-04-2023 00:00
Samsung Galaxy Tab A8,Smartphone,5,bad ok land product black size feel,AMAZON,01-01-2024 00:00
Samsung Galaxy A54,Smartphone,5,performance is topnotch,flipkart,08-02-2024
 Samsung Galaxy S23 ,Smartphone,2,good paper this soon road same anyone issue overheating issue,amazon,13-08-2022 00:00
Samsung Galaxy S21 FE,Smartphone,5,average ask scientist power trip focus rate practice style,amazon,15-07-2024 00:00
Samsung Galaxy M34,Smartphone,5,bad stand right provide trip,AMAZON,11-02-2024 00:00
Samsung Charger 25W,Accessories,4,average five sign natural letter boy red what,AMAZON,09-06-2024 00:00
Samsung Galaxy A14,Smartphone,4,average suddenly require economy usually memory newspaper heavy,amazon,27-06-2022 00:00
Samsung Galaxy A54,Smartphone,4,good wind throughout sound change travel nice painting,flipkart,04-05-2024 00:00
 Samsung Buds 2 ,Accessories,3,worth it five officer wrong other issue battery draining fast,flipkart,22-06-2024 00:00
Samsung Galaxy S23,Smartphone,1,worth it law black quality himself only manage song issue battery draining fast,FLIPKART,26-12-2022 00:00
Samsung Buds 2,Accessories,4,worth it throw investment staff relate stop open remain,AMAZON,11-08-2022 00:00
Samsung Galaxy Book 2,Smartphone,3,average her democrat military trouble,AMAZON,22-02-2024 00:00
Samsung Galaxy A34,Smartphone,2,bad especially live scientist issue slow performance,amazon,16-10-2024 00:00
Samsung Galaxy A34,Smartphone,5,good design approach money speak yard,amazon,05-06-2024 00:00
 Samsung Galaxy A14 ,Smartphone,2,worth it thus reduce art energy best issue overheating issue,amazon,02-01-2024 00:00
Samsung Buds 2,Accessories,4,excellent step argue term,AMAZON,24-08-2022 00:00
 Samsung Galaxy M14 ,Smartphone,2,bad issue battery draining fast,flipkart,12-10-2022 00:00
 Samsung Galaxy S23 ,Smartphone,4,not great,flipkart,26-04-2023 00:00
Samsung Air Conditioner,Other,1,not as expected returning it,amazon,21-06-2024
 Samsung Charger 25W ,Accessories,3,waste of money have reason audience up light air,amazon,09-03-2023 00:00
 Samsung Galaxy Book 3 ,Smartphone,4,bad page president walk think over either,FLIPKART,03-04-2022 00:00
 Samsung Galaxy S22 ,Smartphone,3,excellent worker go could democrat republican set issue slow performance,FLIPKART,03-07-2023 00:00
Samsung Galaxy S23,Smartphone,2,average development unit list ever blue car feeling issue overheating issue,AMAZON,11-04-2023 00:00
Samsung Galaxy Tab A8,Smartphone,4,good peace rule quickly measure,flipkart,27-09-2024 00:00
Samsung Galaxy S23,Smartphone,5,good top wonder vote inside ahead,flipkart,20-01-2022 00:00
Samsung Galaxy A14,Smartphone,5,average series style four,FLIPKART,01-02-2022 00:00
Samsung Galaxy M34,Smartphone,4,average happen leg us time business bad,FLIPKART,08-01-2022 00:00
Samsung Galaxy M34,Smartphone,3,bad issue battery draining fast,flipkart,18-08-2024 00:00
 Samsung Galaxy M53 ,Smartphone,4,average usually purpose enough not be,FLIPKART,09-05-2022 00:00
Samsung Galaxy A14,Smartphone,4,bad remain relate spring serious miss safe,FLIPKART,09-09-2024 00:00
 Samsung Galaxy Tab S7 FE ,Smartphone,1,good issue slow performance,FLIPKART,16-11-2023 00:00
 Samsung Buds Live ,Accessories,4,worth it that public society few relate serve win,AMAZON,29-12-2024 00:00
Samsung Buds Live,Accessories,1,good stuff for because fire specific still,amazon,21-01-2024 00:00
Samsung Galaxy Tab S7 FE,Smartphone,1,excellent whole by mission than street each claim issue slow performance,FLIPKART,07-12-2022 00:00
Samsung Galaxy M53,Smartphone,4,good whose arrive rule fast gun yet,flipkart,29-09-2024 00:00
Samsung Galaxy Tab S7 FE,Smartphone,4,excellent gas company item friend recognize,amazon,10-01-2022 00:00
 Samsung Galaxy M14 ,Smartphone,4,average five half especially major dinner activity capital,amazon,04-12-2022 00:00
 Samsung Galaxy Tab S7 FE ,Smartphone,4,worth it person yet image,amazon,19-12-2024 00:00
 Samsung Charger 25W ,Accessories,5,worth it understand image many single tree sit,AMAZON,21-02-2022 00:00
Samsung Charger 25W,Accessories,3,worth it office much partner put experience issue display flickering,amazon,03-05-2022 00:00
 Samsung Galaxy Tab A8 ,Smartphone,5,not great participant matter might discussion by walk every,flipkart,24-08-2022 00:00
 Samsung Buds 2 ,Accessories,3,average eye everybody morning popular new record system issue charging problem,amazon,02-10-2023 00:00
Samsung Galaxy Book 2,Smartphone,3,excellent out body it strong issue charging problem,flipkart,29-07-2024 00:00
Samsung Galaxy S23,Smartphone,3,not great while fall anyone next security charge none issue slow performance,amazon,10-09-2022 00:00
 Samsung Buds Live ,Accessories,1,average issue camera quality is poor,FLIPKART,08-09-2024 00:00
 Samsung Galaxy A34 ,Smartphone,2,good player her by i defense long tax lawyer issue slow performance,amazon,17-09-2022 00:00
 Samsung Galaxy Book 2 ,Smartphone,1,average gun fine important hope stay when issue slow performance,FLIPKART,04-08-2022 00:00
Samsung Galaxy A54,Smartphone,3,not great small they just doctor ask address job child issue camera quality is poor,FLIPKART,17-04-2022 00:00
 Samsung Galaxy Tab A8 ,Smartphone,3,excellent together read pressure add third mean marriage issue overheating issue,flipkart,06-12-2024 00:00
Samsung Galaxy S21 FE,Smartphone,4,excellent summer value behavior focus toward put eight join,AMAZON,30-03-2022 00:00
Samsung Galaxy Tab S7 FE,Smartphone,5,excellent write wonder send while available,amazon,17-02-2023 00:00
Samsung Buds 2,Accessories,4,waste of money actually share culture land give stock allow,AMAZON,20-11-2023 00:00
Samsung Galaxy Tab S7 FE,Smartphone,3,worth it much prove perform his recognize score few issue camera quality is poor,AMAZON,09-04-2024 00:00
 Samsung Galaxy S21 FE ,Smartphone,4,waste of money,AMAZON,22-06-2023 00:00
Samsung Buds 2,Accessories,4,excellent option out produce somebody suffer resource strong save,flipkart,01-01-2022 00:00
Samsung Galaxy Tab S7 FE,Smartphone,4,excellent physical nothing either who,FLIPKART,22-09-2023 00:00
 Samsung Galaxy M14 ,Smartphone,3,excellent effort sort indicate collection sell short do white,flipkart,14-04-2022 00:00
Samsung Galaxy Tab S7 FE,Smartphone,5,average sometimes public walk appear,FLIPKART,11-10-2022 00:00
Samsung Galaxy S23,Smartphone,4,excellent best across boy nearly,amazon,05-10-2023 00:00
Samsung Buds 2,Accessories,5,worth it benefit your human indicate whose wait,FLIPKART,14-07-2023 00:00
Samsung Galaxy M34,Smartphone,2,not great born us until produce them issue overheating issue,amazon,10-05-2023 00:00
Samsung Galaxy Tab S7 FE,Smartphone,4,excellent federal mind middle enjoy,amazon,26-05-2022 00:00
Samsung Buds Live,Accessories,2,waste of money turn fight fear least yeah issue battery draining fast,flipkart,09-12-2022 00:00
Samsung Galaxy S21 FE,Smartphone,3,not great give responsibility three around worry mean issue display flickering,AMAZON,31-07-2022 00:00
 Samsung Galaxy A54 ,Smartphone,3,average prevent keep someone region pass blood issue battery draining fast,flipkart,16-10-2024 00:00
Samsung Galaxy M53,Smartphone,1,average arm speech surface environment care sell this issue battery draining fast,AMAZON,02-04-2023 00:00
Samsung Galaxy Tab S7 FE,Smartphone,5,not great nation cost truth consumer note recognize,amazon,19-05-2024 00:00
 Samsung Galaxy S23 ,Smartphone,3,not great amount stay foreign consumer what care store prevent,flipkart,27-12-2023 00:00
Samsung Galaxy A34,Smartphone,4,waste of money sea office along risk challenge certainly paper recognize,FLIPKART,28-12-2023 00:00
 Samsung QLED TV ,TV,3,featurepacked and smooth experience,amazon,29-12-2024
Samsung Galaxy S23,Smartphone,4,not great buy concern run,flipkart,13-03-2022 00:00
Samsung Galaxy S21 FE,Smartphone,5,excellent month remember record,flipkart,18-03-2024 00:00
Samsung Galaxy Book 2,Smartphone,1,not great back trade bad toward,flipkart,10-06-2023 00:00
 Samsung Galaxy S22 ,Smartphone,3,waste of money certain field act politics kitchen degree too,FLIPKART,15-10-2022 00:00
Samsung Galaxy S22,Smartphone,4,excellent building consumer edge enter,FLIPKART,18-01-2024 00:00
Samsung Galaxy A54,Smartphone,4,good likely themselves send staff idea opportunity,AMAZON,12-05-2022 00:00
Samsung Buds Live,Accessories,3,excellent door tree body decade single move issue camera quality is poor,AMAZON,06-03-2023 00:00
 Samsung Buds 2 ,Accessories,3,bad difficult son from whatever more experience sell protect,AMAZON,01-10-2024 00:00
Samsung Galaxy Tab A8,Smartphone,4,good walk test benefit understand year loss view,AMAZON,13-05-2024 00:00
Samsung Galaxy A54,Smartphone,2,bad issue overheating issue,amazon,16-07-2024 00:00
Samsung Galaxy Book 3,Smartphone,1,average community short just social carry issue battery draining fast,AMAZON,28-05-2024 00:00
Samsung Galaxy A34,Smartphone,4,not great character material decide remain fire break,AMAZON,09-05-2022 00:00
 Samsung Galaxy S21 FE ,Smartphone,4,not great field stock stuff commercial official too,AMAZON,14-04-2023 00:00
 Samsung Galaxy M34 ,Smartphone,2,not great issue charging problem,FLIPKART,18-07-2023 00:00
Samsung Galaxy S21 FE,Smartphone,4,waste of money have occur security task certain,FLIPKART,20-07-2023 00:00
Samsung Buds Live,Accessories,1,average whether well eye choose issue display flickering,AMAZON,28-06-2023 00:00
 Samsung Galaxy A34 ,Smartphone,5,waste of money why democrat specific almost body newspaper yard,FLIPKART,30-04-2022 00:00
Samsung Galaxy Book 3,Smartphone,2,worth it doctor analysis maybe prove phone write,flipkart,13-01-2022 00:00
Samsung Galaxy Book 2,Smartphone,4,bad friend nothing blood sister agent can public,flipkart,25-10-2023 00:00
Samsung Galaxy A14,Smartphone,4,bad clear drive scene people,flipkart,17-08-2024 00:00
 Samsung Galaxy Tab S7 FE ,Smartphone,3,worth it have large take save body walk cover,amazon,31-08-2022 00:00
Samsung Galaxy Tab S7 FE,Smartphone,3,waste of money grow book herself better professional pattern issue overheating issue,AMAZON,07-04-2023 00:00
Samsung Galaxy A14,Smartphone,4,worth it study represent box impact team campaign shoulder,FLIPKART,14-03-2024 00:00
Samsung Galaxy S22,Smartphone,5,bad around response citizen interest,flipkart,01-09-2024 00:00
Samsung Galaxy M53,Smartphone,3,excellent various trip project relationship issue battery draining fast,AMAZON,22-10-2023 00:00
Samsung Galaxy Tab S7 FE,Smartphone,4,not great western section science week whom,FLIPKART,05-07-2023 00:00
Samsung Galaxy M53,Smartphone,5,average point beautiful when more voice however,flipkart,03-04-2022 00:00
 Samsung Galaxy A14 ,Smartphone,3,good organization modern what choose issue camera quality is poor,flipkart,26-11-2024 00:00
Samsung Galaxy A34,Smartphone,1,average argue middle player type scientist,flipkart,01-07-2022 00:00
Samsung Buds 2,Accessories,4,excellent mouth create research can laugh risk serious,amazon,08-11-2024 00:00
Samsung Galaxy A54,Smartphone,2,bad minute carry top opportunity even,AMAZON,18-06-2022 00:00
Samsung Charger 25W,Accessories,4,average letter thought old arrive data individual,flipkart,23-05-2024 00:00
Samsung Buds 2,Accessories,4,good pull anything none suffer,FLIPKART,11-01-2024 00:00
 Samsung Galaxy S23 ,Smartphone,1,excellent star painting treatment north alone republican issue display flickering,AMAZON,22-08-2023 00:00
Samsung Galaxy S22,Smartphone,4,worth it fine remember pull bad stop,flipkart,02-07-2023 00:00
 Samsung Buds Live ,Accessories,1,bad purpose good tonight standard training worker its fall issue camera quality is poor,amazon,19-02-2023 00:00
Samsung Galaxy A54,Smartphone,4,waste of money outside decide president people,flipkart,05-11-2023 00:00
 Samsung Buds 2 ,Accessories,3,bad fight own create time treat five senior issue camera quality is poor,AMAZON,12-07-2022 00:00
Samsung Charger 25W,Accessories,5,excellent mother fast goal room degree throw eight,AMAZON,23-11-2023 00:00
 Samsung Galaxy A54 ,Smartphone,4,excellent ever tv push much interest son little gun,flipkart,04-10-2023 00:00
 Samsung Galaxy S22 ,Smartphone,4,good executive over sit of recently leg college,flipkart,25-12-2023 00:00
Samsung Galaxy Book 2,Smartphone,2,waste of money collection beat note author,FLIPKART,07-12-2023 00:00
Samsung Galaxy Tab S7 FE,Smartphone,3,good quite difficult can table whatever our,FLIPKART,14-08-2023 00:00
Samsung Galaxy S23,Smartphone,1,excellent production music program smile mention,FLIPKART,04-12-2022 00:00
Samsung Galaxy Book 3,Smartphone,4,worth it newspaper event toward late kitchen close rich,FLIPKART,27-08-2023 00:00
 Samsung Charger 25W ,Accessories,3,excellent especially similar they tv,amazon,13-08-2023 00:00
 Samsung Galaxy M53 ,Smartphone,3,bad institution hand throughout notice specific issue slow performance,FLIPKART,25-08-2023 00:00
Samsung Galaxy M34,Smartphone,4,not great follow worker nature describe call develop may,FLIPKART,06-01-2023 00:00
Samsung Galaxy A54,Smartphone,1,average stay by debate smile issue overheating issue,FLIPKART,18-05-2024 00:00
Samsung Galaxy A14,Smartphone,3,good store task reach finally however personal cut southern issue slow performance,FLIPKART,26-07-2022 00:00
Samsung Galaxy S23,Smartphone,4,waste of money support accept move,flipkart,17-07-2024 00:00
Samsung Buds Live,Accessories,4,waste of money difficult red language military perhaps,AMAZON,20-11-2024 00:00
 Samsung Galaxy Tab S7 FE ,Smartphone,3,waste of money issue slow performance,amazon,06-11-2022 00:00
Samsung Galaxy M53,Smartphone,4,good foot candidate site during dog,FLIPKART,26-04-2023 00:00
 Samsung Buds 2 ,Accessories,3,excellent issue charging problem,AMAZON,07-08-2022 00:00
 Samsung Galaxy Tab A8 ,Smartphone,4,good professional even become current message increase central,flipkart,31-03-2024 00:00
Samsung Galaxy M14,Smartphone,4,bad prove wide become he rise sure pm,FLIPKART,13-09-2024 00:00
Samsung Galaxy A14,Smartphone,3,average issue camera quality is poor,FLIPKART,03-01-2022 00:00
 Samsung Galaxy M14 ,Smartphone,4,bad team at design myself beyond century tough lead,flipkart,11-12-2024 00:00
 Samsung Buds 2 ,Accessories,3,bad interesting discover step continue issue overheating issue,amazon,03-02-2022 00:00
Samsung Galaxy Tab S7 FE,Smartphone,1,waste of money bring name series issue camera quality is poor,amazon,18-07-2024 00:00
Samsung Galaxy Book 2,Smartphone,1,not great more social head the within prove question,AMAZON,21-03-2022 00:00
Samsung Buds Live,Accessories,3,good kitchen plant peace rich behind out job,amazon,08-12-2024 00:00
Samsung Charger 25W,Accessories,4,worth it accept month quickly chair,flipkart,14-11-2023 00:00
Samsung Galaxy Tab S7 FE,Smartphone,3,worth it laugh news herself girl drop article laugh issue battery draining fast,amazon,25-09-2023 00:00
 Samsung Buds Live ,Accessories,3,not great state store involve down,flipkart,16-02-2022 00:00
Samsung Galaxy Tab A8,Smartphone,3,not great get have already,FLIPKART,10-10-2022 00:00
Samsung Galaxy A54,Smartphone,5,excellent strong treatment girl officer meet college into,FLIPKART,30-12-2022 00:00
Samsung Galaxy Book 3,Smartphone,5,bad each local each forget,AMAZON,10-02-2023 00:00
Samsung Charger 25W,Accessories,4,bad ago mother mouth class strategy,flipkart,22-04-2023 00:00
Samsung Galaxy A54,Smartphone,3,good issue display flickering,FLIPKART,12-09-2024 00:00
 Samsung Galaxy Book 2 ,Smartphone,4,waste of money sell any change station full movie,FLIPKART,05-10-2023 00:00
Samsung Galaxy Book 2,Smartphone,3,excellent despite order fast century,AMAZON,04-01-2024 00:00
Samsung Galaxy Book 2,Smartphone,5,worth it election national current local,amazon,07-08-2024 00:00
 Samsung Galaxy M34 ,Smartphone,4,average and whether wait without week what,FLIPKART,18-01-2024 00:00
Samsung Galaxy M14,Smartphone,2,not great expert sign choose today truth issue battery draining fast,flipkart,16-10-2024 00:00
Samsung Galaxy M53,Smartphone,5,average serve notice lay article moment,FLIPKART,21-09-2022 00:00
Samsung Galaxy M14,Smartphone,5,excellent every join improve federal plant,amazon,06-06-2022 00:00
 Samsung Galaxy A54 ,Smartphone,4,excellent class right benefit place remember little,amazon,06-11-2024 00:00
Samsung Galaxy Tab A8,Smartphone,4,worth it ability simple leave phone article leave opportunity,flipkart,06-07-2022 00:00
 Samsung Galaxy A14 ,Smartphone,4,good yet so not player type us difficult,FLIPKART,12-06-2024 00:00
Samsung Galaxy M34,Smartphone,4,average sure agreement form often environment two far health,flipkart,02-03-2024 00:00
 Samsung Galaxy Tab A8 ,Smartphone,1,excellent quite consider always figure consumer minute affect environmental issue overheating issue,AMAZON,19-04-2023 00:00
 Samsung Galaxy M34 ,Smartphone,3,worth it read dark woman some skin later issue slow performance,flipkart,14-03-2024 00:00
 Samsung Galaxy Book 2 ,Smartphone,5,good room guess voice end,flipkart,20-12-2024 00:00
Samsung Galaxy S23,Smartphone,5,not great specific green speech area,amazon,21-10-2022 00:00
 Samsung Galaxy Book 2 ,Smartphone,1,average admit teacher blood on,FLIPKART,10-04-2022 00:00
Samsung Galaxy M34,Smartphone,3,not great social there paper simple economy time issue battery draining fast,AMAZON,31-07-2024 00:00
Samsung Galaxy Tab A8,Smartphone,4,waste of money act young tend national,FLIPKART,09-01-2023 00:00
 Samsung Buds Live ,Accessories,4,good information science successful system,flipkart,02-11-2024 00:00
Samsung Buds 2,Accessories,3,good issue battery draining fast,AMAZON,12-12-2024 00:00
 Samsung Galaxy S21 FE ,Smartphone,3,not great laugh four for tough special reality economic issue display flickering,FLIPKART,26-06-2023 00:00
Samsung Galaxy M53,Smartphone,4,good heart your moment our,FLIPKART,03-03-2024 00:00
Samsung Galaxy Tab S7 FE,Smartphone,4,bad political quickly address character find,flipkart,04-02-2023 00:00
Samsung Galaxy M34,Smartphone,3,bad effect experience either,amazon,30-04-2024 00:00
Samsung Galaxy Book 2,Smartphone,4,excellent thousand college current within,FLIPKART,09-11-2022 00:00
Samsung Galaxy A14,Smartphone,4,waste of money thus save understand,FLIPKART,11-03-2024 00:00
Samsung Galaxy M14,Smartphone,2,bad issue battery draining fast,flipkart,16-12-2023 00:00
 Samsung Galaxy S23 ,Smartphone,4,worth it network why box security thing,flipkart,04-12-2024 00:00
 Samsung Galaxy Book 3 ,Smartphone,5,excellent bad attack media light,flipkart,08-02-2023 00:00
Samsung Galaxy M53,Smartphone,5,bad travel plant table share no,FLIPKART,27-08-2022 00:00
Samsung Galaxy Tab S7 FE,Smartphone,2,worth it grow deep issue quite others issue charging problem,flipkart,04-09-2022 00:00
Samsung Galaxy S21 FE,Smartphone,4,bad media ready sister national amount turn across,amazon,30-06-2023 00:00
Samsung Charger 25W,Accessories,4,excellent ability least for seven more car congress,AMAZON,26-02-2022 00:00
Samsung Galaxy Tab S7 FE,Smartphone,3,good difference tonight notice medical under arrive issue slow performance,FLIPKART,10-01-2022 00:00
Samsung Galaxy M14,Smartphone,4,good run beat decision surface,FLIPKART,09-04-2023 00:00
Samsung Galaxy Tab S7 FE,Smartphone,5,bad sign thing consumer purpose suggest,flipkart,19-09-2022 00:00
 Samsung Galaxy Tab A8 ,Smartphone,3,waste of money animal require billion character sell spring,AMAZON,12-08-2023 00:00
 Samsung Buds 2 ,Accessories,4,good rather series do word successful,FLIPKART,24-10-2022 00:00
Samsung Galaxy Tab A8,Smartphone,5,waste of money create campaign understand job,FLIPKART,01-07-2023 00:00
Samsung Galaxy M14,Smartphone,5,worth it kind would note which toward major,amazon,14-01-2024 00:00
 Samsung Charger 25W ,Accessories,5,good page since art view above treat,amazon,15-06-2023 00:00
 Samsung Galaxy M34 ,Smartphone,5,worth it both among onto become matter,flipkart,07-10-2024 00:00
Samsung Galaxy S23,Smartphone,4,average third method something officer treatment,FLIPKART,23-01-2022 00:00
Samsung Galaxy M14,Smartphone,3,not great young about these carry shoulder she fund before,AMAZON,05-03-2022 00:00
Samsung Buds 2,Accessories,1,not great issue charging problem,amazon,16-04-2024 00:00
Samsung Galaxy M53,Smartphone,3,average none policy republican center issue overheating issue,amazon,30-07-2024 00:00
Samsung Galaxy A54,Smartphone,2,average become answer expert issue slow performance,FLIPKART,16-09-2023 00:00
Samsung Galaxy Watch6,Smartphone,2,software updates are slow,amazon,03-05-2023
 Samsung Galaxy A54 ,Smartphone,3,excellent contain campaign shoulder fire room score,amazon,09-12-2024 00:00
Samsung Galaxy A34,Smartphone,2,excellent condition walk community idea next issue display flickering,FLIPKART,21-05-2022 00:00
Samsung Buds Live,Accessories,5,bad impact probably analysis economic field law,FLIPKART,09-04-2023 00:00
Samsung Galaxy S23,Smartphone,1,amazing display quality,AMAZON,11-01-2024
Samsung Galaxy S23,Smartphone,5,bad easy fund campaign military staff too,FLIPKART,02-07-2022 00:00
 Samsung Galaxy Book 2 ,Smartphone,2,worth it hope important page environment they need issue overheating issue,AMAZON,25-03-2024 00:00
Samsung Galaxy M53,Smartphone,1,average act most although,FLIPKART,13-06-2023 00:00
Samsung Galaxy Tab A8,Smartphone,3,not great maybe article subject cultural drive,AMAZON,11-08-2024 00:00
Samsung Galaxy Tab S7 FE,Smartphone,4,waste of money better center perform must seem article although this,flipkart,04-01-2023 00:00
Samsung Galaxy Tab S7 FE,Smartphone,4,waste of money former arrive skin,flipkart,02-11-2023 00:00
Samsung Galaxy M53,Smartphone,3,not great onto because offer piece capital tv issue battery draining fast,AMAZON,06-05-2022 00:00
 Samsung Charger 25W ,Accessories,5,waste of money walk response raise sign day staff,FLIPKART,24-11-2024 00:00
 Samsung Galaxy M53 ,Smartphone,3,bad issue display flickering,AMAZON,05-05-2023 00:00
Samsung Galaxy A14,Smartphone,5,excellent section week firm force,flipkart,08-01-2022 00:00
 Samsung Charger 25W ,Accessories,4,excellent list home moment,FLIPKART,07-10-2022 00:00
Samsung Galaxy A14,Smartphone,5,average hundred address police,FLIPKART,30-12-2024 00:00
Samsung Buds Live,Accessories,4,worth it own rather summer once,flipkart,22-05-2022 00:00
Samsung Galaxy A34,Smartphone,5,waste of money important although hour growth yet condition result,flipkart,11-07-2022 00:00
Samsung Galaxy Book 2,Smartphone,3,bad he whether edge agreement meeting yes receive issue camera quality is poor,amazon,22-07-2023 00:00
 Samsung Galaxy Tab S7 FE ,Smartphone,4,good responsibility apply central offer,amazon,08-09-2024 00:00
Samsung Galaxy M34,Smartphone,4,worth it inside sort sort include coach know understand leave,FLIPKART,10-04-2023 00:00
Samsung Galaxy A34,Smartphone,5,not great far increase arm sure plant cell,amazon,13-07-2022 00:00
Samsung Galaxy Tab S7 FE,Smartphone,4,worth it peace light provide call onto include life,amazon,10-08-2024 00:00
Samsung Galaxy A14,Smartphone,3,bad ready response summer energy today issue display flickering,amazon,11-05-2024 00:00
Samsung Galaxy Tab S7 FE,Smartphone,2,bad play pass onto a kid budget issue overheating issue,amazon,24-01-2024 00:00
Samsung Buds 2,Accessories,4,average effect term size ask way,FLIPKART,04-08-2023 00:00
Samsung Galaxy Tab S7 FE,Smartphone,4,bad other say hour suggest character recently push,amazon,16-02-2023 00:00
 Samsung Galaxy Book 3 ,Smartphone,4,bad interesting boy option keep court nature,amazon,19-02-2023 00:00
 Samsung Galaxy S23 ,Smartphone,3,bad within threat political debate,FLIPKART,07-08-2024 00:00
Samsung Buds 2,Accessories,3,good staff civil pm issue slow performance,flipkart,05-07-2022 00:00
 Samsung Galaxy A14 ,Smartphone,4,worth it talk simple other method pick if ask,AMAZON,07-09-2024 00:00
 Samsung Galaxy M14 ,Smartphone,5,bad send at five everyone behind late,FLIPKART,05-01-2023 00:00
Samsung Galaxy S23,Smartphone,3,average voice cell only be where officer issue battery draining fast,AMAZON,22-09-2023 00:00
 Samsung Galaxy A34 ,Smartphone,4,bad change discussion worker ago year seven they environmental,AMAZON,18-03-2023 00:00
 Samsung Galaxy A34 ,Smartphone,5,bad least explain example church mention similar,AMAZON,15-05-2022 00:00
 Samsung Galaxy M14 ,Smartphone,5,good yourself really relate modern official cause,amazon,29-12-2022 00:00
Samsung Galaxy S22,Smartphone,4,average leader scene whom actually form term,flipkart,30-12-2023 00:00
 Samsung Galaxy A14 ,Smartphone,5,not great prove spring practice allow,AMAZON,28-12-2024 00:00
Samsung Galaxy M34,Smartphone,5,worth it money drug memory magazine memory large already meeting,FLIPKART,14-05-2023 00:00
Samsung Galaxy A34,Smartphone,4,worth it traditional fall sure economic light,AMAZON,13-02-2022 00:00
Samsung Galaxy A54,Smartphone,5,bad unit check but themselves throw,AMAZON,27-04-2022 00:00
 Samsung Galaxy S22 ,Smartphone,4,worth it more hotel student them whom that step,AMAZON,15-03-2022 00:00
 Samsung Galaxy S23 ,Smartphone,5,waste of money each believe network interesting east out,AMAZON,21-10-2023 00:00
Samsung Galaxy Book 3,Smartphone,4,good require call his expect,flipkart,12-03-2023 00:00
Samsung Buds 2,Accessories,5,good with room to recognize wear clear by local,AMAZON,07-01-2024 00:00
 Samsung Galaxy A34 ,Smartphone,5,excellent town hit wind better,amazon,02-05-2022 00:00
Samsung Galaxy M14,Smartphone,4,good ok city around than,FLIPKART,21-08-2023 00:00
 Samsung Galaxy M34 ,Smartphone,4,good pass bag partner cell make evidence,amazon,29-12-2022 00:00
Samsung Galaxy M34,Smartphone,5,average set money policy hour will,flipkart,13-03-2023 00:00
Samsung Galaxy Tab S7 FE,Smartphone,5,not great station message foot,AMAZON,18-12-2024 00:00
Samsung Charger 25W,Accessories,5,not great able almost carry price box,AMAZON,16-07-2024 00:00
Samsung Galaxy Book 3,Smartphone,3,waste of money third to beautiful whether garden issue overheating issue,FLIPKART,11-09-2023 00:00
Samsung Buds Live,Accessories,3,good go indeed congress cost night do,AMAZON,29-12-2022 00:00
 Samsung Galaxy M53 ,Smartphone,5,waste of money kind environmental final hand that long,flipkart,27-09-2022 00:00
Samsung Galaxy M14,Smartphone,4,not great first open several personal together,flipkart,22-02-2022 00:00
 Samsung Galaxy Book 2 ,Smartphone,4,bad,FLIPKART,23-10-2024 00:00
 Samsung Galaxy Watch6 ,Smartphone,1,disappointed with the customer service,AMAZON,20-03-2023
 Samsung Galaxy S23 ,Smartphone,4,bad civil simple interest myself,amazon,26-03-2023 00:00
Samsung Galaxy M14,Smartphone,4,waste of money community yard type benefit box expert help,flipkart,17-01-2023 00:00
Samsung Galaxy Tab A8,Smartphone,5,waste of money coach option effort they field business,FLIPKART,28-04-2023 00:00
Samsung Buds 2,Accessories,5,not great local paper ground debate whatever sound,FLIPKART,17-06-2024 00:00
Samsung Galaxy S23,Smartphone,4,average number campaign late item particularly state,AMAZON,29-10-2022 00:00
 Samsung Galaxy Tab S7 FE ,Smartphone,3,average reach positive record issue charging problem,FLIPKART,28-05-2023 00:00
Samsung Galaxy A54,Smartphone,5,not great another interesting field since herself beautiful shake,amazon,11-05-2022 00:00
Samsung Galaxy M34,Smartphone,4,not great hospital thousand call,amazon,03-10-2023 00:00
Samsung Charger 25W,Accessories,1,good continue black actually nearly resource million issue slow performance,AMAZON,26-11-2022 00:00
 Samsung Galaxy Tab S7 FE ,Smartphone,1,worth it two could sport cause,amazon,03-07-2023 00:00
 Samsung Galaxy A14 ,Smartphone,1,excellent recently sign if whether child power,FLIPKART,26-02-2024 00:00
Samsung Galaxy S23,Smartphone,3,not worth the price,flipkart,11-02-2023
 Samsung Galaxy A54 ,Smartphone,2,waste of money whose try president smile yard office issue slow performance,FLIPKART,27-05-2024 00:00
 Samsung Galaxy S21 FE ,Smartphone,3,worth it step daughter special memory out issue display flickering,AMAZON,17-12-2022 00:00
Samsung Galaxy Tab A8,Smartphone,5,waste of money market break exactly strong i scientist,amazon,29-09-2022 00:00
Samsung Galaxy M53,Smartphone,3,bad theory form plan understand seat example no identify issue camera quality is poor,amazon,01-10-2024 00:00
Samsung Galaxy M14,Smartphone,4,good morning husband themselves value,flipkart,23-03-2022 00:00
 Samsung Galaxy M14 ,Smartphone,3,good help with article democratic main determine stop line issue slow performance,FLIPKART,09-02-2024 00:00
Samsung Galaxy S22,Smartphone,5,bad at reduce current,flipkart,17-02-2023 00:00
Samsung Galaxy S22,Smartphone,4,worth it wrong room expert vote politics model analysis huge,AMAZON,11-10-2023 00:00
 Samsung Galaxy M34 ,Smartphone,5,not great concern century job partner quite course,amazon,19-11-2024 00:00
Samsung Galaxy M14,Smartphone,2,good gas within pay tv gas old,flipkart,02-07-2023 00:00
 Samsung Galaxy Tab S7 FE ,Smartphone,4,worth it art low message fall say,amazon,16-02-2022 00:00
 Samsung Galaxy Tab A8 ,Smartphone,4,good respond claim not hope,amazon,13-01-2022 00:00
 Samsung Charger 25W ,Accessories,4,excellent push spring seven camera,FLIPKART,06-07-2022 00:00
Samsung Galaxy S23,Smartphone,3,excellent role morning rest important town issue overheating issue,flipkart,09-05-2023 00:00
 Samsung Galaxy A34 ,Smartphone,2,bad read down we industry yes listen skin issue overheating issue,amazon,26-11-2023 00:00
 Samsung Galaxy Tab S7 FE ,Smartphone,3,good crime son blood forget machine attention issue camera quality is poor,amazon,30-06-2024 00:00
Samsung Galaxy A54,Smartphone,4,worth it her high voice student true,AMAZON,20-07-2023 00:00
Samsung Galaxy S23,Smartphone,4,bad measure lay between among go employee interest social,FLIPKART,14-06-2024 00:00
 Samsung Galaxy Tab S7 FE ,Smartphone,5,average ago plant say activity ok goal finish,AMAZON,17-05-2022 00:00
Samsung Galaxy Tab S7 FE,Smartphone,3,excellent issue overheating issue,amazon,30-05-2023 00:00
 Samsung Galaxy S21 FE ,Smartphone,1,excellent issue slow performance,flipkart,11-09-2022 00:00
Samsung Galaxy M14,Smartphone,4,excellent consumer turn economic chair,AMAZON,18-01-2024 00:00
 Samsung Buds 2 ,Accessories,4,bad her grow hair challenge bring them line,amazon,12-11-2023 00:00
Samsung Galaxy Book 3,Smartphone,5,excellent more beyond check inside marriage two summer senior,FLIPKART,05-12-2022 00:00
Samsung Galaxy M53,Smartphone,4,average environmental mission my quite help effort society,FLIPKART,19-10-2022 00:00
Samsung Galaxy S22,Smartphone,5,not great crime research range test parent series grow glass,AMAZON,04-05-2022 00:00
Samsung Galaxy Book 3,Smartphone,4,worth it drop choice sign risk to,amazon,17-10-2024 00:00
 Samsung Charger 25W ,Accessories,4,worth it industry here them because,amazon,24-01-2024 00:00
Samsung Charger 25W,Accessories,2,waste of money issue camera quality is poor,amazon,30-12-2022 00:00
Samsung Galaxy A34,Smartphone,3,waste of money issue slow performance,FLIPKART,14-12-2024 00:00
Samsung Galaxy M34,Smartphone,2,good expect current ask issue charging problem,AMAZON,07-06-2022 00:00
Samsung Galaxy Book 2,Smartphone,4,waste of money according why either,flipkart,13-12-2023 00:00
Samsung Charger 25W,Accessories,4,average man others point project,AMAZON,08-02-2024 00:00
 Samsung Buds 2 ,Accessories,4,not great career chair word add no,flipkart,23-06-2022 00:00
 Samsung Galaxy S22 ,Smartphone,4,bad fly out safe discover,FLIPKART,09-03-2023 00:00
Samsung Galaxy Tab S7 FE,Smartphone,2,good situation information every life most reveal discuss issue charging problem,FLIPKART,17-03-2022 00:00
 Samsung Galaxy M14 ,Smartphone,1,worth it able meeting just consider issue overheating issue,AMAZON,25-02-2024 00:00
Samsung Washing Machine,Other,3,very userfriendly interface,FLIPKART,13-04-2024
Samsung Galaxy S22,Smartphone,4,waste of money next morning list add only,FLIPKART,22-02-2022 00:00
Samsung Galaxy Tab S7 FE,Smartphone,4,worth it soon answer discover,AMAZON,10-02-2023 00:00
Samsung Galaxy Tab S7 FE,Smartphone,5,average cut on soldier goal line outside sure against,amazon,08-04-2022 00:00
 Samsung Buds Live ,Accessories,4,average among concern purpose sea,flipkart,04-04-2023 00:00
Samsung Galaxy Tab S7 FE,Smartphone,2,excellent plant book threat three rather issue display flickering,amazon,16-03-2022 00:00
Samsung Galaxy Tab A8,Smartphone,1,worth it give again street many position success safe issue camera quality is poor,flipkart,22-06-2023 00:00
 Samsung Buds Live ,Accessories,1,bad successful drug environment area new him,AMAZON,02-05-2024 00:00
 Samsung Galaxy Tab S7 FE ,Smartphone,4,good full brother among positive system,amazon,22-01-2024 00:00
Samsung Galaxy S23,Smartphone,4,waste of money property focus road company coach benefit avoid,FLIPKART,30-07-2024 00:00
Samsung Galaxy M53,Smartphone,3,waste of money idea stop whether style,FLIPKART,01-08-2024 00:00
 Samsung Galaxy A34 ,Smartphone,3,not great total range cut from subject case sister,flipkart,16-10-2024 00:00
Samsung Galaxy M53,Smartphone,3,good teacher former eye concern will stage foot,FLIPKART,25-09-2024 00:00
 Samsung Buds Live ,Accessories,1,good person option financial again some,AMAZON,10-08-2024 00:00
 Samsung Crystal UHD TV ,TV,5,excellent product very satisfied,amazon,10-03-2024
Samsung Galaxy S23,Smartphone,3,bad interview your occur natural both recognize issue battery draining fast,amazon,10-10-2023 00:00
Samsung Galaxy A54,Smartphone,2,waste of money rich prepare usually win white usually toward,FLIPKART,14-02-2024 00:00
Samsung Galaxy M34,Smartphone,3,waste of money collection best trouble sure fast,AMAZON,22-12-2023 00:00
Samsung Galaxy M14,Smartphone,4,waste of money measure green stop next,FLIPKART,21-09-2023 00:00
 Samsung Galaxy M14 ,Smartphone,3,excellent value use control culture low,amazon,15-10-2024 00:00
Samsung Galaxy S21 FE,Smartphone,4,not great may least former more,FLIPKART,09-11-2024 00:00
 Samsung Galaxy Book 3 ,Smartphone,1,worth it price stuff truth tree south,flipkart,19-09-2024 00:00
Samsung Galaxy S22,Smartphone,5,waste of money civil price our future tell,FLIPKART,14-12-2023 00:00
Samsung Galaxy A34,Smartphone,4,good each south read visit position,flipkart,15-04-2023 00:00
Samsung Galaxy Book 3,Smartphone,4,average surface lead growth either drive beat meet,AMAZON,04-11-2022 00:00
Samsung Galaxy Tab A8,Smartphone,3,good first buy return expect issue charging problem,AMAZON,31-12-2024 00:00
Samsung Galaxy A14,Smartphone,3,average goal try guess heart receive something,flipkart,04-07-2023 00:00
 Samsung Galaxy M14 ,Smartphone,1,not great small magazine society rate issue charging problem,amazon,10-11-2022 00:00
Samsung Galaxy M14,Smartphone,5,waste of money various until quickly catch,flipkart,27-01-2023 00:00
 Samsung Buds 2 ,Accessories,4,worth it bit through worry question kid tend,amazon,02-02-2024 00:00
Samsung Galaxy S22,Smartphone,2,good adult occur idea responsibility total upon you issue display flickering,FLIPKART,06-08-2024 00:00
 Samsung Charger 25W ,Accessories,4,waste of money believe protect majority where suffer together yet,flipkart,27-04-2022 00:00
 Samsung Galaxy S21 FE ,Smartphone,5,not great control red who between national decision sport black,amazon,23-01-2022 00:00
Samsung Galaxy S21 FE,Smartphone,1,bad by make similar above,amazon,11-06-2023 00:00
Samsung Buds 2,Accessories,2,average congress drug must test nature after,AMAZON,06-04-2022 00:00
Samsung Buds 2,Accessories,4,average democrat seem dark one research describe economic,flipkart,28-12-2024 00:00
Samsung Galaxy Tab A8,Smartphone,3,waste of money reveal make on weight task everybody safe issue charging problem,flipkart,25-02-2024 00:00
Samsung Galaxy A14,Smartphone,4,excellent chair total sound prove bad require,AMAZON,24-09-2023 00:00
Samsung Galaxy M53,Smartphone,5,waste of money position among suffer traditional,FLIPKART,01-05-2022 00:00
Samsung Buds 2,Accessories,5,excellent fire today moment difference seat college economy,AMAZON,25-04-2024 00:00
Samsung Galaxy A14,Smartphone,1,waste of money environment fill fund in threat range maintain issue battery draining fast,flipkart,09-04-2024 00:00
Samsung Galaxy M53,Smartphone,3,excellent cold success million you food space issue battery draining fast,flipkart,20-07-2024 00:00
Samsung Galaxy A34,Smartphone,3,average issue battery draining fast,amazon,16-11-2024 00:00
 Samsung Galaxy A54 ,Smartphone,2,bad indicate so structure identify career her,amazon,27-10-2024 00:00
 Samsung Galaxy Tab A8 ,Smartphone,2,bad can huge upon hard issue battery draining fast,AMAZON,19-10-2024 00:00
 Samsung Charger 25W ,Accessories,3,not great issue battery draining fast,FLIPKART,30-03-2022 00:00
 Samsung Galaxy A14 ,Smartphone,4,excellent itself tell east old action job,AMAZON,20-11-2022 00:00
Samsung Galaxy S22,Smartphone,3,waste of money issue battery draining fast,FLIPKART,15-04-2023 00:00
Samsung Charger 25W,Accessories,5,excellent check property sure question career country fire,FLIPKART,10-03-2022 00:00
Samsung Buds Live,Accessories,3,waste of money issue battery draining fast,amazon,30-09-2024 00:00
 Samsung Buds 2 ,Accessories,4,worth it station few head various doctor to,flipkart,15-02-2022 00:00
Samsung Galaxy Tab A8,Smartphone,4,waste of money music project guy beautiful,amazon,21-10-2022 00:00
Samsung Galaxy M14,Smartphone,4,not great what local risk tonight get financial baby expect,FLIPKART,25-12-2022 00:00
Samsung Galaxy A54,Smartphone,4,excellent section picture place seat,FLIPKART,01-02-2023 00:00
Samsung Galaxy A14,Smartphone,3,good two trip return remember issue overheating issue,FLIPKART,09-07-2024 00:00
Samsung Galaxy M53,Smartphone,4,waste of money hour together thing effect happen from health,FLIPKART,08-05-2023 00:00
Samsung Galaxy S21 FE,Smartphone,3,excellent issue charging problem,amazon,29-12-2022 00:00
Samsung Galaxy A14,Smartphone,5,good pm green try that other teacher forget because,flipkart,11-03-2022 00:00
 Samsung Galaxy A34 ,Smartphone,3,bad too price us teach,AMAZON,20-10-2023 00:00
Samsung Buds 2,Accessories,5,bad physical data hear live body view someone,amazon,05-06-2024 00:00
Samsung Galaxy Tab S7 FE,Smartphone,2,not great issue overheating issue,amazon,29-12-2024 00:00
 Samsung Galaxy Buds2 ,Smartphone,1,speaker quality is amazing,FLIPKART,17-08-2024
Samsung Buds 2,Accessories,3,good meeting area structure employee its issue slow performance,flipkart,06-10-2022 00:00
 Samsung Galaxy A54 ,Smartphone,3,average young later understand administration number natural,FLIPKART,13-12-2024 00:00
 Samsung Galaxy Book 3 ,Smartphone,4,worth it trouble vote shake thus crime,flipkart,23-05-2024 00:00
Samsung Charger 25W,Accessories,5,excellent sea long themselves beyond tv town,amazon,15-07-2022 00:00
Samsung Galaxy M53,Smartphone,4,excellent generation among radio top floor beat area,AMAZON,14-10-2024 00:00
Samsung Galaxy Tab S7 FE,Smartphone,2,bad wall defense fear cell miss speech well,amazon,11-11-2022 00:00
 Samsung Galaxy Tab S7 FE ,Smartphone,5,good some bed reveal girl such media return program,amazon,25-11-2024 00:00
Samsung Charger 25W,Accessories,5,average office research law central beautiful left,AMAZON,29-04-2024 00:00
Samsung Galaxy S21 FE,Smartphone,5,waste of money job manager sea town,FLIPKART,19-10-2023 00:00
Samsung Galaxy Tab A8,Smartphone,1,waste of money hear look bit high popular,AMAZON,06-09-2024 00:00
Samsung Galaxy A54,Smartphone,5,good oil if purpose about quality,amazon,02-09-2022 00:00
 Samsung Galaxy A34 ,Smartphone,4,bad price woman tv,flipkart,16-10-2022 00:00
 Samsung Buds Live ,Accessories,3,average to her play fine check animal quickly,AMAZON,06-11-2023 00:00
Samsung Galaxy A14,Smartphone,4,excellent single phone mouth improve,flipkart,04-06-2023 00:00
Samsung Soundbar,Other,2,performance is topnotch,AMAZON,06-07-2024
Samsung Galaxy A34,Smartphone,3,worth it decide green fear amount one responsibility take issue display flickering,FLIPKART,09-06-2023 00:00
 Samsung Buds Live ,Accessories,4,excellent population nearly save clearly,AMAZON,22-12-2022 00:00
 Samsung Galaxy Tab A8 ,Smartphone,4,worth it order hold deal maintain series remain actually,amazon,08-07-2022 00:00
Samsung Galaxy S21 FE,Smartphone,3,excellent only network maintain meet your,amazon,16-07-2024 00:00
Samsung Galaxy S22,Smartphone,3,waste of money company offer tough hotel stop message moment issue battery draining fast,flipkart,03-02-2022 00:00
Samsung Galaxy M14,Smartphone,4,good hour indeed suggest movie leader he close,amazon,11-02-2023 00:00
Samsung Galaxy M34,Smartphone,3,bad certain order whether allow politics process lot issue battery draining fast,AMAZON,27-05-2022 00:00
Samsung Galaxy Book 3,Smartphone,4,good happy sell particular break job,AMAZON,21-06-2022 00:00
 Samsung Galaxy A14 ,Smartphone,2,excellent week pay drop almost physical hard issue slow performance,flipkart,25-10-2023 00:00
Samsung Buds Live,Accessories,4,waste of money capital car year,AMAZON,12-02-2024 00:00
Samsung Galaxy S22,Smartphone,4,bad image result prove despite evidence assume seat,amazon,07-01-2024 00:00
Samsung Galaxy Book 2,Smartphone,4,worth it piece should leave accept agency,FLIPKART,19-07-2022 00:00
Samsung Galaxy Tab S7 FE,Smartphone,3,bad skill college short fine,flipkart,04-10-2022 00:00
Samsung Galaxy A14,Smartphone,4,worth it at million dark there billion call,FLIPKART,30-09-2024 00:00
Samsung Galaxy A54,Smartphone,4,worth it decide quite study quite interview such,AMAZON,18-04-2023 00:00
 Samsung Galaxy S21 FE ,Smartphone,1,waste of money eye fact behind feel cover but long,FLIPKART,02-01-2022 00:00
Samsung Buds 2,Accessories,3,good friend sell health style,AMAZON,15-10-2023 00:00
 Samsung Galaxy S22 ,Smartphone,1,average describe man continue much behavior water few issue slow performance,flipkart,17-03-2023 00:00
Samsung Charger 25W,Accessories,2,bad important reflect pick throw where issue charging problem,flipkart,24-07-2023 00:00
 Samsung Buds 2 ,Accessories,4,bad soldier might window cover scientist,flipkart,28-08-2024 00:00
Samsung Galaxy Tab S7 FE,Smartphone,4,worth it scientist glass game pass chair send,FLIPKART,23-11-2024 00:00
Samsung Galaxy Tab S7 FE,Smartphone,4,excellent garden scientist or individual take admit stuff,flipkart,18-01-2022 00:00
Samsung Galaxy S23,Smartphone,2,not great issue camera quality is poor,AMAZON,06-11-2023 00:00
 Samsung Galaxy S23 ,Smartphone,5,not great military party fly democratic,AMAZON,17-02-2022 00:00
Samsung Galaxy A54,Smartphone,2,good radio test collection information new issue display flickering,flipkart,09-02-2024 00:00
Samsung Refrigerator,Other,3,speaker quality is amazing,FLIPKART,15-06-2023
Samsung Buds Live,Accessories,4,good far firm program example prevent lot,amazon,17-08-2024 00:00
Samsung Buds 2,Accessories,3,excellent three source number few candidate,amazon,08-11-2024 00:00
Samsung Galaxy Tab A8,Smartphone,5,waste of money now age radio eight goal,FLIPKART,05-01-2024 00:00
 Samsung Galaxy A54 ,Smartphone,4,average hand wall something address,amazon,24-06-2022 00:00
Samsung Galaxy A14,Smartphone,4,good take expert learn hair job buy talk,amazon,10-03-2022 00:00
Samsung Galaxy M14,Smartphone,5,bad north once at someone to,FLIPKART,14-10-2024 00:00
Samsung Galaxy S23,Smartphone,5,worth it after call room night,flipkart,14-12-2024 00:00
Samsung Galaxy Tab S7 FE,Smartphone,3,worth it today us most gas change generation section issue display flickering,flipkart,01-04-2024 00:00
 Samsung Galaxy Book 3 ,Smartphone,4,not great citizen enter say i,FLIPKART,12-07-2023 00:00
Samsung Galaxy M53,Smartphone,3,not great blue audience something reflect suffer dark leave issue battery draining fast,FLIPKART,29-06-2023 00:00
Samsung Buds Live,Accessories,3,average all time call dog kitchen character education,FLIPKART,08-01-2023 00:00
Samsung Galaxy S22,Smartphone,4,average society factor seven western time painting,AMAZON,16-11-2023 00:00
 Samsung Galaxy S22 ,Smartphone,2,average issue charging problem,AMAZON,03-11-2023 00:00
 Samsung Galaxy Tab A8 ,Smartphone,2,bad issue display flickering,amazon,20-06-2023 00:00
Samsung Galaxy M14,Smartphone,3,waste of money improve every fly research keep inside fill pick,AMAZON,27-03-2023 00:00
Samsung Charger 25W,Accessories,4,waste of money east analysis that chance may name area,amazon,10-08-2022 00:00
Samsung Charger 25W,Accessories,2,average case teacher commercial brother answer just,flipkart,08-07-2022 00:00
Samsung Galaxy M14,Smartphone,1,bad goal explain people doctor through issue battery draining fast,amazon,31-07-2023 00:00
Samsung Galaxy A14,Smartphone,4,average medical its performance majority cost,amazon,23-05-2023 00:00
 Samsung Galaxy Tab S7 FE ,Smartphone,5,excellent it next lose mother character industry statement,AMAZON,05-12-2022 00:00
 Samsung Crystal UHD TV ,TV,1,heats up sometimes during heavy usage,AMAZON,11-06-2023
Samsung Galaxy Tab A8,Smartphone,4,average inside ever energy move value,FLIPKART,14-12-2023 00:00
Samsung Charger 25W,Accessories,2,worth it kid bad law number seek issue overheating issue,FLIPKART,29-11-2023 00:00
Samsung Galaxy A34,Smartphone,3,not great name tough whole rule hit issue slow performance,flipkart,12-03-2022 00:00
Samsung Galaxy M34,Smartphone,2,excellent campaign some carry sound issue charging problem,amazon,26-07-2024 00:00
Samsung Galaxy M14,Smartphone,3,waste of money name stock marriage not board value garden issue overheating issue,flipkart,14-07-2024 00:00
Samsung Galaxy S21 FE,Smartphone,5,average color hold fill like,FLIPKART,15-02-2022 00:00
Samsung Buds 2,Accessories,4,excellent party race traditional,flipkart,25-12-2024 00:00
 Samsung Galaxy A14 ,Smartphone,3,average song effect you seek congress issue display flickering,amazon,30-04-2024 00:00
 Samsung Galaxy A34 ,Smartphone,5,bad news rather good very during,FLIPKART,27-06-2024 00:00
 Samsung QLED TV ,TV,5,very userfriendly interface,amazon,20-09-2024
Samsung Galaxy Book 2,Smartphone,3,good south around language goal think when,AMAZON,11-09-2024 00:00
Samsung Galaxy M53,Smartphone,5,not great push would standard program indeed event very,amazon,04-12-2023 00:00
Samsung Galaxy M53,Smartphone,3,excellent see however investment,AMAZON,25-05-2023 00:00
Samsung Galaxy S23,Smartphone,4,bad since high bank serious system,amazon,02-02-2022 00:00
Samsung Galaxy Tab S7 FE,Smartphone,4,worth it accept manage lay artist thing,flipkart,16-01-2022 00:00
Samsung Galaxy S23,Smartphone,3,bad moment five measure yeah issue overheating issue,AMAZON,23-05-2022 00:00
 Samsung Galaxy S23 ,Smartphone,5,excellent perform among trial phone more place direction wind,amazon,03-10-2024 00:00
Samsung Charger 25W,Accessories,4,excellent few how moment table,flipkart,08-02-2024 00:00
Samsung Galaxy S21 FE,Smartphone,3,average next fall answer young play big performance wonder,amazon,23-07-2023 00:00
Samsung Galaxy M53,Smartphone,4,waste of money against radio author those,AMAZON,18-01-2023 00:00
Samsung Galaxy S23,Smartphone,4,not great scene night somebody she shake,amazon,27-04-2022 00:00
Samsung Buds 2,Accessories,4,worth it become however letter hand care look,FLIPKART,26-10-2024 00:00
 Samsung Charger 25W ,Accessories,5,worth it cold all military young appear,FLIPKART,11-06-2024 00:00
Samsung Galaxy M14,Smartphone,4,good pay store trial remain risk,amazon,27-05-2024 00:00
Samsung Galaxy M34,Smartphone,4,average discover tree factor sense yet six performance,flipkart,17-12-2023 00:00
 Samsung Galaxy A34 ,Smartphone,5,not great down doctor know industry physical another,flipkart,28-10-2024 00:00
Samsung Charger 25W,Accessories,4,excellent plan station institution city center,FLIPKART,07-09-2022 00:00
 Samsung Galaxy M53 ,Smartphone,1,excellent each include pay close issue display flickering,FLIPKART,19-07-2023 00:00
Samsung Galaxy S21 FE,Smartphone,5,good,AMAZON,24-02-2022 00:00
Samsung Charger 25W,Accessories,4,average dream until among let year,flipkart,09-06-2022 00:00
Samsung Galaxy M53,Smartphone,4,not great debate degree quality not all page,AMAZON,24-11-2022 00:00
Samsung Galaxy A14,Smartphone,3,excellent than political throw finally issue slow performance,FLIPKART,12-09-2023 00:00
Samsung Galaxy S22,Smartphone,3,average prepare store turn over every former seem will,flipkart,25-04-2022 00:00
Samsung Galaxy M34,Smartphone,5,excellent development others mention,FLIPKART,01-09-2023 00:00
Samsung Buds 2,Accessories,3,bad five run respond,amazon,23-01-2023 00:00
Samsung Galaxy Tab S7 FE,Smartphone,1,waste of money last old represent conference issue display flickering,AMAZON,15-03-2023 00:00
Samsung Buds Live,Accessories,5,bad look citizen without city,FLIPKART,31-12-2023 00:00
 Samsung Galaxy S21 FE ,Smartphone,2,good issue international quickly green issue slow performance,FLIPKART,19-02-2022 00:00
Samsung Charger 25W,Accessories,5,waste of money case partner onto american hospital people leave,amazon,18-02-2022 00:00
Samsung Galaxy S23,Smartphone,4,not great economy important trouble offer resource,flipkart,11-04-2024 00:00
Samsung Galaxy Tab S7 FE,Smartphone,5,good trade team act old black option ago,amazon,25-01-2023 00:00
 Samsung Galaxy A14 ,Smartphone,3,average military blue lay probably him practice group,amazon,21-10-2022 00:00
 Samsung Galaxy M53 ,Smartphone,1,average step section safe writer night only,amazon,11-10-2024 00:00
Samsung Buds Live,Accessories,4,waste of money career professor road hand present serve catch,flipkart,23-07-2024 00:00
Samsung Galaxy Tab S7 FE,Smartphone,2,waste of money sea outside production civil hear issue overheating issue,FLIPKART,29-03-2022 00:00
Samsung Galaxy A34,Smartphone,4,good concern movie throughout job,flipkart,18-07-2024 00:00
 Samsung Galaxy M53 ,Smartphone,4,worth it probably long certainly north someone suggest general,FLIPKART,24-02-2024 00:00
Samsung Galaxy Tab S7 FE,Smartphone,4,average list step assume choice new she strong,FLIPKART,04-10-2022 00:00
Samsung Galaxy M53,Smartphone,2,worth it second news perform fly hold issue camera quality is poor,AMAZON,28-07-2024 00:00
Samsung Galaxy M53,Smartphone,5,average win throughout impact its,amazon,26-04-2023 00:00
Samsung Galaxy Book 2,Smartphone,2,average issue charging problem,amazon,15-01-2023 00:00
Samsung Galaxy S23,Smartphone,5,average himself soon different nearly address along,amazon,28-03-2023 00:00
Samsung Galaxy S22,Smartphone,4,bad,FLIPKART,05-01-2022 00:00
Samsung Galaxy Tab S7 FE,Smartphone,4,excellent page red how likely pick,amazon,16-06-2024 00:00
Samsung Galaxy Tab A8,Smartphone,3,waste of money shoulder inside soon under issue charging problem,amazon,08-10-2023 00:00
Samsung Buds Live,Accessories,2,bad hundred low try well number chair consider issue charging problem,amazon,27-03-2023 00:00
Samsung Galaxy Tab S7 FE,Smartphone,2,bad experience about large who,FLIPKART,19-07-2022 00:00
Samsung Galaxy M53,Smartphone,4,average the many scene,AMAZON,11-01-2023 00:00
 Samsung Galaxy S23 ,Smartphone,4,worth it bad where imagine again against easy,FLIPKART,01-05-2022 00:00
Samsung Air Conditioner,Other,1,very durable and reliable,flipkart,21-04-2023
Samsung Galaxy M14,Smartphone,2,excellent despite game drop loss nearly,FLIPKART,18-01-2022 00:00
Samsung Galaxy M34,Smartphone,3,good issue charging problem,AMAZON,26-08-2023 00:00
Samsung Galaxy S21 FE,Smartphone,2,waste of money issue slow performance,AMAZON,07-07-2022 00:00
 Samsung Galaxy S22 ,Smartphone,3,worth it glass nation life meet respond best issue overheating issue,FLIPKART,13-08-2022 00:00
Samsung Galaxy Book 2,Smartphone,3,not great about pattern do issue display flickering,flipkart,15-09-2023 00:00
 Samsung Galaxy S21 FE ,Smartphone,4,good sometimes purpose whole recognize write mention boy,flipkart,25-05-2024 00:00
 Samsung Galaxy S23 ,Smartphone,3,good list but player foot all act thing,amazon,13-02-2023 00:00
Samsung Galaxy M34,Smartphone,4,average detail hand care trip buy,FLIPKART,21-08-2023 00:00
Samsung Galaxy S22,Smartphone,2,not great player certain individual food only,AMAZON,08-08-2024 00:00
Samsung Galaxy M53,Smartphone,4,average with first general evening up indeed,AMAZON,13-09-2024 00:00
Samsung Galaxy A14,Smartphone,4,average space movement can the,flipkart,26-06-2022 00:00
Samsung Galaxy Book 3,Smartphone,4,worth it evidence move some stuff soldier whom commercial,flipkart,30-08-2022 00:00
 Samsung Galaxy S21 FE ,Smartphone,2,worth it away firm four rich training start summer issue overheating issue,FLIPKART,29-01-2023 00:00
Samsung Galaxy M53,Smartphone,5,worth it hard foreign participant on,flipkart,12-12-2024 00:00
 Samsung Galaxy S21 FE ,Smartphone,3,waste of money toward field want chance threat cultural issue overheating issue,AMAZON,06-11-2023 00:00
Samsung Galaxy Book 2,Smartphone,2,average issue display flickering,amazon,08-06-2023 00:00
Samsung Galaxy Tab S7 FE,Smartphone,3,waste of money issue charging problem,amazon,27-03-2024 00:00
Samsung Galaxy S21 FE,Smartphone,2,not great each perhaps sit anyone quickly ready issue charging problem,amazon,03-07-2023 00:00
Samsung Charger 25W,Accessories,4,bad professor maybe almost class yourself will,AMAZON,02-08-2024 00:00
 Samsung Buds Live ,Accessories,2,bad issue camera quality is poor,amazon,05-12-2024 00:00
 Samsung Galaxy M34 ,Smartphone,2,good issue display flickering,FLIPKART,09-07-2024 00:00
Samsung Galaxy A14,Smartphone,4,worth it material i anything edge,flipkart,26-06-2023 00:00
Samsung QLED TV,TV,3,software updates are slow,FLIPKART,12-06-2023
 Samsung Buds Live ,Accessories,4,average reason tonight space television page reach choice full,amazon,06-09-2024 00:00
 Samsung Galaxy Book 2 ,Smartphone,4,bad relationship campaign successful fast road direction,flipkart,05-08-2022 00:00
 Samsung Galaxy S22 ,Smartphone,3,not great evidence arm organization magazine offer similar group issue battery draining fast,FLIPKART,01-12-2022 00:00
Samsung Galaxy Tab A8,Smartphone,2,bad treatment social want issue slow performance,AMAZON,09-08-2023 00:00
Samsung Buds 2,Accessories,4,worth it project star word season,amazon,13-12-2024 00:00
Samsung Galaxy M34,Smartphone,3,worth it letter degree cut show form increase area issue charging problem,amazon,07-10-2022 00:00
Samsung Galaxy Book 2,Smartphone,4,excellent feel product care physical,FLIPKART,19-08-2022 00:00
 Samsung Galaxy A14 ,Smartphone,2,good finish although late magazine to suddenly issue display flickering,amazon,17-03-2024 00:00
Samsung Galaxy Book 3,Smartphone,4,average second various game car idea,FLIPKART,23-11-2022 00:00
 Samsung Washing Machine ,Other,2,battery life could be better,AMAZON,16-05-2023
 Samsung Galaxy S22 ,Smartphone,4,excellent television cold term under understand allow example,flipkart,20-12-2022 00:00
Samsung Galaxy Tab A8,Smartphone,1,bad himself culture audience because against left,AMAZON,22-12-2023 00:00
 Samsung Charger 25W ,Accessories,4,not great contain lot pattern,AMAZON,27-07-2022 00:00
 Samsung Galaxy S21 FE ,Smartphone,5,good truth third democrat response,FLIPKART,22-05-2022 00:00
Samsung Charger 25W,Accessories,4,not great state forget be court suggest type,AMAZON,08-03-2023 00:00
Samsung Galaxy A54,Smartphone,4,waste of money process option child player environmental trial could,AMAZON,06-07-2024 00:00
Samsung Galaxy Tab A8,Smartphone,3,not great issue overheating issue,amazon,09-12-2024 00:00
 Samsung Galaxy Book 2 ,Smartphone,4,not great production forget fill me president,amazon,07-05-2024 00:00
Samsung Galaxy Tab S7 FE,Smartphone,4,not great outside full level authority,amazon,15-03-2023 00:00
 Samsung Buds 2 ,Accessories,5,not great fish language along hold start because test,AMAZON,15-12-2023 00:00
Samsung Galaxy A14,Smartphone,4,excellent great stuff land mother,flipkart,18-12-2024 00:00
Samsung Galaxy M34,Smartphone,5,not great government no support growth community cup pressure,amazon,21-01-2023 00:00
Samsung Galaxy M14,Smartphone,3,good mind fund might us billion someone church issue display flickering,FLIPKART,02-06-2024 00:00
Samsung Galaxy M14,Smartphone,5,excellent,amazon,26-08-2023 00:00
Samsung Charger 25W,Accessories,4,excellent test like western type,FLIPKART,22-05-2024 00:00
Samsung Galaxy M53,Smartphone,5,average significant new include to full,amazon,10-03-2024 00:00
Samsung Galaxy M34,Smartphone,3,excellent on example different learn artist value firm often issue camera quality is poor,AMAZON,19-07-2024 00:00
Samsung Galaxy Book 3,Smartphone,1,excellent form reason herself read third character issue display flickering,amazon,19-01-2023 00:00
Samsung Buds Live,Accessories,3,average serious also thus television memory exactly,AMAZON,20-03-2023 00:00
Samsung Galaxy A34,Smartphone,2,waste of money issue slow performance,FLIPKART,26-06-2022 00:00
 Samsung Galaxy S22 ,Smartphone,4,bad,FLIPKART,31-05-2022 00:00
Samsung Refrigerator,Other,5,not worth the price,amazon,27-10-2024
 Samsung Buds 2 ,Accessories,3,waste of money approach determine heavy discussion thousand building,flipkart,14-06-2022 00:00
 Samsung Galaxy A54 ,Smartphone,4,not great respond school result large,flipkart,27-06-2024 00:00
Samsung Galaxy M53,Smartphone,4,excellent spring personal medical,flipkart,08-01-2024 00:00
Samsung Galaxy A14,Smartphone,3,average tough stand beautiful,amazon,04-11-2023 00:00
Samsung Galaxy S21 FE,Smartphone,4,excellent consider education occur all recently,amazon,07-02-2024 00:00
Samsung Buds Live,Accessories,4,average education speech take heavy american also order,FLIPKART,14-11-2023 00:00
Samsung Galaxy Book 2,Smartphone,4,not great energy lot town trade,AMAZON,12-12-2022 00:00
Samsung Galaxy Tab A8,Smartphone,4,not great tend control enjoy anything democratic whole,FLIPKART,05-12-2023 00:00
 Samsung Galaxy A54 ,Smartphone,4,bad although front ever bring soon study easy,amazon,24-12-2022 00:00
Samsung Charger 25W,Accessories,3,average pass both decision including shoulder issue charging problem,amazon,02-06-2023 00:00
 Samsung Buds 2 ,Accessories,2,excellent bar according hope girl issue slow performance,FLIPKART,19-10-2024 00:00
Samsung Galaxy A14,Smartphone,2,waste of money form cell federal fact five know,FLIPKART,13-09-2024 00:00
Samsung Galaxy A34,Smartphone,4,average traditional nor brother sing market operation particularly,AMAZON,26-11-2023 00:00
 Samsung Galaxy Book 2 ,Smartphone,5,not great pass receive attention effect,AMAZON,02-08-2022 00:00
 Samsung Galaxy A34 ,Smartphone,4,average whose push process expert response social,FLIPKART,09-05-2022 00:00
 Samsung Galaxy Tab A8 ,Smartphone,3,not great far on anyone less travel speech action issue battery draining fast,amazon,14-12-2024 00:00
Samsung Galaxy Buds2,Smartphone,5,not worth the price,FLIPKART,21-08-2024
 Samsung Galaxy Book 2 ,Smartphone,3,excellent study pm run cup adult issue slow performance,amazon,04-11-2022 00:00
 Samsung Galaxy Tab S7 FE ,Smartphone,3,average result between thank treat different likely behind issue slow performance,amazon,06-12-2024 00:00
Samsung Galaxy S22,Smartphone,3,waste of money focus free service painting gun issue display flickering,AMAZON,23-03-2022 00:00
 Samsung Galaxy M34 ,Smartphone,3,waste of money issue charging problem,flipkart,08-09-2022 00:00
Samsung Charger 25W,Accessories,3,not great brother themselves question threat suddenly police issue overheating issue,AMAZON,14-08-2024 00:00
Samsung Galaxy M53,Smartphone,3,waste of money room wish stand effect hour ten necessary,amazon,06-07-2022 00:00
 Samsung Galaxy A34 ,Smartphone,4,average this image anyone by memory campaign,flipkart,07-12-2024 00:00
 Samsung Galaxy A34 ,Smartphone,5,good design approach money speak yard,AMAZON,05-06-2024 00:00
Samsung Galaxy M34,Smartphone,5,waste of money almost off deal risk,flipkart,25-06-2022 00:00
Samsung Buds Live,Accessories,2,worth it rather able college place machine peace serious issue display flickering,flipkart,16-08-2022 00:00
Samsung Buds 2,Accessories,3,excellent issue slow performance,FLIPKART,11-12-2024 00:00
 Samsung Galaxy Tab A8 ,Smartphone,5,good upon else so protect matter south guy bad,flipkart,09-01-2022 00:00
Samsung Galaxy Book 3,Smartphone,5,bad into owner visit save chance both,FLIPKART,13-11-2024 00:00
 Samsung Charger 25W ,Accessories,4,waste of money throughout what tv,FLIPKART,19-12-2024 00:00
Samsung Galaxy Tab S7 FE,Smartphone,1,not great fire lot economic interesting radio issue charging problem,amazon,12-11-2024 00:00
Samsung Buds 2,Accessories,2,worth it nice left follow issue display flickering,AMAZON,03-10-2022 00:00
 Samsung Galaxy A54 ,Smartphone,3,excellent agreement spring stage lot,flipkart,12-01-2022 00:00
Samsung Galaxy Tab A8,Smartphone,3,not great name deal away international responsibility stop issue battery draining fast,flipkart,12-11-2024 00:00
Samsung Galaxy M53,Smartphone,2,good everything one region travel large pay issue display flickering,FLIPKART,23-09-2022 00:00
Samsung Galaxy A34,Smartphone,4,average usually life son risk oil staff,flipkart,08-01-2023 00:00
Samsung Galaxy A34,Smartphone,4,good woman color yeah little hair,FLIPKART,08-12-2024 00:00
Samsung Galaxy Book 2,Smartphone,4,bad activity behind yard plan,amazon,08-02-2022 00:00
Samsung Galaxy A54,Smartphone,5,bad human country well young,AMAZON,28-11-2022 00:00
Samsung Galaxy Book 3,Smartphone,5,not great treatment marriage person kitchen employee meeting friend,AMAZON,20-03-2022 00:00
Samsung Charger 25W,Accessories,1,excellent interesting born everything all sea product two issue charging problem,FLIPKART,17-12-2023 00:00
Samsung Galaxy A54,Smartphone,4,bad west case herself range practice former,AMAZON,03-02-2022 00:00
 Samsung Galaxy A14 ,Smartphone,4,worth it shoulder voice church degree thought,amazon,18-12-2022 00:00
Samsung Galaxy S21 FE,Smartphone,3,bad above audience peace member probably for according research,AMAZON,07-07-2023 00:00
Samsung Galaxy S23,Smartphone,1,not great wait herself over remember issue display flickering,amazon,09-08-2024 00:00
Samsung Charger 25W,Accessories,4,good middle if simple early on blue last,AMAZON,25-02-2023 00:00
Samsung Galaxy Tab A8,Smartphone,3,bad everything better prove maybe pick democrat six child,FLIPKART,23-05-2023 00:00
 Samsung Galaxy Tab S7 FE ,Smartphone,4,not great raise never smile skill good fire share,flipkart,28-09-2022 00:00
Samsung Galaxy Tab A8,Smartphone,2,worth it issue camera quality is poor,FLIPKART,22-06-2022 00:00
Samsung Galaxy A54,Smartphone,4,average agreement follow character available,AMAZON,02-08-2023 00:00
Samsung Galaxy Book 2,Smartphone,4,not great smile program return,flipkart,30-10-2022 00:00
Samsung Galaxy A34,Smartphone,3,excellent close force nice marriage officer debate exist issue battery draining fast,amazon,04-08-2024 00:00
 Samsung Galaxy Tab S7 FE ,Smartphone,4,waste of money have four human bring join leave,amazon,24-02-2023 00:00
Samsung Galaxy Book 2,Smartphone,5,average way fund only church learn inside,FLIPKART,11-12-2023 00:00
 Samsung Galaxy A14 ,Smartphone,5,not great source peace blue big sure,AMAZON,18-04-2022 00:00
Samsung Galaxy Book 3,Smartphone,4,good try today action small wide fact,FLIPKART,12-08-2022 00:00
 Samsung Galaxy M53 ,Smartphone,3,not great her series evidence school media modern send issue slow performance,flipkart,08-10-2022 00:00
 Samsung Galaxy Book 2 ,Smartphone,5,bad deal dog area maintain,flipkart,07-07-2024 00:00
 Samsung Galaxy Tab A8 ,Smartphone,4,bad,amazon,13-06-2024 00:00
Samsung Buds Live,Accessories,5,excellent reduce total test test decade,flipkart,24-01-2022 00:00
 Samsung Galaxy Tab S7 FE ,Smartphone,2,worth it medical money drug by,AMAZON,24-12-2022 00:00
Samsung Galaxy A54,Smartphone,4,not great building wall history,amazon,15-07-2023 00:00
Samsung Galaxy A34,Smartphone,3,excellent lawyer various require company issue display flickering,FLIPKART,31-07-2022 00:00
Samsung Galaxy M34,Smartphone,5,waste of money school lose each environmental brother north eat,amazon,30-04-2023 00:00
Samsung Galaxy M34,Smartphone,3,worth it affect during table weight figure happen later issue charging problem,FLIPKART,09-02-2023 00:00
Samsung Charger 25W,Accessories,2,average player entire suffer ok for human run practice,flipkart,28-12-2023 00:00
 Samsung Galaxy Tab A8 ,Smartphone,2,excellent goal success find product,flipkart,31-03-2024 00:00
Samsung Galaxy Book 2,Smartphone,5,average billion yourself indeed bar,FLIPKART,18-05-2023 00:00
Samsung Galaxy S21 FE,Smartphone,3,not great issue camera quality is poor,amazon,12-08-2024 00:00
Samsung Galaxy S22,Smartphone,3,waste of money issue slow performance,amazon,14-12-2022 00:00
Samsung Galaxy M53,Smartphone,4,not great road ten show,FLIPKART,07-01-2024 00:00
Samsung Galaxy S21 FE,Smartphone,4,good participant quality brother relationship than challenge impact,FLIPKART,25-03-2023 00:00
Samsung Galaxy M34,Smartphone,5,waste of money statement professional gun stay that,flipkart,28-01-2024 00:00
Samsung Galaxy S22,Smartphone,5,not great poor movement color chair spend war,FLIPKART,30-04-2022 00:00
 Samsung Galaxy A54 ,Smartphone,3,worth it hot speak discuss perhaps nature,AMAZON,18-07-2022 00:00
Samsung Buds 2,Accessories,2,average national people develop white bill from issue slow performance,amazon,07-09-2022 00:00
 Samsung Galaxy S21 FE ,Smartphone,3,bad partner bill mrs event worry yeah age shoulder issue slow performance,FLIPKART,19-10-2023 00:00
Samsung Galaxy M53,Smartphone,5,not great energy yet religious ask,FLIPKART,13-07-2024 00:00
Samsung Galaxy S23,Smartphone,5,bad truth great avoid do source expect view,FLIPKART,05-09-2024 00:00
Samsung Galaxy A54,Smartphone,5,worth it human career table forward activity whom role,FLIPKART,13-11-2022 00:00
Samsung Galaxy M34,Smartphone,4,good surface consumer message,amazon,20-07-2022 00:00
Samsung Galaxy S22,Smartphone,5,average pick ground guess,FLIPKART,24-05-2024 00:00
Samsung Buds Live,Accessories,4,bad thing conference rise notice,flipkart,15-01-2023 00:00
Samsung Galaxy M53,Smartphone,2,waste of money hard couple beat election why,FLIPKART,26-09-2022 00:00
Samsung Galaxy M14,Smartphone,5,worth it western listen present stuff away,amazon,03-09-2023 00:00
Samsung Galaxy Tab S7 FE,Smartphone,5,good fall ok family adult,FLIPKART,22-12-2023 00:00
 Samsung Galaxy Tab S7 FE ,Smartphone,3,worth it any school analysis enjoy issue overheating issue,flipkart,23-04-2024 00:00
Samsung Galaxy Book 3,Smartphone,3,not great argue growth me anything know word will house,FLIPKART,30-09-2024 00:00
Samsung Galaxy M14,Smartphone,2,worth it base indeed action word carry issue slow performance,AMAZON,12-12-2023 00:00
Samsung Galaxy A34,Smartphone,5,bad policy visit about president hard perhaps,FLIPKART,06-08-2022 00:00
Samsung Galaxy Book 2,Smartphone,4,waste of money coach play season hotel collection game use high,FLIPKART,04-02-2022 00:00
 Samsung Galaxy Tab S7 FE ,Smartphone,4,worth it discuss evening pm fill until class,amazon,01-05-2022 00:00
Samsung Galaxy S21 FE,Smartphone,5,excellent simply someone letter team section way,amazon,12-02-2022 00:00
 Samsung Galaxy S23 ,Smartphone,4,average without determine left prepare,FLIPKART,13-08-2024 00:00
Samsung Galaxy S22,Smartphone,2,worth it cost week others find stuff else end issue display flickering,amazon,19-12-2022 00:00
 Samsung Galaxy A54 ,Smartphone,4,not great effort environment outside community traditional adult new,flipkart,08-08-2022 00:00
Samsung Galaxy A34,Smartphone,4,good other hour once hand year enter,flipkart,26-08-2022 00:00
Samsung Galaxy Tab A8,Smartphone,3,good what follow fill tv exactly medical sound issue battery draining fast,amazon,19-07-2024 00:00
Samsung Buds Live,Accessories,1,excellent girl administration find,flipkart,25-12-2023 00:00
Samsung Galaxy Book 2,Smartphone,3,bad relate rock care more issue camera quality is poor,amazon,18-10-2022 00:00
 Samsung Galaxy M14 ,Smartphone,1,worth it issue camera quality is poor,AMAZON,05-05-2022 00:00
Samsung Charger 25W,Accessories,4,excellent draw play back pass allow,flipkart,13-02-2022 00:00
 Samsung Galaxy Book 3 ,Smartphone,3,worth it medical apply public issue overheating issue,amazon,18-04-2022 00:00
 Samsung Galaxy S22 ,Smartphone,5,average require fall for take hospital his,FLIPKART,22-12-2023 00:00
 Samsung Galaxy M14 ,Smartphone,4,bad group arrive information politics international it foot,flipkart,28-09-2024 00:00
 Samsung Buds Live ,Accessories,4,worth it will so program heavy type dinner nothing,flipkart,03-01-2022 00:00
Samsung Galaxy Tab S7 FE,Smartphone,5,bad hair better purpose he get image since,flipkart,03-09-2023 00:00
 Samsung Galaxy S21 FE ,Smartphone,2,not great myself include newspaper win question,FLIPKART,07-10-2022 00:00
 Samsung Galaxy M53 ,Smartphone,2,not great stage dream trial more issue battery draining fast,FLIPKART,17-10-2022 00:00
Samsung Galaxy S22,Smartphone,2,excellent smile parent night continue or blood i issue overheating issue,FLIPKART,25-09-2023 00:00
 Samsung Galaxy A54 ,Smartphone,5,average even hold not finish meeting,flipkart,28-11-2023 00:00
Samsung Galaxy S22,Smartphone,3,worth it range become detail customer manager section issue charging problem,AMAZON,28-06-2024 00:00
Samsung Buds 2,Accessories,4,excellent receive anyone design economy pm,flipkart,19-12-2024 00:00
 Samsung Galaxy Book 2 ,Smartphone,3,good appear general and conference expert issue charging problem,FLIPKART,04-11-2024 00:00
 Samsung Galaxy S21 FE ,Smartphone,4,average world here firm,amazon,13-04-2023 00:00
Samsung Galaxy M14,Smartphone,3,average war teacher pick three character why,flipkart,22-01-2024 00:00
 Samsung Galaxy Tab S7 FE ,Smartphone,2,worth it issue overheating issue,amazon,12-08-2024 00:00
Samsung Charger 25W,Accessories,4,worth it baby action may difficult standard side appear chance,AMAZON,11-04-2022 00:00
Samsung Galaxy A54,Smartphone,4,not great low anyone enough success look account between plant,flipkart,11-12-2023 00:00
Samsung Galaxy M53,Smartphone,5,waste of money evening happy discussion outside issue protect international social,amazon,28-11-2023 00:00
 Samsung Buds Live ,Accessories,5,worth it other system which his beat which,amazon,08-10-2023 00:00
 Samsung Galaxy S22 ,Smartphone,3,average officer describe raise decade bill agent end spend issue battery draining fast,FLIPKART,18-07-2022 00:00
Samsung Galaxy Book 3,Smartphone,3,bad eye now bit body economy letter free,amazon,28-08-2024 00:00
Samsung Galaxy Book 2,Smartphone,4,bad player itself late,flipkart,23-09-2024 00:00
 Samsung Galaxy A14 ,Smartphone,4,good heavy list power town already mrs,flipkart,10-05-2024 00:00
 Samsung Galaxy A34 ,Smartphone,3,worth it table with money,amazon,15-03-2022 00:00
Samsung Galaxy A54,Smartphone,5,good determine include picture position remain foreign family trip,flipkart,27-08-2022 00:00
Samsung Galaxy A14,Smartphone,3,average them play ahead just practice ready deal thank,flipkart,04-07-2023 00:00
 Samsung Galaxy Tab S7 FE ,Smartphone,1,bad evidence price effort surface issue overheating issue,FLIPKART,09-09-2024 00:00
Samsung Galaxy M14,Smartphone,1,worth it air spring without participant issue camera quality is poor,AMAZON,14-04-2022 00:00
Samsung Galaxy A14,Smartphone,4,bad environment table southern,amazon,29-05-2023 00:00
Samsung Galaxy A34,Smartphone,2,not great language last all stay issue camera quality is poor,AMAZON,04-12-2024 00:00
Samsung Galaxy M34,Smartphone,4,worth it director wonder american season plan share president,flipkart,30-05-2022 00:00
 Samsung Buds Live ,Accessories,2,worth it film nice start offer plan sport issue display flickering,AMAZON,23-10-2023 00:00
 Samsung Galaxy S23 ,Smartphone,4,not great nor whose crime successful race lay,amazon,21-02-2022 00:00
Samsung Galaxy M34,Smartphone,4,not great head federal care note,amazon,17-10-2024 00:00
 Samsung Galaxy Book 2 ,Smartphone,3,worth it information memory war morning subject guess card,FLIPKART,21-12-2022 00:00
Samsung Galaxy A14,Smartphone,3,excellent involve side mind car fly smile street,FLIPKART,21-06-2022 00:00
Samsung Galaxy A34,Smartphone,4,worth it later group scientist gas interest activity,AMAZON,09-10-2024 00:00
Samsung Galaxy S22,Smartphone,5,bad forget area leg national small behind mouth law,FLIPKART,07-06-2022 00:00
Samsung Galaxy A34,Smartphone,2,not great issue slow performance,AMAZON,22-08-2022 00:00
Samsung Buds 2,Accessories,4,worth it product several better north full bar hundred,flipkart,02-11-2022 00:00
 Samsung Galaxy Book 2 ,Smartphone,1,good force expect good century issue camera quality is poor,AMAZON,08-12-2024 00:00
Samsung Galaxy A54,Smartphone,5,good keep only shake leg next enough push college,FLIPKART,10-06-2024 00:00
 Samsung Charger 25W ,Accessories,3,not great night four size certainly material issue slow performance,amazon,25-03-2024 00:00
 Samsung Galaxy Tab A8 ,Smartphone,3,waste of money issue overheating issue,FLIPKART,29-12-2023 00:00
Samsung Buds Live,Accessories,5,waste of money modern chair once back general tend,AMAZON,15-10-2022 00:00
Samsung Galaxy Book 3,Smartphone,2,average hard middle share try company region,flipkart,18-10-2023 00:00
Samsung Galaxy Book 2,Smartphone,3,excellent protect husband note buy range difficult issue slow performance,flipkart,16-02-2024 00:00
Samsung Buds 2,Accessories,4,good sure when process add her all,AMAZON,27-06-2024 00:00
Samsung Galaxy Book 3,Smartphone,4,bad pass drug strong glass far include public,amazon,12-06-2022 00:00
 Samsung Buds Live ,Accessories,1,worth it,FLIPKART,21-02-2023 00:00
Samsung Buds 2,Accessories,4,worth it born before if last perform,AMAZON,14-02-2024 00:00
Samsung Charger 25W,Accessories,3,good hospital early war third several guess yard which issue overheating issue,flipkart,16-03-2023 00:00
Samsung Galaxy S23,Smartphone,5,bad development son understand very,FLIPKART,17-06-2023 00:00
Samsung Galaxy A14,Smartphone,5,worth it employee life nice second word hot music,AMAZON,13-08-2024 00:00
 Samsung Galaxy A54 ,Smartphone,3,good business sister life travel individual issue camera quality is poor,amazon,07-10-2023 00:00
Samsung Buds Live,Accessories,4,bad himself both common explain staff federal town,AMAZON,17-01-2023 00:00
 Samsung Galaxy S23 ,Smartphone,5,excellent nearly wait later artist operation central,flipkart,09-12-2024 00:00
Samsung Galaxy M14,Smartphone,4,average paper industry catch month,AMAZON,27-06-2023 00:00
 Samsung Galaxy A54 ,Smartphone,1,average rest stage type even walk suddenly hard,AMAZON,13-06-2023 00:00
 Samsung Galaxy M53 ,Smartphone,3,average none policy republican center issue overheating issue,AMAZON,30-07-2024 00:00
 Samsung Buds 2 ,Accessories,1,good work recent new just media know identify center,amazon,14-05-2023 00:00
Samsung Charger 25W,Accessories,3,waste of money course past take alone issue slow performance,AMAZON,16-10-2022 00:00
 Samsung Buds 2 ,Accessories,5,average task so issue air,amazon,08-04-2023 00:00
 Samsung Galaxy Tab A8 ,Smartphone,4,not great because arm maintain whose arrive lead population,flipkart,11-07-2022 00:00
 Samsung Galaxy Tab S7 FE ,Smartphone,4,excellent crime there world use science,flipkart,04-05-2023 00:00
Samsung Buds Live,Accessories,2,not great system show field approach matter clearly girl issue battery draining fast,flipkart,08-04-2023 00:00
 Samsung Galaxy A14 ,Smartphone,1,worth it consumer very old hot my type issue charging problem,amazon,25-11-2023 00:00
Samsung Galaxy Tab S7 FE,Smartphone,4,waste of money note support yet,flipkart,24-05-2024 00:00
 Samsung Buds Live ,Accessories,3,worth it leg well public production issue battery draining fast,AMAZON,15-08-2022 00:00
Samsung Buds 2,Accessories,3,bad here lay hot show issue camera quality is poor,AMAZON,05-11-2023 00:00
Samsung Galaxy Tab A8,Smartphone,1,waste of money key left various himself although apply issue charging problem,amazon,31-07-2022 00:00
 Samsung Galaxy Tab S7 FE ,Smartphone,4,excellent difficult various each anything right month program,AMAZON,05-06-2023 00:00
 Samsung QLED TV ,TV,2,build quality feels premium,AMAZON,03-11-2024
 Samsung Galaxy A14 ,Smartphone,4,waste of money tell public difference else become,amazon,27-11-2023 00:00
 Samsung Galaxy Tab S7 FE ,Smartphone,3,waste of money box people medical yard class fine address image issue camera quality is poor,flipkart,21-07-2024 00:00
Samsung Galaxy S22,Smartphone,3,worth it rather continue pm,amazon,29-05-2024 00:00
Samsung Galaxy S23,Smartphone,4,waste of money range personal investment get that structure care,FLIPKART,20-08-2023 00:00
Samsung Galaxy Tab S7 FE,Smartphone,4,excellent natural cultural agree,amazon,22-08-2024 00:00
Samsung Galaxy Tab S7 FE,Smartphone,1,worth it attention show important already decision computer issue slow performance,AMAZON,25-12-2022 00:00
Samsung Galaxy M53,Smartphone,5,bad theory him region draw boy,amazon,15-10-2023 00:00
Samsung Galaxy Book 2,Smartphone,4,excellent play although eye remember language require,FLIPKART,23-01-2024 00:00
Samsung Buds 2,Accessories,4,average reality each number each option ago light source,flipkart,20-01-2024 00:00
 Samsung Galaxy Tab S7 FE ,Smartphone,1,waste of money issue slow performance,amazon,31-10-2023 00:00
Samsung Galaxy S22,Smartphone,5,good save themselves loss trade reach hour pm,amazon,01-04-2023 00:00
Samsung Charger 25W,Accessories,4,not great law environment project past party station concern,flipkart,15-07-2022 00:00
 Samsung Galaxy A14 ,Smartphone,2,good method evening land apply plant raise,amazon,23-04-2022 00:00
Samsung Galaxy S21 FE,Smartphone,3,excellent issue display flickering,AMAZON,09-09-2022 00:00
Samsung Charger 25W,Accessories,3,not great often data customer avoid floor issue slow performance,amazon,30-09-2022 00:00
Samsung Galaxy Book 3,Smartphone,3,excellent drop hotel chair already issue slow performance,AMAZON,10-08-2023 00:00
 Samsung Galaxy M53 ,Smartphone,3,bad always hospital himself number,FLIPKART,16-07-2023 00:00
Samsung Galaxy S23,Smartphone,3,bad risk matter democrat form sister food growth,FLIPKART,22-12-2023 00:00
Samsung Charger 25W,Accessories,4,worth it poor nothing nothing she usually,FLIPKART,08-09-2022 00:00
 Samsung Galaxy Book 2 ,Smartphone,2,not great performance while certainly join yourself speech,flipkart,26-04-2022 00:00
Samsung Buds 2,Accessories,5,good policy the note whether,FLIPKART,27-06-2024 00:00
Samsung Galaxy Book 2,Smartphone,4,bad school color hear lawyer one rule,FLIPKART,13-12-2022 00:00
 Samsung Galaxy A34 ,Smartphone,5,good say economy write involve college exactly reason,FLIPKART,19-06-2024 00:00
Samsung Galaxy S23,Smartphone,5,worth it care a since seem heavy congress,AMAZON,15-06-2023 00:00
Samsung Buds Live,Accessories,2,waste of money close opportunity give within shoulder issue battery draining fast,AMAZON,12-03-2024 00:00
Samsung Galaxy Tab A8,Smartphone,2,bad model minute statement voice star people teach law issue camera quality is poor,flipkart,28-10-2024 00:00
Samsung Charger 25W,Accessories,4,average spring republican collection then tree another range,flipkart,06-12-2024 00:00
 Samsung Galaxy Tab A8 ,Smartphone,4,bad strong least low most paper,flipkart,14-11-2022 00:00
Samsung Buds 2,Accessories,3,bad brother clear home,AMAZON,23-01-2024 00:00
Samsung Galaxy Book 3,Smartphone,4,excellent partner agent effect,AMAZON,09-04-2024 00:00
Samsung Galaxy A34,Smartphone,4,good teacher guess recent feeling money each store,flipkart,16-12-2022 00:00
 Samsung Charger 25W ,Accessories,4,excellent save shake bar happen me less concern interesting,FLIPKART,17-05-2023 00:00
 Samsung Galaxy S23 ,Smartphone,4,good add particularly large will growth,flipkart,01-11-2023 00:00
 Samsung Galaxy A34 ,Smartphone,4,worth it,flipkart,19-03-2024 00:00
 Samsung Charger 25W ,Accessories,1,good make card billion issue charging problem,amazon,16-07-2023 00:00
Samsung Galaxy A34,Smartphone,3,good foreign page scene follow as artist ten training issue slow performance,AMAZON,17-05-2024 00:00
 Samsung Buds 2 ,Accessories,2,not great issue camera quality is poor,amazon,06-10-2023 00:00
Samsung Buds 2,Accessories,2,worth it lawyer someone begin issue overheating issue,amazon,25-08-2023 00:00
 Samsung Buds 2 ,Accessories,1,worth it issue camera quality is poor,AMAZON,12-10-2023 00:00
Samsung Buds Live,Accessories,2,worth it might quality voice standard issue battery draining fast,FLIPKART,13-07-2024 00:00
Samsung Galaxy Tab S7 FE,Smartphone,4,good measure anything cold congress show,FLIPKART,03-04-2023 00:00
Samsung Galaxy A54,Smartphone,4,worth it enter peace hand sound outside,FLIPKART,04-02-2022 00:00
Samsung Galaxy Book 2,Smartphone,1,waste of money suddenly choose affect blue friend listen miss issue overheating issue,AMAZON,10-01-2024 00:00
Samsung Buds Live,Accessories,2,excellent speak kind seat person modern customer hotel,FLIPKART,29-01-2023 00:00
Samsung Galaxy Tab A8,Smartphone,3,not great site film onto be democrat around,FLIPKART,10-06-2023 00:00
 Samsung Galaxy S23 ,Smartphone,3,excellent issue battery draining fast,FLIPKART,24-04-2023 00:00
 Samsung Galaxy M53 ,Smartphone,4,average customer practice east first power agent break,AMAZON,04-12-2024 00:00
 Samsung Charger 25W ,Accessories,3,not great issue camera quality is poor,AMAZON,18-06-2023 00:00
Samsung Buds 2,Accessories,1,not great issue charging problem,amazon,20-10-2024 00:00
Samsung Galaxy Book 3,Smartphone,1,worth it benefit support piece certainly wrong tough issue charging problem,flipkart,27-12-2022 00:00
Samsung Galaxy A34,Smartphone,2,bad open huge now teach issue charging problem,AMAZON,11-10-2022 00:00
Samsung Galaxy Tab S7 FE,Smartphone,3,waste of money suddenly interest away former issue charging problem,AMAZON,23-11-2023 00:00
Samsung Galaxy A54,Smartphone,5,worth it baby hair study medical blood drive,amazon,03-09-2023 00:00
Samsung Galaxy Book 2,Smartphone,5,average professional person course society company process plant,AMAZON,03-12-2023 00:00
Samsung Galaxy S21 FE,Smartphone,4,average those window stock heart letter box check,amazon,23-10-2023 00:00
 Samsung Galaxy A54 ,Smartphone,5,not great western agree level sure moment people,flipkart,14-07-2022 00:00
Samsung Buds 2,Accessories,5,bad third war human popular worry field available,FLIPKART,20-04-2023 00:00
 Samsung Buds Live ,Accessories,5,excellent get world water like guess continue,amazon,10-02-2023 00:00
Samsung Galaxy Tab A8,Smartphone,3,worth it television herself stuff result citizen beautiful,AMAZON,23-01-2024 00:00
Samsung Galaxy Tab S7 FE,Smartphone,5,bad discussion matter create responsibility human majority military,flipkart,09-11-2023 00:00
Samsung Galaxy Tab A8,Smartphone,5,good paper despite rather effort,amazon,06-03-2022 00:00
 Samsung Galaxy M14 ,Smartphone,5,average work president want receive line,FLIPKART,28-01-2022 00:00
Samsung Galaxy S23,Smartphone,1,waste of money act production soon issue display flickering,amazon,19-11-2024 00:00
Samsung Galaxy S23,Smartphone,2,not great language most follow citizen analysis exist,AMAZON,21-08-2023 00:00
 Samsung Galaxy M53 ,Smartphone,4,worth it buy where like the try strong hair,FLIPKART,11-10-2024 00:00
Samsung Galaxy A54,Smartphone,4,bad determine laugh church,amazon,05-12-2023 00:00
Samsung Galaxy M53,Smartphone,2,good hold oil man various factor find,AMAZON,06-12-2023 00:00
Samsung Charger 25W,Accessories,3,not great eat they someone explain down on light issue camera quality is poor,FLIPKART,09-09-2023 00:00
Samsung Buds Live,Accessories,4,worth it nor set let name affect leave cause,FLIPKART,30-12-2023 00:00
 Samsung Charger 25W ,Accessories,3,good issue display flickering,amazon,20-04-2022 00:00
Samsung Buds 2,Accessories,4,worth it short owner thousand begin trade,amazon,20-07-2024 00:00
Samsung Galaxy S21 FE,Smartphone,4,waste of money paper interesting but during,flipkart,15-08-2024 00:00
Samsung Galaxy S22,Smartphone,4,bad kind successful even night without wide four get,flipkart,01-02-2023 00:00
 Samsung Galaxy Tab S7 FE ,Smartphone,2,good firm would matter process record issue display flickering,FLIPKART,12-11-2024 00:00
Samsung Galaxy M53,Smartphone,4,not great lead some concern alone wife,AMAZON,06-10-2023 00:00
 Samsung Galaxy A34 ,Smartphone,4,waste of money can avoid place class,AMAZON,26-04-2022 00:00
 Samsung Galaxy Tab S7 FE ,Smartphone,4,excellent physical nothing either who,FLIPKART,22-09-2023 00:00
 Samsung Galaxy S23 ,Smartphone,4,bad central avoid soon really imagine five,amazon,25-08-2023 00:00
Samsung Charger 25W,Accessories,4,excellent turn type hear customer modern short artist this,AMAZON,11-03-2023 00:00
 Samsung Buds 2 ,Accessories,4,average reality each number each option ago light source,FLIPKART,20-01-2024 00:00
Samsung Galaxy A34,Smartphone,5,average message investment raise example south population,flipkart,18-09-2022 00:00
Samsung Galaxy A54,Smartphone,4,waste of money money action attorney machine hotel,amazon,15-11-2022 00:00
Samsung Galaxy S23,Smartphone,4,bad brother of think should,AMAZON,03-09-2023 00:00
 Samsung Buds 2 ,Accessories,1,worth it if appear try education responsibility player along issue charging problem,FLIPKART,29-12-2024 00:00
Samsung Buds Live,Accessories,2,not great cultural five mission process move describe baby price issue overheating issue,FLIPKART,07-11-2023 00:00
Samsung Galaxy M34,Smartphone,4,bad morning heavy easy stand short need,flipkart,10-10-2024 00:00
Samsung Galaxy M53,Smartphone,5,good help fast coach close another,AMAZON,22-08-2023 00:00
Samsung Galaxy M34,Smartphone,3,not great sister soon institution international government really issue slow performance,flipkart,21-02-2022 00:00
Samsung Galaxy A54,Smartphone,4,good party road local,FLIPKART,26-05-2022 00:00
Samsung Galaxy M14,Smartphone,5,bad american find town,FLIPKART,03-03-2022 00:00
Samsung Galaxy Tab S7 FE,Smartphone,4,waste of money current others sometimes your,flipkart,11-06-2022 00:00
Samsung Buds 2,Accessories,4,good little defense almost coach difference like,AMAZON,16-09-2024 00:00
Samsung Galaxy M14,Smartphone,4,average beat country audience time two doctor image number,flipkart,25-03-2022 00:00
Samsung Galaxy A14,Smartphone,4,bad everybody without line next,amazon,06-03-2023 00:00
Samsung Galaxy S22,Smartphone,5,good kitchen word certain visit action offer,AMAZON,27-10-2024 00:00
Samsung Galaxy S22,Smartphone,3,excellent issue camera quality is poor,amazon,12-06-2022 00:00
Samsung Galaxy A34,Smartphone,4,good help think event stage,FLIPKART,15-07-2024 00:00
 Samsung Galaxy S22 ,Smartphone,4,average seven fish involve however,FLIPKART,17-04-2022 00:00
Samsung Buds Live,Accessories,1,bad thing seem buy value young piece article,FLIPKART,23-11-2023 00:00
 Samsung Galaxy A34 ,Smartphone,3,good issue display flickering,amazon,04-01-2023 00:00
Samsung Buds 2,Accessories,4,average mission somebody here thank,amazon,12-11-2024 00:00
 Samsung Galaxy M34 ,Smartphone,1,good deep agency less reality interest,amazon,18-12-2022 00:00
 Samsung Galaxy S23 ,Smartphone,4,good painting its old i audience hope,flipkart,02-07-2022 00:00
Samsung Galaxy A34,Smartphone,3,excellent million concern identify human toward of human,FLIPKART,28-09-2024 00:00
Samsung Galaxy A34,Smartphone,5,good glass rock watch laugh interview environment take,AMAZON,31-10-2023 00:00
Samsung Galaxy Book 3,Smartphone,4,average door collection recognize knowledge,amazon,25-06-2023 00:00
 Samsung Galaxy S23 ,Smartphone,2,waste of money issue camera quality is poor,flipkart,21-09-2023 00:00
Samsung Galaxy A34,Smartphone,4,bad structure mr community hotel,flipkart,25-06-2023 00:00
Samsung Galaxy M53,Smartphone,3,bad world out me issue display flickering,FLIPKART,29-01-2023 00:00
Samsung Buds 2,Accessories,4,bad draw organization career under professor learn,amazon,30-09-2024 00:00
 Samsung Galaxy S21 FE ,Smartphone,4,worth it concern its rule mention reduce red,FLIPKART,30-12-2023 00:00
 Samsung Galaxy Book 3 ,Smartphone,5,bad anything there citizen understand wind,flipkart,03-06-2022 00:00
 Samsung Buds 2 ,Accessories,4,not great set as many ready door,amazon,17-11-2023 00:00
Samsung Galaxy Tab S7 FE,Smartphone,4,average time entire bed first anyone bring also,AMAZON,23-03-2024 00:00
Samsung Galaxy S21 FE,Smartphone,2,waste of money meet threat focus fine land mouth,FLIPKART,07-05-2023 00:00
 Samsung Galaxy S21 FE ,Smartphone,5,not great both also writer those power return hit,FLIPKART,01-06-2024 00:00
Samsung Galaxy A14,Smartphone,3,excellent senior mean answer consider reason,AMAZON,15-01-2023 00:00
Samsung Galaxy M14,Smartphone,3,not great environment cover pick international real later issue battery draining fast,FLIPKART,03-12-2024 00:00
 Samsung Buds Live ,Accessories,5,waste of money floor upon letter so fish suddenly,AMAZON,30-07-2024 00:00
 Samsung Galaxy M53 ,Smartphone,4,waste of money rate group pm wind short sure,AMAZON,24-02-2023 00:00
Samsung Buds 2,Accessories,4,excellent get blood say window institution industry ability,FLIPKART,26-02-2023 00:00
Samsung Galaxy A14,Smartphone,4,excellent and author ever our management,flipkart,27-05-2024 00:00
Samsung Buds 2,Accessories,4,not great author on six road least believe,flipkart,02-10-2024 00:00
Samsung Galaxy A14,Smartphone,2,worth it first choice between issue charging problem,amazon,25-07-2024 00:00
 Samsung Galaxy M14 ,Smartphone,5,excellent nor relationship require others whose on drop,FLIPKART,30-03-2024 00:00
Samsung Galaxy A34,Smartphone,4,excellent agree organization decision direction name,flipkart,22-06-2024 00:00
 Samsung Galaxy Tab A8 ,Smartphone,4,excellent politics policy he,FLIPKART,14-12-2023 00:00
Samsung Buds 2,Accessories,4,excellent mouth shake indeed clear crime although,FLIPKART,09-04-2023 00:00
 Samsung Buds 2 ,Accessories,4,excellent do job contain investment idea treatment case,AMAZON,29-03-2023 00:00
 Samsung Buds Live ,Accessories,5,waste of money one reflect myself behavior someone before,flipkart,10-10-2023 00:00
Samsung Galaxy Book 2,Smartphone,1,worth it long how society structure since street enjoy treatment issue display flickering,FLIPKART,19-02-2023 00:00
 Samsung Galaxy S23 ,Smartphone,4,average owner fast woman politics,amazon,11-03-2024 00:00
 Samsung Galaxy A54 ,Smartphone,4,worth it significant impact campaign sit need item land such,FLIPKART,12-01-2022 00:00
 Samsung Galaxy Tab S7 FE ,Smartphone,3,not great which institution head big success,AMAZON,30-03-2023 00:00
Samsung Buds Live,Accessories,1,good issue slow performance,AMAZON,03-05-2023 00:00
Samsung Charger 25W,Accessories,4,excellent fall like many affect free half look,amazon,29-06-2022 00:00
Samsung Galaxy M14,Smartphone,4,worth it industry culture kid likely least imagine,AMAZON,14-10-2023 00:00
Samsung Galaxy Book 2,Smartphone,1,worth it strategy measure price detail true away window issue display flickering,FLIPKART,23-12-2024 00:00
 Samsung Galaxy Book 3 ,Smartphone,4,not great space store like,FLIPKART,26-12-2024 00:00
Samsung Galaxy Tab A8,Smartphone,5,excellent staff citizen growth choice whom,flipkart,17-03-2023 00:00
Samsung Galaxy S23,Smartphone,4,average science maintain teach development front,amazon,11-11-2023 00:00
Samsung Galaxy M53,Smartphone,3,excellent born note institution boy,FLIPKART,17-12-2023 00:00
 Samsung Galaxy A54 ,Smartphone,5,bad nation base compare scientist quickly ball anyone,FLIPKART,30-01-2024 00:00
Samsung Buds 2,Accessories,4,worth it war course market figure production wish available,AMAZON,19-08-2022 00:00
 Samsung Galaxy S22 ,Smartphone,5,worth it reason trip professional according relationship,FLIPKART,08-04-2022 00:00
Samsung Galaxy A14,Smartphone,5,worth it senior physical home industry item director computer artist,AMAZON,09-03-2022 00:00
Samsung Galaxy M14,Smartphone,4,average least drop either form american think beautiful,AMAZON,14-10-2022 00:00
 Samsung Galaxy Tab S7 FE ,Smartphone,3,worth it,FLIPKART,29-12-2023 00:00
Samsung Galaxy A14,Smartphone,5,good direction standard write,AMAZON,24-03-2022 00:00
Samsung Galaxy M53,Smartphone,3,waste of money design stop water affect,AMAZON,05-08-2023 00:00
Samsung Galaxy S22,Smartphone,3,average how federal standard pick happy,amazon,05-12-2022 00:00
 Samsung Galaxy M34 ,Smartphone,2,not great sit determine lay hand determine issue battery draining fast,amazon,12-09-2024 00:00
 Samsung Charger 25W ,Accessories,5,excellent sea long themselves beyond tv town,AMAZON,15-07-2022 00:00
 Samsung Galaxy Tab A8 ,Smartphone,3,waste of money issue camera quality is poor,flipkart,27-10-2022 00:00
Samsung Galaxy M34,Smartphone,4,worth it candidate argue seem toward,flipkart,26-08-2024 00:00
 Samsung Galaxy Tab A8 ,Smartphone,4,not great gas well author part bill listen federal,FLIPKART,15-10-2023 00:00
Samsung Galaxy M14,Smartphone,3,not great issue battery draining fast,flipkart,20-12-2022 00:00
Samsung Galaxy M14,Smartphone,4,bad and to lose,amazon,12-03-2023 00:00
Samsung Galaxy A34,Smartphone,4,excellent us street enter could,amazon,06-01-2024 00:00
 Samsung Galaxy A34 ,Smartphone,4,good get side outside building,flipkart,12-04-2023 00:00
Samsung Galaxy S23,Smartphone,4,excellent politics join hundred occur show risk physical,amazon,14-06-2023 00:00
 Samsung Galaxy Book 3 ,Smartphone,2,not great together action western practice despite wall,flipkart,01-05-2023 00:00
Samsung Soundbar,Other,3,heats up sometimes during heavy usage,flipkart,03-05-2024
 Samsung Galaxy M14 ,Smartphone,4,waste of money pm wonder certain fear single,AMAZON,01-08-2023 00:00
Samsung Galaxy Tab A8,Smartphone,4,waste of money cause better western hard game project,FLIPKART,27-05-2024 00:00
Samsung Galaxy S23,Smartphone,1,excellent chance first speech yet close check issue battery draining fast,FLIPKART,27-06-2022 00:00
Samsung Galaxy Book 3,Smartphone,4,average decade moment last food result despite,amazon,24-02-2022 00:00
Samsung Galaxy M53,Smartphone,4,average or control born part,FLIPKART,21-08-2023 00:00
 Samsung Galaxy A14 ,Smartphone,3,not great issue slow performance,FLIPKART,23-12-2024 00:00
 Samsung Galaxy A54 ,Smartphone,4,worth it return bank best write,amazon,24-01-2024 00:00
Samsung Galaxy M53,Smartphone,5,good improve people black worker former,AMAZON,28-03-2022 00:00
 Samsung Galaxy Tab A8 ,Smartphone,4,waste of money force not film,AMAZON,06-10-2022 00:00
 Samsung Charger 25W ,Accessories,4,average professional daughter physical hope short not able,AMAZON,19-09-2022 00:00
Samsung Galaxy A54,Smartphone,5,average front appear him road less,AMAZON,30-01-2023 00:00
Samsung Galaxy M34,Smartphone,5,bad memory let away century after until,amazon,14-11-2024 00:00
 Samsung Buds 2 ,Accessories,3,average ago argue argue fast city issue charging problem,flipkart,11-02-2022 00:00
Samsung Charger 25W,Accessories,5,worth it five wall yes catch,flipkart,24-01-2024 00:00
Samsung Galaxy M34,Smartphone,4,bad people force all candidate best no mention,flipkart,22-03-2022 00:00
Samsung Galaxy Tab A8,Smartphone,4,worth it before security today,AMAZON,13-06-2024 00:00
 Samsung Galaxy A54 ,Smartphone,4,excellent modern describe girl visit car toward all,AMAZON,24-01-2022 00:00
 Samsung Galaxy Tab S7 FE ,Smartphone,5,good bill oil language animal itself,amazon,27-09-2023 00:00
Samsung Buds Live,Accessories,4,good candidate mind week early near friend,flipkart,03-08-2024 00:00
Samsung Galaxy A54,Smartphone,1,not great mind employee parent issue charging problem,flipkart,08-06-2023 00:00
Samsung Galaxy Tab A8,Smartphone,5,not great country building place outside in,AMAZON,08-11-2023 00:00
 Samsung Galaxy M34 ,Smartphone,4,bad include thousand full more family court trouble notice,AMAZON,08-10-2022 00:00
Samsung Galaxy M34,Smartphone,4,worth it become goal understand book more use,AMAZON,12-07-2022 00:00
 Samsung Galaxy S21 FE ,Smartphone,4,not great cause local everybody company rather,FLIPKART,16-12-2024 00:00
 Samsung Galaxy Book 3 ,Smartphone,4,average democratic maintain these news three,amazon,26-09-2024 00:00
Samsung Galaxy M53,Smartphone,4,average task decade so professional trade western network,AMAZON,06-12-2024 00:00
Samsung Galaxy S22,Smartphone,5,waste of money enjoy example since though allow memory dream service,amazon,25-05-2024 00:00
 Samsung Galaxy Tab A8 ,Smartphone,4,bad course call there section start,flipkart,15-02-2023 00:00
Samsung Galaxy Tab A8,Smartphone,4,not great particularly check any strategy,amazon,03-10-2022 00:00
Samsung Galaxy A34,Smartphone,4,worth it,AMAZON,30-08-2024 00:00
Samsung Buds 2,Accessories,4,not great yes serve recently summer,flipkart,27-04-2023 00:00
 Samsung Galaxy A14 ,Smartphone,3,waste of money success vote really size between actually upon issue display flickering,AMAZON,02-06-2023 00:00
 Samsung Galaxy Book 2 ,Smartphone,3,excellent difference pretty car green issue battery draining fast,AMAZON,12-12-2024 00:00
Samsung Galaxy M53,Smartphone,3,excellent low response total man issue display flickering,FLIPKART,02-03-2023 00:00
 Samsung Galaxy Tab S7 FE ,Smartphone,1,excellent issue camera quality is poor,flipkart,25-10-2023 00:00
 Samsung Galaxy S22 ,Smartphone,4,excellent fill improve drug attack,AMAZON,23-11-2023 00:00
Samsung Galaxy A54,Smartphone,4,worth it mouth game well free,FLIPKART,24-04-2023 00:00
Samsung Galaxy M34,Smartphone,3,excellent name management four federal remain tell forward coach issue overheating issue,flipkart,26-05-2022 00:00
Samsung Galaxy M34,Smartphone,5,average morning know prevent east prevent natural,amazon,01-07-2022 00:00
 Samsung Galaxy Book 3 ,Smartphone,4,bad past true draw quite already,amazon,14-08-2024 00:00
 Samsung Galaxy Tab S7 FE ,Smartphone,3,average issue overheating issue,FLIPKART,27-04-2024 00:00
Samsung Charger 25W,Accessories,4,bad artist interview drive show model save,flipkart,27-09-2022 00:00
Samsung Galaxy M53,Smartphone,5,average for third cup radio economic carry upon wife,FLIPKART,06-07-2022 00:00
Samsung Buds 2,Accessories,5,not great something charge understand receive role crime continue,AMAZON,30-01-2022 00:00
Samsung Galaxy M53,Smartphone,4,waste of money all oil future mind look outside adult,amazon,10-12-2022 00:00
Samsung Galaxy S22,Smartphone,3,not great will news store business business raise issue overheating issue,AMAZON,21-07-2022 00:00
 Samsung Galaxy Tab S7 FE ,Smartphone,3,excellent,FLIPKART,01-11-2023 00:00
 Samsung Galaxy S21 FE ,Smartphone,4,average give weight everything current than,flipkart,13-10-2024 00:00
 Samsung Galaxy A54 ,Smartphone,3,worth it structure care cause,amazon,13-04-2023 00:00
Samsung Galaxy S23,Smartphone,3,good town range able money,AMAZON,22-03-2024 00:00
Samsung Buds 2,Accessories,3,waste of money kind person feel issue camera quality is poor,flipkart,16-04-2023 00:00
 Samsung Galaxy S22 ,Smartphone,5,not great support however buy six gun western look,AMAZON,16-09-2023 00:00
 Samsung Galaxy Tab A8 ,Smartphone,4,bad sort position however fall want some cut,FLIPKART,19-01-2024 00:00
Samsung Galaxy A14,Smartphone,4,good top early south effect already,amazon,16-05-2022 00:00
Samsung Charger 25W,Accessories,1,good above top beautiful consider,amazon,16-07-2023 00:00
Samsung Galaxy Book 3,Smartphone,4,worth it history concern including customer outside customer help participant,amazon,19-01-2024 00:00
 Samsung Galaxy S22 ,Smartphone,5,not great add edge above also movie send,amazon,23-04-2023 00:00
 Samsung Galaxy A34 ,Smartphone,5,not great wonder hold recent garden thank cut growth health,flipkart,17-11-2024 00:00
Samsung Galaxy Tab S7 FE,Smartphone,5,not great sound social in group tend born family,flipkart,12-11-2022 00:00
Samsung Galaxy M14,Smartphone,5,average thank start ask,flipkart,11-08-2023 00:00
Samsung Galaxy S21 FE,Smartphone,5,good learn theory environment once,FLIPKART,01-08-2024 00:00
Samsung Galaxy Tab A8,Smartphone,5,not great give place by will,AMAZON,05-10-2024 00:00
 Samsung Galaxy Tab A8 ,Smartphone,3,waste of money issue battery draining fast,FLIPKART,22-02-2023 00:00
Samsung Galaxy A14,Smartphone,4,average administration own person size cover represent get,AMAZON,18-02-2024 00:00
Samsung Buds 2,Accessories,5,bad health support itself heart black brother,flipkart,13-05-2022 00:00
 Samsung Galaxy S23 ,Smartphone,5,bad worry building trade win,AMAZON,12-07-2023 00:00
Samsung Galaxy S22,Smartphone,5,excellent side decide age pull adult work morning,flipkart,23-05-2024 00:00
Samsung Galaxy S21 FE,Smartphone,1,bad he religious computer across effort fine want issue slow performance,AMAZON,02-06-2022 00:00
 Samsung Galaxy Book 2 ,Smartphone,4,excellent law give side lose black table than,flipkart,28-07-2024 00:00
Samsung Buds 2,Accessories,2,worth it cell series image example tell serve issue slow performance,amazon,08-06-2023 00:00
Samsung Galaxy A14,Smartphone,4,waste of money mean mind nation read federal may,AMAZON,09-01-2023 00:00
 Samsung Galaxy A54 ,Smartphone,5,good trade do line position deep,AMAZON,26-02-2024 00:00
Samsung Galaxy A54,Smartphone,2,average issue battery draining fast,flipkart,02-03-2022 00:00
Samsung Buds 2,Accessories,4,bad everyone source sort plan paper remember chance entire,amazon,04-06-2023 00:00
Samsung Buds Live,Accessories,5,waste of money place best site miss have country serve,AMAZON,31-12-2023 00:00
Samsung Galaxy M53,Smartphone,5,not great herself character trial,FLIPKART,14-12-2023 00:00
Samsung Galaxy Book 3,Smartphone,4,not great economy relationship third prove environment group,amazon,17-06-2022 00:00
Samsung Galaxy S21 FE,Smartphone,4,worth it way old remain dream song source war home,flipkart,29-06-2023 00:00
Samsung Galaxy A34,Smartphone,4,good affect rest national table capital reach author company,FLIPKART,03-06-2024 00:00
Samsung Galaxy Book 2,Smartphone,4,bad weight mention capital production call memory,amazon,13-12-2024 00:00
Samsung Galaxy Tab A8,Smartphone,4,waste of money what yourself party state mrs stuff,flipkart,13-07-2024 00:00
 Samsung Charger 25W ,Accessories,3,average ten skill while use scientist issue overheating issue,amazon,13-03-2023 00:00
Samsung Galaxy A14,Smartphone,4,waste of money memory improve issue quite man series,AMAZON,14-10-2024 00:00
Samsung Galaxy M34,Smartphone,4,average admit way story,FLIPKART,19-08-2022 00:00
Samsung Galaxy S23,Smartphone,3,worth it have nor commercial the loss,AMAZON,06-10-2022 00:00
 Samsung Galaxy A34 ,Smartphone,5,average,amazon,12-11-2023 00:00
Samsung Galaxy M14,Smartphone,4,waste of money arrive life save quality need news,flipkart,03-06-2022 00:00
Samsung Galaxy Tab A8,Smartphone,4,waste of money whatever issue short feel do try live,AMAZON,11-05-2023 00:00
Samsung Galaxy A14,Smartphone,1,excellent issue charging problem,amazon,10-12-2023 00:00
 Samsung Galaxy A14 ,Smartphone,5,good pm green try that other teacher forget because,FLIPKART,11-03-2022 00:00
 Samsung Galaxy Tab A8 ,Smartphone,3,bad team perhaps expect around issue slow performance,AMAZON,16-10-2024 00:00
 Samsung Buds Live ,Accessories,4,excellent star magazine ten drug,flipkart,25-07-2023 00:00
Samsung Galaxy S21 FE,Smartphone,3,excellent main meet among decide others statement when issue overheating issue,amazon,06-09-2022 00:00
Samsung Galaxy M53,Smartphone,2,average onto training game issue battery draining fast,AMAZON,15-12-2024 00:00
 Samsung Galaxy M34 ,Smartphone,3,waste of money book allow maintain sea opportunity rest,flipkart,09-12-2022 00:00
Samsung Galaxy Book 2,Smartphone,2,not great then consider shoulder under,AMAZON,26-11-2023 00:00
Samsung Galaxy S23,Smartphone,4,worth it figure in win dog,AMAZON,04-10-2022 00:00
Samsung Galaxy S22,Smartphone,5,excellent door plant opportunity person argue table behavior if,flipkart,23-08-2024 00:00
Samsung Galaxy A14,Smartphone,3,good issue display flickering,AMAZON,10-10-2022 00:00
Samsung Galaxy S23,Smartphone,2,good former building focus operation cell attention,flipkart,15-02-2022 00:00
Samsung Galaxy A34,Smartphone,3,not great small share show stuff central memory,amazon,28-09-2024 00:00
Samsung Galaxy S22,Smartphone,4,excellent race president able record,amazon,09-03-2023 00:00
Samsung Galaxy M53,Smartphone,4,bad shake class each attention,amazon,04-12-2024 00:00
 Samsung Galaxy S21 FE ,Smartphone,5,bad development author instead sure hospital beautiful discover,FLIPKART,31-03-2022 00:00
Samsung Galaxy M14,Smartphone,3,excellent effort sort indicate collection sell short do white,FLIPKART,14-04-2022 00:00
Samsung Galaxy S22,Smartphone,4,worth it charge method indicate chair ahead analysis,flipkart,30-05-2024 00:00
 Samsung Galaxy A14 ,Smartphone,4,excellent single out case team son debate,flipkart,13-09-2022 00:00
Samsung Galaxy Watch6,Smartphone,1,not worth the price,FLIPKART,13-03-2024
Samsung Buds Live,Accessories,5,average money factor term century visit work,FLIPKART,15-06-2023 00:00
 Samsung Galaxy Tab S7 FE ,Smartphone,5,good arm allow deal animal fight three current,amazon,21-06-2022 00:00
Samsung Galaxy A54,Smartphone,5,average tonight many center push population give drop,flipkart,30-07-2024 00:00
Samsung Galaxy Book 3,Smartphone,2,excellent issue display flickering,FLIPKART,04-06-2022 00:00
 Samsung Buds 2 ,Accessories,1,excellent issue charging problem,flipkart,27-01-2023 00:00
Samsung Galaxy Book 3,Smartphone,5,waste of money like according blood produce,flipkart,15-10-2024 00:00
 Samsung Galaxy A34 ,Smartphone,4,good affect rest national table capital reach author company,flipkart,03-06-2024 00:00
 Samsung Galaxy M34 ,Smartphone,5,excellent she offer actually,FLIPKART,23-04-2024 00:00
Samsung Galaxy Book 3,Smartphone,5,excellent development occur such,FLIPKART,14-06-2022 00:00
 Samsung Galaxy Tab A8 ,Smartphone,5,worth it skill necessary herself,AMAZON,07-11-2022 00:00
 Samsung Galaxy Tab S7 FE ,Smartphone,1,not great enough appear use specific issue slow performance,flipkart,04-04-2023 00:00
Samsung Galaxy A54,Smartphone,4,worth it couple foreign dream scene mission film deep finish,amazon,02-04-2022 00:00
 Samsung Galaxy Book 3 ,Smartphone,4,worth it million foreign beat mr,amazon,03-06-2023 00:00
Samsung QLED TV,TV,2,amazing display quality,flipkart,31-05-2023
Samsung Galaxy S23,Smartphone,4,waste of money body evening ask,AMAZON,27-12-2024 00:00
Samsung Galaxy M34,Smartphone,3,excellent beautiful mind quite stand up herself produce issue slow performance,AMAZON,20-10-2022 00:00
Samsung Galaxy S21 FE,Smartphone,5,bad interesting food summer we about certain cultural,AMAZON,29-03-2022 00:00
Samsung Buds Live,Accessories,5,average control also kid,FLIPKART,09-04-2022 00:00
 Samsung Galaxy S21 FE ,Smartphone,3,good table state that career issue slow performance,AMAZON,12-08-2022 00:00
 Samsung Galaxy Tab A8 ,Smartphone,5,waste of money memory seat unit tell happen manager,amazon,09-02-2022 00:00
 Samsung Galaxy A54 ,Smartphone,4,nice product but a bit overpriced,amazon,01-06-2023
 Samsung Galaxy Book 3 ,Smartphone,4,bad time feel reduce energy over assume get,flipkart,02-02-2022 00:00
Samsung Galaxy S22,Smartphone,4,worth it box power own along just,FLIPKART,11-03-2023 00:00
Samsung Galaxy A14,Smartphone,4,bad land trial its some management,flipkart,23-07-2024 00:00
Samsung Galaxy A14,Smartphone,4,excellent send role shoulder win serve,FLIPKART,22-03-2023 00:00
Samsung Galaxy Book 2,Smartphone,4,good paper able team point will issue,amazon,10-06-2024 00:00
Samsung Galaxy A54,Smartphone,4,not great treatment fly board section,AMAZON,22-11-2023 00:00
Samsung Galaxy Tab S7 FE,Smartphone,4,bad side toward task avoid already,flipkart,12-12-2024 00:00
Samsung Galaxy Book 2,Smartphone,2,waste of money issue charging problem,FLIPKART,20-11-2022 00:00
 Samsung Galaxy S23 ,Smartphone,4,not great know already institution practice down number,flipkart,17-03-2023 00:00
Samsung Galaxy M34,Smartphone,4,not great product former medical leg over success,AMAZON,01-01-2025 00:00
Samsung Galaxy M14,Smartphone,5,bad sound data television blood ten visit,FLIPKART,25-05-2024 00:00
 Samsung Galaxy S23 ,Smartphone,3,good,FLIPKART,18-06-2022 00:00
Samsung Galaxy S23,Smartphone,1,bad add citizen week couple dream,AMAZON,18-07-2024 00:00
Samsung Galaxy A14,Smartphone,1,excellent grow kid but make,AMAZON,05-12-2024 00:00
 Samsung Galaxy M34 ,Smartphone,5,bad sister view month interview body avoid,amazon,29-12-2023 00:00
Samsung Galaxy M14,Smartphone,2,not great four leg fall cause couple outside issue camera quality is poor,amazon,23-05-2023 00:00
Samsung Galaxy Tab A8,Smartphone,2,excellent common cut day clearly prevent send stay station,AMAZON,14-08-2023 00:00
Samsung Galaxy A34,Smartphone,4,excellent produce across large four daughter,FLIPKART,30-10-2022 00:00
 Samsung Galaxy Tab A8 ,Smartphone,4,excellent around method door someone interest those,amazon,23-11-2024 00:00
Samsung Galaxy Book 3,Smartphone,3,not great issue battery draining fast,AMAZON,18-04-2023 00:00
Samsung Charger 25W,Accessories,3,worth it protect food four job natural worry issue display flickering,flipkart,07-10-2022 00:00
 Samsung Galaxy M53 ,Smartphone,3,worth it yet father western class,FLIPKART,23-07-2024 00:00
Samsung Galaxy M53,Smartphone,4,excellent environmental wall attack tv value sit very brother,amazon,07-11-2022 00:00
 Samsung Galaxy Tab A8 ,Smartphone,2,bad or everything religious before,flipkart,11-09-2023 00:00
Samsung Galaxy M53,Smartphone,3,good find see everyone again issue slow performance,flipkart,08-10-2024 00:00
Samsung Galaxy M34,Smartphone,1,worth it pm offer almost fast,AMAZON,24-10-2024 00:00
 Samsung Galaxy M53 ,Smartphone,4,average beyond call film company special,FLIPKART,23-05-2023 00:00
Samsung Galaxy Book 2,Smartphone,4,average increase nice professor already write five local,FLIPKART,14-04-2023 00:00
 Samsung Galaxy M34 ,Smartphone,5,good take method mrs where visit heart,FLIPKART,16-09-2024 00:00
Samsung Galaxy M34,Smartphone,3,worth it age policy team popular view,flipkart,05-03-2024 00:00
Samsung Galaxy Book 3,Smartphone,5,worth it heavy interesting rather prepare,AMAZON,06-04-2024 00:00
Samsung Galaxy M14,Smartphone,3,waste of money talk evening ahead many,amazon,25-01-2024 00:00
Samsung Charger 25W,Accessories,4,good evidence film five must,amazon,28-12-2024 00:00
Samsung Galaxy Book 2,Smartphone,2,bad issue battery draining fast,FLIPKART,24-06-2023 00:00
Samsung Galaxy Tab S7 FE,Smartphone,1,worth it race minute green make,FLIPKART,15-12-2024 00:00
Samsung Buds 2,Accessories,1,average issue slow performance,FLIPKART,26-01-2023 00:00
Samsung Charger 25W,Accessories,2,average cell area glass defense her continue bar issue slow performance,AMAZON,06-05-2024 00:00
Samsung Galaxy Tab A8,Smartphone,2,average turn light later direction walk street fast issue slow performance,FLIPKART,09-02-2023 00:00
Samsung Galaxy A54,Smartphone,4,bad sport stand game run church know can,FLIPKART,05-02-2023 00:00
Samsung Galaxy S22,Smartphone,1,excellent local probably return red simply,AMAZON,20-12-2022 00:00
Samsung Galaxy S22,Smartphone,4,not great nor so dog,AMAZON,23-04-2024 00:00
 Samsung Buds Live ,Accessories,1,worth it issue charging problem,FLIPKART,15-08-2022 00:00
Samsung Galaxy A34,Smartphone,3,bad next field herself special unit rock,FLIPKART,05-06-2024 00:00
Samsung Galaxy M14,Smartphone,5,not great catch cup market front,flipkart,06-01-2024 00:00
Samsung Galaxy Tab A8,Smartphone,5,excellent box city right explain form people son agreement,AMAZON,29-10-2022 00:00
 Samsung Charger 25W ,Accessories,1,worth it know team list break study issue slow performance,AMAZON,18-07-2022 00:00
 Samsung Refrigerator ,Other,1,excellent product very satisfied,amazon,13-10-2023
Samsung Galaxy S22,Smartphone,4,worth it none different local pass power,AMAZON,18-07-2022 00:00
 Samsung Galaxy S22 ,Smartphone,2,average discuss might apply allow hit left,AMAZON,09-01-2024 00:00
Samsung Galaxy A54,Smartphone,4,excellent small again rise situation more upon pretty,AMAZON,26-08-2023 00:00
Samsung Galaxy A34,Smartphone,4,bad change of foreign plan environmental,AMAZON,25-01-2024 00:00
Samsung Galaxy S22,Smartphone,1,delivery was delayed but the product is great,FLIPKART,29-04-2023
Samsung Galaxy M34,Smartphone,4,excellent challenge rich bag full into,FLIPKART,24-09-2022 00:00
 Samsung Galaxy S21 FE ,Smartphone,3,bad expect head goal south throw bill third large,flipkart,08-02-2023 00:00
 Samsung Galaxy S23 ,Smartphone,5,bad how short agent grow policy,flipkart,28-12-2024 00:00
Samsung Charger 25W,Accessories,1,average issue camera quality is poor,FLIPKART,21-03-2022 00:00
Samsung Buds 2,Accessories,4,bad her grow hair challenge bring them line,AMAZON,12-11-2023 00:00
 Samsung Galaxy S22 ,Smartphone,5,average so factor force size table,flipkart,15-05-2022 00:00
 Samsung Galaxy M34 ,Smartphone,3,average develop matter best several three act issue slow performance,FLIPKART,12-06-2023 00:00
 Samsung Galaxy M14 ,Smartphone,5,not great source list marriage back begin like,amazon,24-07-2024 00:00
Samsung Buds Live,Accessories,4,bad southern character vote our,amazon,04-06-2022 00:00
 Samsung Galaxy A34 ,Smartphone,3,excellent issue display flickering,amazon,07-08-2024 00:00
Samsung Galaxy M53,Smartphone,4,average support three agent cut body safe,amazon,03-10-2023 00:00
Samsung Charger 25W,Accessories,5,waste of money guy military mind north large cover customer,flipkart,10-06-2024 00:00
Samsung Galaxy Tab S7 FE,Smartphone,5,waste of money than enjoy into support per report east,flipkart,06-05-2022 00:00
Samsung Galaxy M14,Smartphone,2,not great specific might enjoy mrs argue issue charging problem,FLIPKART,07-06-2023 00:00
Samsung Galaxy M14,Smartphone,3,good personal process also father rather,AMAZON,23-02-2022 00:00
Samsung Galaxy S23,Smartphone,4,average rise agree perhaps however,amazon,07-04-2024 00:00
Samsung Galaxy Tab A8,Smartphone,2,waste of money color president according music either,amazon,10-11-2023 00:00
 Samsung Galaxy Tab A8 ,Smartphone,3,excellent may teach lay manager series what radio identify issue slow performance,AMAZON,23-07-2022 00:00
 Samsung Galaxy S21 FE ,Smartphone,3,not great hundred let follow camera computer more,FLIPKART,23-09-2022 00:00
 Samsung Galaxy M14 ,Smartphone,4,excellent two especially fill perhaps among tell,flipkart,16-11-2022 00:00
Samsung Galaxy A14,Smartphone,5,average effect pretty nation team usually hit,flipkart,23-04-2024 00:00
 Samsung Galaxy Tab S7 FE ,Smartphone,4,average data throughout something stage half service ago,FLIPKART,17-05-2024 00:00
 Samsung Galaxy A34 ,Smartphone,2,bad agree daughter tv join site sister issue overheating issue,flipkart,02-06-2024 00:00
 Samsung Galaxy S23 ,Smartphone,4,not great word high strong technology weight remain,AMAZON,06-11-2024 00:00
 Samsung Galaxy Tab A8 ,Smartphone,5,average office bag main hit course but,flipkart,24-03-2024 00:00
 Samsung Galaxy M53 ,Smartphone,4,bad shake teacher court plan,FLIPKART,02-02-2022 00:00
Samsung Charger 25W,Accessories,3,average impact house new operation far respond politics,amazon,27-10-2023 00:00
 Samsung Galaxy Tab A8 ,Smartphone,3,worth it film per all thought particularly drug issue display flickering,AMAZON,04-01-2024 00:00
Samsung Galaxy M34,Smartphone,4,excellent series style last throw,flipkart,19-01-2024 00:00
Samsung Galaxy S23,Smartphone,4,not great save focus turn maintain police increase buy its,amazon,01-09-2023 00:00
 Samsung Galaxy M53 ,Smartphone,5,worth it american too leader page,amazon,23-08-2022 00:00
 Samsung Galaxy Tab A8 ,Smartphone,4,not great skin reveal success call us again religious,flipkart,09-05-2024 00:00
Samsung Galaxy Tab S7 FE,Smartphone,3,average full third town participant write,flipkart,25-08-2022 00:00
Samsung Galaxy S22,Smartphone,3,bad cell several see civil issue camera quality is poor,flipkart,03-03-2024 00:00
Samsung Galaxy S23,Smartphone,3,excellent issue camera quality is poor,amazon,12-01-2024 00:00
 Samsung Galaxy Book 2 ,Smartphone,1,waste of money suddenly choose affect blue friend listen miss issue overheating issue,AMAZON,10-01-2024 00:00
 Samsung Galaxy M34 ,Smartphone,5,waste of money parent do note room mission sometimes painting,AMAZON,05-06-2022 00:00
Samsung Galaxy A34,Smartphone,4,good computer organization provide agency me admit manage,flipkart,17-09-2024 00:00
Samsung Galaxy M14,Smartphone,5,good become west though back rate,amazon,25-08-2024 00:00
Samsung Galaxy M34,Smartphone,5,not great entire method meeting particularly less,flipkart,24-01-2022 00:00
Samsung Galaxy Tab S7 FE,Smartphone,2,waste of money end production value worker lead full past,flipkart,01-09-2022 00:00
Samsung Galaxy Book 2,Smartphone,3,worth it record kitchen home wait including film you issue charging problem,amazon,14-01-2024 00:00
Samsung Charger 25W,Accessories,2,good election size trip four game argue think benefit issue camera quality is poor,flipkart,22-06-2024 00:00
Samsung Galaxy Tab A8,Smartphone,4,waste of money turn respond office may interesting nation culture rate,amazon,21-10-2024 00:00
Samsung Galaxy Tab S7 FE,Smartphone,2,worth it goal wait none knowledge add education several herself issue camera quality is poor,FLIPKART,22-03-2022 00:00
Samsung Galaxy S23,Smartphone,4,good hot age next final can,amazon,10-09-2022 00:00
Samsung Charger 25W,Accessories,5,excellent bring pressure you may why wall improve,amazon,23-09-2024 00:00
Samsung Galaxy Tab A8,Smartphone,3,average spend risk woman wife center on,amazon,11-05-2022 00:00
 Samsung Galaxy A14 ,Smartphone,3,average family general item three tonight,flipkart,16-05-2023 00:00
 Samsung Galaxy Tab S7 FE ,Smartphone,5,waste of money oil wide data their peace space onto,FLIPKART,13-12-2022 00:00
Samsung Galaxy Book 2,Smartphone,2,good issue overheating issue,flipkart,07-12-2022 00:00
Samsung Galaxy A54,Smartphone,5,not great security policy ability join,flipkart,29-09-2022 00:00
Samsung Galaxy M53,Smartphone,4,excellent really practice property,flipkart,11-03-2024 00:00
Samsung Galaxy Tab A8,Smartphone,2,worth it ask sort message particular human whether forward,flipkart,10-05-2024 00:00
 Samsung Galaxy Book 2 ,Smartphone,3,good age out community,flipkart,22-07-2024 00:00
Samsung Galaxy A14,Smartphone,3,worth it of officer among american away day truth more,flipkart,13-11-2024 00:00
Samsung Galaxy A54,Smartphone,4,good indeed east officer court year media there same,FLIPKART,04-11-2022 00:00
Samsung Galaxy Tab S7 FE,Smartphone,1,waste of money whether oil fight summer method meet song,amazon,10-10-2022 00:00
 Samsung Galaxy M34 ,Smartphone,4,average wind nice direction,flipkart,21-02-2023 00:00
Samsung Galaxy Tab S7 FE,Smartphone,4,bad people who writer task can matter,flipkart,15-10-2024 00:00
Samsung Galaxy M34,Smartphone,1,average difficult new skill per theory small generation issue camera quality is poor,AMAZON,01-10-2024 00:00
Samsung Galaxy A14,Smartphone,3,worth it sort beyond development guy they issue display flickering,amazon,12-09-2023 00:00
 Samsung Galaxy M34 ,Smartphone,1,bad citizen budget participant certain establish newspaper card couple issue camera quality is poor,amazon,21-12-2022 00:00
 Samsung Galaxy Tab S7 FE ,Smartphone,4,excellent court evidence very social live form authority,FLIPKART,12-10-2023 00:00
Samsung Galaxy Tab S7 FE,Smartphone,4,excellent rich budget then third price occur player,FLIPKART,18-05-2023 00:00
 Samsung Galaxy S23 ,Smartphone,4,worth it area trial science land political report everyone economic,amazon,21-11-2023 00:00
Samsung Galaxy M53,Smartphone,3,good yeah must big administration always high deal issue camera quality is poor,FLIPKART,28-12-2022 00:00
Samsung Galaxy A34,Smartphone,5,good section would especially staff certain,AMAZON,25-12-2023 00:00
Samsung Galaxy S22,Smartphone,1,bad describe area rise very add,FLIPKART,25-11-2023 00:00
Samsung Galaxy M14,Smartphone,4,average close really fall value author,AMAZON,08-09-2024 00:00
 Samsung Buds Live ,Accessories,5,waste of money much total soon traditional,flipkart,12-01-2023 00:00
 Samsung Galaxy S22 ,Smartphone,4,bad fly tonight news tax population part,AMAZON,13-03-2022 00:00
Samsung Charger 25W,Accessories,4,average design red give actually skill,amazon,14-07-2024 00:00
Samsung Charger 25W,Accessories,3,not great such head happen power red worker issue charging problem,AMAZON,07-10-2024 00:00
Samsung Galaxy Watch6,Smartphone,3,delivery was delayed but the product is great,flipkart,27-10-2024
Samsung Galaxy A14,Smartphone,5,average two dog reach clearly market factor,flipkart,04-03-2024 00:00
Samsung Galaxy S23,Smartphone,2,waste of money matter rate forget region five walk issue charging problem,amazon,27-02-2022 00:00
Samsung Galaxy M34,Smartphone,4,average remember travel military,amazon,07-04-2024 00:00
Samsung Washing Machine,Other,2,nice product but a bit overpriced,AMAZON,31-08-2023
 Samsung Galaxy A14 ,Smartphone,4,bad statement factor woman such,amazon,20-02-2022 00:00
Samsung Galaxy Tab A8,Smartphone,4,bad marriage know risk look ten,flipkart,10-03-2023 00:00
 Samsung Buds 2 ,Accessories,5,excellent hand allow back husband create politics she sing,amazon,05-09-2022 00:00
Samsung Galaxy Tab A8,Smartphone,1,average huge call save trip although book others,flipkart,22-03-2023 00:00
Samsung Galaxy A34,Smartphone,5,not great defense left floor management,AMAZON,26-05-2024 00:00
Samsung Galaxy Book 3,Smartphone,1,good however require outside medical will no writer fall,FLIPKART,28-03-2022 00:00
 Samsung Galaxy Tab A8 ,Smartphone,4,not great across middle section care above catch professor hope,flipkart,18-05-2023 00:00
Samsung Galaxy M34,Smartphone,4,excellent poor report here rise choose computer ever,FLIPKART,31-12-2024 00:00
Samsung Galaxy Tab S7 FE,Smartphone,4,average second late though myself more home,AMAZON,04-08-2024 00:00
Samsung Galaxy M34,Smartphone,5,waste of money or leader movie deep,FLIPKART,07-03-2023 00:00
Samsung Galaxy S22,Smartphone,4,average drop movie statement plant worry business,FLIPKART,24-08-2022 00:00
Samsung Galaxy Book 2,Smartphone,4,good fast thought bill real after herself raise again,FLIPKART,08-04-2022 00:00
Samsung Galaxy A54,Smartphone,5,excellent laugh effort short company its bag,flipkart,03-08-2023 00:00
Samsung Galaxy S22,Smartphone,4,not great including country above simply traditional speech,amazon,11-04-2023 00:00
 Samsung Galaxy Tab A8 ,Smartphone,5,excellent word officer goal,amazon,02-06-2023 00:00
Samsung Galaxy Book 3,Smartphone,2,worth it shake again suggest special issue overheating issue,amazon,03-06-2023 00:00
Samsung Buds 2,Accessories,4,good suggest yet foreign try teacher defense,AMAZON,12-10-2022 00:00
Samsung Galaxy A34,Smartphone,1,good nature let red great want issue slow performance,FLIPKART,19-04-2022 00:00
Samsung Galaxy Tab S7 FE,Smartphone,1,bad second able bad my something mission training issue overheating issue,flipkart,26-07-2022 00:00
 Samsung Galaxy M14 ,Smartphone,1,good serve fine no,AMAZON,18-04-2022 00:00
 Samsung Buds Live ,Accessories,4,good list father factor forget interview cover,amazon,06-06-2024 00:00
Samsung Buds 2,Accessories,4,not great painting natural always,amazon,16-10-2023 00:00
Samsung Galaxy Book 3,Smartphone,3,worth it lead return process rather issue battery draining fast,amazon,25-10-2023 00:00
 Samsung Galaxy S22 ,Smartphone,1,worth it grow road program short seven series issue charging problem,AMAZON,22-03-2023 00:00
 Samsung Galaxy M14 ,Smartphone,3,waste of money people whether east degree issue overheating issue,AMAZON,06-02-2023 00:00
Samsung Buds 2,Accessories,5,not great page trade can at authority travel safe begin,flipkart,12-01-2022 00:00
Samsung Galaxy M34,Smartphone,2,not great employee anything drive generation issue camera quality is poor,FLIPKART,03-10-2023 00:00
Samsung Galaxy A14,Smartphone,1,worth it large family turn sort agent issue charging problem,AMAZON,11-08-2024 00:00
Samsung Galaxy Tab A8,Smartphone,4,worth it campaign reach lot,flipkart,02-07-2024 00:00
Samsung Galaxy Tab S7 FE,Smartphone,4,average cold this realize anything,FLIPKART,10-01-2023 00:00
Samsung Galaxy A34,Smartphone,3,waste of money value simply low ask company issue charging problem,FLIPKART,20-10-2024 00:00
Samsung Galaxy Book 2,Smartphone,3,bad the sort its because hit together minute issue battery draining fast,AMAZON,22-12-2022 00:00
Samsung Charger 25W,Accessories,3,bad wonder available really theory realize here,flipkart,24-06-2022 00:00
Samsung Galaxy S22,Smartphone,5,bad accept hour carry husband trade,AMAZON,23-01-2023 00:00
Samsung Galaxy S21 FE,Smartphone,3,worth it follow maintain like significant gas drop issue recently issue slow performance,flipkart,05-03-2024 00:00
 Samsung Galaxy Tab A8 ,Smartphone,4,average sell include lead threat bill,flipkart,16-01-2022 00:00
 Samsung Galaxy S23 ,Smartphone,5,bad kid value interview official person enough at,AMAZON,31-05-2022 00:00
 Samsung Galaxy M14 ,Smartphone,5,not great interesting i according staff security,flipkart,29-04-2023 00:00
Samsung Galaxy M34,Smartphone,4,excellent age account whether employee red research feeling,amazon,09-10-2022 00:00
Samsung Galaxy A14,Smartphone,3,good issue display flickering,amazon,24-01-2024 00:00
Samsung Buds Live,Accessories,4,not great there picture eight same,flipkart,11-05-2022 00:00
 Samsung Charger 25W ,Accessories,3,bad than hospital public medical she issue charging problem,amazon,21-10-2024 00:00
Samsung Galaxy A34,Smartphone,4,bad operation study put seek including,flipkart,02-07-2022 00:00
 Samsung Galaxy S22 ,Smartphone,4,not great type catch peace physical gun,flipkart,18-04-2023 00:00
Samsung Galaxy S22,Smartphone,1,waste of money early across stuff page house program share issue overheating issue,FLIPKART,17-02-2023 00:00
 Samsung Galaxy M53 ,Smartphone,4,good million your buy decision edge statement husband,FLIPKART,16-06-2023 00:00
Samsung Charger 25W,Accessories,5,good across once tough state,FLIPKART,27-03-2023 00:00
Samsung Galaxy M53,Smartphone,4,worth it listen can his themselves likely eat information,FLIPKART,21-12-2024 00:00
 Samsung Buds 2 ,Accessories,4,not great risk idea mouth kitchen attorney weight through,amazon,15-04-2023 00:00
Samsung Galaxy Tab A8,Smartphone,3,bad rise social special service issue slow performance,AMAZON,23-06-2022 00:00
Samsung Galaxy M34,Smartphone,5,waste of money successful data fine attack game stop better,flipkart,04-08-2022 00:00
Samsung Galaxy Book 3,Smartphone,5,not great technology yet establish,amazon,12-03-2022 00:00
Samsung Charger 25W,Accessories,3,waste of money rate evidence hair learn help issue battery draining fast,FLIPKART,06-05-2022 00:00
 Samsung Galaxy S22 ,Smartphone,4,bad stuff our who both group time task,AMAZON,21-05-2024 00:00
Samsung Buds Live,Accessories,2,worth it point weight policy six great parent,AMAZON,08-11-2024 00:00
 Samsung Galaxy Book 3 ,Smartphone,4,waste of money section less benefit sign development teach,flipkart,21-03-2024 00:00
Samsung Buds 2,Accessories,4,average more include poor attack huge tax,amazon,17-11-2024 00:00
Samsung Galaxy A34,Smartphone,3,good suddenly travel take record six marriage control,amazon,18-05-2024 00:00
 Samsung Buds Live ,Accessories,5,bad political bar data response region occur,FLIPKART,15-02-2022 00:00
Samsung Charger 25W,Accessories,3,good major can alone might issue camera quality is poor,AMAZON,14-02-2022 00:00
Samsung Galaxy S21 FE,Smartphone,4,excellent listen pay worry southern act,FLIPKART,20-11-2022 00:00
Samsung Galaxy Tab S7 FE,Smartphone,3,average include car down spring issue camera quality is poor,FLIPKART,30-10-2022 00:00
 Samsung Galaxy M14 ,Smartphone,1,average miss man none edge explain,AMAZON,28-11-2023 00:00
 Samsung Buds 2 ,Accessories,5,excellent season eat institution whose,AMAZON,16-02-2024 00:00
